location_id,location,owner_id,owner_tag,controller_id,market_id,province_id,rank,raw_material,development,control,pop_group_count,population_total,sol_population_total,population_nobles,population_clergy,population_burghers,population_laborers,population_peasants,population_soldiers,population_tribesmen,population_slaves,population_commoners,population_lower,population_share_nobles,population_share_clergy,population_share_burghers,population_share_laborers,population_share_peasants,population_share_soldiers,population_share_tribesmen,population_share_commoners,population_share_lower,sol_class_label,sol_structural_class_label,gls_location_actual_per_capita_spending,sol_location_anchor_score_burghers,sol_location_anchor_score_clergy,sol_location_anchor_score_commoners,sol_location_anchor_score_nobles,sol_location_anchor_score_tribesmen,sol_location_base_total_spending,sol_location_baseline_total_spending,sol_location_burghers_base_spending,sol_location_burghers_income,sol_location_burghers_liquid_funds,sol_location_burghers_net_income,sol_location_clergy_base_spending,sol_location_clergy_income,sol_location_clergy_liquid_funds,sol_location_clergy_net_income,sol_location_commoners_base_spending,sol_location_commoners_income,sol_location_commoners_liquid_funds,sol_location_commoners_net_income,sol_location_demand_class,sol_location_demand_class_confidence,sol_location_demand_class_penalty_candidate,sol_location_demand_class_score,sol_location_demand_class_score_candidate,sol_location_demand_class_selected_affinity,sol_location_demand_class_selected_penalty,sol_location_demand_score_burghers,sol_location_demand_score_clergy,sol_location_demand_score_lower,sol_location_demand_score_nobles,sol_location_demand_structural_best_score,sol_location_demand_structural_class,sol_location_demand_structural_second_score,sol_location_estate_building_maintenance_burghers,sol_location_estate_building_maintenance_clergy,sol_location_estate_building_maintenance_commoners,sol_location_estate_building_maintenance_nobles,sol_location_estate_building_maintenance_tribesmen,sol_location_estate_buildings_burghers,sol_location_estate_buildings_clergy,sol_location_estate_buildings_commoners,sol_location_estate_buildings_nobles,sol_location_estate_buildings_tribesmen,sol_location_final_demand_scale,sol_location_laborers_base_spending,sol_location_liquid_funds,sol_location_liquid_funds_multiplier,sol_location_lower_base_spending,sol_location_nobles_base_spending,sol_location_nobles_income,sol_location_nobles_liquid_funds,sol_location_nobles_net_income,sol_location_peasants_base_spending,sol_location_pop_demand_modifier_size,sol_location_raw_demand_scale,sol_location_savings_pressure_adjustment,sol_location_share_burghers,sol_location_share_clergy,sol_location_share_lower,sol_location_share_nobles,sol_location_soldiers_base_spending,sol_location_total_income,sol_location_tribesmen_base_spending,sol_location_tribesmen_income,sol_location_tribesmen_liquid_funds,sol_location_tribesmen_net_income
3383,bihar,381,HUN,381,22,1280,rural_settlement,wine,17.00002,0.18600,6,21.33901,21.33901,0.05234,0.11089,0.00000,2.10061,19.02516,0.05001,0.00000,0.00000,21.17578,21.17578,0.0024527848,0.0051965860,0.0000000000,0.0984398995,0.8915671346,0.0023435951,0.0000000000,0.9923506292,0.9923506292,lower,lower,0.04552,0.00000,0.00298,0.00484,0.15950,0.00000,0.27447,0.97145,0.00000,0.00000,0.00000,0.00000,0.02866,0.16498,0.18392,0.16498,0.03655,0.11775,0.13127,0.11775,4.00000,0.44053,0.03655,0.59791,0.59791,0.63446,0.03655,-1.00000,0.19393,0.63446,0.11354,0.63446,4.00000,0.19393,0.00000,0.00000,0.00000,1.00000,0.00000,0.00000,0.00000,0.00000,1.00000,0.00000,0.04661,0.00520,0.97146,1.11486,0.03655,0.20926,1.58865,0.65626,0.58865,0.03120,-0.95339,3.53940,0.11486,0.0000000000,0.1044100000,0.1331600000,0.7624100000,0.00015,0.87138,0.00000,0.00000,0.00000,0.00000
3384,beius,381,HUN,381,22,1280,rural_settlement,iron,16.00001,0.01028,9,15.72352,15.72352,0.03731,0.07862,0.00000,1.10030,14.45728,0.05001,0.00000,0.00000,15.60759,15.60759,0.0023728783,0.0050001526,0.0000000000,0.0699779693,0.9194684142,0.0031805855,0.0000000000,0.9926269690,0.9926269690,lower,lower,0.12965,0.00000,0.00209,0.00357,0.11348,0.00000,0.19606,2.03863,0.00000,0.00000,0.00000,0.00000,0.02032,0.15522,0.17304,0.15522,0.02657,0.12280,0.13690,0.12280,4.00000,0.47818,0.02222,0.64109,0.64109,0.66331,0.02222,-1.00000,0.18513,0.66331,0.11123,0.66331,4.00000,0.18513,0.00000,0.00000,0.00000,0.00000,0.00000,0.00000,0.00000,0.00000,0.00000,0.00000,0.13694,0.00272,2.03864,1.11486,0.02657,0.14917,1.55059,1.72869,1.55059,0.02370,-0.86306,10.39804,0.11486,0.0000000000,0.1036400000,0.1355100000,0.7608300000,0.00015,1.82861,0.00000,0.00000,0.00000,0.00000
3385,cheresig,381,HUN,381,22,1280,rural_settlement,wool,17.00002,0.17923,6,23.41210,23.41210,0.08094,0.14046,0.00000,2.10060,21.04009,0.05001,0.00000,0.00000,23.19070,23.19070,0.0034571867,0.0059994618,0.0000000000,0.0897228356,0.8986844410,0.0021360749,0.0000000000,0.9905433515,0.9905433515,lower,lower,0.09998,0.00000,0.00327,0.00395,0.26193,0.00000,0.39976,2.34075,0.00000,0.00000,0.00000,0.00000,0.03631,0.19178,0.21380,0.19178,0.03985,0.11865,0.13227,0.11865,4.00000,0.04122,0.05361,0.16990,0.16990,0.22351,0.05361,-1.00000,0.03853,0.22351,0.18229,0.22351,4.00000,0.18229,0.00000,0.00000,0.00000,0.00000,0.00000,0.00000,0.00000,0.00000,0.00000,0.00000,0.07711,0.00520,2.34076,1.11486,0.03985,0.32360,1.78917,1.99467,1.78917,0.03450,-0.92289,5.85541,0.11486,0.0000000000,0.0908200000,0.0996800000,0.8094800000,0.00015,2.09960,0.00000,0.00000,0.00000,0.00000
3386,debrecen,381,HUN,381,22,1280,rural_settlement,beeswax,19.00004,0.18278,6,22.17087,22.17087,0.05955,0.11500,0.01000,2.10060,19.83571,0.05001,0.00000,0.00000,21.98632,21.98632,0.0026859568,0.0051869863,0.0004510423,0.0947459437,0.8946744084,0.0022556625,0.0000000000,0.9916760145,0.9916760145,lower,lower,0.01773,0.00019,0.00280,0.00455,0.18062,0.00000,0.31380,0.39325,0.00812,0.02445,0.02725,0.02445,0.02972,0.19138,0.21336,0.19138,0.03788,0.13692,0.15264,0.13692,4.00000,0.37353,0.04625,0.43539,0.43539,0.48164,0.04625,-0.82328,0.08301,0.48164,0.10811,0.48164,4.00000,0.10811,0.00000,0.00000,0.00000,2.00000,0.00000,0.00000,0.00000,0.00000,2.00000,0.00000,0.01650,0.00520,0.39326,1.11486,0.03788,0.23808,1.89684,0.00000,0.00000,0.03253,-0.98350,1.25321,0.11486,0.0258700000,0.0947100000,0.1207100000,0.7586900000,0.00015,0.35275,0.00000,0.00000,0.00000,0.00000
3387,oradea,381,HUN,381,22,1280,rural_settlement,wheat,17.00002,0.17921,6,22.16778,22.16778,0.05821,0.11084,0.00000,2.10060,19.84812,0.05001,0.00000,0.00000,21.99873,21.99873,0.0026258832,0.0050000496,0.0000000000,0.0947591504,0.8953589399,0.0022559769,0.0000000000,0.9923740672,0.9923740672,lower,lower,0.00645,0.00000,0.00273,0.00477,0.18096,0.00000,0.29928,0.14312,0.00000,0.00000,0.00000,0.00000,0.02865,0.07363,0.08208,0.07363,0.03790,0.05476,0.06104,0.05476,4.00000,0.41854,0.04332,0.51099,0.51099,0.55431,0.04332,-1.00000,0.09456,0.55431,0.13577,0.55431,4.00000,0.13577,0.00000,0.00000,0.00000,1.00000,0.00000,0.00000,0.00000,0.00000,1.00000,0.00000,0.00629,0.00520,0.14313,1.11486,0.03790,0.23273,0.75234,0.00000,0.00000,0.03255,-0.99371,0.47824,0.11486,0.0000000000,0.0957200000,0.1266300000,0.7776300000,0.00015,0.12839,0.00000,0.00000,0.00000,0.00000
3388,eger,381,HUN,381,22,1293,rural_settlement,clay,16.00002,0.64286,6,26.01491,26.01491,0.09380,0.15608,0.01000,2.10050,23.60452,0.05001,0.00000,0.00000,25.75503,25.75503,0.0036056246,0.0059996364,0.0003843949,0.0807421590,0.9073458259,0.0019223591,0.0000000000,0.9900103441,0.9900103441,lower,nobles,0.00585,0.00012,0.00346,0.00414,0.30080,0.00000,0.46754,0.15232,0.00812,0.00600,0.00668,0.00600,0.04034,0.08208,0.09150,0.08208,0.04406,0.04856,0.05413,0.04856,4.00000,0.01490,0.05572,0.10090,0.10090,0.15662,0.05572,-0.88141,-0.01337,0.15662,0.17152,0.17152,1.00000,0.15662,0.00000,0.00000,0.00000,1.00000,0.00000,0.00000,0.00000,0.00000,1.00000,0.00000,0.00429,0.00520,0.15233,1.11486,0.04406,0.37502,0.75356,0.00000,0.00000,0.03871,-0.99571,0.32581,0.11486,0.0173600000,0.0862800000,0.0942300000,0.8021100000,0.00015,0.13664,0.00000,0.00000,0.00000,0.00000
3389,heves,381,HUN,381,22,1293,rural_settlement,fish,20.00004,0.40206,6,22.72476,22.72476,0.05580,0.11362,0.01000,2.10061,20.39472,0.05001,0.00000,0.00000,22.54534,22.54534,0.0024554715,0.0049998328,0.0004400487,0.0924370598,0.8974669039,0.0022006833,0.0000000000,0.9921046471,0.9921046471,lower,lower,0.07033,0.00020,0.00287,0.00501,0.16621,0.00000,0.29937,1.59832,0.00812,0.01414,0.01576,0.01414,0.02937,0.12240,0.13645,0.12240,0.03879,0.08337,0.09294,0.08337,4.00000,0.46862,0.02780,0.56260,0.56260,0.59040,0.02780,-0.81474,0.12178,0.59040,0.08839,0.59040,4.00000,0.12178,0.00000,0.00000,0.00000,0.00000,0.00000,0.00000,0.00000,0.00000,0.00000,0.00000,0.07031,0.00520,1.59833,1.11486,0.03879,0.22309,1.21375,1.35316,1.21375,0.03344,-0.92969,5.33897,0.11486,0.0271200000,0.0981000000,0.1295700000,0.7451900000,0.00015,1.43366,0.00000,0.00000,0.00000,0.00000
3390,miskolc,381,HUN,381,22,1293,rural_settlement,stone,12.00001,0.32780,6,24.26567,24.26567,0.06382,0.12132,0.00000,2.10051,21.93001,0.05001,0.00000,0.00000,24.08053,24.08053,0.0026300531,0.0049996559,0.0000000000,0.0865630333,0.9037463214,0.0020609363,0.0000000000,0.9923702910,0.9923702910,lower,lower,0.01435,0.00000,0.00298,0.00518,0.19857,0.00000,0.32783,0.34828,0.00000,0.00000,0.00000,0.00000,0.03136,0.18354,0.20462,0.18354,0.04131,0.12887,0.14367,0.12887,4.00000,0.40991,0.04361,0.50309,0.50309,0.54670,0.04361,-1.00000,0.09376,0.54670,0.13679,0.54670,4.00000,0.13679,0.00000,0.00000,0.00000,2.00000,0.00000,0.00000,0.00000,0.00000,2.00000,0.00000,0.01399,0.00520,0.34829,1.11486,0.04131,0.25516,1.86425,0.00000,0.00000,0.03596,-0.98601,1.06241,0.11486,0.0000000000,0.0956500000,0.1260100000,0.7783300000,0.00015,0.31241,0.00000,0.00000,0.00000,0.00000
3391,borsod,381,HUN,381,22,1293,rural_settlement,livestock,17.00002,0.32788,6,19.62442,19.62442,0.04805,0.09811,0.00000,1.10033,18.32792,0.05001,0.00000,0.00000,19.47826,19.47826,0.0024484800,0.0049993834,0.0000000000,0.0560694278,0.9339343532,0.0025483556,0.0000000000,0.9925521366,0.9925521366,lower,lower,0.05532,0.00000,0.00255,0.00431,0.14737,0.00000,0.25039,1.08567,0.00000,0.00000,0.00000,0.00000,0.02536,0.08362,0.09322,0.08362,0.03292,0.05872,0.06546,0.05872,4.00000,0.45558,0.03404,0.57968,0.57968,0.61372,0.03404,-1.00000,0.15814,0.61372,0.12059,0.61372,4.00000,0.15814,0.00000,0.00000,0.00000,0.00000,0.00000,0.00000,0.00000,0.00000,0.00000,0.00000,0.05710,0.00272,1.08568,1.11486,0.03292,0.19211,0.83149,0.92699,0.83149,0.03005,-0.94290,4.33595,0.11486,0.0000000000,0.1012800000,0.1314700000,0.7672400000,0.00015,0.97383,0.00000,0.00000,0.00000,0.00000
3392,crasna,381,HUN,381,22,1277,rural_settlement,lumber,14.00001,0.01483,14,9.43526,9.43526,0.06247,0.09705,0.00000,1.10145,8.12423,0.05006,0.00000,0.00000,9.27574,9.27574,0.0066209092,0.0102858851,0.0000000000,0.1167376416,0.8610499340,0.0053056302,0.0000000000,0.9830932057,0.9830932057,nobles,nobles,0.01605,0.00000,0.00213,0.00089,0.21433,0.00000,0.29104,0.15146,0.00000,0.00000,0.00000,0.00000,0.02508,0.09844,0.10974,0.09844,0.01620,0.03743,0.04172,0.03743,1.00000,0.26802,0.05106,0.25339,-0.36786,0.25339,0.00000,-1.00000,-0.01463,-0.31680,0.25339,0.25339,1.00000,-0.01463,0.00000,0.00000,0.00000,1.00000,0.00000,0.00000,0.00000,0.00000,1.00000,0.00000,15.62127,0.00273,0.15147,1.11486,0.01620,0.24976,0.71847,0.00000,0.00000,0.01332,14.62127,0.52044,0.11486,0.0000000000,0.0861700000,0.0556600000,0.8581600000,0.00015,0.13587,0.00000,0.00000,0.00000,0.00000
3393,hodod,381,HUN,381,22,1277,rural_settlement,wool,14.00001,0.01464,13,13.19782,13.19782,0.03478,0.06599,0.01000,1.10032,11.93672,0.05001,0.00000,0.00000,13.08705,13.08705,0.0026352837,0.0050000682,0.0007577009,0.0833713447,0.9044463404,0.0037892622,0.0000000000,0.9916069472,0.9916069472,lower,lower,0.01581,0.00032,0.00155,0.00267,0.10355,0.00000,0.18666,0.20872,0.00812,0.02221,0.02476,0.02221,0.01705,0.09223,0.10282,0.09223,0.02244,0.07279,0.08115,0.07279,4.00000,0.38750,0.04514,0.43037,0.43037,0.47551,0.04514,-0.70284,0.04448,0.47551,0.08801,0.47551,4.00000,0.08801,0.00000,0.00000,0.00000,1.00000,0.00000,0.00000,0.00000,0.00000,1.00000,0.00000,0.01472,0.00272,0.20873,1.11486,0.02244,0.13905,0.94959,0.00000,0.00000,0.01957,-0.98528,1.11823,0.11486,0.0435000000,0.0913400000,0.1202100000,0.7449300000,0.00015,0.18723,0.00000,0.00000,0.00000,0.00000
3394,zalau,381,HUN,381,22,1277,rural_settlement,legumes,14.00001,0.17498,6,14.88590,14.88590,0.05710,0.08930,0.00000,1.10035,13.58914,0.05001,0.00000,0.00000,14.73950,14.73950,0.0038358447,0.0059989655,0.0000000000,0.0739189434,0.9128866914,0.0033595550,0.0000000000,0.9901651899,0.9901651899,nobles,nobles,0.00598,0.00000,0.00191,0.00227,0.18844,0.00000,0.27652,0.08908,0.00000,0.00000,0.00000,0.00000,0.02308,0.04935,0.05501,0.04935,0.02515,0.03057,0.03408,0.03057,1.00000,0.08944,0.05198,0.11294,0.06438,0.20580,0.09286,-1.00000,-0.04562,0.11636,0.20580,0.20580,1.00000,0.11636,0.00000,0.00000,0.00000,2.00000,0.00000,0.00000,0.00000,0.00000,2.00000,0.00000,9.67039,0.00272,0.08909,1.11486,0.02515,0.22829,0.47895,0.00000,0.00000,0.02228,8.67039,0.32218,0.11486,0.0000000000,0.0834600000,0.0909500000,0.8255800000,0.00015,0.07992,0.00000,0.00000,0.00000,0.00000
3395,pest,381,HUN,381,22,1292,town,wheat,25.00005,0.92590,6,29.68626,29.68626,0.36671,0.57502,0.80021,2.75110,24.59306,0.60016,0.00000,0.00000,27.94432,27.94432,0.0123528528,0.0193699038,0.0269555680,0.0926725024,0.8284324128,0.0202167602,0.0000000000,0.9413216754,0.9413216754,burghers,burghers,0.04037,0.18284,0.00954,0.00103,0.92880,0.00000,2.31437,1.19845,0.65053,0.18652,0.20794,0.18652,0.14865,0.14274,0.15913,0.14274,0.04904,0.10601,0.11818,0.10601,3.00000,0.99482,0.00765,0.90201,-0.74767,0.92007,0.01806,0.92007,-0.26563,-0.74002,-0.07475,0.92007,3.00000,-0.07475,0.00000,0.00000,0.00000,0.00000,0.00000,0.00000,0.00000,0.00000,0.00000,0.00000,0.40344,0.00682,1.19846,1.11486,0.04904,1.46615,0.63972,0.71319,0.63972,0.04033,-0.59656,0.51783,0.11486,0.2810800000,0.0642200000,0.0211800000,0.6334900000,0.00189,1.07499,0.00000,0.00000,0.00000,0.00000
3396,abrahamtelke,381,HUN,381,22,1292,rural_settlement,saltpeter,21.00005,0.87001,6,19.55433,19.55433,0.05407,0.09776,0.01000,1.10038,18.24211,0.05001,0.00000,0.00000,19.39250,19.39250,0.0027651165,0.0049994042,0.0005113957,0.0562729585,0.9328936353,0.0025574898,0.0000000000,0.9917240836,0.9917240836,lower,lower,0.02504,0.00021,0.00223,0.00378,0.16547,0.00000,0.28234,0.48979,0.00812,0.01415,0.01577,0.01415,0.02527,0.14139,0.15763,0.14139,0.03278,0.17843,0.00000,0.00000,4.00000,0.30682,0.05000,0.37506,0.37506,0.42506,0.05000,-0.80360,0.02344,0.42506,0.11824,0.42506,4.00000,0.11824,0.00000,0.00000,1.00000,1.00000,0.00000,0.00000,0.00000,1.00000,1.00000,0.00000,0.02284,0.00272,0.48980,1.11486,0.03278,0.21617,1.28380,0.31639,0.28380,0.02991,-0.97716,1.73478,0.11486,0.0287500000,0.0895000000,0.1161000000,0.7656300000,0.00015,0.43934,0.00000,0.00000,0.00000,0.00000
3397,jaszbereny,381,HUN,381,22,1292,rural_settlement,wild_game,19.00003,0.44633,7,10.99062,10.99062,0.03218,0.05494,0.00000,1.10039,9.75310,0.05001,0.00000,0.00000,10.90350,10.90350,0.0029279513,0.0049988081,0.0000000000,0.1001208303,0.8874021666,0.0045502438,0.0000000000,0.9920732406,0.9920732406,lower,lower,0.03776,0.00000,0.00123,0.00216,0.10233,0.00000,0.16172,0.41508,0.00000,0.00000,0.00000,0.00000,0.01420,0.11319,0.12619,0.11319,0.01886,0.07570,0.08439,0.07570,4.00000,0.26947,0.05095,0.38049,0.38049,0.43144,0.05095,-1.00000,0.00400,0.43144,0.16197,0.43144,4.00000,0.16197,0.00000,0.00000,0.00000,1.00000,0.00000,0.00000,0.00000,0.00000,1.00000,0.00000,0.03380,0.00272,0.41509,1.11486,0.01886,0.12866,1.18344,0.20450,0.18344,0.01599,-0.96620,2.56672,0.11486,0.0000000000,0.0878000000,0.1166200000,0.7955700000,0.00015,0.37233,0.00000,0.00000,0.00000,0.00000
3398,kecskemet,381,HUN,381,22,1292,rural_settlement,horses,19.00004,0.64794,6,15.39007,15.39007,0.04434,0.08281,0.01000,1.10039,14.10252,0.05001,0.00000,0.00000,15.25292,15.25292,0.0028810785,0.0053807423,0.0006497696,0.0714999997,0.9163389120,0.0032494979,0.0000000000,0.9910884096,0.9910884096,lower,lower,0.02495,0.00025,0.00193,0.00287,0.13497,0.00000,0.23278,0.38409,0.00812,0.02484,0.02769,0.02484,0.02140,0.18086,0.20163,0.18086,0.02599,0.13883,0.15477,0.13883,4.00000,0.25819,0.05118,0.31926,0.31926,0.37044,0.05118,-0.76173,0.05122,0.37044,0.11225,0.37044,4.00000,0.11225,0.00000,0.00000,0.00000,2.00000,0.00000,0.00000,0.00000,0.00000,2.00000,0.00000,0.02173,0.00272,0.38410,1.11486,0.02599,0.17727,1.68539,0.00000,0.00000,0.02312,-0.97827,1.65005,0.11486,0.0348800000,0.0919300000,0.1116500000,0.7615300000,0.00015,0.34453,0.00000,0.00000,0.00000,0.00000
3399,szabolcs,381,HUN,381,22,1294,rural_settlement,fish,15.00002,0.23697,6,12.51400,12.51400,0.03128,0.06256,0.01000,1.10037,11.25978,0.05001,0.00000,0.00000,12.41016,12.41016,0.0024996004,0.0049992009,0.0007991050,0.0879311171,0.8997746524,0.0039963241,0.0000000000,0.9917020937,0.9917020937,lower,lower,0.05430,0.00035,0.00152,0.00263,0.09163,0.00000,0.17068,0.67956,0.00812,0.01162,0.01295,0.01162,0.01617,0.05082,0.05665,0.05082,0.02133,0.03695,0.04119,0.03695,4.00000,0.45069,0.03495,0.49898,0.49898,0.53393,0.03495,-0.67504,0.08324,0.53393,0.07016,0.53393,4.00000,0.08324,0.00000,0.00000,0.00000,0.00000,0.00000,0.00000,0.00000,0.00000,0.00000,0.00000,0.05243,0.00272,0.67957,1.11486,0.02133,0.12506,0.51017,0.56876,0.51017,0.01846,-0.94757,3.98154,0.11486,0.0475700000,0.0947300000,0.1249700000,0.7327100000,0.00015,0.60956,0.00000,0.00000,0.00000,0.00000
3400,hajduszoboszlo,381,HUN,381,22,1294,rural_settlement,wool,17.00002,0.33321,5,14.49014,14.49014,0.05070,0.09266,0.00000,1.10038,13.19639,0.05001,0.00000,0.00000,14.34678,14.34678,0.0034989310,0.0063946932,0.0000000000,0.0759399150,0.9107151484,0.0034513124,0.0000000000,0.9901063758,0.9901063758,lower,lower,0.08352,0.00000,0.00226,0.00238,0.16356,0.00000,0.25116,1.21021,0.00000,0.00000,0.00000,0.00000,0.02395,0.11701,0.00000,0.00000,0.02451,0.06395,0.07129,0.06395,4.00000,0.01900,0.05540,0.14234,0.14234,0.19774,0.05540,-1.00000,0.09033,0.19774,0.17874,0.19774,4.00000,0.17874,0.00000,1.00000,0.00000,0.00000,0.00000,0.00000,1.00000,0.00000,0.00000,0.00000,0.06345,0.00272,1.21022,1.11486,0.02451,0.20270,1.02159,1.13892,1.02159,0.02164,-0.93655,4.81852,0.11486,0.0000000000,0.0953500000,0.0975800000,0.8070500000,0.00015,1.08554,0.00000,0.00000,0.00000,0.00000
3401,nagyboszormeny,381,HUN,381,22,1294,rural_settlement,wool,21.00004,0.18776,6,11.72157,11.72157,0.02930,0.05860,0.01000,1.10038,10.47328,0.05001,0.00000,0.00000,11.62367,11.62367,0.0024996651,0.0049993303,0.0008531280,0.0938765029,0.8935048803,0.0042664933,0.0000000000,0.9916478765,0.9916478765,lower,lower,0.11159,0.00037,0.00137,0.00249,0.08551,0.00000,0.16044,1.30805,0.00812,0.02435,0.02714,0.02435,0.01514,0.09737,0.10855,0.09737,0.02004,0.07213,0.08041,0.07213,4.00000,0.45406,0.03432,0.49875,0.49875,0.53307,0.03432,-0.65427,0.07901,0.53307,0.06636,0.53307,4.00000,0.07901,0.00000,0.00000,0.00000,0.00000,0.00000,0.00000,0.00000,0.00000,0.00000,0.00000,0.10737,0.00272,1.30806,1.11486,0.02004,0.11714,0.97945,1.09194,0.97945,0.01717,-0.89263,8.15295,0.11486,0.0506100000,0.0943600000,0.1249000000,0.7301100000,0.00015,1.17330,0.00000,0.00000,0.00000,0.00000
3402,nagykallo,381,HUN,381,22,1294,rural_settlement,wheat,19.00004,0.18775,6,11.15235,11.15235,0.03259,0.05575,0.01000,1.10037,9.90363,0.05001,0.00000,0.00000,11.05401,11.05401,0.0029222541,0.0049989464,0.0008966720,0.0986670971,0.8880307738,0.0044842567,0.0000000000,0.9911821275,0.9911821275,lower,lower,0.00502,0.00034,0.00116,0.00209,0.09870,0.00000,0.17193,0.05601,0.00812,0.01046,0.01166,0.01046,0.01441,0.03979,0.04436,0.03979,0.01911,0.02946,0.00000,0.00000,4.00000,0.25737,0.05133,0.31285,0.31285,0.36418,0.05133,-0.67743,-0.04162,0.36418,0.10681,0.36418,4.00000,0.10681,0.00000,0.00000,1.00000,1.00000,0.00000,0.00000,0.00000,1.00000,1.00000,0.00000,0.00429,0.00272,0.05602,1.11486,0.01911,0.13029,0.42016,0.00000,0.00000,0.01624,-0.99571,0.32583,0.11486,0.0472200000,0.0838100000,0.1111400000,0.7578000000,0.00015,0.05025,0.00000,0.00000,0.00000,0.00000
3403,varda,381,HUN,381,22,1294,rural_settlement,legumes,15.00002,0.18779,5,11.48575,11.48575,0.03360,0.05741,0.00000,1.10037,10.24436,0.05001,0.00000,0.00000,11.39474,11.39474,0.0029253640,0.0049983675,0.0000000000,0.0958030603,0.8919191172,0.0043540909,0.0000000000,0.9920762684,0.9920762684,lower,lower,0.00813,0.00000,0.00130,0.00225,0.10684,0.00000,0.16884,0.09348,0.00000,0.00000,0.00000,0.00000,0.01484,0.04816,0.05369,0.04816,0.01967,0.03570,0.03980,0.03570,4.00000,0.26796,0.05106,0.37891,0.37891,0.42997,0.05106,-1.00000,0.00503,0.42997,0.16201,0.42997,4.00000,0.16201,0.00000,0.00000,0.00000,1.00000,0.00000,0.00000,0.00000,0.00000,1.00000,0.00000,0.00729,0.00272,0.09349,1.11486,0.01967,0.13433,0.50910,0.00000,0.00000,0.01680,-0.99271,0.55371,0.11486,0.0000000000,0.0878900000,0.1165000000,0.7956000000,0.00015,0.08386,0.00000,0.00000,0.00000,0.00000
3404,szatmar,381,HUN,381,22,1276,rural_settlement,wheat,18.00002,0.18138,6,12.83587,12.83587,0.03670,0.06417,0.00000,1.10036,11.58463,0.05001,0.00000,0.00000,12.73500,12.73500,0.0028591751,0.0049992716,0.0000000000,0.0857253930,0.9025200473,0.0038961130,0.0000000000,0.9921415533,0.9921415533,lower,lower,0.00488,0.00000,0.00145,0.00253,0.11621,0.00000,0.18517,0.06265,0.00000,0.00000,0.00000,0.00000,0.01658,0.03225,0.03595,0.03225,0.02186,0.02396,0.02671,0.02396,4.00000,0.29165,0.05063,0.39836,0.39836,0.44899,0.05063,-1.00000,0.02378,0.44899,0.15734,0.44899,4.00000,0.15734,0.00000,0.00000,0.00000,1.00000,0.00000,0.00000,0.00000,0.00000,1.00000,0.00000,0.00445,0.00272,0.06266,1.11486,0.02186,0.14673,0.33842,0.00000,0.00000,0.01899,-0.99555,0.33839,0.11486,0.0000000000,0.0895300000,0.1180500000,0.7924000000,0.00015,0.05621,0.00000,0.00000,0.00000,0.00000
3405,baia_mare,381,HUN,381,22,1276,rural_settlement,goods_gold,14.00001,0.00392,9,15.31203,15.31203,0.05159,0.09187,0.00000,1.10032,14.01824,0.05001,0.00000,0.00000,15.16857,15.16857,0.0033692463,0.0059998576,0.0000000000,0.0718598383,0.9155049984,0.0032660594,0.0000000000,0.9906308961,0.9906308961,lower,lower,0.18439,0.00000,0.00218,0.00257,0.16626,0.00000,0.25586,2.82339,0.00000,0.00000,0.00000,0.00000,0.02375,0.23091,0.25743,0.23091,0.02585,0.15196,0.16941,0.15196,4.00000,0.06267,0.05198,0.18810,0.18810,0.24008,0.05198,-1.00000,0.06140,0.24008,0.17741,0.24008,4.00000,0.17741,0.00000,0.00000,0.00000,0.00000,0.00000,0.00000,0.00000,0.00000,0.00000,0.00000,0.14533,0.00272,2.82340,1.11486,0.02585,0.20626,2.14965,2.39655,2.14965,0.02298,-0.85467,11.03494,0.11486,0.0000000000,0.0928200000,0.1010300000,0.8061400000,0.00015,2.53252,0.00000,0.00000,0.00000,0.00000
3406,carei,381,HUN,381,22,1276,rural_settlement,livestock,12.00001,0.18772,6,10.19166,10.19166,0.02547,0.05653,0.01000,1.10036,8.94929,0.05001,0.00000,0.00000,10.09966,10.09966,0.0024991022,0.0055466921,0.0009811944,0.1079667100,0.8780993479,0.0049069533,0.0000000000,0.9909730113,0.9909730113,lower,lower,0.08398,0.00042,0.00147,0.00211,0.07290,0.00000,0.14210,0.85590,0.00812,0.01993,0.02221,0.01993,0.01461,0.07686,0.00000,0.00000,0.01754,0.05129,0.05718,0.05129,4.00000,0.33939,0.04931,0.46572,0.46572,0.51503,0.04931,-0.60967,0.17564,0.51503,0.04663,0.51503,4.00000,0.17564,0.00000,1.00000,0.00000,0.00000,0.00000,0.00000,1.00000,0.00000,0.00000,0.00000,0.07932,0.00272,0.85591,1.11486,0.01754,0.10183,0.69651,0.77651,0.69651,0.01467,-0.92068,6.02329,0.11486,0.0571400000,0.1028100000,0.1234300000,0.7166000000,0.00015,0.76773,0.00000,0.00000,0.00000,0.00000
3407,nagyecsed,381,HUN,381,22,1276,rural_settlement,wool,17.00002,0.18278,6,12.53369,12.53369,0.03635,0.06266,0.01000,1.10036,11.27431,0.05001,0.00000,0.00000,12.42468,12.42468,0.0029001834,0.0049993258,0.0007978496,0.0877921825,0.8995204126,0.0039900460,0.0000000000,0.9913026411,0.9913026411,lower,lower,0.01423,0.00031,0.00136,0.00235,0.11058,0.00000,0.19099,0.17835,0.00812,0.01898,0.02116,0.01898,0.01619,0.08095,0.09024,0.08095,0.02135,0.06006,0.06695,0.06006,4.00000,0.26067,0.05113,0.32090,0.32090,0.37203,0.05113,-0.70961,-0.03076,0.37203,0.11136,0.37203,4.00000,0.11136,0.00000,0.00000,0.00000,2.00000,0.00000,0.00000,0.00000,0.00000,2.00000,0.00000,0.01229,0.00272,0.17836,1.11486,0.02135,0.14533,0.85289,0.00000,0.00000,0.01848,-0.98771,0.93387,0.11486,0.0425100000,0.0847600000,0.1117800000,0.7609200000,0.00015,0.15999,0.00000,0.00000,0.00000,0.00000
3408,syvlyush,381,HUN,381,22,1276,rural_settlement,wine,18.00002,0.17954,8,10.89451,10.89451,0.03300,0.06024,0.01000,1.10036,9.64090,0.05001,0.00000,0.00000,10.79127,10.79127,0.0030290486,0.0055293905,0.0009178935,0.1010013300,0.8849319520,0.0045903854,0.0000000000,0.9905236674,0.9905236674,lower,lower,0.01402,0.00034,0.00137,0.00195,0.09982,0.00000,0.17430,0.15283,0.00812,0.01748,0.01948,0.01748,0.01557,0.07158,0.07980,0.07158,0.01868,0.04804,0.05355,0.04804,4.00000,0.20994,0.05149,0.26396,0.26396,0.31545,0.05149,-0.68180,0.02138,0.31545,0.10551,0.31545,4.00000,0.10551,0.00000,0.00000,0.00000,2.00000,0.00000,0.00000,0.00000,0.00000,2.00000,0.00000,0.01154,0.00272,0.15284,1.11486,0.01868,0.13193,0.69153,0.00000,0.00000,0.01581,-0.98846,0.87687,0.11486,0.0465800000,0.0893200000,0.1071700000,0.7569100000,0.00015,0.13710,0.00000,0.00000,0.00000,0.00000
3409,szolnok,381,HUN,381,22,1283,rural_settlement,wheat,15.00002,0.40757,6,15.54535,15.54535,0.05907,0.09327,0.00000,1.10036,14.24264,0.05001,0.00000,0.00000,15.39301,15.39301,0.0037998501,0.0059998649,0.0000000000,0.0707838678,0.9161993779,0.0032170392,0.0000000000,0.9902002850,0.9902002850,nobles,nobles,0.00344,0.00000,0.00202,0.00237,0.19465,0.00000,0.28650,0.05357,0.00000,0.00000,0.00000,0.00000,0.02411,0.04806,0.05358,0.04806,0.02622,0.02716,0.00000,0.00000,1.00000,0.08073,0.05198,0.10489,0.07125,0.20396,0.09907,-1.00000,-0.03773,0.12323,0.20396,0.20396,1.00000,0.12323,0.00000,0.00000,1.00000,1.00000,0.00000,0.00000,0.00000,1.00000,1.00000,0.00000,5.61320,0.00272,0.05358,1.11486,0.02622,0.23617,0.46002,0.00000,0.00000,0.02335,4.61320,0.18701,0.11486,0.0000000000,0.0841500000,0.0915100000,0.8243200000,0.00015,0.04806,0.00000,0.00000,0.00000,0.00000
3410,bekes,381,HUN,381,22,1283,rural_settlement,clay,15.00002,0.23104,6,13.26878,13.26878,0.03900,0.07217,0.01000,1.10037,11.99723,0.05001,0.00000,0.00000,13.14761,13.14761,0.0029392303,0.0054390833,0.0007536488,0.0829292520,0.9041697880,0.0037689976,0.0000000000,0.9908680376,0.9908680376,lower,lower,0.00526,0.00029,0.00165,0.00243,0.11845,0.00000,0.20523,0.06990,0.00812,0.00667,0.00743,0.00667,0.01865,0.03357,0.03742,0.03357,0.02254,0.02247,0.02505,0.02247,4.00000,0.23836,0.05136,0.29662,0.29662,0.34798,0.05136,-0.72976,0.03910,0.34798,0.10962,0.34798,4.00000,0.10962,0.00000,0.00000,0.00000,2.00000,0.00000,0.00000,0.00000,0.00000,2.00000,0.00000,0.00448,0.00272,0.06991,1.11486,0.02254,0.15592,0.32583,0.00000,0.00000,0.01967,-0.99552,0.34064,0.11486,0.0395600000,0.0908700000,0.1098200000,0.7597300000,0.00015,0.06271,0.00000,0.00000,0.00000,0.00000
3411,karcag,381,HUN,381,22,1283,rural_settlement,horses,14.00002,0.02195,11,10.80673,10.80673,0.02700,0.05402,0.01000,1.10037,9.56533,0.05001,0.00000,0.00000,10.71571,10.71571,0.0024984431,0.0049987369,0.0009253493,0.1018226605,0.8851271384,0.0046276718,0.0000000000,0.9915774707,0.9915774707,lower,lower,0.24711,0.00040,0.00127,0.00228,0.07841,0.00000,0.14857,2.67052,0.00812,0.05753,0.06413,0.05753,0.01396,0.19616,0.21869,0.19616,0.01855,0.15444,0.17217,0.15444,4.00000,0.45802,0.03235,0.50011,0.50011,0.53246,0.03235,-0.62668,0.07444,0.53246,0.06112,0.53246,4.00000,0.07444,0.00000,0.00000,0.00000,0.00000,0.00000,0.00000,0.00000,0.00000,0.00000,0.00000,0.23672,0.00272,2.67053,1.11486,0.01855,0.10794,1.98727,2.21552,1.98727,0.01568,-0.76328,17.97489,0.11486,0.0546500000,0.0939600000,0.1248500000,0.7265200000,0.00015,2.39540,0.00000,0.00000,0.00000,0.00000
3412,szarvas,381,HUN,381,22,1283,rural_settlement,livestock,17.00002,0.31716,6,12.53748,12.53748,0.03134,0.06268,0.01000,1.10038,11.28307,0.05001,0.00000,0.00000,12.43346,12.43346,0.0024997049,0.0049994098,0.0007976085,0.0877672387,0.8999471983,0.0039888399,0.0000000000,0.9917032769,0.9917032769,lower,lower,0.08735,0.00035,0.00152,0.00263,0.09181,0.00000,0.17099,1.09526,0.00812,0.01805,0.02012,0.01805,0.01620,0.08237,0.09183,0.08237,0.02137,0.05804,0.06470,0.05804,4.00000,0.45057,0.03513,0.49880,0.49880,0.53393,0.03513,-0.67566,0.08336,0.53393,0.07028,0.53393,4.00000,0.08336,0.00000,0.00000,0.00000,0.00000,0.00000,0.00000,0.00000,0.00000,0.00000,0.00000,0.08435,0.00272,1.09527,1.11486,0.02137,0.12530,0.82397,0.91861,0.82397,0.01850,-0.91565,6.40546,0.11486,0.0474800000,0.0947400000,0.1249700000,0.7327900000,0.00015,0.98243,0.00000,0.00000,0.00000,0.00000
3413,hont,381,HUN,381,22,1298,rural_settlement,silver,18.00002,0.80061,8,24.29734,24.29734,0.05973,0.12574,0.01000,2.10067,21.95119,0.05001,0.00000,0.00000,24.10187,24.10187,0.0024582938,0.0051750521,0.0004115677,0.0864567891,0.9034400473,0.0020582500,0.0000000000,0.9919550864,0.9919550864,lower,lower,0.28571,0.00018,0.00327,0.00529,0.17776,0.00000,0.32076,6.94207,0.00812,0.05455,0.06081,0.05455,0.03250,0.66697,0.74357,0.66697,0.04134,0.77567,0.86476,0.77567,4.00000,0.42333,0.04054,0.54139,0.54139,0.58193,0.04054,-0.82710,0.15860,0.58193,0.08735,0.58193,4.00000,0.15860,0.00000,0.00000,0.00000,1.00000,0.00000,0.00000,0.00000,0.00000,1.00000,0.00000,0.28503,0.00520,6.94208,1.11486,0.04134,0.23880,5.72968,5.27293,4.72968,0.03599,-0.71497,21.64259,0.11486,0.0253100000,0.1013200000,0.1288800000,0.7444800000,0.00015,6.22687,0.00000,0.00000,0.00000,0.00000
3414,banska_bystrica,381,HUN,381,22,1298,rural_settlement,copper,15.00001,0.02231,10,23.19970,23.19970,0.05599,0.11600,0.01000,2.10057,20.86713,0.05001,0.00000,0.00000,23.01771,23.01771,0.0024133933,0.0050000647,0.0004310401,0.0905429812,0.8994568895,0.0021556313,0.0000000000,0.9921555020,0.9921555020,lower,lower,0.14001,0.00019,0.00295,0.00517,0.16615,0.00000,0.30152,3.24841,0.00812,0.03328,0.03710,0.03328,0.02998,0.24375,0.27174,0.24375,0.03957,0.19194,0.21398,0.19194,4.00000,0.47390,0.02434,0.58643,0.58643,0.61077,0.02434,-0.81603,0.13687,0.61077,0.08431,0.61077,4.00000,0.13687,0.00000,0.00000,0.00000,0.00000,0.00000,0.00000,0.00000,0.00000,0.00000,0.00000,0.14188,0.00520,3.24842,1.11486,0.03957,0.22385,2.44478,2.72558,2.44478,0.03422,-0.85812,10.77348,0.11486,0.0269300000,0.0994200000,0.1312300000,0.7424000000,0.00015,2.91375,0.00000,0.00000,0.00000,0.00000
3415,kremnica,381,HUN,381,22,1298,rural_settlement,goods_gold,15.00001,0.28733,9,23.16268,23.16268,0.05990,0.11582,0.00000,2.10057,20.83638,0.05001,0.00000,0.00000,22.98696,22.98696,0.0025860565,0.0050002849,0.0000000000,0.0906876924,0.8995668895,0.0021590766,0.0000000000,0.9924136585,0.9924136585,lower,lower,0.40966,0.00000,0.00288,0.00504,0.18563,0.00000,0.30894,9.48890,0.00000,0.00000,0.00000,0.00000,0.02994,0.88815,0.99016,0.88815,0.03952,0.63361,0.70638,0.63361,4.00000,0.43798,0.03744,0.53270,0.53270,0.57014,0.03744,-1.00000,0.10817,0.57014,0.13216,0.57014,4.00000,0.13216,0.00000,0.00000,0.00000,2.00000,0.00000,0.00000,0.00000,0.00000,2.00000,0.00000,0.40450,0.00520,9.48891,1.11486,0.03952,0.23948,8.98955,7.79236,6.98955,0.03417,-0.59550,30.71441,0.11486,0.0000000000,0.0969100000,0.1279200000,0.7751600000,0.00015,8.51131,0.00000,0.00000,0.00000,0.00000
3416,krupina,381,HUN,381,22,1298,town,wine,17.00001,0.32621,10,16.75716,16.75716,0.22095,0.36813,0.80019,1.75074,13.01701,0.60014,0.00000,0.00000,15.36789,15.36789,0.0131854085,0.0219685197,0.0477521251,0.1044771310,0.7768028711,0.0358139446,0.0000000000,0.9170939467,0.9170939467,burghers,burghers,0.09331,0.25543,0.00546,0.00045,0.47105,0.00000,1.65662,1.56361,0.65051,0.45682,0.50929,0.45682,0.09516,0.15372,0.17137,0.15372,0.02757,0.06078,0.06776,0.06078,3.00000,1.90352,0.00000,1.68051,-0.79575,1.68235,0.00184,1.68235,-0.34316,-0.79575,-0.22117,1.68235,3.00000,-0.22117,0.00000,0.00000,0.00000,0.00000,0.00000,0.00000,0.00000,0.00000,0.00000,0.00000,0.73537,0.00434,1.56362,1.11486,0.02757,0.88338,0.73121,0.81519,0.73121,0.02134,-0.26463,0.94386,0.11486,0.3926700000,0.0574400000,0.0166400000,0.5332400000,0.00189,1.40253,0.00000,0.00000,0.00000,0.00000
3417,stary_tekov,381,HUN,381,22,1298,rural_settlement,fruit,16.00001,0.50037,7,23.17362,23.17362,0.06192,0.11991,0.00000,2.10066,20.84112,0.05001,0.00000,0.00000,22.99179,22.99179,0.0026720038,0.0051744182,0.0000000000,0.0906487636,0.8993467572,0.0021580573,0.0000000000,0.9921535781,0.9921535781,lower,lower,0.01365,0.00000,0.00301,0.00490,0.19266,0.00000,0.31807,0.31652,0.00000,0.00000,0.00000,0.00000,0.03099,0.17402,0.19400,0.17402,0.03952,0.10990,0.12252,0.10990,4.00000,0.38821,0.04506,0.47991,0.47991,0.52497,0.04506,-1.00000,0.11412,0.52497,0.13676,0.52497,4.00000,0.13676,0.00000,0.00000,0.00000,2.00000,0.00000,0.00000,0.00000,0.00000,2.00000,0.00000,0.01310,0.00520,0.31653,1.11486,0.03952,0.24756,1.70300,0.00000,0.00000,0.03417,-0.98690,0.99515,0.11486,0.0000000000,0.0974300000,0.1242400000,0.7783100000,0.00015,0.28392,0.00000,0.00000,0.00000,0.00000
3418,zvolen,381,HUN,381,22,1298,rural_settlement,lumber,15.00001,0.20944,10,20.38563,20.38563,0.04896,0.10192,0.01000,2.10059,18.07415,0.05001,0.00000,0.00000,20.22475,20.22475,0.0024016918,0.0049996002,0.0004905416,0.1030426825,0.8866122852,0.0024531987,0.0000000000,0.9921081664,0.9921081664,lower,lower,0.08926,0.00022,0.00260,0.00460,0.14446,0.00000,0.26519,1.81978,0.00812,0.02096,0.02336,0.02096,0.02634,0.14734,0.16426,0.14734,0.03499,0.10831,0.00000,0.00000,4.00000,0.48376,0.02154,0.59795,0.59795,0.61949,0.02154,-0.79090,0.13573,0.61949,0.07805,0.61949,4.00000,0.13573,0.00000,0.00000,1.00000,0.00000,0.00000,0.00000,0.00000,1.00000,0.00000,0.00000,0.09037,0.00520,1.81979,1.11486,0.03499,0.19574,1.46401,1.63216,1.46401,0.02964,-0.90963,6.86221,0.11486,0.0306100000,0.0993200000,0.1319400000,0.7381100000,0.00015,1.63231,0.00000,0.00000,0.00000,0.00000
3419,khust,381,HUN,381,22,1274,rural_settlement,fur,16.00001,0.17156,8,9.51327,9.51327,0.02377,0.04756,0.00000,1.10034,8.29159,0.05001,0.00000,0.00000,9.44194,9.44194,0.0024986151,0.0049993325,0.0000000000,0.1156636992,0.8715814857,0.0052568675,0.0000000000,0.9925020524,0.9925020524,lower,lower,0.08323,0.00000,0.00121,0.00218,0.07295,0.00000,0.12378,0.79187,0.00000,0.00000,0.00000,0.00000,0.01229,0.06010,0.06700,0.06010,0.01646,0.04484,0.04999,0.04484,4.00000,0.49686,0.01628,0.61585,0.61585,0.63213,0.01628,-1.00000,0.13527,0.63213,0.12131,0.63213,4.00000,0.13527,0.00000,0.00000,0.00000,0.00000,0.00000,0.00000,0.00000,0.00000,0.00000,0.00000,0.08425,0.00272,0.79188,1.11486,0.01646,0.09503,0.60536,0.67489,0.60536,0.01359,-0.91575,6.39747,0.11486,0.0000000000,0.0992800000,0.1329700000,0.7677300000,0.00015,0.71030,0.00000,0.00000,0.00000,0.00000
3420,mezhorje,381,HUN,381,22,1274,rural_settlement,lumber,14.00000,0.01014,13,5.28632,5.28632,0.01792,0.02642,0.00000,1.10035,4.09162,0.05001,0.00000,0.00000,5.24198,5.24198,0.0033898818,0.0049978057,0.0000000000,0.2081504714,0.7740015739,0.0094602673,0.0000000000,0.9916123125,0.9916123125,lower,lower,0.02261,0.00000,0.00045,0.00102,0.05826,0.00000,0.08805,0.11956,0.00000,0.00000,0.00000,0.00000,0.00683,0.05990,0.06678,0.05990,0.00958,0.04736,0.05279,0.04736,4.00000,0.14713,0.05192,0.28354,0.28354,0.33546,0.05192,-1.00000,-0.11309,0.33546,0.18833,0.33546,4.00000,0.18833,0.00000,0.00000,0.00000,1.00000,0.00000,0.00000,0.00000,0.00000,1.00000,0.00000,0.01788,0.00272,0.11957,1.11486,0.00958,0.07164,0.67135,0.00000,0.00000,0.00671,-0.98212,1.35797,0.11486,0.0000000000,0.0775600000,0.1088000000,0.8136200000,0.00015,0.10726,0.00000,0.00000,0.00000,0.00000
3421,sighet,381,HUN,381,22,1274,rural_settlement,salt,15.00000,0.00173,16,10.80020,10.80020,0.04248,0.06479,0.01000,1.10033,9.53259,0.05001,0.00000,0.00000,10.68293,10.68293,0.0039332605,0.0059989630,0.0009259088,0.1018805207,0.8826308772,0.0046304698,0.0000000000,0.9891418677,0.9891418677,nobles,nobles,0.01652,0.00028,0.00131,0.00159,0.13527,0.00000,0.21320,0.17851,0.00812,0.02068,0.02305,0.02068,0.01674,0.08415,0.09381,0.08415,0.01850,0.05530,0.06165,0.05530,1.00000,0.09845,0.05198,0.08250,0.01307,0.16350,0.08100,-0.73987,-0.10222,0.06505,0.16350,0.16350,1.00000,0.06505,0.00000,0.00000,0.00000,1.00000,0.00000,0.00000,0.00000,0.00000,1.00000,0.00000,25.13288,0.00272,0.17852,1.11486,0.01850,0.16984,0.83020,0.00000,0.00000,0.01563,24.13288,0.83733,0.11486,0.0380800000,0.0785100000,0.0867700000,0.7966200000,0.00015,0.16013,0.00000,0.00000,0.00000,0.00000
3422,cuhea,381,HUN,381,22,1274,rural_settlement,stone,14.00000,0.00138,14,7.29555,7.29555,0.03332,0.03647,0.00000,1.85057,5.32518,0.05001,0.00000,0.00000,7.22576,7.22576,0.0045671677,0.0049989377,0.0000000000,0.2536573665,0.7299216646,0.0068548636,0.0000000000,0.9904338946,0.9904338946,nobles,nobles,0.02834,0.00000,0.00051,0.00115,0.11365,0.00000,0.15609,0.20675,0.00000,0.00000,0.00000,0.00000,0.00942,0.10363,0.11553,0.10363,0.01346,0.08183,0.09122,0.08183,1.00000,0.18803,0.05189,0.24345,0.00653,0.24645,0.00300,-1.00000,-0.31000,0.05842,0.24645,0.24645,1.00000,0.05842,0.00000,0.00000,0.00000,2.00000,0.00000,0.00000,0.00000,0.00000,2.00000,0.00000,39.75914,0.00458,0.20676,1.11486,0.01346,0.13321,1.30667,0.00000,0.00000,0.00873,38.75914,1.32462,0.11486,0.0000000000,0.0603400000,0.0862300000,0.8534100000,0.00015,0.18546,0.00000,0.00000,0.00000,0.00000
3423,rakhiv,381,HUN,381,17,1274,rural_settlement,amber,15.00000,,16,4.75290,4.75290,0.02187,0.02375,0.00000,1.10035,3.55692,0.05001,0.00000,0.00000,4.70728,4.70728,0.0046014012,0.0049969492,0.0000000000,0.2315112878,0.7483683646,0.0105219971,0.0000000000,0.9904016495,0.9904016495,lower,lower,0.00046,0.00000,0.00025,0.00114,0.05241,0.00000,0.07860,0.00218,0.00000,0.00000,0.00000,0.00000,0.00475,0.00110,0.00122,0.00110,0.00964,0.00087,0.00096,0.00087,4.00000,0.31218,0.04997,0.45536,0.45536,0.50533,0.04997,-1.00000,-0.30897,0.50533,0.19315,0.50533,4.00000,0.19315,0.00000,0.00000,0.00000,1.00000,0.00000,0.00000,0.00000,0.00000,1.00000,0.00000,0.00036,0.00289,0.00219,1.11486,0.00964,0.06421,0.01400,0.00000,0.00000,0.00658,-0.99964,0.02786,0.11486,0.0000000000,0.0604300000,0.1226400000,0.8169200000,0.00017,0.00197,0.00000,0.00000,0.00000,0.00000
3426,nograd,381,HUN,381,22,1297,rural_settlement,fruit,23.00004,0.86350,6,13.03335,13.03335,0.03873,0.06516,0.00000,1.10042,11.77903,0.05001,0.00000,0.00000,12.92946,12.92946,0.0029716075,0.0049994821,0.0000000000,0.0844310941,0.9037607369,0.0038370795,0.0000000000,0.9920289104,0.9920289104,lower,lower,0.01733,0.00000,0.00144,0.00252,0.12364,0.00000,0.19386,0.22591,0.00000,0.00000,0.00000,0.00000,0.01684,0.09124,0.10171,0.09124,0.02218,0.11141,0.12420,0.11141,4.00000,0.23775,0.05138,0.35294,0.35294,0.40432,0.05138,-1.00000,-0.00674,0.40432,0.16657,0.40432,4.00000,0.16657,0.00000,0.00000,0.00000,3.00000,0.00000,0.00000,0.00000,0.00000,3.00000,0.00000,0.01534,0.00272,0.22592,1.11486,0.02218,0.15484,0.85639,0.00000,0.00000,0.01931,-0.98466,1.16537,0.11486,0.0000000000,0.0868600000,0.1144100000,0.7987200000,0.00015,0.20265,0.00000,0.00000,0.00000,0.00000
3427,balassagyarmat,381,HUN,381,22,1297,rural_settlement,medicaments,19.00002,0.63786,8,14.73309,14.73309,0.03683,0.07366,0.01000,1.10035,13.46224,0.05001,0.00000,0.00000,14.61260,14.61260,0.0024998150,0.0049996301,0.0006787442,0.0746856226,0.9137417880,0.0033944000,0.0000000000,0.9918218106,0.9918218106,lower,lower,0.05794,0.00030,0.00180,0.00311,0.10875,0.00000,0.19935,0.85371,0.00812,0.01027,0.01144,0.01027,0.01904,0.06612,0.07371,0.06612,0.02494,0.05425,0.06048,0.05425,4.00000,0.44337,0.03542,0.50011,0.50011,0.53553,0.03542,-0.72177,0.09216,0.53553,0.07884,0.53553,4.00000,0.09216,0.00000,0.00000,0.00000,0.00000,0.00000,0.00000,0.00000,0.00000,0.00000,0.00000,0.05640,0.00272,0.85372,1.11486,0.02494,0.14725,0.63513,0.70808,0.63513,0.02207,-0.94360,4.28251,0.11486,0.0407300000,0.0955100000,0.1251000000,0.7386500000,0.00015,0.76577,0.00000,0.00000,0.00000,0.00000
3428,gemer,381,HUN,381,22,1297,rural_settlement,fruit,16.00001,0.37437,7,16.31782,16.31782,0.04670,0.08749,0.00000,1.10035,15.03327,0.05001,0.00000,0.00000,16.18363,16.18363,0.0028619019,0.0053616231,0.0000000000,0.0674324144,0.9212793130,0.0030647476,0.0000000000,0.9917764750,0.9917764750,lower,lower,0.00382,0.00000,0.00215,0.00316,0.14718,0.00000,0.23684,0.06238,0.00000,0.00000,0.00000,0.00000,0.02261,0.08716,0.00000,0.00000,0.02752,0.05597,0.06239,0.05597,4.00000,0.27476,0.05093,0.37523,0.37523,0.42616,0.05093,-1.00000,0.09159,0.42616,0.15140,0.42616,4.00000,0.15140,0.00000,1.00000,0.00000,1.00000,0.00000,0.00000,1.00000,0.00000,1.00000,0.00000,0.00346,0.00272,0.06239,1.11486,0.02752,0.18671,0.84575,0.00000,0.00000,0.02465,-0.99654,0.26342,0.11486,0.0000000000,0.0954600000,0.1161900000,0.7883300000,0.00015,0.05597,0.00000,0.00000,0.00000,0.00000
3429,podmuran,381,HUN,381,22,1297,rural_settlement,iron,15.00001,0.02103,8,11.86871,11.86871,0.03160,0.05934,0.00000,1.10034,10.62742,0.05001,0.00000,0.00000,11.77777,11.77777,0.0026624629,0.0049997009,0.0000000000,0.0927093172,0.8954149187,0.0042136003,0.0000000000,0.9923378362,0.9923378362,lower,lower,0.02643,0.00000,0.00142,0.00253,0.09853,0.00000,0.16197,0.31376,0.00000,0.00000,0.00000,0.00000,0.01534,0.15741,0.17549,0.15741,0.02029,0.12404,0.13828,0.12404,4.00000,0.39836,0.04422,0.49340,0.49340,0.53762,0.04422,-1.00000,0.08290,0.53762,0.13926,0.53762,4.00000,0.13926,0.00000,0.00000,0.00000,2.00000,0.00000,0.00000,0.00000,0.00000,2.00000,0.00000,0.02551,0.00272,0.31377,1.11486,0.02029,0.12634,1.62625,0.00000,0.00000,0.01742,-0.97449,1.93721,0.11486,0.0000000000,0.0947000000,0.1252700000,0.7800200000,0.00015,0.28145,0.00000,0.00000,0.00000,0.00000
3430,rimavska_sobota,381,HUN,381,22,1297,rural_settlement,copper,18.00002,0.21239,11,8.44719,8.44719,0.02598,0.04223,0.01000,1.10035,7.21862,0.05001,0.00000,0.00000,8.36898,8.36898,0.0030755790,0.0049992956,0.0011838256,0.1302622529,0.8545587349,0.0059203120,0.0000000000,0.9907412998,0.9907412998,lower,lower,0.13247,0.00043,0.00079,0.00152,0.07834,0.00000,0.13760,1.11899,0.00812,0.05367,0.05983,0.05367,0.01091,0.15650,0.17447,0.15650,0.01470,0.11476,0.12794,0.11476,4.00000,0.20877,0.05153,0.25975,0.25975,0.31128,0.05153,-0.59689,-0.09342,0.31128,0.10251,0.31128,4.00000,0.10251,0.00000,0.00000,0.00000,1.00000,0.00000,0.00000,0.00000,0.00000,1.00000,0.00000,0.10710,0.00272,1.11900,1.11486,0.01470,0.10387,1.67879,0.75675,0.67879,0.01183,-0.89290,8.13226,0.11486,0.0590100000,0.0792800000,0.1068300000,0.7548600000,0.00015,1.00372,0.00000,0.00000,0.00000,0.00000
3431,roznava,381,HUN,381,22,1297,rural_settlement,stone,15.00001,0.02601,10,12.36415,12.36415,0.03667,0.06758,0.01000,1.10033,11.09956,0.05001,0.00000,0.00000,12.24990,12.24990,0.0029658327,0.0054658023,0.0008087899,0.0889935823,0.8977212344,0.0040447584,0.0000000000,0.9907595751,0.9907595751,lower,lower,0.01514,0.00031,0.00155,0.00227,0.11119,0.00000,0.19327,0.18724,0.00812,0.02548,0.02840,0.02548,0.01747,0.10892,0.00000,0.00000,0.02107,0.07825,0.08723,0.07825,4.00000,0.23010,0.05144,0.28659,0.28659,0.33803,0.05144,-0.71302,0.03361,0.33803,0.10793,0.33803,4.00000,0.10793,0.00000,1.00000,0.00000,1.00000,0.00000,0.00000,1.00000,0.00000,1.00000,0.00000,0.01275,0.00272,0.18725,1.11486,0.02107,0.14661,1.06423,0.07160,0.06423,0.01820,-0.98725,0.96885,0.11486,0.0420100000,0.0903900000,0.1090100000,0.7585700000,0.00015,0.16796,0.00000,0.00000,0.00000,0.00000
3432,salgotarjan,381,HUN,381,22,1297,rural_settlement,wild_game,19.00002,0.64472,8,17.64437,17.64437,0.06747,0.11159,0.01000,1.10035,16.30495,0.05001,0.00000,0.00000,17.45531,17.45531,0.0038238826,0.0063243970,0.0005667530,0.0623626687,0.9240879669,0.0028343319,0.0000000000,0.9892849674,0.9892849674,nobles,nobles,0.01402,0.00017,0.00246,0.00258,0.21634,0.00000,0.33632,0.24748,0.00812,0.01297,0.01445,0.01297,0.02884,0.12707,0.14166,0.12707,0.02961,0.08196,0.09137,0.08196,1.00000,0.09081,0.05198,0.08350,0.02866,0.17145,0.08795,-0.83509,-0.01943,0.08064,0.17145,0.17145,1.00000,0.08064,0.00000,0.00000,0.00000,2.00000,0.00000,0.00000,0.00000,0.00000,2.00000,0.00000,22.08751,0.00272,0.24749,1.11486,0.02961,0.26975,1.11814,0.00000,0.00000,0.02674,21.08751,0.73587,0.11486,0.0241400000,0.0857500000,0.0880400000,0.8020600000,0.00015,0.22200,0.00000,0.00000,0.00000,0.00000
3433,bratislava,381,HUN,381,22,1299,town,beeswax,24.00004,0.47658,11,25.79628,25.79628,0.31587,0.51277,0.80019,2.75104,20.81626,0.60015,0.00000,0.00000,24.16745,24.16745,0.0122447888,0.0198776723,0.0310195889,0.1066448341,0.8069481336,0.0232649824,0.0000000000,0.9368579501,0.9368579501,burghers,burghers,0.08227,0.20258,0.00841,0.00087,0.76354,0.00000,2.08880,2.12226,0.65051,0.45036,0.50208,0.45036,0.13256,0.22909,0.25540,0.22909,0.04284,0.15907,0.17734,0.15907,3.00000,1.24427,0.00000,1.11116,-0.74837,1.12733,0.01617,1.12733,-0.27432,-0.74837,-0.11694,1.12733,3.00000,-0.11694,0.00000,0.00000,0.00000,0.00000,0.00000,0.00000,0.00000,0.00000,0.00000,0.00000,0.79159,0.00682,2.12228,1.11486,0.04284,1.26289,1.06511,1.18744,1.06511,0.03413,-0.20841,1.01602,0.11486,0.3114200000,0.0634600000,0.0205000000,0.6046000000,0.00189,1.90363,0.00000,0.00000,0.00000,0.00000
3434,hlohovec,381,HUN,381,22,1299,rural_settlement,wheat,20.00002,0.44690,8,22.93280,22.93280,0.05532,0.11466,0.00000,2.10067,20.61214,0.05001,0.00000,0.00000,22.76282,22.76282,0.0024122654,0.0049998256,0.0000000000,0.0916011128,0.8988060769,0.0021807193,0.0000000000,0.9925879090,0.9925879090,lower,lower,0.04523,0.00000,0.00300,0.00527,0.16867,0.00000,0.28996,1.03734,0.00000,0.00000,0.00000,0.00000,0.02964,0.08078,0.09005,0.08078,0.03915,0.05403,0.06023,0.05403,4.00000,0.48828,0.01667,0.64050,0.64050,0.65717,0.01667,-1.00000,0.16889,0.65717,0.11405,0.65717,4.00000,0.16889,0.00000,0.00000,0.00000,0.00000,0.00000,0.00000,0.00000,0.00000,0.00000,0.00000,0.04711,0.00520,1.03735,1.11486,0.03915,0.22117,0.79567,0.88706,0.79567,0.03380,-0.95289,3.57756,0.11486,0.0000000000,0.1022200000,0.1350100000,0.7627600000,0.00015,0.93048,0.00000,0.00000,0.00000,0.00000
3435,holic,381,HUN,381,22,1299,rural_settlement,lumber,19.00004,0.33909,10,17.83010,17.83010,0.04749,0.09304,0.01000,1.10033,16.52923,0.05001,0.00000,0.00000,17.67957,17.67957,0.0026634736,0.0052181424,0.0005608494,0.0617119366,0.9270407906,0.0028048076,0.0000000000,0.9915575347,0.9915575347,lower,lower,0.00713,0.00023,0.00226,0.00353,0.14304,0.00000,0.25201,0.12715,0.00812,0.00917,0.01022,0.00917,0.02405,0.06284,0.07005,0.06284,0.02997,0.04205,0.04687,0.04205,4.00000,0.35926,0.04763,0.41204,0.41204,0.45967,0.04763,-0.77990,0.09125,0.45967,0.10041,0.45967,4.00000,0.10041,0.00000,0.00000,0.00000,2.00000,0.00000,0.00000,0.00000,0.00000,2.00000,0.00000,0.00664,0.00272,0.12716,1.11486,0.02997,0.18987,0.61329,0.00000,0.00000,0.02710,-0.99336,0.50458,0.11486,0.0322200000,0.0954300000,0.1189200000,0.7534200000,0.00015,0.11406,0.00000,0.00000,0.00000,0.00000
3436,nitra,381,HUN,381,22,1299,rural_settlement,fruit,22.00004,0.68049,9,23.32427,23.32427,0.06384,0.11661,0.01000,2.10067,20.98314,0.05001,0.00000,0.00000,23.13382,23.13382,0.0027370632,0.0049995134,0.0004287380,0.0900636976,0.8996268694,0.0021441186,0.0000000000,0.9918346855,0.9918346855,lower,lower,0.01562,0.00018,0.00270,0.00474,0.19546,0.00000,0.33326,0.36452,0.00812,0.01540,0.01716,0.01540,0.03014,0.16118,0.17969,0.16118,0.03976,0.15040,0.16767,0.15040,4.00000,0.34573,0.04921,0.41513,0.41513,0.46434,0.04921,-0.83359,0.03407,0.46434,0.11861,0.46434,4.00000,0.11861,0.00000,0.00000,0.00000,2.00000,0.00000,0.00000,0.00000,0.00000,2.00000,0.00000,0.01440,0.00520,0.36453,1.11486,0.03976,0.25524,1.56352,0.00000,0.00000,0.03441,-0.98560,1.09383,0.11486,0.0243600000,0.0904300000,0.1193000000,0.7658800000,0.00015,0.32698,0.00000,0.00000,0.00000,0.00000
3437,prievidza,381,HUN,381,22,1299,rural_settlement,saffron,15.00001,0.19124,10,14.45170,14.45170,0.03612,0.07837,0.01000,1.10034,13.17686,0.05001,0.00000,0.00000,14.32721,14.32721,0.0024993599,0.0054228914,0.0006919601,0.0761391393,0.9117861566,0.0034604925,0.0000000000,0.9913857885,0.9913857885,lower,lower,0.28397,0.00030,0.00207,0.00299,0.10569,0.00000,0.19727,4.10391,0.00812,0.07847,0.08748,0.07847,0.02026,0.42026,0.46853,0.42026,0.02448,0.28658,0.31949,0.28658,4.00000,0.34875,0.04792,0.47521,0.47521,0.52313,0.04792,-0.71883,0.17438,0.52313,0.06918,0.52313,4.00000,0.17438,0.00000,0.00000,0.00000,1.00000,0.00000,0.00000,0.00000,0.00000,1.00000,0.00000,0.27398,0.00272,4.10392,1.11486,0.02448,0.14441,3.89580,3.22841,2.89580,0.02161,-0.72602,20.80356,0.11486,0.0411600000,0.1027000000,0.1240900000,0.7320400000,0.00015,3.68111,0.00000,0.00000,0.00000,0.00000
3438,samorin,381,HUN,381,22,1299,rural_settlement,fiber_crops,18.00004,0.67463,8,23.34248,23.34248,0.05736,0.11672,0.01000,2.10079,21.00760,0.05001,0.00000,0.00000,23.15840,23.15840,0.0024573224,0.0050003256,0.0004284035,0.0899985777,0.8999729249,0.0021424459,0.0000000000,0.9921139485,0.9921139485,lower,lower,0.10124,0.00019,0.00296,0.00513,0.17106,0.00000,0.30742,2.36333,0.00812,0.01779,0.01983,0.01779,0.03017,0.18573,0.20706,0.18573,0.03980,0.17051,0.19009,0.17051,4.00000,0.46693,0.02822,0.56083,0.56083,0.58905,0.02822,-0.81959,0.12212,0.58905,0.08954,0.58905,4.00000,0.12212,0.00000,0.00000,0.00000,0.00000,0.00000,0.00000,0.00000,0.00000,0.00000,0.00000,0.10124,0.00520,2.36334,1.11486,0.03980,0.22933,1.74583,1.94635,1.74583,0.03445,-0.89876,7.68765,0.11486,0.0264100000,0.0981300000,0.1294600000,0.7459800000,0.00015,2.11986,0.00000,0.00000,0.00000,0.00000
3439,trnava,381,HUN,381,22,1299,rural_settlement,wine,21.00002,0.60335,7,18.85957,18.85957,0.05231,0.09429,0.00000,1.10043,17.56253,0.05001,0.00000,0.00000,18.71297,18.71297,0.0027736581,0.0049995838,0.0000000000,0.0583486262,0.9312264277,0.0026517041,0.0000000000,0.9922267581,0.9922267581,lower,lower,0.05953,0.00000,0.00222,0.00377,0.16490,0.00000,0.26518,1.12275,0.00000,0.00000,0.00000,0.00000,0.02437,0.08530,0.09509,0.08530,0.03167,0.06085,0.06783,0.06085,4.00000,0.31392,0.04967,0.41614,0.41614,0.46581,0.04967,-1.00000,0.05077,0.46581,0.15189,0.46581,4.00000,0.15189,0.00000,0.00000,0.00000,0.00000,0.00000,0.00000,0.00000,0.00000,0.00000,0.00000,0.05576,0.00272,1.12276,1.11486,0.03167,0.20914,0.86094,0.95982,0.86094,0.02880,-0.94424,4.23395,0.11486,0.0000000000,0.0918900000,0.1194200000,0.7886700000,0.00015,1.00709,0.00000,0.00000,0.00000,0.00000
3440,levoca,381,HUN,381,17,1295,rural_settlement,silver,15.00000,0.02138,10,21.55236,21.55236,0.05387,0.10776,0.00000,2.10061,19.24011,0.05001,0.00000,0.00000,21.39073,21.39073,0.0024994943,0.0049999165,0.0000000000,0.0974654284,0.8927147653,0.0023203955,0.0000000000,0.9925005893,0.9925005893,lower,lower,0.34196,0.00000,0.00208,0.00769,0.11314,0.00000,0.22104,7.37005,0.00000,0.00000,0.00000,0.00000,0.02159,0.55439,0.61806,0.55439,0.04128,0.43687,0.48704,0.43687,4.00000,1.17539,0.00151,1.29074,1.29074,1.29225,0.00151,-1.00000,0.11686,1.29225,0.04513,1.29225,4.00000,0.11686,0.00000,0.00000,0.00000,0.00000,0.00000,0.00000,0.00000,0.00000,0.00000,0.00000,0.43912,0.00552,7.37006,1.11486,0.04128,0.15817,5.61949,6.26494,5.61949,0.03559,-0.56088,33.34265,0.11486,0.0000000000,0.0976700000,0.1867500000,0.7155700000,0.00017,6.61075,0.00000,0.00000,0.00000,0.00000
3441,bardejov,381,HUN,381,17,1295,rural_settlement,fiber_crops,15.00001,0.02409,12,21.67906,21.67906,0.05375,0.10795,0.00000,2.10055,19.36680,0.05001,0.00000,0.00000,21.51736,21.51736,0.0024793510,0.0049794594,0.0000000000,0.0968930387,0.8933413165,0.0023068343,0.0000000000,0.9925411895,0.9925411895,lower,lower,0.08852,0.00000,0.00208,0.00778,0.11269,0.00000,0.22096,1.91915,0.00000,0.00000,0.00000,0.00000,0.02163,0.14413,0.16068,0.14413,0.04151,0.11394,0.12702,0.11394,4.00000,1.18649,0.00029,1.30558,1.30558,1.30587,0.00029,-1.00000,0.11938,1.30587,0.04318,1.30587,4.00000,0.11938,0.00000,0.00000,0.00000,0.00000,0.00000,0.00000,0.00000,0.00000,0.00000,0.00000,0.11438,0.00552,1.91916,1.11486,0.04151,0.15782,1.46337,1.63145,1.46337,0.03582,-0.88562,8.68555,0.11486,0.0000000000,0.0978900000,0.1878600000,0.7142400000,0.00017,1.72144,0.00000,0.00000,0.00000,0.00000
3442,gonc,381,HUN,381,22,1295,rural_settlement,goods_gold,16.00001,0.18446,6,21.69461,21.69461,0.05323,0.10847,0.00000,2.10064,19.38226,0.05001,0.00000,0.00000,21.53291,21.53291,0.0024536048,0.0049998594,0.0000000000,0.0968277374,0.8934136175,0.0023051809,0.0000000000,0.9925465358,0.9925465358,lower,lower,0.39774,0.00000,0.00280,0.00492,0.16291,0.00000,0.27799,8.62900,0.00000,0.00000,0.00000,0.00000,0.02804,0.65853,0.73416,0.65853,0.03713,0.48888,0.54503,0.48888,4.00000,0.48603,0.01694,0.62243,0.62243,0.63937,0.01694,-1.00000,0.15334,0.63937,0.11814,0.63937,4.00000,0.15334,0.00000,0.00000,0.00000,0.00000,0.00000,0.00000,0.00000,0.00000,0.00000,0.00000,0.40880,0.00520,8.62901,1.11486,0.03713,0.21282,6.59259,7.34981,6.59259,0.03178,-0.59120,31.04072,0.11486,0.0000000000,0.1008600000,0.1335600000,0.7655600000,0.00015,7.74000,0.00000,0.00000,0.00000,0.00000
3443,kosice,381,HUN,381,22,1295,town,lead,18.00001,0.24127,7,19.28869,19.28869,0.25215,0.40864,0.80018,1.75073,15.47685,0.60014,0.00000,0.00000,17.82772,17.82772,0.0130724274,0.0211854719,0.0414844139,0.0907645880,0.8023795291,0.0311135697,0.0000000000,0.9242576868,0.9242576868,burghers,burghers,0.10165,0.23562,0.00620,0.00055,0.56591,0.00000,1.79588,1.96075,0.65050,0.84226,0.93900,0.84226,0.10564,0.30126,0.33586,0.30126,0.03161,0.10828,0.12071,0.10828,3.00000,1.65439,0.00000,1.47105,-0.78396,1.47428,0.00323,1.47428,-0.32738,-0.78396,-0.18011,1.47428,3.00000,-0.18011,0.00000,0.00000,0.00000,1.00000,0.00000,0.00000,0.00000,0.00000,1.00000,0.00000,0.85064,0.00434,1.96077,1.11486,0.03161,1.00813,1.50696,0.56518,0.50696,0.02538,-0.14936,1.09181,0.11486,0.3622100000,0.0588200000,0.0176000000,0.5613500000,0.00189,1.75876,0.00000,0.00000,0.00000,0.00000
3444,lubica,381,HUN,381,17,1295,rural_settlement,alum,15.00001,0.01802,13,23.59238,23.59238,0.06080,0.11795,0.00000,2.10054,21.26308,0.05001,0.00000,0.00000,23.41363,23.41363,0.0025771033,0.0049994956,0.0000000000,0.0890346798,0.9012689690,0.0021197522,0.0000000000,0.9924234011,0.9924234011,lower,lower,0.12510,0.00000,0.00222,0.00817,0.12889,0.00000,0.24717,2.95161,0.00000,0.00000,0.00000,0.00000,0.02363,0.30345,0.33830,0.30345,0.04502,0.23941,0.26690,0.23941,4.00000,1.14247,0.00344,1.23222,1.23222,1.23566,0.00344,-1.00000,0.09319,1.23566,0.05488,1.23566,4.00000,0.09319,0.00000,0.00000,0.00000,1.00000,0.00000,0.00000,0.00000,0.00000,1.00000,0.00000,0.15727,0.00552,2.95162,1.11486,0.04502,0.17852,3.10467,2.34641,2.10467,0.03933,-0.84273,11.94165,0.11486,0.0000000000,0.0956000000,0.1821400000,0.7222500000,0.00017,2.64753,0.00000,0.00000,0.00000,0.00000
3445,presov,381,HUN,381,17,1295,rural_settlement,gems,16.00001,0.02728,14,23.77257,23.77257,0.06124,0.11885,0.01000,2.10063,21.43184,0.05001,0.00000,0.00000,23.58248,23.58248,0.0025760782,0.0049994595,0.0004206529,0.0883636056,0.9015365188,0.0021036850,0.0000000000,0.9920038094,0.9920038094,lower,lower,0.30383,0.00019,0.00218,0.00799,0.12604,0.00000,0.25650,7.22294,0.00755,0.08191,0.09131,0.08191,0.02381,0.61595,0.68669,0.61595,0.04533,0.48416,0.53977,0.48416,4.00000,1.10774,0.00421,1.16493,1.16493,1.16914,0.00421,-0.79896,0.06140,1.16914,0.02386,1.16914,4.00000,0.06140,0.00000,0.00000,0.00000,1.00000,0.00000,0.00000,0.00000,0.00000,1.00000,0.00000,0.37086,0.00552,7.22295,1.11486,0.04533,0.17981,6.29678,5.90516,5.29678,0.03964,-0.62914,28.15964,0.11486,0.0294300000,0.0928200000,0.1767200000,0.7010100000,0.00017,6.47880,0.00000,0.00000,0.00000,0.00000
3446,turna,381,HUN,381,22,1295,rural_settlement,copper,15.00001,0.18435,6,8.30506,8.30506,0.02601,0.04152,0.00000,1.10035,7.08717,0.05001,0.00000,0.00000,8.23753,8.23753,0.0031318257,0.0049993618,0.0000000000,0.1324915172,0.8533556651,0.0060216302,0.0000000000,0.9918688125,0.9918688125,lower,lower,0.03153,0.00000,0.00085,0.00154,0.08366,0.00000,0.12921,0.26189,0.00000,0.00000,0.00000,0.00000,0.01073,0.13486,0.15035,0.13486,0.01449,0.10006,0.11155,0.10006,4.00000,0.20098,0.05182,0.32463,0.32463,0.37645,0.05182,-1.00000,-0.05042,0.37645,0.17547,0.37645,4.00000,0.17547,0.00000,0.00000,0.00000,2.00000,0.00000,0.00000,0.00000,0.00000,2.00000,0.00000,0.02669,0.00272,0.26190,1.11486,0.01449,0.10399,1.45847,0.00000,0.00000,0.01162,-0.97331,2.02693,0.11486,0.0000000000,0.0830400000,0.1121400000,0.8048100000,0.00015,0.23492,0.00000,0.00000,0.00000,0.00000
3447,trencin,381,HUN,381,22,1300,rural_settlement,dyes,16.00001,0.37786,10,23.98494,23.98494,0.05796,0.11992,0.00000,2.10051,21.65654,0.05001,0.00000,0.00000,23.80706,23.80706,0.0024165164,0.0049998040,0.0000000000,0.0875762041,0.9029224172,0.0020850584,0.0000000000,0.9925836796,0.9925836796,lower,lower,0.29127,0.00000,0.00316,0.00546,0.17685,0.00000,0.30359,6.98624,0.00000,0.00000,0.00000,0.00000,0.03100,0.54152,0.60371,0.54152,0.04086,0.37269,0.41549,0.37269,4.00000,0.48426,0.01971,0.63218,0.63218,0.65189,0.01971,-1.00000,0.16763,0.65189,0.11482,0.65189,4.00000,0.16763,0.00000,0.00000,0.00000,0.00000,0.00000,0.00000,0.00000,0.00000,0.00000,0.00000,0.30306,0.00520,6.98625,1.11486,0.04086,0.23173,5.35228,5.96704,5.35228,0.03551,-0.69694,23.01212,0.11486,0.0000000000,0.1021100000,0.1345800000,0.7632900000,0.00015,6.26649,0.00000,0.00000,0.00000,0.00000
3448,povazska_bystrica,381,HUN,381,17,1300,rural_settlement,stone,16.00001,0.28461,12,18.70523,18.70523,0.04676,0.09352,0.01000,1.10029,17.40465,0.05001,0.00000,0.00000,18.55495,18.55495,0.0024998356,0.0049996712,0.0005346098,0.0588225860,0.9304697136,0.0026735838,0.0000000000,0.9919658833,0.9919658833,lower,lower,0.07334,0.00025,0.00176,0.00623,0.09475,0.00000,0.19883,1.37194,0.00755,0.01546,0.01723,0.01546,0.01874,0.10357,0.11546,0.10357,0.03525,0.07394,0.08243,0.07394,4.00000,1.09826,0.00730,1.16871,1.16871,1.17601,0.00730,-0.74062,0.07775,1.17601,0.00848,1.17601,4.00000,0.07775,0.00000,0.00000,0.00000,0.00000,0.00000,0.00000,0.00000,0.00000,0.00000,0.00000,0.09087,0.00289,1.37195,1.11486,0.03525,0.13729,1.03764,1.15682,1.03764,0.03219,-0.90913,6.90011,0.11486,0.0379700000,0.0942500000,0.1772800000,0.6904800000,0.00017,1.23061,0.00000,0.00000,0.00000,0.00000
3449,zilina,381,HUN,381,17,1300,rural_settlement,lumber,16.00001,0.19461,12,21.98158,21.98158,0.05714,0.10990,0.01000,2.10053,19.65400,0.05001,0.00000,0.00000,21.80454,21.80454,0.0025994492,0.0049996406,0.0004549264,0.0955586450,0.8941122522,0.0022750867,0.0000000000,0.9919459839,0.9919459839,lower,lower,0.01731,0.00020,0.00200,0.00735,0.11755,0.00000,0.23938,0.38059,0.00755,0.02424,0.02702,0.02424,0.02202,0.18236,0.20330,0.18236,0.04204,0.13479,0.15027,0.13479,4.00000,1.10384,0.00720,1.14844,1.14844,1.15564,0.00720,-0.78461,0.05180,1.15564,0.02363,1.15564,4.00000,0.05180,0.00000,0.00000,0.00000,2.00000,0.00000,0.00000,0.00000,0.00000,2.00000,0.00000,0.02093,0.00552,0.38060,1.11486,0.04204,0.16777,1.85581,0.00000,0.00000,0.03635,-0.97907,1.58994,0.11486,0.0315300000,0.0919800000,0.1756200000,0.7008500000,0.00017,0.34139,0.00000,0.00000,0.00000,0.00000
3450,oravsky_podzamok,381,HUN,381,17,1300,rural_settlement,tin,15.00000,0.02137,8,21.28720,21.28720,0.05321,0.10643,0.00000,2.10048,18.97707,0.05001,0.00000,0.00000,21.12756,21.12756,0.0024996242,0.0049997181,0.0000000000,0.0986733812,0.8914779774,0.0023492991,0.0000000000,0.9925006577,0.9925006577,lower,lower,0.12734,0.00000,0.00206,0.00760,0.11175,0.00000,0.21834,2.71086,0.00000,0.00000,0.00000,0.00000,0.02132,0.20390,0.22731,0.20390,0.04079,0.16069,0.17914,0.16069,4.00000,1.17647,0.00080,1.29219,1.29219,1.29299,0.00080,-1.00000,0.11652,1.29299,0.04507,1.29299,4.00000,0.11652,0.00000,0.00000,0.00000,0.00000,0.00000,0.00000,0.00000,0.00000,0.00000,0.00000,0.16351,0.00552,2.71087,1.11486,0.04079,0.15623,2.06699,2.30440,2.06699,0.03510,-0.83649,12.41581,0.11486,0.0000000000,0.0976400000,0.1868100000,0.7155300000,0.00017,2.43158,0.00000,0.00000,0.00000,0.00000
3451,turciansky_svaty_martin,381,HUN,381,17,1300,rural_settlement,iron,16.00001,0.09811,11,15.70182,15.70182,0.04227,0.08253,0.01000,1.10030,14.41671,0.05001,0.00000,0.00000,15.56702,15.56702,0.0026920446,0.0052560786,0.0006368688,0.0700746792,0.9181553476,0.0031849811,0.0000000000,0.9914150079,0.9914150079,lower,lower,0.06027,0.00028,0.00151,0.00494,0.08655,0.00000,0.17792,0.94637,0.00755,0.03192,0.03558,0.03192,0.01653,0.17222,0.00000,0.00000,0.02973,0.12544,0.13984,0.12544,4.00000,0.98861,0.00765,1.04328,1.04328,1.05093,0.00765,-0.71015,0.06232,1.05093,0.01882,1.05093,4.00000,0.06232,0.00000,1.00000,0.00000,1.00000,0.00000,0.00000,1.00000,0.00000,1.00000,0.00000,0.07005,0.00289,0.94638,1.11486,0.02973,0.12411,1.69152,0.77094,0.69152,0.02667,-0.92995,5.31913,0.11486,0.0424300000,0.0929000000,0.1670900000,0.6975600000,0.00017,0.84888,0.00000,0.00000,0.00000,0.00000
3452,liptovsky_mikulas,381,HUN,381,17,1300,rural_settlement,goods_gold,16.00001,0.01806,10,25.47312,25.47312,0.08915,0.15657,0.01000,2.10057,23.06682,0.05001,0.00000,0.00000,25.21740,25.21740,0.0034997676,0.0061464791,0.0003925707,0.0824622190,0.9055357177,0.0019632460,0.0000000000,0.9899611826,0.9899611826,lower,lower,0.85975,0.00014,0.00280,0.00667,0.19628,0.00000,0.34904,21.90074,0.00755,0.19112,0.21307,0.19112,0.03137,1.88551,0.98721,0.88551,0.04836,1.20699,1.34562,1.20699,4.00000,0.60529,0.01050,0.69012,0.69012,0.70062,0.01050,-0.85224,0.02767,0.70062,0.09533,0.70062,4.00000,0.09533,0.00000,1.00000,0.00000,0.00000,0.00000,0.00000,1.00000,0.00000,0.00000,0.00000,0.82636,0.00552,21.90075,1.11486,0.04836,0.26176,17.36078,19.35483,17.36078,0.04267,-0.17364,62.74567,0.11486,0.0216300000,0.0898700000,0.1385500000,0.7499400000,0.00017,19.64440,0.00000,0.00000,0.00000,0.00000
3455,zemplin,381,HUN,381,22,1296,rural_settlement,wheat,17.00001,0.18116,7,14.13149,14.13149,0.05037,0.07065,0.01000,1.10036,12.85010,0.05001,0.00000,0.00000,14.00047,14.00047,0.0035643800,0.0049994728,0.0007076395,0.0778658160,0.9093237868,0.0035389050,0.0000000000,0.9907285078,0.9907285078,lower,nobles,0.00515,0.00023,0.00131,0.00226,0.16110,0.00000,0.25170,0.07280,0.00812,0.00697,0.00777,0.00697,0.01826,0.03349,0.03733,0.03349,0.02394,0.02485,0.02770,0.02485,4.00000,0.00112,0.05657,0.11085,0.11085,0.16742,0.05657,-0.77962,-0.17049,0.16742,0.16854,0.16854,1.00000,0.16742,0.00000,0.00000,0.00000,1.00000,0.00000,0.00000,0.00000,0.00000,1.00000,0.00000,0.00380,0.00272,0.07281,1.11486,0.02394,0.20138,0.37925,0.00000,0.00000,0.02107,-0.99620,0.28927,0.11486,0.0322600000,0.0725400000,0.0951100000,0.8000700000,0.00015,0.06531,0.00000,0.00000,0.00000,0.00000
3456,beregovo,381,HUN,381,22,1296,rural_settlement,wheat,20.00001,0.01238,14,10.29496,10.29496,0.02572,0.05146,0.01000,1.10037,9.05740,0.05001,0.00000,0.00000,10.20778,10.20778,0.0024983099,0.0049985624,0.0009713491,0.1068843395,0.8797897223,0.0048577168,0.0000000000,0.9915317787,0.9915317787,lower,lower,0.06432,0.00042,0.00119,0.00218,0.07445,0.00000,0.14197,0.66218,0.00812,0.01501,0.01673,0.01501,0.01330,0.04855,0.05412,0.04855,0.01772,0.03835,0.04275,0.03835,4.00000,0.46073,0.03196,0.50001,0.50001,0.53197,0.03196,-0.60933,0.07124,0.53197,0.05788,0.53197,4.00000,0.07124,0.00000,0.00000,0.00000,0.00000,0.00000,0.00000,0.00000,0.00000,0.00000,0.00000,0.06142,0.00272,0.66219,1.11486,0.01772,0.10283,0.49206,0.54857,0.49206,0.01485,-0.93858,4.66429,0.11486,0.0571900000,0.0936800000,0.1248100000,0.7243000000,0.00015,0.59397,0.00000,0.00000,0.00000,0.00000
3457,humenne,381,HUN,381,17,1296,rural_settlement,fur,15.00001,0.01545,12,19.72065,19.72065,0.07074,0.11832,0.01000,1.10031,18.37127,0.05001,0.00000,0.00000,19.52159,19.52159,0.0035871029,0.0059998022,0.0005070827,0.0557948141,0.9315752777,0.0025359205,0.0000000000,0.9899060122,0.9899060122,lower,lower,0.00726,0.00018,0.00202,0.00496,0.15626,0.00000,0.27600,0.14331,0.00755,0.00964,0.01074,0.00964,0.02371,0.07180,0.08004,0.07180,0.03704,0.04712,0.05253,0.04712,4.00000,0.54812,0.01624,0.63099,0.63099,0.64723,0.01624,-0.81317,-0.01772,0.64723,0.09911,0.64723,4.00000,0.09911,0.00000,0.00000,0.00000,1.00000,0.00000,0.00000,0.00000,0.00000,1.00000,0.00000,0.00683,0.00289,0.14332,1.11486,0.03704,0.20770,0.68358,0.00000,0.00000,0.03398,-0.99317,0.51927,0.11486,0.0273500000,0.0859000000,0.1342000000,0.7525300000,0.00017,0.12856,0.00000,0.00000,0.00000,0.00000
3458,mukachevo,381,HUN,381,22,1296,rural_settlement,wild_game,14.00000,0.01236,12,9.50482,9.50482,0.02375,0.04752,0.01000,1.10033,8.27321,0.05001,0.00000,0.00000,9.42355,9.42355,0.0024987322,0.0049995686,0.0010520978,0.1157654748,0.8704225856,0.0052615410,0.0000000000,0.9914496014,0.9914496014,lower,lower,0.14781,0.00045,0.00113,0.00197,0.06837,0.00000,0.13178,1.40493,0.00812,0.03442,0.03837,0.03442,0.01228,0.10281,0.11461,0.10281,0.01643,0.08120,0.09052,0.08120,4.00000,0.46473,0.03074,0.49951,0.49951,0.53025,0.03074,-0.57913,0.06552,0.53025,0.05234,0.53025,4.00000,0.06552,0.00000,0.00000,0.00000,0.00000,0.00000,0.00000,0.00000,0.00000,0.00000,0.00000,0.14040,0.00272,1.40494,1.11486,0.01643,0.09495,1.04177,1.16142,1.04177,0.01356,-0.85960,10.66125,0.11486,0.0616100000,0.0931800000,0.1246700000,0.7205100000,0.00015,1.26020,0.00000,0.00000,0.00000,0.00000
3459,satoraljaujhely,381,HUN,381,22,1296,rural_settlement,wine,19.00002,0.23504,7,15.88338,15.88338,0.03970,0.07941,0.01000,1.10037,14.60389,0.05001,0.00000,0.00000,15.75427,15.75427,0.0024994680,0.0049995656,0.0006295889,0.0692780756,0.9194447278,0.0031485742,0.0000000000,0.9918713775,0.9918713775,lower,lower,0.07112,0.00028,0.00196,0.00331,0.11761,0.00000,0.21418,1.12967,0.00812,0.01529,0.01704,0.01529,0.02052,0.08481,0.09455,0.08481,0.02682,0.06172,0.06880,0.06172,4.00000,0.44152,0.03595,0.50105,0.50105,0.53700,0.03595,-0.74103,0.09548,0.53700,0.08234,0.53700,4.00000,0.09548,0.00000,0.00000,0.00000,0.00000,0.00000,0.00000,0.00000,0.00000,0.00000,0.00000,0.06946,0.00272,1.12968,1.11486,0.02682,0.15872,0.85148,0.94928,0.85148,0.02395,-0.93054,5.27444,0.11486,0.0379100000,0.0958000000,0.1252200000,0.7410500000,0.00015,1.01330,0.00000,0.00000,0.00000,0.00000
3460,uzhorod,381,HUN,381,17,1296,rural_settlement,copper,17.00001,0.01154,13,11.10687,11.10687,0.02775,0.05552,0.01000,1.10037,9.86322,0.05001,0.00000,0.00000,11.01360,11.01360,0.0024984537,0.0049987080,0.0009003437,0.0990711154,0.8880287606,0.0045026186,0.0000000000,0.9916024947,0.9916024947,lower,lower,0.37675,0.00041,0.00098,0.00370,0.05459,0.00000,0.12145,4.18457,0.00755,0.08811,0.09823,0.08811,0.01112,0.30735,0.34265,0.30735,0.02130,0.24288,0.27077,0.24288,4.00000,1.10570,0.00610,1.14659,1.14659,1.15269,0.00610,-0.57538,0.04699,1.15269,-0.02012,1.15269,4.00000,0.04699,0.00000,0.00000,0.00000,0.00000,0.00000,0.00000,0.00000,0.00000,0.00000,0.00000,0.45377,0.00289,4.18458,1.11486,0.02130,0.08148,3.11512,3.47292,3.11512,0.01824,-0.54623,34.45516,0.11486,0.0621600000,0.0915600000,0.1753800000,0.6708900000,0.00017,3.75346,0.00000,0.00000,0.00000,0.00000
3461,velikyi_bereznyi,381,HUN,381,17,1296,rural_settlement,lumber,15.00001,0.01154,11,10.21402,10.21402,0.02552,0.05106,0.00000,1.10035,8.98708,0.05001,0.00000,0.00000,10.13744,10.13744,0.0024985265,0.0049990112,0.0000000000,0.1077293759,0.8798768751,0.0048962113,0.0000000000,0.9925024623,0.9925024623,lower,lower,0.11181,0.00000,0.00095,0.00362,0.05351,0.00000,0.10484,1.14206,0.00000,0.00000,0.00000,0.00000,0.01023,0.09194,0.10250,0.09194,0.01968,0.07272,0.00000,0.00000,4.00000,1.18831,0.00000,1.30403,1.30403,1.30403,0.00000,-1.00000,0.11572,1.30403,0.04386,1.30403,4.00000,0.11572,0.00000,0.00000,1.00000,0.00000,0.00000,0.00000,0.00000,1.00000,0.00000,0.00000,0.14346,0.00289,1.14207,1.11486,0.01968,0.07493,0.93247,1.03957,0.93247,0.01662,-0.85654,10.89345,0.11486,0.0000000000,0.0975700000,0.1877100000,0.7147000000,0.00017,1.02441,0.00000,0.00000,0.00000,0.00000
3462,csanad,381,HUN,381,22,1282,rural_settlement,medicaments,17.00004,0.24504,6,25.64186,25.64186,0.06870,0.12820,0.01000,2.10061,23.28434,0.05001,0.00000,0.00000,25.43496,25.43496,0.0026792128,0.0049996373,0.0003899873,0.0819211243,0.9080597117,0.0019503265,0.0000000000,0.9919311626,0.9919311626,lower,lower,0.05393,0.00016,0.00303,0.00525,0.20987,0.00000,0.35946,1.38291,0.00812,0.01141,0.01272,0.01141,0.03314,0.10264,0.11442,0.10264,0.04353,0.07441,0.08295,0.07441,4.00000,0.37029,0.04675,0.43956,0.43956,0.48631,0.04675,-0.84575,0.05420,0.48631,0.11602,0.48631,4.00000,0.11602,0.00000,0.00000,0.00000,0.00000,0.00000,0.00000,0.00000,0.00000,0.00000,0.00000,0.05066,0.00520,1.38292,1.11486,0.04353,0.27467,1.05199,1.17282,1.05199,0.03818,-0.94934,3.84721,0.11486,0.0225800000,0.0921900000,0.1210900000,0.7641100000,0.00015,1.24045,0.00000,0.00000,0.00000,0.00000
3463,kikinda,381,HUN,381,22,1282,rural_settlement,clay,13.00002,0.33940,6,21.59511,21.59511,0.05802,0.10797,0.01000,2.10063,19.26848,0.05001,0.00000,0.00000,21.41912,21.41912,0.0026867194,0.0049997430,0.0004630678,0.0972734105,0.8922612573,0.0023158020,0.0000000000,0.9918504699,0.9918504699,lower,lower,0.00559,0.00019,0.00252,0.00445,0.17645,0.00000,0.30495,0.12079,0.00812,0.00747,0.00832,0.00747,0.02791,0.05940,0.06622,0.05940,0.03695,0.04149,0.04625,0.04149,4.00000,0.37616,0.04609,0.44108,0.44108,0.48717,0.04609,-0.81815,0.04654,0.48717,0.11101,0.48717,4.00000,0.11101,0.00000,0.00000,0.00000,1.00000,0.00000,0.00000,0.00000,0.00000,1.00000,0.00000,0.00521,0.00520,0.12080,1.11486,0.03695,0.23197,0.60683,0.00000,0.00000,0.03160,-0.99479,0.39613,0.11486,0.0266200000,0.0915200000,0.1211600000,0.7606800000,0.00015,0.10836,0.00000,0.00000,0.00000,0.00000
3464,mako,381,HUN,381,22,1282,rural_settlement,livestock,16.00004,0.31725,5,28.15546,28.15546,0.10244,0.16893,0.00000,2.10066,25.73342,0.05001,0.00000,0.00000,27.88409,27.88409,0.0036383707,0.0059999020,0.0000000000,0.0746093298,0.9139761879,0.0017762097,0.0000000000,0.9903617274,0.9903617274,lower,nobles,0.03530,0.00000,0.00379,0.00451,0.33493,0.00000,0.50078,0.99394,0.00000,0.00000,0.00000,0.00000,0.04367,0.17139,0.19107,0.17139,0.04755,0.10049,0.11203,0.10049,4.00000,0.02905,0.05474,0.11071,0.11071,0.16545,0.05474,-1.00000,-0.00285,0.16545,0.19450,0.19450,1.00000,0.16545,0.00000,0.00000,0.00000,1.00000,0.00000,0.00000,0.00000,0.00000,1.00000,0.00000,0.02613,0.00520,0.99395,1.11486,0.04755,0.40956,1.61967,0.69084,0.61967,0.04220,-0.97387,1.98480,0.11486,0.0000000000,0.0872000000,0.0949500000,0.8178400000,0.00015,0.89155,0.00000,0.00000,0.00000,0.00000
3465,szeged,381,HUN,381,22,1304,town,wool,16.00002,0.46611,6,22.97019,22.97019,0.28619,0.46755,0.80021,2.75110,18.06498,0.60016,0.00000,0.00000,21.41624,21.41624,0.0124591917,0.0203546423,0.0348368908,0.1197682736,0.7864532248,0.0261277769,0.0000000000,0.9323492753,0.9323492753,burghers,burghers,0.10738,0.21657,0.00747,0.00074,0.67004,0.00000,1.95395,2.46672,0.65053,0.56629,0.63133,0.56629,0.12087,0.26110,0.29108,0.26110,0.03833,0.13492,0.15041,0.13492,3.00000,1.41897,0.00000,1.26219,-0.75929,1.27426,0.01207,1.27426,-0.29273,-0.75929,-0.14471,1.27426,3.00000,-0.14471,0.00000,0.00000,0.00000,0.00000,0.00000,0.00000,0.00000,0.00000,0.00000,0.00000,0.98357,0.00682,2.46673,1.11486,0.03833,1.14422,1.25029,1.39389,1.25029,0.02962,-0.01643,1.26243,0.11486,0.3329300000,0.0618500000,0.0196100000,0.5855900000,0.00189,2.21260,0.00000,0.00000,0.00000,0.00000
3466,halas,381,HUN,381,22,1304,rural_settlement,legumes,16.00004,0.31340,8,16.04599,16.04599,0.04011,0.08022,0.00000,1.10039,14.77526,0.05001,0.00000,0.00000,15.92566,15.92566,0.0024996900,0.0049993799,0.0000000000,0.0685772582,0.9208070054,0.0031166665,0.0000000000,0.9925009301,0.9925009301,lower,lower,0.04972,0.00000,0.00201,0.00350,0.12349,0.00000,0.20819,0.79787,0.00000,0.00000,0.00000,0.00000,0.02073,0.06108,0.06809,0.06108,0.02710,0.04314,0.04809,0.04314,4.00000,0.45905,0.03214,0.56550,0.56550,0.59764,0.03214,-1.00000,0.13859,0.59764,0.12499,0.59764,4.00000,0.13859,0.00000,0.00000,0.00000,0.00000,0.00000,0.00000,0.00000,0.00000,0.00000,0.00000,0.05047,0.00272,0.79788,1.11486,0.02710,0.16036,0.61146,0.68169,0.61146,0.02423,-0.94953,3.83246,0.11486,0.0000000000,0.0995700000,0.1301600000,0.7702500000,0.00015,0.71568,0.00000,0.00000,0.00000,0.00000
3467,felegyhaza,381,HUN,381,22,1304,rural_settlement,livestock,16.00004,0.47533,10,15.20097,15.20097,0.03799,0.07599,0.01000,1.10039,13.92659,0.05001,0.00000,0.00000,15.07699,15.07699,0.0024991826,0.0049990231,0.0006578528,0.0723894594,0.9161645606,0.0032899216,0.0000000000,0.9918439415,0.9918439415,lower,lower,0.07761,0.00029,0.00185,0.00321,0.11230,0.00000,0.20534,1.17980,0.00812,0.01492,0.01663,0.01492,0.01964,0.08997,0.10030,0.08997,0.02570,0.05943,0.06625,0.05943,4.00000,0.44249,0.03564,0.50050,0.50050,0.53614,0.03564,-0.72989,0.09365,0.53614,0.08030,0.53614,4.00000,0.09365,0.00000,0.00000,0.00000,0.00000,0.00000,0.00000,0.00000,0.00000,0.00000,0.00000,0.07567,0.00272,1.17981,1.11486,0.02570,0.15188,0.89394,0.99661,0.89394,0.02283,-0.92433,5.74564,0.11486,0.0395400000,0.0956400000,0.1251500000,0.7396500000,0.00015,1.05826,0.00000,0.00000,0.00000,0.00000
3468,zenta,381,HUN,381,22,1304,rural_settlement,wheat,20.00004,0.40834,6,23.01826,23.01826,0.06156,0.11509,0.01000,2.10076,20.68084,0.05001,0.00000,0.00000,22.83161,22.83161,0.0026743985,0.0049999435,0.0004344377,0.0912649349,0.8984536624,0.0021726230,0.0000000000,0.9918912203,0.9918912203,lower,lower,0.00685,0.00018,0.00272,0.00476,0.18737,0.00000,0.32325,0.15770,0.00812,0.00897,0.01000,0.00897,0.02975,0.07891,0.08797,0.07891,0.03926,0.05359,0.05974,0.05359,4.00000,0.37868,0.04605,0.44468,0.44468,0.49073,0.04605,-0.82847,0.05237,0.49073,0.11205,0.49073,4.00000,0.11205,0.00000,0.00000,0.00000,1.00000,0.00000,0.00000,0.00000,0.00000,1.00000,0.00000,0.00642,0.00520,0.15771,1.11486,0.03926,0.24612,0.80247,0.00000,0.00000,0.03391,-0.99358,0.48788,0.11486,0.0251100000,0.0920300000,0.1214500000,0.7613900000,0.00015,0.14147,0.00000,0.00000,0.00000,0.00000
3469,timisoara,381,HUN,381,22,1278,rural_settlement,livestock,18.00004,0.18125,7,20.64325,20.64325,0.07224,0.12385,0.00000,2.10069,18.29646,0.05001,0.00000,0.00000,20.44716,20.44716,0.0034994490,0.0059995398,0.0000000000,0.1017615928,0.8863168348,0.0024225837,0.0000000000,0.9905010112,0.9905010112,lower,lower,0.09238,0.00000,0.00286,0.00348,0.23417,0.00000,0.35618,1.90708,0.00000,0.00000,0.00000,0.00000,0.03201,0.15568,0.17356,0.15568,0.03535,0.09623,0.10728,0.09623,4.00000,0.03378,0.05424,0.16387,0.16387,0.21811,0.05424,-1.00000,0.02767,0.21811,0.18433,0.21811,4.00000,0.18433,0.00000,0.00000,0.00000,0.00000,0.00000,0.00000,0.00000,0.00000,0.00000,0.00000,0.07051,0.00520,1.90709,1.11486,0.03535,0.28882,1.45870,1.62624,1.45870,0.03000,-0.92949,5.35428,0.11486,0.0000000000,0.0898700000,0.0992400000,0.8108800000,0.00015,1.71061,0.00000,0.00000,0.00000,0.00000
3470,caransebes,381,HUN,381,10,1278,rural_settlement,marble,10.00001,0.00358,8,8.77751,8.77751,0.02092,0.04388,0.00000,1.00030,7.71241,0.00000,0.00000,0.00000,8.71271,8.71271,0.0023833638,0.0049991398,0.0000000000,0.1139617044,0.8786557919,0.0000000000,0.0000000000,0.9926174963,0.9926174963,lower,lower,0.28192,0.00000,0.00201,0.00288,0.05714,0.00000,0.11428,2.47457,0.00000,0.00000,0.00000,0.00000,0.01528,0.18817,0.20978,0.18817,0.01817,0.14892,0.16602,0.14892,4.00000,0.42264,0.04235,0.90916,0.90916,0.95151,0.04235,-1.00000,0.52887,0.95151,0.03303,0.95151,4.00000,0.52887,0.00000,0.00000,0.00000,0.00000,0.00000,0.00000,0.00000,0.00000,0.00000,0.00000,0.28517,0.00283,2.47458,1.11486,0.01817,0.08083,1.88255,2.09877,1.88255,0.01534,-0.71483,21.65365,0.11486,0.0000000000,0.1337000000,0.1589900000,0.7072900000,0.00000,2.21964,0.00000,0.00000,0.00000,0.00000
3471,lugoj,381,HUN,381,22,1278,rural_settlement,livestock,14.00001,0.00378,15,9.55983,9.55983,0.02395,0.04785,0.00000,1.10146,8.33651,0.05006,0.00000,0.00000,9.48803,9.48803,0.0025052747,0.0050053191,0.0000000000,0.1152175300,0.8720353814,0.0052364948,0.0000000000,0.9924894062,0.9924894062,lower,lower,0.07342,0.00000,0.00120,0.00216,0.07347,0.00000,0.12467,0.70190,0.00000,0.00000,0.00000,0.00000,0.01237,0.05278,0.05884,0.05278,0.01655,0.04172,0.04651,0.04172,4.00000,0.49484,0.01648,0.61295,0.61295,0.62943,0.01648,-1.00000,0.13459,0.62943,0.12173,0.62943,4.00000,0.13459,0.00000,0.00000,0.00000,0.00000,0.00000,0.00000,0.00000,0.00000,0.00000,0.00000,0.07414,0.00273,0.70191,1.11486,0.01655,0.09575,0.53510,0.59656,0.53510,0.01367,-0.92586,5.63014,0.11486,0.0000000000,0.0992200000,0.1327500000,0.7680200000,0.00015,0.62960,0.00000,0.00000,0.00000,0.00000
3472,mihalt,381,HUN,381,10,1278,rural_settlement,lumber,13.00001,0.00584,14,12.59690,12.59690,0.03423,0.06298,0.01000,1.10034,11.33934,0.05001,0.00000,0.00000,12.48969,12.48969,0.0027173352,0.0049996428,0.0007938461,0.0873500623,0.9001690892,0.0039700244,0.0000000000,0.9914891759,0.9914891759,lower,lower,0.05733,0.00052,0.00252,0.00346,0.09189,0.00000,0.19032,0.72226,0.01029,0.03350,0.03734,0.03350,0.02194,0.13247,0.14768,0.13247,0.02584,0.10471,0.11673,0.10471,4.00000,0.34838,0.04899,0.61751,0.61751,0.66650,0.04899,-0.63071,0.31812,0.66650,0.01491,0.66650,4.00000,0.31812,0.00000,0.00000,0.00000,1.00000,0.00000,0.00000,0.00000,0.00000,1.00000,0.00000,0.04998,0.00311,0.72227,1.11486,0.02584,0.13225,1.37718,0.42050,0.37718,0.02256,-0.95002,3.79502,0.11486,0.0540600000,0.1152700000,0.1357700000,0.6948800000,0.00017,0.64786,0.00000,0.00000,0.00000,0.00000
3473,recas,381,HUN,381,22,1278,rural_settlement,clay,16.00004,0.18826,7,19.30017,19.30017,0.04824,0.10162,0.01000,1.10034,17.98996,0.05001,0.00000,0.00000,19.14031,19.14031,0.0024994598,0.0052652386,0.0005181302,0.0570119331,0.9321140695,0.0025911689,0.0000000000,0.9917171714,0.9917171714,lower,lower,0.00308,0.00023,0.00265,0.00400,0.14324,0.00000,0.25963,0.05959,0.00812,0.00417,0.00464,0.00417,0.02627,0.02894,0.03226,0.02894,0.03237,0.02035,0.02268,0.02035,4.00000,0.37325,0.04660,0.48365,0.48365,0.53025,0.04660,-0.78639,0.15700,0.53025,0.08498,0.53025,4.00000,0.15700,0.00000,0.00000,0.00000,1.00000,0.00000,0.00000,0.00000,0.00000,1.00000,0.00000,0.00302,0.00272,0.05960,1.11486,0.03237,0.19287,0.27647,0.00000,0.00000,0.02950,-0.99698,0.22955,0.11486,0.0312700000,0.1011800000,0.1246700000,0.7428600000,0.00015,0.05346,0.00000,0.00000,0.00000,0.00000
3474,zarand,381,HUN,381,22,1281,rural_settlement,wheat,19.00004,0.17931,7,17.80230,17.80230,0.04899,0.08900,0.01000,1.10036,16.50394,0.05001,0.00000,0.00000,17.65431,17.65431,0.0027518916,0.0049993540,0.0005617252,0.0618099908,0.9270678508,0.0028091876,0.0000000000,0.9916870292,0.9916870292,lower,lower,0.00418,0.00023,0.00202,0.00346,0.14931,0.00000,0.25691,0.07454,0.00812,0.00634,0.00000,0.00000,0.02300,0.03836,0.04276,0.03836,0.02993,0.02851,0.03178,0.02851,4.00000,0.31638,0.04964,0.38021,0.38021,0.42985,0.04964,-0.78413,0.02367,0.42985,0.11347,0.42985,4.00000,0.11347,1.00000,0.00000,0.00000,1.00000,0.00000,1.00000,0.00000,0.00000,1.00000,0.00000,0.00382,0.00272,0.07455,1.11486,0.02993,0.19586,0.39753,0.00000,0.00000,0.02706,-0.99618,0.29017,0.11486,0.0316000000,0.0895200000,0.1164900000,0.7623600000,0.00015,0.06687,0.00000,0.00000,0.00000,0.00000
3475,arad,381,HUN,381,22,1281,rural_settlement,wine,17.00004,0.17930,7,19.90338,19.90338,0.04975,0.09950,0.01000,1.10034,18.59378,0.05001,0.00000,0.00000,19.74413,19.74413,0.0024995754,0.0049991509,0.0005024272,0.0552840774,0.9342021305,0.0025126386,0.0000000000,0.9919988464,0.9919988464,lower,lower,0.05656,0.00022,0.00248,0.00417,0.14866,0.00000,0.26610,1.12589,0.00812,0.01249,0.01392,0.01249,0.02572,0.08446,0.09416,0.08446,0.03336,0.06280,0.07001,0.06280,4.00000,0.43352,0.04024,0.49848,0.49848,0.53872,0.04024,-0.79158,0.10520,0.53872,0.09170,0.53872,4.00000,0.10520,0.00000,0.00000,0.00000,0.00000,0.00000,0.00000,0.00000,0.00000,0.00000,0.00000,0.05572,0.00272,1.12590,1.11486,0.03336,0.19890,0.85016,0.94780,0.85016,0.03049,-0.94428,4.23111,0.11486,0.0305100000,0.0966500000,0.1253600000,0.7474600000,0.00015,1.00991,0.00000,0.00000,0.00000,0.00000
3476,baia_crisului,381,HUN,381,22,1281,rural_settlement,goods_gold,11.00001,,12,22.30424,22.30424,0.08094,0.13382,0.01000,2.10055,19.92892,0.05001,0.00000,0.00000,22.07948,22.07948,0.0036289064,0.0059997561,0.0004483452,0.0941771609,0.8935036567,0.0022421746,0.0000000000,0.9899229922,0.9899229922,lower,nobles,0.06385,0.00014,0.00294,0.00356,0.25896,0.00000,0.40434,1.42431,0.00812,0.02390,0.02664,0.02390,0.03459,0.20082,0.22388,0.20082,0.03803,0.13206,0.14722,0.13206,4.00000,0.01448,0.05576,0.09865,0.09865,0.15441,0.05576,-0.86283,-0.02184,0.15441,0.16889,0.16889,1.00000,0.15441,0.00000,0.00000,0.00000,1.00000,0.00000,0.00000,0.00000,0.00000,1.00000,0.00000,0.04639,0.00520,1.42432,1.11486,0.03803,0.32360,1.92080,1.02656,0.92080,0.03268,-0.95361,3.52258,0.11486,0.0200800000,0.0855400000,0.0940500000,0.8003100000,0.00015,1.27758,0.00000,0.00000,0.00000,0.00000
3477,ineu,381,HUN,381,22,1281,rural_settlement,wine,14.00002,0.17929,7,19.08998,19.08998,0.04772,0.09544,0.01000,1.10030,17.78651,0.05001,0.00000,0.00000,18.93682,18.93682,0.0024997407,0.0049994814,0.0005238350,0.0576375669,0.9317196770,0.0026196989,0.0000000000,0.9919769429,0.9919769429,lower,lower,0.05620,0.00023,0.00234,0.00399,0.14240,0.00000,0.25561,1.07286,0.00812,0.01240,0.01382,0.01240,0.02467,0.08044,0.08967,0.08044,0.03203,0.05980,0.06666,0.05980,4.00000,0.43438,0.03996,0.49802,0.49802,0.53798,0.03996,-0.78304,0.10360,0.53798,0.09017,0.53798,4.00000,0.10360,0.00000,0.00000,0.00000,0.00000,0.00000,0.00000,0.00000,0.00000,0.00000,0.00000,0.05527,0.00272,1.07287,1.11486,0.03203,0.19079,0.80970,0.90270,0.80970,0.02916,-0.94473,4.19729,0.11486,0.0317600000,0.0965100000,0.1253000000,0.7464100000,0.00015,0.96234,0.00000,0.00000,0.00000,0.00000
3478,lipova,381,HUN,381,22,1281,rural_settlement,fruit,15.00002,0.17931,7,19.96638,19.96638,0.06463,0.09983,0.01000,1.10034,18.64157,0.05001,0.00000,0.00000,19.79192,19.79192,0.0032369413,0.0049999048,0.0005008419,0.0551096393,0.9336479622,0.0025047104,0.0000000000,0.9912623119,0.9912623119,lower,lower,0.00691,0.00018,0.00202,0.00340,0.20494,0.00000,0.32575,0.13799,0.00812,0.00965,0.01075,0.00965,0.02580,0.06549,0.07301,0.06549,0.03344,0.04865,0.05423,0.04865,4.00000,0.10145,0.05195,0.20802,0.20802,0.25997,0.05195,-0.82976,-0.09433,0.25997,0.15852,0.25997,4.00000,0.15852,0.00000,0.00000,0.00000,1.00000,0.00000,0.00000,0.00000,0.00000,1.00000,0.00000,0.00557,0.00272,0.13800,1.11486,0.03344,0.25839,0.71626,0.00000,0.00000,0.03057,-0.99443,0.42363,0.11486,0.0249200000,0.0792000000,0.1026500000,0.7932100000,0.00015,0.12379,0.00000,0.00000,0.00000,0.00000
3479,kovin,381,HUN,381,22,1279,rural_settlement,sand,19.00004,0.17049,9,21.01607,21.01607,0.05710,0.10507,0.01000,2.10065,18.69324,0.05001,0.00000,0.00000,20.84390,20.84390,0.0027169685,0.0049995075,0.0004758264,0.0999544634,0.8894736266,0.0023796076,0.0000000000,0.9918076976,0.9918076976,lower,lower,0.00378,0.00020,0.00243,0.00430,0.17394,0.00000,0.29957,0.07952,0.00812,0.00532,0.00593,0.00532,0.02716,0.03782,0.04216,0.03782,0.03600,0.02820,0.03143,0.02820,4.00000,0.36201,0.04732,0.42770,0.42770,0.47502,0.04732,-0.81487,0.03670,0.47502,0.11301,0.47502,4.00000,0.11301,0.00000,0.00000,0.00000,2.00000,0.00000,0.00000,0.00000,0.00000,2.00000,0.00000,0.00349,0.00520,0.07953,1.11486,0.03600,0.22829,0.39057,0.00000,0.00000,0.03065,-0.99651,0.26548,0.11486,0.0271000000,0.0906600000,0.1201700000,0.7620500000,0.00015,0.07134,0.00000,0.00000,0.00000,0.00000
3480,carasova,381,HUN,381,10,1279,rural_settlement,wild_game,14.00001,0.01240,11,22.08309,22.08309,0.07628,0.13738,0.01000,2.10064,19.70878,0.05001,0.00000,0.00000,21.85943,21.85943,0.0034542267,0.0062210497,0.0004528352,0.0951243689,0.8924828908,0.0022646287,0.0000000000,0.9898718884,0.9898718884,clergy,lower,0.06607,0.00025,0.00575,0.00514,0.21812,0.00000,0.39821,1.45924,0.01029,0.01546,0.01723,0.01546,0.04786,0.13350,0.00000,0.00000,0.04533,0.08459,0.09430,0.08459,2.00000,0.02293,0.05540,0.35385,0.34180,0.37427,0.02042,-0.82348,0.37427,0.39720,0.08100,0.39720,4.00000,0.37427,0.00000,1.00000,0.00000,0.00000,0.00000,0.00000,1.00000,0.00000,0.00000,0.00000,91.69347,0.00594,1.45925,1.11486,0.04533,0.29473,1.20886,1.34770,1.20886,0.03922,90.69347,3.66452,0.11486,0.0258400000,0.1201800000,0.1138300000,0.7401300000,0.00017,1.30891,0.00000,0.00000,0.00000,0.00000
3481,modos,381,HUN,381,22,1279,rural_settlement,fish,19.00004,0.36891,8,20.53046,20.53046,0.05132,0.10265,0.01000,2.10065,18.21583,0.05001,0.00000,0.00000,20.36649,20.36649,0.0024997004,0.0049998880,0.0004870811,0.1023187011,0.8872587365,0.0024358928,0.0000000000,0.9920133304,0.9920133304,lower,lower,0.05736,0.00021,0.00254,0.00450,0.15302,0.00000,0.27505,1.17779,0.00812,0.01165,0.01298,0.01165,0.02653,0.08951,0.09979,0.08951,0.03522,0.06179,0.06888,0.06179,4.00000,0.46871,0.02696,0.54466,0.54466,0.57162,0.02696,-0.79834,0.10291,0.57162,0.08953,0.57162,4.00000,0.10291,0.00000,0.00000,0.00000,0.00000,0.00000,0.00000,0.00000,0.00000,0.00000,0.00000,0.05639,0.00520,1.17780,1.11486,0.03522,0.20518,0.89351,0.99613,0.89351,0.02987,-0.94361,4.28213,0.11486,0.0295200000,0.0964500000,0.1280400000,0.7459700000,0.00015,1.05646,0.00000,0.00000,0.00000,0.00000
3482,pancevo,381,HUN,381,22,1279,rural_settlement,livestock,15.00002,0.29544,7,20.92225,20.92225,0.05686,0.10460,0.00000,2.10066,18.61012,0.05001,0.00000,0.00000,20.76079,20.76079,0.0027176809,0.0049994623,0.0000000000,0.1004031593,0.8894894192,0.0023902783,0.0000000000,0.9922828568,0.9922828568,lower,lower,0.01104,0.00000,0.00251,0.00441,0.17802,0.00000,0.29024,0.23106,0.00000,0.00000,0.00000,0.00000,0.02704,0.12113,0.13504,0.12113,0.03587,0.08614,0.09603,0.08614,4.00000,0.37291,0.04661,0.47026,0.47026,0.51687,0.04661,-1.00000,0.06529,0.51687,0.14396,0.51687,4.00000,0.14396,0.00000,0.00000,0.00000,2.00000,0.00000,0.00000,0.00000,0.00000,2.00000,0.00000,0.01048,0.00520,0.23107,1.11486,0.03587,0.22733,1.24467,0.00000,0.00000,0.03052,-0.98952,0.79613,0.11486,0.0000000000,0.0931600000,0.1235800000,0.7832400000,0.00015,0.20727,0.00000,0.00000,0.00000,0.00000
3483,semlacu_mare,381,HUN,381,22,1279,rural_settlement,iron,16.00003,0.01242,12,16.15629,16.15629,0.04038,0.08077,0.01000,1.10034,14.87479,0.05001,0.00000,0.00000,16.02514,16.02514,0.0024993362,0.0049992913,0.0006189540,0.0681059823,0.9206810474,0.0030953889,0.0000000000,0.9918824186,0.9918824186,lower,lower,0.11674,0.00027,0.00197,0.00339,0.11970,0.00000,0.21770,1.88611,0.00812,0.02748,0.03063,0.02748,0.02088,0.13954,0.15556,0.13954,0.02726,0.11025,0.12291,0.11025,4.00000,0.44014,0.03694,0.49994,0.49994,0.53688,0.03694,-0.74526,0.09674,0.53688,0.08310,0.53688,4.00000,0.09674,0.00000,0.00000,0.00000,0.00000,0.00000,0.00000,0.00000,0.00000,0.00000,0.00000,0.11410,0.00272,1.88612,1.11486,0.02726,0.16144,1.41453,1.57700,1.41453,0.02439,-0.88590,8.66384,0.11486,0.0372900000,0.0959100000,0.1252100000,0.7415700000,0.00015,1.69180,0.00000,0.00000,0.00000,0.00000
3484,veliky_beckerek,381,HUN,381,22,1279,rural_settlement,wheat,15.00002,0.33755,7,20.63784,20.63784,0.05158,0.10733,0.00000,2.10068,18.32824,0.05001,0.00000,0.00000,20.47893,20.47893,0.0024992926,0.0052006412,0.0000000000,0.1017877840,0.8880890636,0.0024232187,0.0000000000,0.9923000663,0.9923000663,lower,lower,0.00709,0.00000,0.00282,0.00464,0.15785,0.00000,0.26936,0.14647,0.00000,0.00000,0.00000,0.00000,0.02774,0.07857,0.08759,0.07857,0.03540,0.05282,0.05888,0.05282,4.00000,0.43552,0.03992,0.57318,0.57318,0.61310,0.03992,-1.00000,0.17758,0.61310,0.11818,0.61310,4.00000,0.17758,0.00000,0.00000,0.00000,1.00000,0.00000,0.00000,0.00000,0.00000,1.00000,0.00000,0.00716,0.00520,0.14648,1.11486,0.03540,0.20622,0.75514,0.00000,0.00000,0.03005,-0.99284,0.54380,0.11486,0.0000000000,0.1029800000,0.1314200000,0.7655900000,0.00015,0.13139,0.00000,0.00000,0.00000,0.00000
3485,bacs,381,HUN,381,22,1284,rural_settlement,wool,13.00004,0.57725,5,28.49453,28.49453,0.07122,0.14747,0.00000,2.10059,26.12524,0.05001,0.00000,0.00000,28.27584,28.27584,0.0024994271,0.0051753793,0.0000000000,0.0737190612,0.9168510588,0.0017550737,0.0000000000,0.9923251936,0.9923251936,lower,lower,0.04238,0.00000,0.00390,0.00625,0.21848,0.00000,0.37105,1.20786,0.00000,0.00000,0.00000,0.00000,0.03812,0.18655,0.20797,0.18655,0.04819,0.11393,0.12701,0.11393,4.00000,0.41936,0.04300,0.55108,0.55108,0.59408,0.04300,-1.00000,0.17472,0.59408,0.12080,0.59408,4.00000,0.17472,0.00000,0.00000,0.00000,1.00000,0.00000,0.00000,0.00000,0.00000,1.00000,0.00000,0.04287,0.00520,1.20787,1.11486,0.04819,0.28474,1.78295,0.87287,0.78295,0.04284,-0.95713,3.25527,0.11486,0.0000000000,0.1027300000,0.1298700000,0.7673800000,0.00015,1.08343,0.00000,0.00000,0.00000,0.00000
3486,baja_hungary,381,HUN,381,22,1284,rural_settlement,fiber_crops,18.00005,0.63982,6,32.81768,32.81768,0.08640,0.16408,0.01000,3.10086,29.40633,0.05001,0.00000,0.00000,32.55720,32.55720,0.0026327272,0.0049997440,0.0003047138,0.0944874836,0.8960514576,0.0015238737,0.0000000000,0.9920628149,0.9920628149,lower,lower,0.04429,0.00013,0.00396,0.00694,0.26397,0.00000,0.45202,1.45372,0.00812,0.01968,0.02194,0.01968,0.04241,0.28247,0.31491,0.28247,0.05606,0.18123,0.20204,0.18123,4.00000,0.40613,0.04370,0.47857,0.47857,0.52227,0.04370,-0.87731,0.07284,0.52227,0.11614,0.52227,4.00000,0.11614,0.00000,0.00000,0.00000,2.00000,0.00000,0.00000,0.00000,0.00000,2.00000,0.00000,0.04235,0.00769,1.45373,1.11486,0.05606,0.34543,2.82058,0.91483,0.82058,0.04822,-0.95765,3.21607,0.11486,0.0179600000,0.0938200000,0.1240200000,0.7641900000,0.00015,1.30396,0.00000,0.00000,0.00000,0.00000
3487,bodrog,381,HUN,381,22,1284,rural_settlement,livestock,18.00005,0.63981,5,30.16833,30.16833,0.08057,0.15599,0.00000,3.10087,26.78089,0.05001,0.00000,0.00000,29.93177,29.93177,0.0026706815,0.0051706541,0.0000000000,0.1027856033,0.8877153624,0.0016576987,0.0000000000,0.9921586644,0.9921586644,lower,lower,0.09199,0.00000,0.00391,0.00644,0.25050,0.00000,0.41421,2.77535,0.00000,0.00000,0.00000,0.00000,0.04032,0.24213,0.00000,0.00000,0.05176,0.18619,0.20757,0.18619,4.00000,0.39795,0.04430,0.48951,0.48951,0.53381,0.04430,-1.00000,0.11309,0.53381,0.13586,0.53381,4.00000,0.13586,0.00000,1.00000,0.00000,0.00000,0.00000,0.00000,1.00000,0.00000,0.00000,0.00000,0.08824,0.00769,2.77536,1.11486,0.05176,0.32213,2.30324,2.56779,2.30324,0.04392,-0.91176,6.70036,0.11486,0.0000000000,0.0973400000,0.1249600000,0.7776900000,0.00015,2.48943,0.00000,0.00000,0.00000,0.00000
3488,titel,381,HUN,381,22,1284,rural_settlement,livestock,14.00004,0.47598,6,33.25651,33.25651,0.11996,0.19953,0.01000,3.10087,29.77614,0.05001,0.00000,0.00000,32.92702,32.92702,0.0036071133,0.0059997276,0.0003006930,0.0932409925,0.8953477079,0.0015037657,0.0000000000,0.9900924661,0.9900924661,lower,nobles,0.04998,0.00010,0.00446,0.00538,0.38595,0.00000,0.59598,1.66217,0.00812,0.01434,0.01598,0.01434,0.05158,0.22716,0.25325,0.22716,0.05667,0.12476,0.13908,0.12476,4.00000,0.00831,0.05613,0.11092,0.11092,0.16705,0.05613,-0.90696,-0.01040,0.16705,0.17536,0.17536,1.00000,0.16705,0.00000,0.00000,0.00000,1.00000,0.00000,0.00000,0.00000,0.00000,1.00000,0.00000,0.03673,0.00769,1.66218,1.11486,0.05667,0.47961,2.12468,1.25386,1.12468,0.04883,-0.96327,2.78898,0.11486,0.0136200000,0.0865400000,0.0950800000,0.8047400000,0.00015,1.49094,0.00000,0.00000,0.00000,0.00000
3489,siklos,381,HUN,381,22,1286,rural_settlement,clay,13.00001,0.40765,5,25.47140,25.47140,0.06774,0.12734,0.00000,2.10063,23.12568,0.05001,0.00000,0.00000,25.27632,25.27632,0.0026594533,0.0049993326,0.0000000000,0.0824701430,0.9079076925,0.0019633785,0.0000000000,0.9923412141,0.9923412141,lower,lower,0.00415,0.00000,0.00311,0.00538,0.21134,0.00000,0.34701,0.10591,0.00000,0.00000,0.00000,0.00000,0.03291,0.05656,0.06305,0.05656,0.04327,0.03845,0.04286,0.03845,4.00000,0.39060,0.04503,0.48547,0.48547,0.53050,0.04503,-1.00000,0.08439,0.53050,0.13990,0.53050,4.00000,0.13990,0.00000,0.00000,0.00000,1.00000,0.00000,0.00000,0.00000,0.00000,1.00000,0.00000,0.00401,0.00520,0.10592,1.11486,0.04327,0.27083,0.57454,0.00000,0.00000,0.03792,-0.99599,0.30523,0.11486,0.0000000000,0.0948300000,0.1246900000,0.7804600000,0.00015,0.09501,0.00000,0.00000,0.00000,0.00000
3490,mohacs,381,HUN,381,22,1286,rural_settlement,fish,16.00002,0.63987,6,27.36889,27.36889,0.07237,0.13684,0.01000,2.10064,24.99903,0.05001,0.00000,0.00000,27.14968,27.14968,0.0026442432,0.0049998374,0.0003653784,0.0767528387,0.9134104452,0.0018272572,0.0000000000,0.9919905411,0.9919905411,lower,lower,0.00438,0.00015,0.00329,0.00564,0.22077,0.00000,0.37917,0.11994,0.00812,0.00829,0.00924,0.00829,0.03537,0.09931,0.11071,0.09931,0.04634,0.07592,0.00000,0.00000,4.00000,0.38554,0.04543,0.45463,0.45463,0.50006,0.04543,-0.85374,0.06666,0.50006,0.11452,0.50006,4.00000,0.11452,0.00000,0.00000,1.00000,2.00000,0.00000,0.00000,0.00000,1.00000,2.00000,0.00000,0.00416,0.00520,0.11995,1.11486,0.04634,0.28934,0.97757,0.00000,0.00000,0.04099,-0.99584,0.31634,0.11486,0.0214100000,0.0932800000,0.1222100000,0.7630800000,0.00015,0.10760,0.00000,0.00000,0.00000,0.00000
3491,pecs,381,HUN,381,22,1286,town,horses,19.00002,0.47821,6,33.05220,33.05220,0.39205,0.63302,0.80017,2.75090,27.87593,0.60013,0.00000,0.00000,31.22696,31.22696,0.0118615402,0.0191521291,0.0242092811,0.0832289530,0.8433910602,0.0181570364,0.0000000000,0.9447770496,0.9447770496,burghers,burghers,0.10079,0.17369,0.01098,0.00121,1.00859,0.00000,2.43602,3.33162,0.65049,0.67315,0.75046,0.67315,0.16364,0.42312,0.00000,0.00000,0.05442,0.23846,0.26584,0.23846,3.00000,0.88423,0.00790,0.80202,-0.73381,0.82403,0.02201,0.82403,-0.23190,-0.72591,-0.06020,0.82403,3.00000,-0.06020,0.00000,1.00000,0.00000,0.00000,0.00000,0.00000,1.00000,0.00000,0.00000,0.00000,1.06554,0.00682,3.33164,1.11486,0.05442,1.56747,2.07679,2.31533,2.07679,0.04571,0.06554,1.36765,0.11486,0.2670200000,0.0671700000,0.0223300000,0.6434500000,0.00189,2.98840,0.00000,0.00000,0.00000,0.00000
3492,simontornya,381,HUN,381,22,1286,rural_settlement,wheat,17.00002,0.56222,5,32.42777,32.42777,0.08624,0.16731,0.00000,3.10089,29.02332,0.05001,0.00000,0.00000,32.17422,32.17422,0.0026594490,0.0051594667,0.0000000000,0.0956245218,0.8950143658,0.0015421967,0.0000000000,0.9921810843,0.9921810843,lower,lower,0.01156,0.00000,0.00421,0.00692,0.26806,0.00000,0.44347,0.37493,0.00000,0.00000,0.00000,0.00000,0.04325,0.13817,0.00000,0.00000,0.05543,0.09679,0.00000,0.00000,4.00000,0.39863,0.04412,0.49006,0.49006,0.53418,0.04412,-1.00000,0.11515,0.53418,0.13555,0.53418,4.00000,0.13555,0.00000,1.00000,1.00000,1.00000,0.00000,0.00000,1.00000,1.00000,1.00000,0.00000,0.01113,0.00769,0.37494,1.11486,0.05543,0.34479,1.33632,0.37494,0.33632,0.04759,-0.98887,0.84546,0.11486,0.0000000000,0.0975200000,0.1249900000,0.7774800000,0.00015,0.33632,0.00000,0.00000,0.00000,0.00000
3493,tolna,381,HUN,381,22,1286,rural_settlement,wine,16.00002,0.73310,6,30.15258,30.15258,0.07537,0.15075,0.01000,3.10093,26.76552,0.05001,0.00000,0.00000,29.91646,29.91646,0.0024996203,0.0049995722,0.0003316466,0.1028412826,0.8876693139,0.0016585645,0.0000000000,0.9921691610,0.9921691610,lower,lower,0.12005,0.00014,0.00377,0.00667,0.22688,0.00000,0.40015,3.62005,0.00812,0.02045,0.02279,0.02045,0.03897,0.28638,0.31927,0.28638,0.05173,0.30512,0.34016,0.30512,4.00000,0.47316,0.02545,0.56126,0.56126,0.58671,0.02545,-0.86139,0.11355,0.58671,0.09985,0.58671,4.00000,0.11355,0.00000,0.00000,0.00000,0.00000,0.00000,0.00000,0.00000,0.00000,0.00000,0.00000,0.11914,0.00769,3.62006,1.11486,0.05173,0.30133,2.63515,2.93782,2.63515,0.04389,-0.88086,9.04675,0.11486,0.0202900000,0.0973800000,0.1292700000,0.7530400000,0.00015,3.24710,0.00000,0.00000,0.00000,0.00000
3494,buda,381,HUN,381,22,1291,city,wine,24.00004,1.00000,9,34.30952,34.30952,0.47459,1.14022,1.60048,3.55191,26.29195,1.25037,0.00000,0.00000,31.09423,31.09423,0.0138326039,0.0332333416,0.0466482772,0.1035254938,0.7663164626,0.0364438208,0.0000000000,0.9062857772,0.9062857772,burghers,burghers,0.03651,0.47697,0.02447,0.00087,1.01442,0.00000,3.54918,1.25268,1.30111,0.49006,0.54634,0.49006,0.29476,0.39401,0.43926,0.39401,0.05584,0.23698,0.26419,0.23698,3.00000,1.55451,0.00000,1.49766,-0.80692,1.50420,0.00654,1.50420,-0.05031,-0.80692,-0.21915,1.50420,3.00000,-0.05031,0.00000,0.00000,0.00000,1.00000,0.00000,0.00000,0.00000,0.00000,1.00000,0.00000,0.27498,0.00880,1.25271,1.11486,0.05584,1.89747,1.00260,0.00289,0.00260,0.04311,-0.72502,0.35295,0.11486,0.3665900000,0.0830500000,0.0157300000,0.5346200000,0.00393,1.12365,0.00000,0.00000,0.00000,0.00000
3495,esztergom,381,HUN,381,22,1291,town,marble,18.00002,0.92429,8,17.97019,17.97019,0.21573,0.66968,0.80023,1.75090,13.93348,0.60017,0.00000,0.00000,16.28455,16.28455,0.0120048814,0.0372661613,0.0445309705,0.0974335831,0.7753663150,0.0333980887,0.0000000000,0.9061979868,0.9061979868,burghers,burghers,0.17779,0.24672,0.01747,0.00048,0.43370,0.00000,1.71525,3.19504,0.65054,0.85724,0.95570,0.85724,0.17312,0.76308,0.00000,0.00000,0.02908,0.28341,0.31596,0.28341,3.00000,1.43672,0.00000,1.58309,-0.79194,1.59075,0.00766,1.59075,0.15403,-0.79194,-0.26557,1.59075,3.00000,0.15403,0.00000,1.00000,0.00000,0.00000,0.00000,0.00000,1.00000,0.00000,0.00000,0.00000,1.45127,0.00434,3.19505,1.11486,0.02908,0.86251,1.72523,1.92338,1.72523,0.02285,0.45127,1.86273,0.11486,0.3792600000,0.1009200000,0.0169500000,0.5028400000,0.00189,2.86588,0.00000,0.00000,0.00000,0.00000
3496,komarom,381,HUN,381,22,1291,rural_settlement,fish,19.00004,0.77737,6,27.42130,27.42130,0.06755,0.13711,0.01000,2.10079,25.05584,0.05001,0.00000,0.00000,27.20664,27.20664,0.0024634135,0.0050001276,0.0003646800,0.0766116121,0.9137364020,0.0018237647,0.0000000000,0.9921717789,0.9921717789,lower,lower,0.05139,0.00016,0.00347,0.00597,0.20254,0.00000,0.36007,1.40936,0.00812,0.00858,0.00956,0.00858,0.03544,0.11270,0.12564,0.11270,0.04644,0.13189,0.14703,0.13189,4.00000,0.45759,0.03304,0.54999,0.54999,0.58303,0.03304,-0.84595,0.12544,0.58303,0.09547,0.58303,4.00000,0.12544,0.00000,0.00000,0.00000,0.00000,0.00000,0.00000,0.00000,0.00000,0.00000,0.00000,0.05154,0.00520,1.40937,1.11486,0.04644,0.27007,1.01100,1.12712,1.01100,0.04109,-0.94846,3.91415,0.11486,0.0225500000,0.0984200000,0.1289700000,0.7500400000,0.00015,1.26417,0.00000,0.00000,0.00000,0.00000
3497,tata,381,HUN,381,22,1291,rural_settlement,livestock,21.00004,0.69198,6,18.69838,18.69838,0.05271,0.09946,0.01000,1.10041,17.38579,0.05001,0.00000,0.00000,18.53621,18.53621,0.0028189608,0.0053191774,0.0005348057,0.0588505528,0.9298019401,0.0026745633,0.0000000000,0.9913270561,0.9913270561,lower,lower,0.01035,0.00021,0.00239,0.00355,0.16093,0.00000,0.27595,0.19361,0.00812,0.01025,0.01142,0.01025,0.02571,0.09221,0.10280,0.09221,0.03138,0.07122,0.07940,0.07122,4.00000,0.28033,0.05083,0.34489,0.34489,0.39572,0.05083,-0.79902,0.06529,0.39572,0.11539,0.39572,4.00000,0.11539,0.00000,0.00000,0.00000,2.00000,0.00000,0.00000,0.00000,0.00000,2.00000,0.00000,0.00924,0.00272,0.19362,1.11486,0.03138,0.21074,0.86005,0.00000,0.00000,0.02851,-0.99076,0.70164,0.11486,0.0294200000,0.0931600000,0.1137100000,0.7636800000,0.00015,0.17368,0.00000,0.00000,0.00000,0.00000
3498,fehervar,381,HUN,381,22,1290,town,wheat,23.00004,0.92454,8,18.20462,18.20462,0.24096,0.69140,0.80022,1.75085,14.12103,0.60016,0.00000,0.00000,16.47204,16.47204,0.0132362005,0.0379793701,0.0439569736,0.0961761355,0.7756838649,0.0329674555,0.0000000000,0.9048274559,0.9048274559,burghers,burghers,0.01339,0.23225,0.01752,0.00047,0.50938,0.00000,1.82204,0.24391,0.65053,0.15701,0.17504,0.15701,0.17874,0.14432,0.00000,0.00000,0.02938,0.06179,0.06888,0.06179,3.00000,1.31723,0.00000,1.42462,-0.80213,1.43889,0.01427,1.43889,0.12166,-0.80213,-0.22774,1.43889,3.00000,0.12166,0.00000,1.00000,0.00000,1.00000,0.00000,0.00000,1.00000,0.00000,1.00000,0.00000,0.10429,0.00434,0.24393,1.11486,0.02938,0.96339,0.33382,0.00000,0.00000,0.02315,-0.89571,0.13387,0.11486,0.3570300000,0.0980900000,0.0161200000,0.5287400000,0.00189,0.21880,0.00000,0.00000,0.00000,0.00000
3499,adony,381,HUN,381,22,1290,rural_settlement,livestock,23.00004,0.80130,6,14.70025,14.70025,0.04172,0.07349,0.01000,1.10041,13.42462,0.05001,0.00000,0.00000,14.57504,14.57504,0.0028380470,0.0049992347,0.0006802605,0.0748565501,0.9132239248,0.0034019830,0.0000000000,0.9914824578,0.9914824578,lower,lower,0.01667,0.00027,0.00164,0.00278,0.12715,0.00000,0.21879,0.24509,0.00812,0.01300,0.01449,0.01300,0.01899,0.09300,0.10368,0.09300,0.02488,0.11385,0.12692,0.11385,4.00000,0.28224,0.05077,0.34495,0.34495,0.39572,0.05077,-0.74649,-0.00754,0.39572,0.11348,0.39572,4.00000,0.11348,0.00000,0.00000,0.00000,1.00000,0.00000,0.00000,0.00000,0.00000,1.00000,0.00000,0.01475,0.00272,0.24510,1.11486,0.02488,0.16680,0.86502,0.00000,0.00000,0.02201,-0.98525,1.12025,0.11486,0.0371100000,0.0867900000,0.1137100000,0.7623700000,0.00015,0.21985,0.00000,0.00000,0.00000,0.00000
3500,kalocsa,381,HUN,381,22,1290,rural_settlement,fruit,21.00005,0.70812,6,13.22673,13.22673,0.03306,0.36623,0.01000,1.10040,11.66703,0.05001,0.00000,0.00000,12.81744,12.81744,0.0024994840,0.0276886275,0.0007560448,0.0831951662,0.8820796977,0.0037809799,0.0000000000,0.9690558437,0.9690558437,clergy,clergy,0.05949,0.00023,0.03486,0.00186,0.06794,0.00000,0.25696,0.78689,0.00812,0.01133,0.01263,0.01133,0.09467,0.37936,0.00000,0.00000,0.02200,0.06715,0.07486,0.06715,2.00000,2.94919,0.00000,3.00000,0.05081,3.00000,0.00000,-0.78413,3.00000,0.05081,-0.24874,3.00000,2.00000,0.05081,0.00000,1.00000,0.00000,0.00000,0.00000,0.00000,1.00000,0.00000,0.00000,0.00000,76.62574,0.00272,0.78690,1.11486,0.02200,0.13217,0.62735,0.69940,0.62735,0.01913,75.62574,3.06234,0.11486,0.0316000000,0.3684200000,0.0856100000,0.5143600000,0.00015,0.70583,0.00000,0.00000,0.00000,0.00000
3501,papa,381,HUN,381,22,1290,rural_settlement,wild_game,17.00002,0.64289,6,17.46162,17.46162,0.04912,0.08729,0.01000,1.10038,16.16482,0.05001,0.00000,0.00000,17.31521,17.31521,0.0028130265,0.0049989634,0.0005726846,0.0630170626,0.9257342675,0.0028639954,0.0000000000,0.9916153255,0.9916153255,lower,lower,0.01313,0.00023,0.00194,0.00335,0.15036,0.00000,0.25644,0.22935,0.00812,0.01368,0.01525,0.01368,0.02256,0.10472,0.11674,0.10472,0.02938,0.08733,0.09736,0.08733,4.00000,0.28768,0.05069,0.35547,0.35547,0.40616,0.05069,-0.78372,0.00594,0.40616,0.11848,0.40616,4.00000,0.11848,0.00000,0.00000,0.00000,2.00000,0.00000,0.00000,0.00000,0.00000,2.00000,0.00000,0.01177,0.00272,0.22936,1.11486,0.02938,0.19638,1.04196,0.00000,0.00000,0.02651,-0.98823,0.89440,0.11486,0.0316600000,0.0879700000,0.1145600000,0.7657900000,0.00015,0.20573,0.00000,0.00000,0.00000,0.00000
3502,solt,381,HUN,381,22,1290,rural_settlement,millet,16.00004,0.79484,6,12.70701,12.70701,0.03639,0.06353,0.00000,1.10047,11.45660,0.05002,0.00000,0.00000,12.60709,12.60709,0.0028637736,0.0049996026,0.0000000000,0.0866033788,0.9015968351,0.0039364099,0.0000000000,0.9921366238,0.9921366238,lower,lower,0.01288,0.00000,0.00141,0.00250,0.11527,0.00000,0.18356,0.16378,0.00000,0.00000,0.00000,0.00000,0.01642,0.06915,0.07709,0.06915,0.02165,0.07777,0.08670,0.07777,4.00000,0.29001,0.05065,0.39699,0.39699,0.44764,0.05065,-1.00000,0.02287,0.44764,0.15763,0.44764,4.00000,0.15763,0.00000,0.00000,0.00000,1.00000,0.00000,0.00000,0.00000,0.00000,1.00000,0.00000,0.01175,0.00272,0.16379,1.11486,0.02165,0.14549,0.65530,0.00000,0.00000,0.01878,-0.98825,0.89229,0.11486,0.0000000000,0.0894500000,0.1179400000,0.7926000000,0.00015,0.14692,0.00000,0.00000,0.00000,0.00000
3503,veszprem,381,HUN,381,22,1290,rural_settlement,stone,21.00004,0.64290,6,18.40299,18.40299,0.05098,0.09201,0.01000,1.10040,17.09959,0.05001,0.00000,0.00000,18.25000,18.25000,0.0027702020,0.0049997310,0.0005433900,0.0597946312,0.9291745526,0.0027174932,0.0000000000,0.9916866770,0.9916866770,lower,lower,0.01179,0.00022,0.00210,0.00356,0.15579,0.00000,0.26663,0.21706,0.00812,0.01233,0.01374,0.01233,0.02378,0.09945,0.11087,0.09945,0.03091,0.08293,0.09245,0.08293,4.00000,0.30636,0.05013,0.37272,0.37272,0.42285,0.05013,-0.79199,0.01978,0.42285,0.11649,0.42285,4.00000,0.11649,0.00000,0.00000,0.00000,1.00000,0.00000,0.00000,0.00000,0.00000,1.00000,0.00000,0.01072,0.00272,0.21707,1.11486,0.03091,0.20382,0.98441,0.00000,0.00000,0.02804,-0.98928,0.81412,0.11486,0.0304500000,0.0891800000,0.1159200000,0.7644300000,0.00015,0.19471,0.00000,0.00000,0.00000,0.00000
3504,somogyvar,381,HUN,381,22,1285,rural_settlement,wine,19.00004,0.57563,6,25.24688,25.24688,0.06310,0.12622,0.01000,2.10060,22.89695,0.05001,0.00000,0.00000,25.04756,25.04756,0.0024993187,0.0049994296,0.0003960885,0.0832023601,0.9069219642,0.0019808388,0.0000000000,0.9921051631,0.9921051631,lower,lower,0.09446,0.00017,0.00315,0.00547,0.18944,0.00000,0.33593,2.38495,0.00812,0.01734,0.01933,0.01734,0.03263,0.18416,0.20531,0.18416,0.04290,0.11918,0.13286,0.11918,4.00000,0.45675,0.03341,0.53403,0.53403,0.56744,0.03341,-0.83489,0.11069,0.56744,0.09684,0.56744,4.00000,0.11069,0.00000,0.00000,0.00000,0.00000,0.00000,0.00000,0.00000,0.00000,0.00000,0.00000,0.09350,0.00520,2.38496,1.11486,0.04290,0.25228,1.81857,2.02745,1.81857,0.03755,-0.90650,7.09957,0.11486,0.0241700000,0.0971300000,0.1277000000,0.7509800000,0.00015,2.13925,0.00000,0.00000,0.00000,0.00000
3505,csurgo,381,HUN,381,22,1285,rural_settlement,wheat,18.00002,0.57562,5,23.60248,23.60248,0.05899,0.11800,0.00000,2.10060,21.27488,0.05001,0.00000,0.00000,23.42549,23.42549,0.0024993136,0.0049994746,0.0000000000,0.0889991221,0.9013832445,0.0021188451,0.0000000000,0.9925012117,0.9925012117,lower,lower,0.04319,0.00000,0.00303,0.00525,0.18141,0.00000,0.30659,1.01940,0.00000,0.00000,0.00000,0.00000,0.03050,0.07932,0.08843,0.07932,0.04024,0.05035,0.05613,0.05035,4.00000,0.47346,0.02519,0.58583,0.58583,0.61102,0.02519,-1.00000,0.13756,0.61102,0.12354,0.61102,4.00000,0.13756,0.00000,0.00000,0.00000,0.00000,0.00000,0.00000,0.00000,0.00000,0.00000,0.00000,0.04379,0.00520,1.01941,1.11486,0.04024,0.23585,0.78472,0.87485,0.78472,0.03489,-0.95621,3.32499,0.11486,0.0000000000,0.0994800000,0.1312500000,0.7692600000,0.00015,0.91439,0.00000,0.00000,0.00000,0.00000
3506,kaposvar,381,HUN,381,22,1285,rural_settlement,wild_game,19.00004,0.34504,5,23.27704,23.27704,0.05818,0.11638,0.00000,2.10060,20.95187,0.05001,0.00000,0.00000,23.10248,23.10248,0.0024994587,0.0049997766,0.0000000000,0.0902434330,0.9001088626,0.0021484690,0.0000000000,0.9925007647,0.9925007647,lower,lower,0.11251,0.00000,0.00297,0.00519,0.17890,0.00000,0.30240,2.61896,0.00000,0.00000,0.00000,0.00000,0.03008,0.20090,0.22397,0.20090,0.03971,0.14010,0.15619,0.14010,4.00000,0.47431,0.02365,0.58810,0.58810,0.61175,0.02365,-1.00000,0.13744,0.61175,0.12347,0.61175,4.00000,0.13744,0.00000,0.00000,0.00000,0.00000,0.00000,0.00000,0.00000,0.00000,0.00000,0.00000,0.11406,0.00520,2.61897,1.11486,0.03971,0.23261,2.00815,2.23880,2.00815,0.03436,-0.88594,8.66061,0.11486,0.0000000000,0.0994700000,0.1313100000,0.7692100000,0.00015,2.34915,0.00000,0.00000,0.00000,0.00000
3507,segesd,381,HUN,381,22,1285,rural_settlement,beeswax,15.00002,0.40645,6,28.44486,28.44486,0.10470,0.17582,0.01000,2.10059,26.00374,0.05001,0.00000,0.00000,28.15434,28.15434,0.0036808056,0.0061810816,0.0003515574,0.0738477883,0.9141806288,0.0017581384,0.0000000000,0.9897865555,0.9897865555,lower,nobles,0.00810,0.00011,0.00396,0.00442,0.33685,0.00000,0.52016,0.23046,0.00812,0.01433,0.01597,0.01433,0.04545,0.19240,0.21449,0.19240,0.04799,0.10556,0.00000,0.00000,4.00000,0.04294,0.05354,0.07890,0.07890,0.13244,0.05354,-0.89336,-0.00091,0.13244,0.17538,0.17538,1.00000,0.13244,0.00000,0.00000,1.00000,4.00000,0.00000,0.00000,0.00000,1.00000,4.00000,0.00000,0.00583,0.00520,0.23047,1.11486,0.04799,0.41860,1.76524,0.00000,0.00000,0.04264,-0.99417,0.44307,0.11486,0.0156100000,0.0873700000,0.0922600000,0.8047500000,0.00015,0.20673,0.00000,0.00000,0.00000,0.00000
3509,sopron,381,HUN,381,22,1288,town,wine,19.00002,0.59904,9,24.72419,24.72419,0.30866,0.49983,0.80024,2.75141,19.26372,1.10033,0.00000,0.00000,23.11546,23.11546,0.0124841299,0.0202162336,0.0323666822,0.1112841310,0.7791446353,0.0445041880,0.0000000000,0.9349329543,0.9349329543,burghers,burghers,0.07663,0.20587,0.00811,0.00085,0.74082,0.00000,2.05569,1.89470,0.65055,0.44827,0.49975,0.44827,0.12921,0.23883,0.00000,0.00000,0.04187,0.17561,0.19578,0.17561,3.00000,1.28496,0.00000,1.14726,-0.75009,1.16175,0.01449,1.16175,-0.28130,-0.75009,-0.12321,1.16175,3.00000,-0.12321,0.00000,1.00000,0.00000,0.00000,0.00000,0.00000,1.00000,0.00000,0.00000,0.00000,0.71809,0.00682,1.89472,1.11486,0.04187,1.23406,1.07564,1.19918,1.07564,0.03159,-0.28191,0.92169,0.11486,0.3164600000,0.0628500000,0.0203600000,0.6003100000,0.00346,1.69952,0.00000,0.00000,0.00000,0.00000
3510,gyor,381,HUN,381,22,1288,rural_settlement,medicaments,21.00004,0.68518,6,20.00801,20.00801,0.05521,0.10003,0.01000,1.10038,18.69238,0.05001,0.00000,0.00000,19.84277,19.84277,0.0027593949,0.0049994977,0.0004997998,0.0549969737,0.9342448349,0.0024994990,0.0000000000,0.9917413076,0.9917413076,lower,lower,0.00645,0.00020,0.00228,0.00388,0.16903,0.00000,0.28822,0.12924,0.00812,0.00626,0.00697,0.00626,0.02585,0.05639,0.06286,0.05639,0.03352,0.05329,0.05941,0.05329,4.00000,0.30898,0.04997,0.37754,0.37754,0.42751,0.04997,-0.80756,0.02550,0.42751,0.11853,0.42751,4.00000,0.11853,0.00000,0.00000,0.00000,1.00000,0.00000,0.00000,0.00000,0.00000,1.00000,0.00000,0.00590,0.00272,0.12925,1.11486,0.03352,0.22073,0.54732,0.00000,0.00000,0.03065,-0.99410,0.44844,0.11486,0.0281700000,0.0896800000,0.1163000000,0.7658300000,0.00015,0.11594,0.00000,0.00000,0.00000,0.00000
3511,kapuvar,381,HUN,381,22,1288,rural_settlement,horses,19.00004,0.54889,6,17.80711,17.80711,0.04943,0.08903,0.01000,1.10038,16.50826,0.05001,0.00000,0.00000,17.65865,17.65865,0.0027758575,0.0049996883,0.0005615734,0.0617944181,0.9270600339,0.0028084288,0.0000000000,0.9916628807,0.9916628807,lower,lower,0.04603,0.00023,0.00201,0.00344,0.15095,0.00000,0.25869,0.81969,0.00812,0.01962,0.02187,0.01962,0.02301,0.14460,0.16120,0.14460,0.02994,0.09250,0.10312,0.09250,4.00000,0.30478,0.05019,0.37033,0.37033,0.42052,0.05019,-0.78564,0.01703,0.42052,0.11574,0.42052,4.00000,0.11574,0.00000,0.00000,0.00000,1.00000,0.00000,0.00000,0.00000,0.00000,1.00000,0.00000,0.04173,0.00272,0.81970,1.11486,0.02994,0.19762,1.47853,0.53349,0.47853,0.02707,-0.95827,3.16865,0.11486,0.0313800000,0.0889400000,0.1157300000,0.7639200000,0.00015,0.73525,0.00000,0.00000,0.00000,0.00000
3512,magyarovar,381,HUN,381,22,1288,rural_settlement,wheat,18.00002,0.61136,8,15.52632,15.52632,0.04374,0.07763,0.00000,1.10046,14.25447,0.05002,0.00000,0.00000,15.40495,15.40495,0.0028171518,0.0049998969,0.0000000000,0.0708770655,0.9180842595,0.0032216262,0.0000000000,0.9921829513,0.9921829513,lower,lower,0.00475,0.00000,0.00180,0.00307,0.13821,0.00000,0.22117,0.07383,0.00000,0.00000,0.00000,0.00000,0.02006,0.03858,0.04301,0.03858,0.02624,0.02766,0.03083,0.02766,4.00000,0.30146,0.05055,0.40569,0.40569,0.45624,0.05055,-1.00000,0.03704,0.45624,0.15478,0.45624,4.00000,0.15478,0.00000,0.00000,0.00000,1.00000,0.00000,0.00000,0.00000,0.00000,1.00000,0.00000,0.00439,0.00272,0.07384,1.11486,0.02624,0.17487,0.39093,0.00000,0.00000,0.02337,-0.99561,0.33386,0.11486,0.0000000000,0.0906900000,0.1186400000,0.7906500000,0.00015,0.06624,0.00000,0.00000,0.00000,0.00000
3514,vasvar,381,HUN,381,22,1289,rural_settlement,iron,17.00002,0.45637,5,18.01948,18.01948,0.06835,0.10811,0.00000,1.10035,16.69266,0.05001,0.00000,0.00000,17.84302,17.84302,0.0037931172,0.0059996182,0.0000000000,0.0610644702,0.9263674645,0.0027753298,0.0000000000,0.9902072646,0.9902072646,nobles,nobles,0.01244,0.00000,0.00235,0.00274,0.22528,0.00000,0.33145,0.22422,0.00000,0.00000,0.00000,0.00000,0.02794,0.12944,0.14430,0.12944,0.03024,0.07169,0.07992,0.07169,1.00000,0.08438,0.05198,0.10954,0.06781,0.20417,0.09463,-1.00000,-0.03613,0.11979,0.20417,0.20417,1.00000,0.11979,0.00000,0.00000,0.00000,2.00000,0.00000,0.00000,0.00000,0.00000,2.00000,0.00000,20.30579,0.00272,0.22423,1.11486,0.03024,0.27327,1.23539,0.00000,0.00000,0.02737,19.30579,0.67651,0.11486,0.0000000000,0.0842900000,0.0912300000,0.8244600000,0.00015,0.20113,0.00000,0.00000,0.00000,0.00000
3515,kormend,381,HUN,381,22,1289,rural_settlement,wool,19.00004,0.23853,9,16.25457,16.25457,0.04607,0.08126,0.01000,1.10039,14.96684,0.05001,0.00000,0.00000,16.11724,16.11724,0.0028342798,0.0049992095,0.0006152116,0.0676972691,0.9207773568,0.0030766732,0.0000000000,0.9915512991,0.9915512991,lower,lower,0.01095,0.00024,0.00182,0.00311,0.14091,0.00000,0.24072,0.17811,0.00812,0.01477,0.01646,0.01477,0.02100,0.08398,0.09362,0.08398,0.02741,0.06102,0.06802,0.06102,4.00000,0.28000,0.05088,0.34668,0.34668,0.39756,0.05088,-0.76958,-0.00251,0.39756,0.11756,0.39756,4.00000,0.11756,0.00000,0.00000,0.00000,2.00000,0.00000,0.00000,0.00000,0.00000,2.00000,0.00000,0.00974,0.00272,0.17812,1.11486,0.02741,0.18419,0.87633,0.00000,0.00000,0.02454,-0.99026,0.73994,0.11486,0.0337300000,0.0872300000,0.1138600000,0.7651600000,0.00015,0.15977,0.00000,0.00000,0.00000,0.00000
3516,olsnica,381,HUN,381,2,1289,rural_settlement,livestock,18.00001,0.00589,7,8.82296,8.82296,0.02204,0.04410,0.00000,1.10148,7.60528,0.05006,0.00000,0.00000,8.75682,8.75682,0.0024980279,0.0049983226,0.0000000000,0.1248424565,0.8619873603,0.0056738328,0.0000000000,0.9925036496,0.9925036496,lower,lower,0.01287,0.00000,0.00175,0.00360,0.05498,0.00000,0.11366,0.11362,0.00000,0.00000,0.00000,0.00000,0.01416,0.00854,0.00952,0.00854,0.02040,0.00676,0.00753,0.00676,4.00000,0.77843,0.00790,1.19511,1.19511,1.20301,0.00790,-1.00000,0.42458,1.20301,0.01644,1.20301,4.00000,0.42458,0.00000,0.00000,0.00000,0.00000,0.00000,0.00000,0.00000,0.00000,0.00000,0.00000,0.01316,0.00333,0.11363,1.11486,0.02040,0.07910,0.08663,0.09658,0.08663,0.01688,-0.98684,0.99973,0.11486,0.0000000000,0.1245800000,0.1794800000,0.6959300000,0.00019,0.10193,0.00000,0.00000,0.00000,0.00000
3517,szombathely,381,HUN,381,22,1289,rural_settlement,wheat,17.00002,0.33500,8,17.95436,17.95436,0.04940,0.08977,0.00000,1.10039,16.66479,0.05001,0.00000,0.00000,17.81519,17.81519,0.0027514208,0.0049998997,0.0000000000,0.0612881774,0.9281751062,0.0027853959,0.0000000000,0.9922486794,0.9922486794,lower,lower,0.00393,0.00000,0.00211,0.00362,0.15544,0.00000,0.25090,0.07062,0.00000,0.00000,0.00000,0.00000,0.02320,0.03727,0.04155,0.03727,0.03020,0.02609,0.02908,0.02609,4.00000,0.32766,0.04958,0.42777,0.42777,0.47735,0.04958,-1.00000,0.05728,0.47735,0.14969,0.47735,4.00000,0.14969,0.00000,0.00000,0.00000,2.00000,0.00000,0.00000,0.00000,0.00000,2.00000,0.00000,0.00370,0.00272,0.07063,1.11486,0.03020,0.19750,0.38378,0.00000,0.00000,0.02733,-0.99630,0.28150,0.11486,0.0000000000,0.0924600000,0.1203600000,0.7871600000,0.00015,0.06336,0.00000,0.00000,0.00000,0.00000
3518,zalavar,381,HUN,381,22,1287,rural_settlement,livestock,17.00002,0.57560,5,22.05219,22.05219,0.05512,0.11025,0.00000,2.10062,19.73619,0.05001,0.00000,0.00000,21.88682,21.88682,0.0024995250,0.0049995035,0.0000000000,0.0952567523,0.8949764173,0.0022678020,0.0000000000,0.9925009716,0.9925009716,lower,lower,0.09204,0.00000,0.00282,0.00495,0.16944,0.00000,0.28658,2.02970,0.00000,0.00000,0.00000,0.00000,0.02850,0.15793,0.17606,0.15793,0.03771,0.10023,0.11174,0.10023,4.00000,0.47797,0.02275,0.59232,0.59232,0.61507,0.02275,-1.00000,0.13710,0.61507,0.12311,0.61507,4.00000,0.13710,0.00000,0.00000,0.00000,0.00000,0.00000,0.00000,0.00000,0.00000,0.00000,0.00000,0.09327,0.00520,2.02971,1.11486,0.03771,0.22037,1.56244,1.74190,1.56244,0.03236,-0.90673,7.08252,0.11486,0.0000000000,0.0994400000,0.1315800000,0.7689600000,0.00015,1.82060,0.00000,0.00000,0.00000,0.00000
3519,cakovec,381,HUN,381,22,1287,rural_settlement,wheat,20.00004,0.27388,11,11.01144,11.01144,0.03223,0.05505,0.01000,1.10035,9.76380,0.05001,0.00000,0.00000,10.91416,10.91416,0.0029269560,0.0049993461,0.0009081464,0.0999278932,0.8866960180,0.0045416403,0.0000000000,0.9911655515,0.9911655515,lower,lower,0.00709,0.00035,0.00117,0.00205,0.09759,0.00000,0.17009,0.07809,0.00812,0.00906,0.01010,0.00906,0.01423,0.03554,0.03962,0.03554,0.01888,0.02546,0.02838,0.02546,4.00000,0.25596,0.05134,0.31112,0.31112,0.36246,0.05134,-0.67395,-0.04333,0.36246,0.10650,0.36246,4.00000,0.10650,0.00000,0.00000,0.00000,1.00000,0.00000,0.00000,0.00000,0.00000,1.00000,0.00000,0.00604,0.00272,0.07810,1.11486,0.01888,0.12886,0.37411,0.00000,0.00000,0.01601,-0.99396,0.45916,0.11486,0.0477300000,0.0836600000,0.1110000000,0.7575900000,0.00015,0.07006,0.00000,0.00000,0.00000,0.00000
3520,nagykanizsa,381,HUN,381,22,1287,rural_settlement,wine,18.00002,0.43079,6,20.82414,20.82414,0.05608,0.10412,0.00000,2.10073,18.51320,0.05001,0.00000,0.00000,20.66394,20.66394,0.0026930284,0.0049999664,0.0000000000,0.1008795561,0.8890259094,0.0024015398,0.0000000000,0.9923070052,0.9923070052,lower,lower,0.04316,0.00000,0.00251,0.00442,0.17526,0.00000,0.28683,0.89877,0.00000,0.00000,0.00000,0.00000,0.02691,0.15232,0.16981,0.15232,0.03571,0.10254,0.11431,0.10254,4.00000,0.38636,0.04520,0.48284,0.48284,0.52804,0.04520,-1.00000,0.07272,0.52804,0.14168,0.52804,4.00000,0.14168,0.00000,0.00000,0.00000,1.00000,0.00000,0.00000,0.00000,0.00000,1.00000,0.00000,0.04126,0.00520,0.89878,1.11486,0.03571,0.22421,1.55133,0.61465,0.55133,0.03036,-0.95874,3.13349,0.11486,0.0000000000,0.0938100000,0.1244900000,0.7816800000,0.00015,0.80619,0.00000,0.00000,0.00000,0.00000
3521,zalaegerszeg,381,HUN,381,22,1287,rural_settlement,fruit,20.00004,0.50618,5,22.20516,22.20516,0.08350,0.13900,0.00000,2.10063,19.83202,0.05001,0.00000,0.00000,21.98266,21.98266,0.0037603872,0.0062598063,0.0000000000,0.0946009846,0.8931266426,0.0022521792,0.0000000000,0.9899798065,0.9899798065,lower,nobles,0.02842,0.00000,0.00316,0.00350,0.27337,0.00000,0.40764,0.63123,0.00000,0.00000,0.00000,0.00000,0.03593,0.16289,0.00000,0.00000,0.03787,0.08464,0.09436,0.08464,4.00000,0.05583,0.05277,0.08752,0.08752,0.14029,0.05277,-1.00000,0.00789,0.14029,0.19612,0.19612,1.00000,0.14029,0.00000,1.00000,0.00000,1.00000,0.00000,0.00000,1.00000,0.00000,1.00000,0.00000,0.02039,0.00520,0.63124,1.11486,0.03787,0.33384,1.48157,0.53688,0.48157,0.03252,-0.97961,1.54852,0.11486,0.0000000000,0.0881400000,0.0929000000,0.8189500000,0.00015,0.56621,0.00000,0.00000,0.00000,0.00000
3522,dabaca,381,HUN,381,22,1275,rural_settlement,livestock,18.00002,0.17490,6,11.22295,11.22295,0.02804,0.05610,0.00000,1.10036,9.98844,0.05001,0.00000,0.00000,11.13881,11.13881,0.0024984518,0.0049986857,0.0000000000,0.0980455228,0.8900012920,0.0044560477,0.0000000000,0.9925028624,0.9925028624,lower,lower,0.06785,0.00000,0.00143,0.00253,0.08611,0.00000,0.14585,0.76152,0.00000,0.00000,0.00000,0.00000,0.01450,0.05781,0.06445,0.05781,0.01925,0.04308,0.04802,0.04308,4.00000,0.48322,0.02202,0.59796,0.59796,0.61998,0.02202,-1.00000,0.13676,0.61998,0.12256,0.61998,4.00000,0.13676,0.00000,0.00000,0.00000,0.00000,0.00000,0.00000,0.00000,0.00000,0.00000,0.00000,0.06876,0.00272,0.76153,1.11486,0.01925,0.11210,0.58219,0.64906,0.58219,0.01638,-0.93124,5.22132,0.11486,0.0000000000,0.0994100000,0.1319800000,0.7685900000,0.00015,0.68308,0.00000,0.00000,0.00000,0.00000
3523,baita,381,HUN,381,22,1275,rural_settlement,stone,16.00001,0.00926,11,15.78355,15.78355,0.03945,0.07891,0.01000,1.10032,14.50486,0.05001,0.00000,0.00000,15.65519,15.65519,0.0024994377,0.0049995090,0.0006335710,0.0697130874,0.9189859062,0.0031684887,0.0000000000,0.9918674823,0.9918674823,lower,lower,0.07369,0.00028,0.00192,0.00333,0.11682,0.00000,0.21288,1.16311,0.00812,0.01736,0.01935,0.01736,0.02039,0.08601,0.09588,0.08601,0.02665,0.06801,0.07582,0.06801,4.00000,0.44126,0.03625,0.50026,0.50026,0.53651,0.03625,-0.73946,0.09525,0.53651,0.08209,0.53651,4.00000,0.09525,0.00000,0.00000,0.00000,0.00000,0.00000,0.00000,0.00000,0.00000,0.00000,0.00000,0.07195,0.00272,1.16312,1.11486,0.02665,0.15772,0.87191,0.97205,0.87191,0.02378,-0.92805,5.46373,0.11486,0.0381400000,0.0957800000,0.1251800000,0.7408800000,0.00015,1.04329,0.00000,0.00000,0.00000,0.00000
3524,bistrita,381,HUN,381,22,1275,rural_settlement,silver,16.00001,,11,15.87262,15.87262,0.03769,0.07937,0.00000,1.10032,14.60523,0.05001,0.00000,0.00000,15.75556,15.75556,0.0023745292,0.0050004347,0.0000000000,0.0693218889,0.9201524386,0.0031507086,0.0000000000,0.9926250361,0.9926250361,unclassified,nobles,0.00000,0.00000,0.00212,0.00358,0.11464,0.00000,0.19801,0.00000,0.00000,0.00000,0.00000,0.00000,0.02051,0.00000,0.00000,0.00000,0.02682,0.00000,0.00000,0.00000,0.00000,0.00000,0.02231,0.61359,0.61359,0.63590,0.02231,-1.00000,-1.00000,-1.00000,-1.00000,-1.00000,1.00000,-1.00000,0.00000,0.00000,0.00000,0.00000,0.00000,0.00000,0.00000,0.00000,0.00000,0.00000,0.00000,0.00272,0.00000,1.11486,0.02682,0.15068,0.00000,0.00000,0.00000,0.02395,-1.00000,0.00000,0.11486,0.0000000000,0.0000000000,0.0000000000,0.0000000000,0.00015,0.00000,0.00000,0.00000,0.00000,0.00000
3525,dej,381,HUN,381,22,1275,rural_settlement,salt,17.00001,0.00439,13,16.80934,16.80934,0.06366,0.10085,0.01000,1.10035,15.48447,0.05001,0.00000,0.00000,16.63483,16.63483,0.0037871802,0.0059996407,0.0005949074,0.0654606308,0.9211825092,0.0029751317,0.0000000000,0.9896182717,0.9896182717,nobles,nobles,0.02693,0.00018,0.00211,0.00249,0.20437,0.00000,0.31697,0.45274,0.00812,0.01925,0.02146,0.01925,0.02607,0.12188,0.13587,0.12188,0.02826,0.08013,0.08933,0.08013,1.00000,0.07852,0.05198,0.07265,0.04228,0.17278,0.10013,-0.82505,-0.05957,0.09426,0.17278,0.17278,1.00000,0.09426,0.00000,0.00000,0.00000,1.00000,0.00000,0.00000,0.00000,0.00000,1.00000,0.00000,42.87295,0.00272,0.45275,1.11486,0.02826,0.25452,1.18485,0.20608,0.18485,0.02539,41.87295,1.42836,0.11486,0.0256100000,0.0822400000,0.0891500000,0.8029700000,0.00015,0.40611,0.00000,0.00000,0.00000,0.00000
3526,sic,381,HUN,381,22,1275,rural_settlement,millet,18.00002,0.17626,9,16.04242,16.04242,0.04010,0.08020,0.01000,1.10035,14.76176,0.05001,0.00000,0.00000,15.91212,15.91212,0.0024996229,0.0049992457,0.0006233474,0.0685900257,0.9201703982,0.0031173601,0.0000000000,0.9918777840,0.9918777840,lower,lower,0.03259,0.00027,0.00194,0.00337,0.11884,0.00000,0.21624,0.52285,0.00812,0.00718,0.00800,0.00718,0.02073,0.03910,0.04359,0.03910,0.02707,0.02910,0.03244,0.02910,4.00000,0.44035,0.03681,0.49970,0.49970,0.53651,0.03681,-0.74349,0.09616,0.53651,0.08284,0.53651,4.00000,0.09616,0.00000,0.00000,0.00000,0.00000,0.00000,0.00000,0.00000,0.00000,0.00000,0.00000,0.03184,0.00272,0.52286,1.11486,0.02707,0.16032,0.39362,0.43883,0.39362,0.02420,-0.96816,2.41796,0.11486,0.0375500000,0.0958600000,0.1251800000,0.7413900000,0.00015,0.46900,0.00000,0.00000,0.00000,0.00000
3529,alba_iulia,381,HUN,381,22,1270,rural_settlement,salt,19.00002,0.17420,8,23.16734,23.16734,0.05791,0.11583,0.01000,2.10062,20.83297,0.05001,0.00000,0.00000,22.98360,22.98360,0.0024996396,0.0049997108,0.0004316421,0.0906716093,0.8992387559,0.0021586423,0.0000000000,0.9920690075,0.9920690075,lower,lower,0.14060,0.00019,0.00287,0.00504,0.17340,0.00000,0.30910,3.25741,0.00812,0.03117,0.03475,0.03117,0.02994,0.24472,0.27282,0.24472,0.03951,0.18229,0.20322,0.18229,4.00000,0.46132,0.03111,0.53781,0.53781,0.56892,0.03111,-0.82061,0.10760,0.56892,0.09401,0.56892,4.00000,0.10760,0.00000,0.00000,0.00000,0.00000,0.00000,0.00000,0.00000,0.00000,0.00000,0.00000,0.13879,0.00520,3.25742,1.11486,0.03951,0.23153,2.46364,2.74661,2.46364,0.03416,-0.86121,10.53840,0.11486,0.0262600000,0.0968600000,0.1278200000,0.7490400000,0.00015,2.92182,0.00000,0.00000,0.00000,0.00000
3530,aiud,381,HUN,381,22,1270,rural_settlement,mercury,16.00001,0.17421,8,23.89512,23.89512,0.06352,0.11946,0.01000,2.10053,21.55160,0.05001,0.00000,0.00000,23.70214,23.70214,0.0026582834,0.0049993471,0.0004184955,0.0879062336,0.9019247445,0.0020928960,0.0000000000,0.9919238740,0.9919238740,lower,lower,0.05988,0.00017,0.00284,0.00494,0.19328,0.00000,0.33365,1.43094,0.00812,0.02326,0.02593,0.02326,0.03088,0.18834,0.20997,0.18834,0.04069,0.14029,0.15640,0.14029,4.00000,0.38517,0.04546,0.45141,0.45141,0.49687,0.04546,-0.83380,0.05831,0.49687,0.11170,0.49687,4.00000,0.11170,0.00000,0.00000,0.00000,1.00000,0.00000,0.00000,0.00000,0.00000,1.00000,0.00000,0.05648,0.00520,1.43095,1.11486,0.04069,0.25396,1.93164,1.03864,0.93164,0.03534,-0.94352,4.28877,0.11486,0.0243300000,0.0925500000,0.1219500000,0.7611500000,0.00015,1.28353,0.00000,0.00000,0.00000,0.00000
3531,cetatea_balta,381,HUN,381,22,1270,rural_settlement,wild_game,20.00002,0.17423,8,24.36966,24.36966,0.08528,0.14621,0.01000,2.10061,21.97755,0.05001,0.00000,0.00000,24.12817,24.12817,0.0034994333,0.0059996734,0.0004103463,0.0861977557,0.9018406494,0.0020521419,0.0000000000,0.9900905470,0.9900905470,lower,lower,0.06293,0.00014,0.00331,0.00399,0.27144,0.00000,0.42826,1.53368,0.00812,0.01251,0.01394,0.01251,0.03779,0.12404,0.13828,0.12404,0.04139,0.07684,0.08566,0.07684,4.00000,0.02338,0.05500,0.13120,0.13120,0.18620,0.05500,-0.87048,0.00903,0.18620,0.16282,0.18620,4.00000,0.16282,0.00000,0.00000,0.00000,0.00000,0.00000,0.00000,0.00000,0.00000,0.00000,0.00000,0.04716,0.00520,1.53369,1.11486,0.04139,0.34096,1.16229,1.29579,1.16229,0.03604,-0.95284,3.58121,0.11486,0.0189600000,0.0882400000,0.0966400000,0.7961500000,0.00015,1.37568,0.00000,0.00000,0.00000,0.00000
3532,deva,381,HUN,381,22,1270,rural_settlement,wool,17.00001,0.16366,8,16.32127,16.32127,0.04481,0.08160,0.01000,1.10034,15.03451,0.05001,0.00000,0.00000,16.18486,16.18486,0.0027454971,0.0049996109,0.0006126974,0.0674175478,0.9211605469,0.0030640998,0.0000000000,0.9916421945,0.9916421945,lower,lower,0.00876,0.00025,0.00186,0.00317,0.13604,0.00000,0.23588,0.14299,0.00812,0.01208,0.01346,0.01208,0.02109,0.06649,0.07412,0.06649,0.02752,0.04970,0.05540,0.04970,4.00000,0.32266,0.04960,0.38233,0.38233,0.43193,0.04960,-0.76487,0.02229,0.43193,0.10927,0.43193,4.00000,0.10927,0.00000,0.00000,0.00000,1.00000,0.00000,0.00000,0.00000,0.00000,1.00000,0.00000,0.00798,0.00272,0.14300,1.11486,0.02752,0.17915,0.68899,0.00000,0.00000,0.02465,-0.99202,0.60624,0.11486,0.0344200000,0.0894000000,0.1166600000,0.7594900000,0.00015,0.12827,0.00000,0.00000,0.00000,0.00000
3533,felvint,381,HUN,381,22,1270,rural_settlement,lumber,16.00001,0.18572,8,8.84934,8.84934,0.02771,0.04985,0.01000,1.10034,7.61143,0.05001,0.00000,0.00000,8.76178,8.76178,0.0031313070,0.0056331885,0.0011300278,0.1243414763,0.8601127316,0.0056512689,0.0000000000,0.9901054768,0.9901054768,lower,lower,0.01071,0.00040,0.00108,0.00156,0.08339,0.00000,0.14713,0.09478,0.00812,0.01282,0.01429,0.01282,0.01288,0.04358,0.04858,0.04358,0.01535,0.02863,0.03191,0.02863,4.00000,0.18078,0.05189,0.22858,0.22858,0.28047,0.05189,-0.62306,0.00102,0.28047,0.09969,0.28047,4.00000,0.09969,0.00000,0.00000,0.00000,2.00000,0.00000,0.00000,0.00000,0.00000,2.00000,0.00000,0.00848,0.00272,0.09479,1.11486,0.01535,0.11078,0.41777,0.00000,0.00000,0.01248,-0.99152,0.64426,0.11486,0.0551800000,0.0875400000,0.1043200000,0.7529300000,0.00015,0.08503,0.00000,0.00000,0.00000,0.00000
3534,hateg,381,HUN,381,10,1270,rural_settlement,lumber,14.00000,,11,14.77681,14.77681,0.03591,0.07388,0.01000,1.10029,13.50672,0.05001,0.00000,0.00000,14.65702,14.65702,0.0024301591,0.0049997259,0.0006767360,0.0744605906,0.9140484313,0.0033843570,0.0000000000,0.9918933789,0.9918933789,lower,lower,0.00489,0.00048,0.00322,0.00439,0.09393,0.00000,0.20492,0.07237,0.01029,0.00116,0.00129,0.00116,0.02573,0.00538,0.00599,0.00538,0.03015,0.00425,0.00473,0.00425,4.00000,0.37015,0.04712,0.75882,0.75882,0.80594,0.04712,-0.65701,0.43579,0.80594,-0.01107,0.80594,4.00000,0.43579,0.00000,0.00000,0.00000,0.00000,0.00000,0.00000,0.00000,0.00000,0.00000,0.00000,0.00465,0.00311,0.07238,1.11486,0.03015,0.13875,0.05414,0.06035,0.05414,0.02687,-0.99535,0.35321,0.11486,0.0502100000,0.1255600000,0.1471300000,0.6770900000,0.00017,0.06493,0.00000,0.00000,0.00000,0.00000
3535,hunedoara,381,HUN,381,10,1270,rural_settlement,iron,17.00001,0.00901,15,19.65674,19.65674,0.05999,0.09828,0.02000,1.10033,18.32813,0.05001,0.00000,0.00000,19.47847,19.47847,0.0030518794,0.0049998118,0.0010174627,0.0559772373,0.9324094433,0.0025441655,0.0000000000,0.9909308461,0.9909308461,lower,lower,0.01162,0.00128,0.00358,0.00484,0.16460,0.00000,0.32636,0.22850,0.02059,0.03711,0.00000,0.00000,0.03423,0.11451,0.12766,0.11451,0.03975,0.09046,0.10085,0.09046,4.00000,0.29559,0.05057,0.44433,0.44433,0.49490,0.05057,-0.56909,0.19931,0.49490,0.03731,0.49490,4.00000,0.19931,1.00000,0.00000,0.00000,2.00000,0.00000,1.00000,0.00000,0.00000,2.00000,0.00000,0.00922,0.00311,0.22851,1.11486,0.03975,0.23179,1.23588,0.00000,0.00000,0.03647,-0.99078,0.70017,0.11486,0.0630800000,0.1048800000,0.1217900000,0.7102200000,0.00017,0.20497,0.00000,0.00000,0.00000,0.00000
3537,sibiu,381,HUN,381,10,1271,rural_settlement,iron,16.00000,0.00191,12,23.61863,23.61863,0.06206,0.11809,0.01000,2.10065,21.27782,0.05001,0.00000,0.00000,23.42848,23.42848,0.0026275868,0.0049998666,0.0004233946,0.0889403831,0.9008913726,0.0021173963,0.0000000000,0.9919491520,0.9919491520,lower,lower,0.02940,0.00029,0.00497,0.00688,0.16925,0.00000,0.33966,0.69446,0.01029,0.01791,0.01996,0.01791,0.04114,0.13284,0.14809,0.13284,0.04845,0.10505,0.11711,0.10505,4.00000,0.36580,0.04713,0.70369,0.70369,0.75082,0.04713,-0.79308,0.38502,0.75082,0.03106,0.75082,4.00000,0.38502,0.00000,0.00000,0.00000,1.00000,0.00000,0.00000,0.00000,0.00000,1.00000,0.00000,0.02692,0.00594,0.69447,1.11486,0.04845,0.23978,1.36713,0.40929,0.36713,0.04234,-0.97308,2.04460,0.11486,0.0302900000,0.1211200000,0.1426400000,0.7059400000,0.00017,0.62293,0.00000,0.00000,0.00000,0.00000
3538,brasov,381,HUN,381,10,1271,town,legumes,18.00000,0.06269,14,13.60422,13.60422,0.18385,0.31773,0.80020,1.75080,9.95149,0.60015,0.00000,0.00000,12.30244,12.30244,0.0135141890,0.0233552530,0.0588199838,0.1286953607,0.7315002257,0.0441149878,0.0000000000,0.9043105742,0.9043105742,burghers,burghers,0.15235,0.40604,0.00732,0.00043,0.30182,0.00000,1.67185,2.07265,0.82392,0.73407,0.81838,0.73407,0.11069,0.18741,0.20893,0.18741,0.02688,0.03721,0.04148,0.03721,3.00000,2.60940,0.00000,2.36641,-0.80274,2.36641,0.00000,2.36641,-0.24299,-0.80274,-0.37942,2.36641,3.00000,-0.24299,0.00000,0.00000,0.00000,0.00000,0.00000,0.00000,0.00000,0.00000,0.00000,0.00000,0.96589,0.00495,2.07266,1.11486,0.02688,0.71036,0.90044,1.00386,0.90044,0.01980,-0.03411,1.23974,0.11486,0.4928100000,0.0662000000,0.0160700000,0.4248900000,0.00213,1.85913,0.00000,0.00000,0.00000,0.00000
3539,cincu,381,HUN,381,10,1271,rural_settlement,livestock,17.00001,0.00239,13,16.77627,16.77627,0.04193,0.08387,0.01000,1.10037,15.49009,0.05001,0.00000,0.00000,16.64047,16.64047,0.0024993637,0.0049993234,0.0005960801,0.0655908614,0.9233333751,0.0029809964,0.0000000000,0.9919052328,0.9919052328,lower,lower,0.03844,0.00042,0.00360,0.00492,0.11137,0.00000,0.23561,0.64503,0.01029,0.00906,0.01010,0.00906,0.02921,0.04774,0.05322,0.04774,0.03410,0.03775,0.04208,0.03775,4.00000,0.35887,0.04769,0.72879,0.72879,0.77648,0.04769,-0.70168,0.41761,0.77648,0.00429,0.77648,4.00000,0.41761,0.00000,0.00000,0.00000,0.00000,0.00000,0.00000,0.00000,0.00000,0.00000,0.00000,0.03605,0.00311,0.64504,1.11486,0.03410,0.16201,0.48404,0.53963,0.48404,0.03082,-0.96395,2.73774,0.11486,0.0436700000,0.1239700000,0.1447300000,0.6876100000,0.00017,0.57859,0.00000,0.00000,0.00000,0.00000
3540,fagaras,381,HUN,381,10,1271,rural_settlement,lumber,16.00001,,12,12.41398,12.41398,0.03381,0.06207,0.00000,1.10036,11.16773,0.05001,0.00000,0.00000,12.31810,12.31810,0.0027235423,0.0050000081,0.0000000000,0.0886387766,0.8996091503,0.0040285227,0.0000000000,0.9922764496,0.9922764496,unclassified,nobles,0.00000,0.00000,0.00258,0.00365,0.09597,0.00000,0.17775,0.00000,0.00000,0.00000,0.00000,0.00000,0.02162,0.00000,0.00000,0.00000,0.02550,0.00000,0.00000,0.00000,0.00000,0.00000,0.04050,0.77308,0.77308,0.81358,0.04050,-1.00000,-1.00000,-1.00000,-1.00000,-1.00000,1.00000,-1.00000,0.00000,0.00000,0.00000,1.00000,0.00000,0.00000,0.00000,0.00000,1.00000,0.00000,0.00000,0.00311,0.00000,1.11486,0.02550,0.13063,0.00000,0.00000,0.00000,0.02222,-1.00000,0.00000,0.11486,0.0000000000,0.0000000000,0.0000000000,0.0000000000,0.00017,0.00000,0.00000,0.00000,0.00000,0.00000
3541,medias,381,HUN,381,10,1271,rural_settlement,wine,18.00001,0.00199,12,13.83974,13.83974,0.04459,0.06919,0.01000,1.10038,12.56557,0.05001,0.00000,0.00000,13.71596,13.71596,0.0032218813,0.0049993714,0.0007225569,0.0795087191,0.9079339641,0.0036135072,0.0000000000,0.9910561904,0.9910561904,lower,lower,0.04121,0.00042,0.00246,0.00336,0.12632,0.00000,0.23495,0.57039,0.01029,0.00904,0.01007,0.00904,0.02410,0.03930,0.04381,0.03930,0.02828,0.03105,0.03461,0.03105,4.00000,0.30446,0.05040,0.42695,0.42695,0.47735,0.05040,-0.70086,0.17289,0.47735,0.07096,0.47735,4.00000,0.17289,0.00000,0.00000,0.00000,0.00000,0.00000,0.00000,0.00000,0.00000,0.00000,0.00000,0.03197,0.00311,0.57040,1.11486,0.02828,0.17228,0.43225,0.48189,0.43225,0.02500,-0.96803,2.42775,0.11486,0.0437900000,0.1025700000,0.1203600000,0.7332600000,0.00017,0.51164,0.00000,0.00000,0.00000,0.00000
3542,sebes,381,HUN,381,10,1271,rural_settlement,stone,17.00001,0.00615,10,15.19843,15.19843,0.03799,0.07598,0.01000,1.10038,13.92407,0.05001,0.00000,0.00000,15.07446,15.07446,0.0024996003,0.0049992006,0.0006579627,0.0724008993,0.9161518657,0.0032904715,0.0000000000,0.9918432364,0.9918432364,lower,lower,0.07405,0.00046,0.00326,0.00442,0.10041,0.00000,0.21452,1.12549,0.01029,0.01774,0.00000,0.00000,0.02647,0.08463,0.09435,0.08463,0.03098,0.06692,0.07460,0.06692,4.00000,0.36158,0.04734,0.72521,0.72521,0.77255,0.04734,-0.67238,0.41097,0.77255,-0.00065,0.77255,4.00000,0.41097,1.00000,0.00000,0.00000,0.00000,0.00000,1.00000,0.00000,0.00000,0.00000,0.00000,0.06909,0.00311,1.12550,1.11486,0.03098,0.14678,0.85800,0.95654,0.85800,0.02770,-0.93091,5.24659,0.11486,0.0479600000,0.1233900000,0.1444100000,0.6842200000,0.00017,1.00955,0.00000,0.00000,0.00000,0.00000
3543,sighisoara,381,HUN,381,10,1271,rural_settlement,wool,16.00001,0.00241,11,16.26656,16.26656,0.04365,0.08631,0.00000,1.10037,14.98622,0.05001,0.00000,0.00000,16.13660,16.13660,0.0026834192,0.0053059774,0.0000000000,0.0676461403,0.9212900576,0.0030744054,0.0000000000,0.9920106033,0.9920106033,lower,lower,0.00234,0.00000,0.00388,0.00470,0.12268,0.00000,0.23181,0.03816,0.00000,0.00000,0.00000,0.00000,0.03006,0.04594,0.00000,0.00000,0.03310,0.03424,0.03817,0.03424,4.00000,0.26975,0.05094,0.70160,0.70160,0.75254,0.05094,-1.00000,0.48279,0.75254,0.06259,0.75254,4.00000,0.48279,0.00000,1.00000,0.00000,1.00000,0.00000,0.00000,1.00000,0.00000,1.00000,0.00000,0.00216,0.00311,0.03817,1.11486,0.03310,0.16865,0.44849,0.00000,0.00000,0.02982,-0.99784,0.16466,0.11486,0.0000000000,0.1296700000,0.1427800000,0.7275300000,0.00017,0.03424,0.00000,0.00000,0.00000,0.00000
3545,targu_mures,381,HUN,381,10,1272,rural_settlement,horses,20.00002,0.01924,13,14.20673,14.20673,0.05432,0.08523,0.01000,1.10036,12.90681,0.05001,0.00000,0.00000,14.05718,14.05718,0.0038235400,0.0059992694,0.0007038917,0.0774534323,0.9084997040,0.0035201626,0.0000000000,0.9894732989,0.9894732989,lower,lower,0.01401,0.00035,0.00315,0.00297,0.15795,0.00000,0.27882,0.19913,0.01029,0.01805,0.02012,0.01805,0.02969,0.09701,0.10815,0.09701,0.02896,0.06357,0.07087,0.06357,4.00000,0.05721,0.05272,0.22210,0.22210,0.27482,0.05272,-0.74793,0.21761,0.27482,0.09942,0.27482,4.00000,0.21761,0.00000,0.00000,0.00000,1.00000,0.00000,0.00000,0.00000,0.00000,1.00000,0.00000,0.00940,0.00311,0.19914,1.11486,0.02896,0.20988,0.94626,0.00000,0.00000,0.02568,-0.99060,0.71422,0.11486,0.0369000000,0.1064800000,0.1038600000,0.7527400000,0.00017,0.17863,0.00000,0.00000,0.00000,0.00000
3546,chezdi_osorheiu,381,HUN,381,10,1272,rural_settlement,livestock,17.00002,0.01415,13,8.37093,8.37093,0.03094,0.04185,0.00000,1.10148,7.14660,0.05006,0.00000,0.00000,8.29814,8.29814,0.0036961246,0.0049994445,0.0000000000,0.1315839459,0.8537402654,0.0059802196,0.0000000000,0.9913044309,0.9913044309,lower,lower,0.02142,0.00000,0.00138,0.00197,0.09418,0.00000,0.15162,0.17932,0.00000,0.00000,0.00000,0.00000,0.01458,0.08691,0.09689,0.08691,0.01750,0.06859,0.07646,0.06859,4.00000,0.26520,0.05109,0.36562,0.36562,0.41671,0.05109,-1.00000,0.09959,0.41671,0.15151,0.41671,4.00000,0.15151,0.00000,0.00000,0.00000,1.00000,0.00000,0.00000,0.00000,0.00000,1.00000,0.00000,0.01557,0.00311,0.17933,1.11486,0.01750,0.11954,1.00536,0.00597,0.00536,0.01422,-0.98443,1.18275,0.11486,0.0000000000,0.0961600000,0.1154200000,0.7884100000,0.00017,0.16086,0.00000,0.00000,0.00000,0.00000
3547,covasna,381,HUN,381,10,1272,rural_settlement,alum,17.00002,0.01913,16,7.38527,7.38527,0.03248,0.03685,0.00000,1.10149,6.16439,0.05006,0.00000,0.00000,7.31594,7.31594,0.0043979435,0.0049896619,0.0000000000,0.1491468829,0.8346871543,0.0067783575,0.0000000000,0.9906123947,0.9906123947,lower,lower,0.31316,0.00000,0.00103,0.00155,0.10230,0.00000,0.15386,2.31282,0.00000,0.00000,0.00000,0.00000,0.01283,0.14594,0.16270,0.14594,0.01554,0.11512,0.12834,0.11512,4.00000,0.04848,0.05294,0.18678,0.18678,0.23972,0.05294,-1.00000,-0.04654,0.23972,0.19124,0.23972,4.00000,0.19124,0.00000,0.00000,0.00000,0.00000,0.00000,0.00000,0.00000,0.00000,0.00000,0.00000,0.19797,0.00311,2.31283,1.11486,0.01554,0.12549,1.81349,2.02178,1.81349,0.01226,-0.80203,15.03204,0.11486,0.0000000000,0.0833800000,0.1010000000,0.8156100000,0.00017,2.07455,0.00000,0.00000,0.00000,0.00000
3548,cristuru_secuiesc,381,HUN,381,10,1272,rural_settlement,fiber_crops,16.00001,0.01919,12,11.35718,11.35718,0.02792,0.05677,0.01000,1.10036,10.11212,0.05001,0.00000,0.00000,11.26249,11.26249,0.0024583567,0.0049986000,0.0008805003,0.0968867272,0.8903724340,0.0044033818,0.0000000000,0.9916625430,0.9916625430,lower,lower,0.07156,0.00061,0.00241,0.00334,0.07208,0.00000,0.16133,0.81278,0.01029,0.01676,0.01868,0.01676,0.01977,0.05999,0.06688,0.05999,0.02340,0.04728,0.05271,0.04728,4.00000,0.37903,0.04584,0.73444,0.73444,0.78028,0.04584,-0.56431,0.40125,0.78028,-0.02344,0.78028,4.00000,0.40125,0.00000,0.00000,0.00000,0.00000,0.00000,0.00000,0.00000,0.00000,0.00000,0.00000,0.06635,0.00311,0.81279,1.11486,0.02340,0.10787,0.60503,0.67452,0.60503,0.02012,-0.93365,5.03805,0.11486,0.0637800000,0.1225400000,0.1450400000,0.6686200000,0.00017,0.72906,0.00000,0.00000,0.00000,0.00000
3549,gheorgheni,381,HUN,381,10,1272,rural_settlement,medicaments,17.00002,0.01914,12,11.03506,11.03506,0.02757,0.05516,0.01000,1.10035,9.79197,0.05001,0.00000,0.00000,10.94233,10.94233,0.0024984006,0.0049986135,0.0009062026,0.0997140025,0.8873508617,0.0045319192,0.0000000000,0.9915967833,0.9915967833,lower,lower,0.04390,0.00062,0.00226,0.00321,0.07141,0.00000,0.15878,0.48450,0.01029,0.01023,0.01140,0.01023,0.01921,0.03560,0.03968,0.03560,0.02276,0.02805,0.03127,0.02805,4.00000,0.37601,0.04612,0.71330,0.71330,0.75942,0.04612,-0.55734,0.38341,0.75942,-0.02017,0.75942,4.00000,0.38341,0.00000,0.00000,0.00000,0.00000,0.00000,0.00000,0.00000,0.00000,0.00000,0.00000,0.04018,0.00311,0.48451,1.11486,0.02276,0.10652,0.36072,0.40215,0.36072,0.01948,-0.95982,3.05145,0.11486,0.0648000000,0.1209800000,0.1433400000,0.6708600000,0.00017,0.43460,0.00000,0.00000,0.00000,0.00000
3550,gurghiu,381,HUN,381,22,1272,rural_settlement,stone,17.00001,0.18511,9,11.61460,11.61460,0.02902,0.06370,0.01000,1.10037,10.36150,0.05001,0.00000,0.00000,11.51188,11.51188,0.0024985794,0.0054844764,0.0008609853,0.0947402407,0.8921099306,0.0043057875,0.0000000000,0.9911559589,0.9911559589,lower,lower,0.00953,0.00037,0.00168,0.00243,0.08388,0.00000,0.16046,0.11076,0.00812,0.01201,0.01338,0.01201,0.01646,0.05213,0.05811,0.05213,0.01986,0.03522,0.03926,0.03522,4.00000,0.34607,0.04918,0.46990,0.46990,0.51908,0.04918,-0.65434,0.17301,0.51908,0.05604,0.51908,4.00000,0.17301,0.00000,0.00000,0.00000,1.00000,0.00000,0.00000,0.00000,0.00000,1.00000,0.00000,0.00909,0.00272,0.11077,1.11486,0.01986,0.11602,0.47782,0.00000,0.00000,0.01699,-0.99091,0.69032,0.11486,0.0506000000,0.1025800000,0.1237600000,0.7230400000,0.00015,0.09936,0.00000,0.00000,0.00000,0.00000
3551,odorhei,381,HUN,381,10,1272,rural_settlement,livestock,17.00002,0.01915,12,11.75163,11.75163,0.02936,0.05874,0.01000,1.10036,10.50316,0.05001,0.00000,0.00000,11.65353,11.65353,0.0024983768,0.0049984555,0.0008509458,0.0936346703,0.8937619717,0.0042555799,0.0000000000,0.9916522219,0.9916522219,lower,lower,0.07915,0.00059,0.00243,0.00344,0.07637,0.00000,0.16837,0.93020,0.01029,0.01848,0.02060,0.01848,0.02046,0.06844,0.07630,0.06844,0.02418,0.05394,0.06013,0.05394,4.00000,0.37326,0.04635,0.71638,0.71638,0.76273,0.04635,-0.58255,0.38947,0.76273,-0.01594,0.76273,4.00000,0.38947,0.00000,0.00000,0.00000,0.00000,0.00000,0.00000,0.00000,0.00000,0.00000,0.00000,0.07276,0.00311,0.93021,1.11486,0.02418,0.11344,0.69352,0.77317,0.69352,0.02090,-0.92724,5.52479,0.11486,0.0611100000,0.1215100000,0.1436100000,0.6737500000,0.00017,0.83438,0.00000,0.00000,0.00000,0.00000
3552,sfantu_gheorghe,381,HUN,381,10,1272,rural_settlement,millet,18.00002,0.02554,9,11.93691,11.93691,0.02881,0.06433,0.00000,1.10036,10.69340,0.05001,0.00000,0.00000,11.84377,11.84377,0.0024135224,0.0053891669,0.0000000000,0.0921813099,0.8958264744,0.0041895264,0.0000000000,0.9921973107,0.9921973107,lower,lower,0.00517,0.00000,0.00315,0.00379,0.07822,0.00000,0.15827,0.06180,0.00000,0.00000,0.00000,0.00000,0.02241,0.03206,0.03574,0.03206,0.02455,0.02339,0.02607,0.02339,4.00000,0.28480,0.05075,0.85314,0.85314,0.90389,0.05075,-1.00000,0.61909,0.90389,0.02719,0.90389,4.00000,0.61909,0.00000,0.00000,0.00000,1.00000,0.00000,0.00000,0.00000,0.00000,1.00000,0.00000,0.00514,0.00311,0.06181,1.11486,0.02455,0.11131,0.29833,0.00000,0.00000,0.02127,-0.99486,0.39053,0.11486,0.0000000000,0.1415900000,0.1551100000,0.7032900000,0.00017,0.05545,0.00000,0.00000,0.00000,0.00000
3553,miercurea_cluc,381,HUN,381,10,1272,rural_settlement,iron,17.00002,0.01918,12,10.61863,10.61863,0.02897,0.05308,0.01000,1.10035,9.37622,0.05001,0.00000,0.00000,10.52658,10.52658,0.0027282239,0.0049987616,0.0009417411,0.1036244789,0.8829971475,0.0047096471,0.0000000000,0.9913312734,0.9913312734,lower,lower,0.02206,0.00061,0.00209,0.00295,0.07697,0.00000,0.16264,0.23425,0.01029,0.03009,0.03354,0.03009,0.01849,0.10070,0.11226,0.10070,0.02193,0.07934,0.08845,0.07934,4.00000,0.35502,0.04786,0.60710,0.60710,0.65496,0.04786,-0.56786,0.29994,0.65496,0.00515,0.65496,4.00000,0.29994,0.00000,0.00000,0.00000,2.00000,0.00000,0.00000,0.00000,0.00000,2.00000,0.00000,0.01896,0.00311,0.23426,1.11486,0.02193,0.11193,1.04783,0.00000,0.00000,0.01865,-0.98104,1.44035,0.11486,0.0632600000,0.1136800000,0.1348300000,0.6882000000,0.00017,0.21013,0.00000,0.00000,0.00000,0.00000
3560,turda,381,HUN,381,22,1273,rural_settlement,salt,20.00002,0.17921,7,23.54126,23.54126,0.05784,0.11770,0.01000,2.10066,21.20505,0.05001,0.00000,0.00000,23.35572,23.35572,0.0024569628,0.0049997324,0.0004247861,0.0892331167,0.9007610468,0.0021243553,0.0000000000,0.9921185187,0.9921185187,lower,lower,0.20735,0.00019,0.00296,0.00516,0.17253,0.00000,0.30991,4.88147,0.00812,0.04608,0.05137,0.04608,0.03042,0.36847,0.41079,0.36847,0.04012,0.27397,0.30543,0.27397,4.00000,0.46657,0.02898,0.55994,0.55994,0.58892,0.02898,-0.82102,0.12235,0.58892,0.08983,0.58892,4.00000,0.12235,0.00000,0.00000,0.00000,0.00000,0.00000,0.00000,0.00000,0.00000,0.00000,0.00000,0.20744,0.00520,4.88148,1.11486,0.04012,0.23125,3.69004,4.11387,3.69004,0.03477,-0.79256,15.75128,0.11486,0.0262000000,0.0981500000,0.1294500000,0.7461800000,0.00015,4.37856,0.00000,0.00000,0.00000,0.00000
3561,baia_de_aries,381,HUN,381,22,1273,rural_settlement,beeswax,14.00000,0.00208,14,13.82403,13.82403,0.03255,0.06912,0.01000,1.10032,12.56203,0.05001,0.00000,0.00000,13.71236,13.71236,0.0023545956,0.0049999891,0.0007233781,0.0795947347,0.9087096889,0.0036176137,0.0000000000,0.9919220372,0.9919220372,lower,lower,0.04118,0.00033,0.00172,0.00306,0.09427,0.00000,0.17958,0.56927,0.00812,0.00981,0.01093,0.00981,0.01786,0.04260,0.04749,0.04260,0.02347,0.03369,0.03755,0.03369,4.00000,0.46692,0.02884,0.57530,0.57530,0.60414,0.02884,-0.69116,0.13722,0.60414,0.05836,0.60414,4.00000,0.13722,0.00000,0.00000,0.00000,0.00000,0.00000,0.00000,0.00000,0.00000,0.00000,0.00000,0.04174,0.00272,0.56928,1.11486,0.02347,0.13013,0.42453,0.47329,0.42453,0.02060,-0.95826,3.17006,0.11486,0.0452100000,0.0994500000,0.1306900000,0.7246300000,0.00015,0.51063,0.00000,0.00000,0.00000,0.00000
3562,cluj,381,HUN,381,22,1273,town,salt,21.00002,0.23456,7,21.41494,21.41494,0.28482,0.44767,0.80019,2.75099,16.53113,0.60014,0.00000,0.00000,19.88226,19.88226,0.0133000606,0.0209045648,0.0373659697,0.1284612518,0.7719437925,0.0280243606,0.0000000000,0.9284294049,0.9284294049,burghers,burghers,0.08270,0.21803,0.00689,0.00065,0.66814,0.00000,1.94081,1.77100,0.65051,0.82140,0.91574,0.82140,0.11573,0.32078,0.00000,0.00000,0.03582,0.11592,0.12923,0.11592,3.00000,1.43260,0.00000,1.27906,-0.77353,1.28956,0.01050,1.28956,-0.31823,-0.77353,-0.14304,1.28956,3.00000,-0.14304,0.00000,1.00000,0.00000,1.00000,0.00000,0.00000,1.00000,0.00000,1.00000,0.00000,0.71094,0.00682,1.77102,1.11486,0.03582,1.13875,1.65124,0.72604,0.65124,0.02711,-0.28906,0.91251,0.11486,0.3351700000,0.0596200000,0.0184500000,0.5867300000,0.00189,1.58856,0.00000,0.00000,0.00000,0.00000
3563,huedin,381,HUN,381,22,1273,rural_settlement,wool,16.00001,0.17060,6,21.96132,21.96132,0.05389,0.10980,0.00000,2.10066,19.64696,0.05001,0.00000,0.00000,21.79763,21.79763,0.0024538598,0.0049996995,0.0000000000,0.0956527203,0.8946165349,0.0022771855,0.0000000000,0.9925464407,0.9925464407,lower,lower,0.08923,0.00000,0.00284,0.00501,0.16492,0.00000,0.28140,1.95976,0.00000,0.00000,0.00000,0.00000,0.02838,0.14943,0.16659,0.14943,0.03757,0.11151,0.12431,0.11151,4.00000,0.48553,0.01920,0.61956,0.61956,0.63876,0.01920,-1.00000,0.15323,0.63876,0.11824,0.63876,4.00000,0.15323,0.00000,0.00000,0.00000,0.00000,0.00000,0.00000,0.00000,0.00000,0.00000,0.00000,0.09172,0.00520,1.95977,1.11486,0.03757,0.21545,1.49693,1.66886,1.49693,0.03222,-0.90828,6.96435,0.11486,0.0000000000,0.1008500000,0.1335100000,0.7656300000,0.00015,1.75787,0.00000,0.00000,0.00000,0.00000
3564,reghin,381,HUN,381,10,1273,rural_settlement,lumber,17.00001,0.01919,12,11.58474,11.58474,0.03344,0.05791,0.00000,1.10094,10.34244,0.05001,0.00000,0.00000,11.49339,11.49339,0.0028865559,0.0049988174,0.0000000000,0.0950336391,0.8927641017,0.0043168858,0.0000000000,0.9921146267,0.9921146267,lower,lower,0.00806,0.00000,0.00230,0.00323,0.09634,0.00000,0.17323,0.09345,0.00000,0.00000,0.00000,0.00000,0.02017,0.04688,0.05226,0.04688,0.02386,0.03696,0.04120,0.03696,4.00000,0.35918,0.04766,0.64290,0.64290,0.69056,0.04766,-1.00000,0.33138,0.69056,0.08931,0.69056,4.00000,0.33138,0.00000,0.00000,0.00000,1.00000,0.00000,0.00000,0.00000,0.00000,1.00000,0.00000,0.00710,0.00311,0.09346,1.11486,0.02386,0.12920,0.49703,0.00000,0.00000,0.02058,-0.99290,0.53951,0.11486,0.0000000000,0.1164300000,0.1377300000,0.7458200000,0.00017,0.08384,0.00000,0.00000,0.00000,0.00000
5637,bjelovar,381,HUN,381,2,1305,rural_settlement,clay,15.00001,0.01555,9,24.50804,24.50804,0.09042,0.14704,0.00000,2.10062,22.11995,0.05001,0.00000,0.00000,24.27058,24.27058,0.0036894015,0.0059996638,0.0000000000,0.0857114645,0.9025589154,0.0020405549,0.0000000000,0.9903109347,0.9903109347,lower,lower,0.00746,0.00000,0.00521,0.00722,0.24640,0.00000,0.42742,0.18288,0.00000,0.00000,0.00000,0.00000,0.04723,0.09903,0.11040,0.09903,0.05565,0.06502,0.07248,0.06502,4.00000,0.33444,0.04953,0.54848,0.54848,0.59801,0.04953,-1.00000,0.26357,0.59801,0.10898,0.59801,4.00000,0.26357,0.00000,0.00000,0.00000,1.00000,0.00000,0.00000,0.00000,0.00000,1.00000,0.00000,0.00563,0.00636,0.18289,1.11486,0.05565,0.32454,0.95325,0.00000,0.00000,0.04910,-0.99437,0.42789,0.11486,0.0000000000,0.1105000000,0.1301900000,0.7592900000,0.00019,0.16405,0.00000,0.00000,0.00000,0.00000
5638,koprivnica,381,HUN,381,22,1305,rural_settlement,fur,12.00002,0.33387,10,20.05528,20.05528,0.05274,0.10026,0.01000,2.10063,17.74164,0.05001,0.00000,0.00000,19.89228,19.89228,0.0026297314,0.0049991823,0.0004986218,0.1047419931,0.8846368637,0.0024936077,0.0000000000,0.9918724645,0.9918724645,lower,lower,0.04868,0.00021,0.00239,0.00422,0.15916,0.00000,0.27933,0.97645,0.00812,0.02125,0.02369,0.02125,0.02591,0.15649,0.17446,0.15649,0.03444,0.10956,0.12214,0.10956,4.00000,0.41078,0.04336,0.46995,0.46995,0.51331,0.04336,-0.80148,0.06060,0.51331,0.10253,0.51331,4.00000,0.10253,0.00000,0.00000,0.00000,1.00000,0.00000,0.00000,0.00000,0.00000,1.00000,0.00000,0.04603,0.00520,0.97646,1.11486,0.03444,0.21086,1.58856,0.65616,0.58856,0.02909,-0.95397,3.49572,0.11486,0.0290600000,0.0927500000,0.1232900000,0.7548700000,0.00015,0.87586,0.00000,0.00000,0.00000,0.00000
5639,kutina,381,HUN,381,22,1305,rural_settlement,millet,17.00003,0.09236,8,22.55515,22.55515,0.05638,0.11277,0.00000,2.10063,20.23536,0.05001,0.00000,0.00000,22.38600,22.38600,0.0024996509,0.0049997451,0.0000000000,0.0931330539,0.8971503182,0.0022172320,0.0000000000,0.9925006041,0.9925006041,lower,lower,0.06258,0.00000,0.00286,0.00504,0.17332,0.00000,0.29309,1.41161,0.00000,0.00000,0.00000,0.00000,0.02915,0.10663,0.11887,0.10663,0.03853,0.08191,0.09131,0.08191,4.00000,0.47638,0.02328,0.59032,0.59032,0.61360,0.02328,-1.00000,0.13722,0.61360,0.12328,0.61360,4.00000,0.13722,0.00000,0.00000,0.00000,0.00000,0.00000,0.00000,0.00000,0.00000,0.00000,0.00000,0.06343,0.00520,1.41162,1.11486,0.03853,0.22541,1.07765,1.20142,1.07765,0.03318,-0.93657,4.81633,0.11486,0.0000000000,0.0994500000,0.1314600000,0.7690800000,0.00015,1.26619,0.00000,0.00000,0.00000,0.00000
5640,pakrac,381,HUN,381,22,1305,rural_settlement,fruit,15.00001,0.16259,10,21.48695,21.48695,0.05371,0.10743,0.01000,2.10063,19.16517,0.05001,0.00000,0.00000,21.31581,21.31581,0.0024996568,0.0049997789,0.0004653988,0.0977630608,0.8919446455,0.0023274592,0.0000000000,0.9920351655,0.9920351655,lower,lower,0.08520,0.00020,0.00267,0.00469,0.16043,0.00000,0.28741,1.83073,0.00812,0.01896,0.02113,0.01896,0.02777,0.13732,0.15309,0.13732,0.03678,0.10273,0.11452,0.10273,4.00000,0.46591,0.03026,0.54050,0.54050,0.57076,0.03026,-0.80702,0.10485,0.57076,0.09125,0.57076,4.00000,0.10485,0.00000,0.00000,0.00000,0.00000,0.00000,0.00000,0.00000,0.00000,0.00000,0.00000,0.08389,0.00520,1.83074,1.11486,0.03678,0.21474,1.38312,1.54198,1.38312,0.03143,-0.91611,6.36978,0.11486,0.0282500000,0.0966200000,0.1279700000,0.7471500000,0.00015,1.64213,0.00000,0.00000,0.00000,0.00000
5641,vaska,381,HUN,381,22,1305,rural_settlement,fur,14.00002,0.23538,11,12.31497,12.31497,0.03077,0.06156,0.01000,1.10035,11.06228,0.05001,0.00000,0.00000,12.21264,12.21264,0.0024985851,0.0049987942,0.0008120198,0.0893506034,0.8982790863,0.0040609112,0.0000000000,0.9916906010,0.9916906010,lower,lower,0.08996,0.00035,0.00148,0.00261,0.09002,0.00000,0.16806,1.10790,0.00812,0.01926,0.02147,0.01926,0.01591,0.08282,0.09233,0.08282,0.02101,0.06026,0.06718,0.06026,4.00000,0.45198,0.03466,0.49976,0.49976,0.53442,0.03466,-0.66999,0.08244,0.53442,0.06912,0.53442,4.00000,0.08244,0.00000,0.00000,0.00000,0.00000,0.00000,0.00000,0.00000,0.00000,0.00000,0.00000,0.08682,0.00272,1.10791,1.11486,0.02101,0.12302,0.83143,0.92692,0.83143,0.01814,-0.91318,6.59234,0.11486,0.0483100000,0.0946600000,0.1250100000,0.7320000000,0.00015,0.99377,0.00000,0.00000,0.00000,0.00000
5642,virovitica,381,HUN,381,22,1305,rural_settlement,stone,18.00004,0.23910,11,11.71150,11.71150,0.03415,0.05854,0.01000,1.10036,10.45844,0.05001,0.00000,0.00000,11.60881,11.60881,0.0029159373,0.0049985057,0.0008538616,0.0939555138,0.8930060197,0.0042701618,0.0000000000,0.9912316953,0.9912316953,lower,lower,0.01501,0.00033,0.00122,0.00222,0.10367,0.00000,0.17980,0.17587,0.00812,0.01954,0.02178,0.01954,0.01513,0.08007,0.08926,0.08007,0.02002,0.05815,0.06482,0.05815,4.00000,0.25758,0.05128,0.31535,0.31535,0.36663,0.05128,-0.69150,-0.03785,0.36663,0.10905,0.36663,4.00000,0.10905,0.00000,0.00000,0.00000,1.00000,0.00000,0.00000,0.00000,0.00000,1.00000,0.00000,0.01288,0.00272,0.17588,1.11486,0.02002,0.13653,0.84312,0.00000,0.00000,0.01715,-0.98712,0.97819,0.11486,0.0451600000,0.0841400000,0.1113400000,0.7593400000,0.00015,0.15776,0.00000,0.00000,0.00000,0.00000
5643,vukovar,381,HUN,381,22,1269,rural_settlement,fur,19.00004,0.54204,8,23.88401,23.88401,0.09358,0.14729,0.01000,2.10063,21.48250,0.05001,0.00000,0.00000,23.63314,23.63314,0.0039181025,0.0061668874,0.0004186902,0.0879513114,0.8994511391,0.0020938695,0.0000000000,0.9894963199,0.9894963199,nobles,nobles,0.08090,0.00013,0.00312,0.00355,0.30370,0.00000,0.46091,1.93232,0.00812,0.01432,0.01596,0.01432,0.03807,0.17390,0.00000,0.00000,0.04058,0.09026,0.10062,0.09026,1.00000,0.10495,0.05195,0.17849,0.02869,0.18559,0.00710,-0.87970,-0.05557,0.08064,0.18559,0.18559,1.00000,0.08064,0.00000,1.00000,0.00000,0.00000,0.00000,0.00000,1.00000,0.00000,0.00000,0.00000,125.83762,0.00520,1.93233,1.11486,0.04058,0.37414,1.62867,1.81573,1.62867,0.03523,124.83762,4.19242,0.11486,0.0176100000,0.0825900000,0.0880400000,0.8117400000,0.00015,1.73325,0.00000,0.00000,0.00000,0.00000
5644,ilok,381,HUN,381,22,1269,rural_settlement,wine,17.00002,0.30995,9,23.62484,23.62484,0.05905,0.11811,0.00000,2.10064,21.29703,0.05001,0.00000,0.00000,23.44768,23.44768,0.0024994878,0.0049993989,0.0000000000,0.0889165810,0.9014676925,0.0021168397,0.0000000000,0.9925011132,0.9925011132,lower,lower,0.08997,0.00000,0.00303,0.00527,0.18159,0.00000,0.30689,2.12557,0.00000,0.00000,0.00000,0.00000,0.03053,0.16269,0.18137,0.16269,0.04027,0.11506,0.12827,0.11506,4.00000,0.47297,0.02640,0.58413,0.58413,0.61053,0.02640,-1.00000,0.13756,0.61053,0.12359,0.61053,4.00000,0.13756,0.00000,0.00000,0.00000,0.00000,0.00000,0.00000,0.00000,0.00000,0.00000,0.00000,0.09121,0.00520,2.12558,1.11486,0.04027,0.23609,1.62884,1.81592,1.62884,0.03492,-0.90879,6.92619,0.11486,0.0000000000,0.0994800000,0.1312100000,0.7692900000,0.00015,1.90659,0.00000,0.00000,0.00000,0.00000
5645,osijek,381,HUN,381,22,1269,rural_settlement,wheat,17.00004,0.47975,7,18.75807,18.75807,0.05190,0.09779,0.00000,1.10034,17.45803,0.05001,0.00000,0.00000,18.60838,18.60838,0.0027668092,0.0052132229,0.0000000000,0.0586595529,0.9306943625,0.0026660525,0.0000000000,0.9920199679,0.9920199679,lower,lower,0.00381,0.00000,0.00238,0.00374,0.16289,0.00000,0.26428,0.07154,0.00000,0.00000,0.00000,0.00000,0.02528,0.03932,0.04383,0.03932,0.03150,0.02486,0.02771,0.02486,4.00000,0.31624,0.04966,0.41333,0.41333,0.46299,0.04966,-1.00000,0.09376,0.46299,0.14675,0.46299,4.00000,0.14675,0.00000,0.00000,0.00000,2.00000,0.00000,0.00000,0.00000,0.00000,2.00000,0.00000,0.00356,0.00272,0.07155,1.11486,0.03150,0.20750,0.38645,0.00000,0.00000,0.02863,-0.99644,0.27073,0.11486,0.0000000000,0.0956500000,0.1191900000,0.7851500000,0.00015,0.06418,0.00000,0.00000,0.00000,0.00000
5646,petrovaradin,381,HUN,381,22,1269,rural_settlement,horses,15.00003,0.18924,14,20.64476,20.64476,0.05577,0.10322,0.01000,2.10065,18.32511,0.05001,0.00000,0.00000,20.47577,20.47577,0.0027014119,0.0049998159,0.0004843844,0.1017522122,0.8876397691,0.0024224065,0.0000000000,0.9918143878,0.9918143878,lower,lower,0.01504,0.00020,0.00242,0.00426,0.16956,0.00000,0.29317,0.31063,0.00812,0.03463,0.03860,0.03463,0.02668,0.24401,0.27203,0.24401,0.03540,0.18069,0.00000,0.00000,4.00000,0.37120,0.04667,0.43534,0.43534,0.48201,0.04667,-0.81084,0.04059,0.48201,0.11081,0.48201,4.00000,0.11081,0.00000,0.00000,1.00000,4.00000,0.00000,0.00000,0.00000,1.00000,4.00000,0.00000,0.01395,0.00520,0.31064,1.11486,0.03540,0.22297,2.51301,0.00000,0.00000,0.03005,-0.98605,1.05958,0.11486,0.0276900000,0.0910000000,0.1207400000,0.7605400000,0.00015,0.27864,0.00000,0.00000,0.00000,0.00000
5647,pozega,381,HUN,381,22,1269,rural_settlement,livestock,17.00004,0.24225,8,21.12456,21.12456,0.08281,0.10562,0.00000,2.10063,18.78549,0.05001,0.00000,0.00000,20.93613,20.93613,0.0039200816,0.0049998675,0.0000000000,0.0994401777,0.8892724866,0.0023673866,0.0000000000,0.9910800509,0.9910800509,nobles,nobles,0.08499,0.00000,0.00187,0.00329,0.27782,0.00000,0.39453,1.79555,0.00000,0.00000,0.00000,0.00000,0.02730,0.11981,0.13357,0.11981,0.03615,0.08688,0.09685,0.08688,1.00000,0.10107,0.05198,0.18025,0.07260,0.22565,0.04540,-1.00000,-0.20880,0.12458,0.22565,0.22565,1.00000,0.12458,0.00000,0.00000,0.00000,0.00000,0.00000,0.00000,0.00000,0.00000,0.00000,0.00000,136.60448,0.00520,1.79556,1.11486,0.03615,0.33108,1.40388,1.56512,1.40388,0.03080,135.60448,4.55113,0.11486,0.0000000000,0.0691900000,0.0916200000,0.8391700000,0.00015,1.61057,0.00000,0.00000,0.00000,0.00000
5648,sremska_mitrovica,381,HUN,381,22,1269,rural_settlement,wheat,14.00001,0.28329,14,21.76570,21.76570,0.05746,0.10882,0.01000,2.10064,19.43877,0.05001,0.00000,0.00000,21.58942,21.58942,0.0026399335,0.0049996095,0.0004594385,0.0965114837,0.8930918831,0.0022976518,0.0000000000,0.9919010186,0.9919010186,lower,lower,0.00712,0.00019,0.00260,0.00455,0.17404,0.00000,0.30320,0.15506,0.00812,0.00969,0.01080,0.00969,0.02813,0.07549,0.08416,0.07549,0.03722,0.05392,0.06011,0.05392,4.00000,0.40005,0.04408,0.46260,0.46260,0.50668,0.04408,-0.81706,0.06083,0.50668,0.10663,0.50668,4.00000,0.10663,0.00000,0.00000,0.00000,1.00000,0.00000,0.00000,0.00000,0.00000,1.00000,0.00000,0.00673,0.00520,0.15507,1.11486,0.03722,0.22973,0.76892,0.00000,0.00000,0.03187,-0.99327,0.51144,0.11486,0.0267800000,0.0927700000,0.1227500000,0.7576800000,0.00015,0.13910,0.00000,0.00000,0.00000,0.00000
5649,zagreb,381,HUN,381,2,1306,town,wheat,21.00004,0.07284,10,29.16069,29.16069,0.35119,0.56662,0.80019,2.75101,24.09154,0.60014,0.00000,0.00000,27.44269,27.44269,0.0120432678,0.0194309531,0.0274407087,0.0943396744,0.8261649501,0.0205804458,0.0000000000,0.9410850703,0.9410850703,burghers,burghers,0.06041,0.30354,0.01408,0.00174,0.67571,0.00000,2.35154,1.76170,0.84487,0.39193,0.43694,0.39193,0.18203,0.17928,0.19987,0.17928,0.06410,0.07991,0.08908,0.07991,3.00000,1.56918,0.00000,1.44929,-0.66552,1.45426,0.00497,1.45426,-0.11492,-0.66552,-0.21708,1.45426,3.00000,-0.11492,0.00000,0.00000,0.00000,0.00000,0.00000,0.00000,0.00000,0.00000,0.00000,0.00000,0.58368,0.00833,1.76171,1.11486,0.06410,1.26054,0.92909,1.03580,0.92909,0.05348,-0.41632,0.74917,0.11486,0.3592800000,0.0774000000,0.0272500000,0.5360400000,0.00229,1.58021,0.00000,0.00000,0.00000,0.00000
5650,karlovac,381,HUN,381,2,1306,rural_settlement,millet,14.00001,0.01680,9,21.17029,21.17029,0.06836,0.10584,0.00000,2.10066,18.84542,0.05001,0.00000,0.00000,20.99609,20.99609,0.0032290535,0.0049994591,0.0000000000,0.0992267938,0.8901824207,0.0023622728,0.0000000000,0.9917714873,0.9917714873,lower,lower,0.00786,0.00000,0.00350,0.00713,0.18368,0.00000,0.32774,0.16649,0.00000,0.00000,0.00000,0.00000,0.03400,0.08349,0.09307,0.08349,0.04838,0.06586,0.07342,0.06586,4.00000,0.62556,0.01019,0.80164,0.80164,0.81183,0.01019,-1.00000,0.18627,0.81183,0.09343,0.81183,4.00000,0.18627,0.00000,0.00000,0.00000,2.00000,0.00000,0.00000,0.00000,0.00000,2.00000,0.00000,0.00669,0.00636,0.16650,1.11486,0.04838,0.24536,0.91921,0.00000,0.00000,0.04183,-0.99331,0.50802,0.11486,0.0000000000,0.1037400000,0.1476100000,0.7486400000,0.00019,0.14935,0.00000,0.00000,0.00000,0.00000
5651,petrinja,381,HUN,381,2,1306,rural_settlement,stone,12.00001,0.02469,11,22.14401,22.14401,0.06140,0.11677,0.00215,2.06929,19.88363,0.01077,0.00000,0.00000,21.96369,21.96369,0.0027727589,0.0052732093,0.0000970917,0.0934469412,0.8979236371,0.0004863618,0.0000000000,0.9918569401,0.9918569401,lower,lower,0.01059,0.00000,0.00450,0.00817,0.15634,0.00000,0.31060,0.23456,0.00227,0.00329,0.00366,0.00329,0.03751,0.11322,0.00000,0.00000,0.05044,0.08444,0.09413,0.08444,4.00000,0.61234,0.01023,0.98301,0.98301,0.99324,0.01023,-0.95013,0.38090,0.99324,0.03629,0.99324,4.00000,0.38090,0.00000,1.00000,0.00000,1.00000,0.00000,0.00000,1.00000,0.00000,1.00000,0.00000,0.00994,0.00626,0.23457,1.11486,0.05044,0.22038,1.12268,0.13677,0.12268,0.04414,-0.99006,0.75521,0.11486,0.0073000000,0.1207600000,0.1623900000,0.7095200000,0.00004,0.21041,0.00000,0.00000,0.00000,0.00000
5652,sisak,381,HUN,381,2,1306,rural_settlement,livestock,15.00001,0.01305,9,20.79265,20.79265,0.06197,0.10396,0.00000,2.10068,18.47603,0.05001,0.00000,0.00000,20.62672,20.62672,0.0029803801,0.0049998437,0.0000000000,0.1010299312,0.8885846681,0.0024051768,0.0000000000,0.9920197762,0.9920197762,lower,lower,0.11326,0.00000,0.00365,0.00744,0.16306,0.00000,0.30338,2.35514,0.00000,0.00000,0.00000,0.00000,0.03339,0.16895,0.18835,0.16895,0.04756,0.13347,0.14880,0.13347,4.00000,0.66571,0.00957,0.91457,0.91457,0.92414,0.00957,-1.00000,0.25843,0.92414,0.07083,0.92414,4.00000,0.25843,0.00000,0.00000,0.00000,0.00000,0.00000,0.00000,0.00000,0.00000,0.00000,0.00000,0.10223,0.00636,2.35515,1.11486,0.04756,0.22243,1.81009,2.01799,1.81009,0.04101,-0.89777,7.76303,0.11486,0.0000000000,0.1100500000,0.1567600000,0.7331700000,0.00019,2.11251,0.00000,0.00000,0.00000,0.00000
5653,slunj,381,HUN,381,2,1306,rural_settlement,wool,10.00001,0.01673,8,21.11077,21.11077,0.05277,0.10554,0.00000,2.00053,18.95193,0.00000,0.00000,0.00000,20.95246,20.95246,0.0024996720,0.0049993439,0.0000000000,0.0947634785,0.8977375055,0.0000000000,0.0000000000,0.9925009841,0.9925009841,lower,lower,0.29617,0.00000,0.00419,0.00851,0.13215,0.00000,0.27143,6.25237,0.00000,0.00000,0.00000,0.00000,0.03390,0.47013,0.52412,0.47013,0.04813,0.37113,0.41375,0.37113,4.00000,0.74837,0.00793,1.16857,1.16857,1.17650,0.00793,-1.00000,0.42813,1.17650,0.01914,1.17650,4.00000,0.42813,0.00000,0.00000,0.00000,0.00000,0.00000,0.00000,0.00000,0.00000,0.00000,0.00000,0.30337,0.00606,6.25238,1.11486,0.04813,0.18940,4.76696,5.31449,4.76696,0.04207,-0.69663,23.03496,0.11486,0.0000000000,0.1248900000,0.1773200000,0.6977800000,0.00000,5.60822,0.00000,0.00000,0.00000,0.00000
5654,varazdin,381,HUN,381,22,1306,rural_settlement,wool,12.00001,0.23666,8,25.20238,25.20238,0.06299,0.12600,0.00000,2.10064,22.86274,0.05001,0.00000,0.00000,25.01339,25.01339,0.0024993671,0.0049995278,0.0000000000,0.0833508581,0.9071659105,0.0019843364,0.0000000000,0.9925011051,0.9925011051,lower,lower,0.08040,0.00000,0.00323,0.00559,0.19379,0.00000,0.32725,2.02649,0.00000,0.00000,0.00000,0.00000,0.03257,0.15442,0.17215,0.15442,0.04284,0.11238,0.12528,0.11238,4.00000,0.46870,0.02727,0.57945,0.57945,0.60672,0.02727,-1.00000,0.13802,0.60672,0.12398,0.60672,4.00000,0.13802,0.00000,0.00000,0.00000,0.00000,0.00000,0.00000,0.00000,0.00000,0.00000,0.00000,0.08155,0.00520,2.02650,1.11486,0.04284,0.25184,1.55092,1.72905,1.55092,0.03749,-0.91845,6.19251,0.11486,0.0000000000,0.0995200000,0.1309000000,0.7695600000,0.00015,1.81772,0.00000,0.00000,0.00000,0.00000
5704,dubica,381,HUN,381,2,1303,rural_settlement,legumes,15.00001,0.09241,9,11.85188,11.85188,0.02962,0.06490,0.00000,1.10036,10.60699,0.05001,0.00000,0.00000,11.75736,11.75736,0.0024991816,0.0054759245,0.0000000000,0.0928426545,0.8949626557,0.0042195837,0.0000000000,0.9920248939,0.9920248939,lower,lower,0.06901,0.00000,0.00278,0.00473,0.07327,0.00000,0.15422,0.81798,0.00000,0.00000,0.00000,0.00000,0.02085,0.07393,0.00000,0.00000,0.02706,0.05182,0.05777,0.05182,4.00000,0.60776,0.01029,1.14338,1.14338,1.15367,0.01029,-1.00000,0.54591,1.15367,0.00680,1.15367,4.00000,0.54591,0.00000,1.00000,0.00000,0.00000,0.00000,0.00000,1.00000,0.00000,0.00000,0.00000,0.06985,0.00333,0.81799,1.11486,0.02706,0.10631,0.68190,0.76022,0.68190,0.02354,-0.93015,5.30404,0.11486,0.0000000000,0.1351900000,0.1754600000,0.6893300000,0.00019,0.73372,0.00000,0.00000,0.00000,0.00000
5705,gradiski_brod,381,HUN,381,22,1303,rural_settlement,lumber,15.00001,0.16427,12,20.08216,20.08216,0.07494,0.12509,0.01000,2.10065,17.72147,0.05001,0.00000,0.00000,19.87213,19.87213,0.0037316703,0.0062289116,0.0004979544,0.1046027917,0.8824484020,0.0024902700,0.0000000000,0.9895414637,0.9895414637,lower,nobles,0.00448,0.00016,0.00277,0.00315,0.23971,0.00000,0.37448,0.09014,0.00812,0.01336,0.01489,0.01336,0.03233,0.11277,0.00000,0.00000,0.03441,0.06751,0.07526,0.06751,4.00000,0.04080,0.05422,0.07355,0.07355,0.12777,0.05422,-0.85190,-0.01280,0.12777,0.16857,0.16857,1.00000,0.12777,0.00000,1.00000,0.00000,3.00000,0.00000,0.00000,1.00000,0.00000,3.00000,0.00000,0.00317,0.00520,0.09015,1.11486,0.03441,0.29962,1.04293,0.00000,0.00000,0.02906,-0.99683,0.24073,0.11486,0.0216800000,0.0863300000,0.0918800000,0.8000900000,0.00015,0.08087,0.00000,0.00000,0.00000,0.00000
5723,debrc,381,HUN,381,22,1302,rural_settlement,beeswax,17.00001,0.17969,13,12.63477,12.63477,0.03671,0.16320,0.00000,1.10036,11.28449,0.05001,0.00000,0.00000,12.43486,12.43486,0.0029054743,0.0129167369,0.0000000000,0.0870898323,0.8931298314,0.0039581251,0.0000000000,0.9841777888,0.9841777888,clergy,clergy,0.01925,0.00000,0.00841,0.00213,0.10241,0.00000,0.21033,0.24326,0.00000,0.00000,0.00000,0.00000,0.04219,0.16976,0.18925,0.16976,0.02137,0.04845,0.05401,0.04845,2.00000,1.04657,0.00765,1.27806,0.23943,1.29365,0.01559,-1.00000,1.29365,0.24708,0.01917,1.29365,2.00000,0.24708,0.00000,0.00000,0.00000,1.00000,0.00000,0.00000,0.00000,0.00000,1.00000,0.00000,28.94064,0.00272,0.24327,1.11486,0.02137,0.14677,0.68941,0.00000,0.00000,0.01850,27.94064,1.15661,0.11486,0.0000000000,0.2005800000,0.1016000000,0.6978000000,0.00015,0.21821,0.00000,0.00000,0.00000,0.00000
5725,sabac,381,HUN,381,22,1302,rural_settlement,coal,12.00001,0.20520,15,13.97231,13.97231,0.05411,0.08382,0.01000,1.10036,12.67401,0.05001,0.00000,0.00000,13.82438,13.82438,0.0038726596,0.0059990080,0.0007157013,0.0787529049,0.9070805042,0.0035792220,0.0000000000,0.9894126311,0.9894126311,nobles,nobles,0.01232,0.00022,0.00170,0.00203,0.17345,0.00000,0.26976,0.17224,0.00812,0.01500,0.01672,0.01500,0.02166,0.08655,0.09649,0.08655,0.02365,0.05296,0.05904,0.05296,1.00000,0.09516,0.05198,0.08672,0.02412,0.17126,0.08454,-0.79438,-0.08187,0.07610,0.17126,0.17126,1.00000,0.07610,0.00000,0.00000,0.00000,2.00000,0.00000,0.00000,0.00000,0.00000,2.00000,0.00000,19.16580,0.00272,0.17225,1.11486,0.02365,0.21633,0.84168,0.00000,0.00000,0.02078,18.16580,0.63853,0.11486,0.0301000000,0.0802900000,0.0876700000,0.8019300000,0.00015,0.15451,0.00000,0.00000,0.00000,0.00000
5739,belgrad,381,HUN,381,22,1301,town,dyes,24.00004,0.16752,16,30.70106,30.70106,0.36737,0.69129,0.80022,1.75092,26.49109,0.60017,0.00000,0.00000,28.84218,28.84218,0.0119660364,0.0225168121,0.0260648981,0.0570312556,0.8628721614,0.0195488364,0.0000000000,0.9394522534,0.9394522534,burghers,burghers,0.10580,0.18025,0.01360,0.00104,0.91891,0.00000,2.34770,3.24827,0.65053,0.66398,0.74024,0.66398,0.17871,0.38746,0.43196,0.38746,0.04967,0.11453,0.12768,0.11453,3.00000,0.97906,0.00790,0.87370,-0.74829,0.89282,0.01912,0.89282,-0.12955,-0.74039,-0.08624,0.89282,3.00000,-0.08624,0.00000,0.00000,0.00000,0.00000,0.00000,0.00000,0.00000,0.00000,0.00000,0.00000,1.07797,0.00434,3.24828,1.11486,0.04967,1.46879,1.74766,1.94839,1.74766,0.04344,0.07797,1.38360,0.11486,0.2770900000,0.0761200000,0.0211500000,0.6256200000,0.00189,2.91363,0.00000,0.00000,0.00000,0.00000
