location_id,location,owner_id,owner_tag,controller_id,market_id,province_id,rank,raw_material,development,control,pop_group_count,population_total,sol_population_total,population_nobles,population_clergy,population_burghers,population_laborers,population_peasants,population_soldiers,population_tribesmen,population_slaves,population_commoners,population_lower,population_share_nobles,population_share_clergy,population_share_burghers,population_share_laborers,population_share_peasants,population_share_soldiers,population_share_tribesmen,population_share_commoners,population_share_lower,sol_class_label,sol_structural_class_label,gls_location_actual_per_capita_spending,sol_location_anchor_score_burghers,sol_location_anchor_score_clergy,sol_location_anchor_score_commoners,sol_location_anchor_score_nobles,sol_location_anchor_score_tribesmen,sol_location_base_total_spending,sol_location_baseline_total_spending,sol_location_burghers_base_spending,sol_location_burghers_income,sol_location_burghers_liquid_funds,sol_location_burghers_net_income,sol_location_clergy_base_spending,sol_location_clergy_income,sol_location_clergy_liquid_funds,sol_location_clergy_net_income,sol_location_commoners_base_spending,sol_location_commoners_income,sol_location_commoners_liquid_funds,sol_location_commoners_net_income,sol_location_demand_class,sol_location_demand_class_confidence,sol_location_demand_class_penalty_candidate,sol_location_demand_class_score,sol_location_demand_class_score_candidate,sol_location_demand_class_selected_affinity,sol_location_demand_class_selected_penalty,sol_location_demand_score_burghers,sol_location_demand_score_clergy,sol_location_demand_score_lower,sol_location_demand_score_nobles,sol_location_demand_structural_best_score,sol_location_demand_structural_class,sol_location_demand_structural_second_score,sol_location_estate_building_maintenance_burghers,sol_location_estate_building_maintenance_clergy,sol_location_estate_building_maintenance_commoners,sol_location_estate_building_maintenance_nobles,sol_location_estate_building_maintenance_tribesmen,sol_location_estate_buildings_burghers,sol_location_estate_buildings_clergy,sol_location_estate_buildings_commoners,sol_location_estate_buildings_nobles,sol_location_estate_buildings_tribesmen,sol_location_final_demand_scale,sol_location_laborers_base_spending,sol_location_liquid_funds,sol_location_liquid_funds_multiplier,sol_location_lower_base_spending,sol_location_nobles_base_spending,sol_location_nobles_income,sol_location_nobles_liquid_funds,sol_location_nobles_net_income,sol_location_peasants_base_spending,sol_location_pop_demand_modifier_size,sol_location_raw_demand_scale,sol_location_savings_pressure_adjustment,sol_location_share_burghers,sol_location_share_clergy,sol_location_share_lower,sol_location_share_nobles,sol_location_soldiers_base_spending,sol_location_total_income,sol_location_tribesmen_base_spending,sol_location_tribesmen_income,sol_location_tribesmen_liquid_funds,sol_location_tribesmen_net_income
3383,bihar,381,HUN,381,22,1280,rural_settlement,wine,17.00000,0.18420,7,21.33392,21.33392,0.05333,0.10841,0.00000,2.10059,19.02158,0.05001,0.00000,0.00000,21.17218,21.17218,0.0024997750,0.0050815790,0.0000000000,0.0984624485,0.8916120432,0.0023441543,0.0000000000,0.9924186460,0.9924186460,lower,lower,0.04012,0.00000,0.00280,0.00478,0.16365,0.00000,0.27778,0.85591,0.00000,0.00000,0.00000,0.00000,0.02802,0.15629,0.16382,0.15629,0.03654,0.11416,0.11966,0.11416,4.00000,0.45358,0.03297,0.57235,0.57235,0.60532,0.03297,-1.00000,0.15174,0.60532,0.12408,0.60532,4.00000,0.15174,0.00000,0.00000,0.00000,1.00000,0.00000,0.00000,0.00000,0.00000,1.00000,0.00000,0.45864,0.00520,0.85592,1.04824,0.03654,0.21322,1.54609,0.57243,0.54609,0.03119,-0.54136,3.08128,0.04824,0.0000000000,0.1008700000,0.1315400000,0.7675800000,0.00015,0.81654,0.00000,0.00000,0.00000,0.00000
3384,beius,381,HUN,381,22,1280,rural_settlement,iron,16.00000,0.01528,10,15.72132,15.72132,0.03930,0.07761,0.00000,1.10029,14.45411,0.05001,0.00000,0.00000,15.60441,15.60441,0.0024997901,0.0049366084,0.0000000000,0.0699871258,0.9193954452,0.0031810306,0.0000000000,0.9925636015,0.9925636015,lower,lower,0.08321,0.00000,0.00196,0.00343,0.12112,0.00000,0.20375,1.30827,0.00000,0.00000,0.00000,0.00000,0.02006,0.10341,0.10839,0.10341,0.02657,0.08272,0.08671,0.08272,4.00000,0.46211,0.03219,0.55921,0.55921,0.59140,0.03219,-1.00000,0.12411,0.59140,0.12929,0.59140,4.00000,0.12929,0.00000,0.00000,0.00000,0.00000,0.00000,0.00000,0.00000,0.00000,0.00000,0.00000,0.95576,0.00272,1.30828,1.04824,0.02657,0.15712,1.06195,1.11317,1.06195,0.02370,-0.04424,6.42100,0.04824,0.0000000000,0.0984500000,0.1304000000,0.7711400000,0.00015,1.24808,0.00000,0.00000,0.00000,0.00000
3385,cheresig,381,HUN,381,22,1280,rural_settlement,wool,17.00000,0.18423,7,23.40650,23.40650,0.08192,0.13943,0.00000,2.10059,21.03455,0.05001,0.00000,0.00000,23.18515,23.18515,0.0034998825,0.0059568923,0.0000000000,0.0897438746,0.8986627646,0.0021365860,0.0000000000,0.9905432252,0.9905432252,lower,lower,0.09460,0.00000,0.00319,0.00391,0.26588,0.00000,0.40340,2.21431,0.00000,0.00000,0.00000,0.00000,0.03604,0.19121,0.20043,0.19121,0.03984,0.11891,0.12464,0.11891,4.00000,0.01630,0.05372,0.15155,0.15155,0.20527,0.05372,-1.00000,0.02009,0.20527,0.18897,0.20527,4.00000,0.18897,0.00000,0.00000,0.00000,0.00000,0.00000,0.00000,0.00000,0.00000,0.00000,0.00000,0.81705,0.00520,2.21432,1.04824,0.03984,0.32752,1.80230,1.88924,1.80230,0.03449,-0.18295,5.48914,0.04824,0.0000000000,0.0893400000,0.0987600000,0.8118900000,0.00015,2.11242,0.00000,0.00000,0.00000,0.00000
3386,debrecen,381,HUN,381,22,1280,rural_settlement,beeswax,19.00001,0.18778,6,22.16557,22.16557,0.05825,0.11268,0.01000,2.10059,19.83404,0.05001,0.00000,0.00000,21.98464,21.98464,0.0026279496,0.0050835598,0.0004511501,0.0947681472,0.8948129915,0.0022562018,0.0000000000,0.9918373405,0.9918373405,lower,lower,0.01641,0.00019,0.00272,0.00464,0.17606,0.00000,0.30801,0.36373,0.00812,0.02428,0.02545,0.02428,0.02913,0.18669,0.19569,0.18669,0.03787,0.13604,0.14260,0.13604,4.00000,0.39320,0.04656,0.45392,0.45392,0.50048,0.04656,-0.82143,0.07981,0.50048,0.10728,0.50048,4.00000,0.10728,0.00000,0.00000,0.00000,2.00000,0.00000,0.00000,0.00000,0.00000,2.00000,0.00000,0.17578,0.00520,0.36374,1.04824,0.03787,0.23289,1.87295,0.00000,0.00000,0.03252,-0.82422,1.18093,0.04824,0.0263600000,0.0945700000,0.1229500000,0.7561100000,0.00015,0.34701,0.00000,0.00000,0.00000,0.00000
3387,oradea,381,HUN,381,22,1280,rural_settlement,wheat,17.00000,0.18421,7,22.16250,22.16250,0.05754,0.10981,0.00000,2.10059,19.84455,0.05001,0.00000,0.00000,21.99515,21.99515,0.0025962775,0.0049547659,0.0000000000,0.0947812747,0.8954111675,0.0022565144,0.0000000000,0.9924489566,0.9924489566,lower,lower,0.00570,0.00000,0.00269,0.00482,0.17859,0.00000,0.29632,0.12633,0.00000,0.00000,0.00000,0.00000,0.02838,0.06891,0.07223,0.06891,0.03789,0.05162,0.05411,0.05162,4.00000,0.42349,0.04233,0.51808,0.51808,0.56041,0.04233,-1.00000,0.09351,0.56041,0.13692,0.56041,4.00000,0.13692,0.00000,0.00000,0.00000,1.00000,0.00000,0.00000,0.00000,0.00000,1.00000,0.00000,0.06346,0.00520,0.12634,1.04824,0.03789,0.23005,0.70714,0.00000,0.00000,0.03254,-0.93654,0.42636,0.04824,0.0000000000,0.0957700000,0.1278600000,0.7763500000,0.00015,0.12053,0.00000,0.00000,0.00000,0.00000
3388,eger,381,HUN,381,22,1293,rural_settlement,clay,16.00000,0.64786,6,26.00982,26.00982,0.09317,0.15505,0.01000,2.10048,23.60111,0.05001,0.00000,0.00000,25.75160,25.75160,0.0035821086,0.0059612100,0.0003844702,0.0807571909,0.9073922849,0.0019227353,0.0000000000,0.9900722112,0.9900722112,lower,nobles,0.00560,0.00012,0.00344,0.00417,0.29854,0.00000,0.46475,0.14570,0.00812,0.00611,0.00640,0.00611,0.04008,0.08337,0.08739,0.08337,0.04405,0.04953,0.05191,0.04953,4.00000,0.01705,0.05368,0.10302,0.10302,0.15670,0.05368,-0.88165,-0.01541,0.15670,0.17375,0.17375,1.00000,0.15670,0.00000,0.00000,0.00000,1.00000,0.00000,0.00000,0.00000,0.00000,1.00000,0.00000,0.04666,0.00520,0.14571,1.04824,0.04405,0.37250,0.76511,0.00000,0.00000,0.03870,-0.95334,0.31352,0.04824,0.0174700000,0.0862300000,0.0947800000,0.8015000000,0.00015,0.13901,0.00000,0.00000,0.00000,0.00000
3389,heves,381,HUN,381,22,1293,rural_settlement,fish,20.00001,0.40706,6,22.71923,22.71923,0.05679,0.11259,0.01000,2.10060,20.38924,0.05001,0.00000,0.00000,22.53985,22.53985,0.0024996446,0.0049557137,0.0004401558,0.0924591194,0.8974441475,0.0022012190,0.0000000000,0.9921044859,0.9921044859,lower,lower,0.06064,0.00019,0.00277,0.00494,0.17010,0.00000,0.30305,1.37773,0.00812,0.01291,0.01353,0.01291,0.02910,0.11109,0.11644,0.11109,0.03878,0.07618,0.07985,0.07618,4.00000,0.46445,0.02785,0.53378,0.53378,0.56163,0.02785,-0.81852,0.09636,0.56163,0.09718,0.56163,4.00000,0.09718,0.00000,0.00000,0.00000,0.00000,0.00000,0.00000,0.00000,0.00000,0.00000,0.00000,0.67670,0.00520,1.37774,1.04824,0.03878,0.22705,1.11416,1.16790,1.11416,0.03343,-0.32330,4.54624,0.04824,0.0267900000,0.0960200000,0.1279600000,0.7492100000,0.00015,1.31434,0.00000,0.00000,0.00000,0.00000
3390,miskolc,381,HUN,381,22,1293,rural_settlement,stone,12.00000,0.33280,6,24.26090,24.26090,0.06299,0.12030,0.00000,2.10049,21.92711,0.05001,0.00000,0.00000,24.07761,24.07761,0.0025963588,0.0049585959,0.0000000000,0.0865792283,0.9038044755,0.0020613415,0.0000000000,0.9924450453,0.9924450453,lower,lower,0.01327,0.00000,0.00296,0.00524,0.19559,0.00000,0.32424,0.32199,0.00000,0.00000,0.00000,0.00000,0.03109,0.18000,0.18868,0.18000,0.04131,0.12719,0.13332,0.12719,4.00000,0.41736,0.04489,0.50990,0.50990,0.55479,0.04489,-1.00000,0.09477,0.55479,0.13743,0.55479,4.00000,0.13743,0.00000,0.00000,0.00000,2.00000,0.00000,0.00000,0.00000,0.00000,2.00000,0.00000,0.14782,0.00520,0.32200,1.04824,0.04131,0.25184,1.83211,0.00000,0.00000,0.03596,-0.85218,0.99309,0.04824,0.0000000000,0.0958800000,0.1274000000,0.7767000000,0.00015,0.30719,0.00000,0.00000,0.00000,0.00000
3391,borsod,381,HUN,381,22,1293,rural_settlement,livestock,17.00000,0.33288,6,19.61973,19.61973,0.04904,0.09709,0.00000,1.10032,18.32327,0.05001,0.00000,0.00000,19.47360,19.47360,0.0024995247,0.0049485900,0.0000000000,0.0560823212,0.9339205993,0.0025489647,0.0000000000,0.9925518853,0.9925518853,lower,lower,0.05025,0.00000,0.00244,0.00425,0.15125,0.00000,0.25407,0.98601,0.00000,0.00000,0.00000,0.00000,0.02509,0.07977,0.08361,0.07977,0.03292,0.05648,0.05920,0.05648,4.00000,0.45120,0.03399,0.54728,0.54728,0.58127,0.03399,-1.00000,0.12754,0.58127,0.13007,0.58127,4.00000,0.13007,0.00000,0.00000,0.00000,0.00000,0.00000,0.00000,0.00000,0.00000,0.00000,0.00000,0.57767,0.00272,0.98602,1.04824,0.03292,0.19606,0.80440,0.84320,0.80440,0.03005,-0.42233,3.88089,0.04824,0.0000000000,0.0987500000,0.1295700000,0.7716700000,0.00015,0.94065,0.00000,0.00000,0.00000,0.00000
3392,crasna,381,HUN,381,22,1277,rural_settlement,lumber,14.00000,0.01983,12,9.38440,9.38440,0.02343,0.10999,0.00000,1.10145,8.09947,0.05006,0.00000,0.00000,9.25098,9.25098,0.0024966966,0.0117205149,0.0000000000,0.1173703167,0.8630780870,0.0053343847,0.0000000000,0.9857827885,0.9857827885,clergy,clergy,0.01717,0.00000,0.00578,0.00188,0.06343,0.00000,0.13826,0.16120,0.00000,0.00000,0.00000,0.00000,0.02843,0.11529,0.12085,0.11529,0.01616,0.03851,0.04036,0.03851,2.00000,0.92139,0.00833,1.32810,0.41807,1.34779,0.01969,-1.00000,1.34779,0.42640,-0.00784,1.34779,2.00000,0.42640,0.00000,0.00000,0.00000,1.00000,0.00000,0.00000,0.00000,0.00000,1.00000,0.00000,31.59711,0.00273,0.16121,1.04824,0.01616,0.09367,0.49595,0.00000,0.00000,0.01328,30.59711,1.16599,0.04824,0.0000000000,0.2056200000,0.1168800000,0.6774900000,0.00015,0.15380,0.00000,0.00000,0.00000,0.00000
3393,hodod,381,HUN,381,22,1277,rural_settlement,wool,14.00000,0.01964,13,13.19603,13.19603,0.03513,0.06497,0.01000,1.10032,11.93560,0.05001,0.00000,0.00000,13.08593,13.08593,0.0026621643,0.0049234505,0.0007578037,0.0833826537,0.9044841517,0.0037897762,0.0000000000,0.9916565816,0.9916565816,lower,lower,0.01141,0.00031,0.00149,0.00266,0.10500,0.00000,0.18780,0.15066,0.00812,0.01716,0.01798,0.01716,0.01679,0.07032,0.07371,0.07032,0.02244,0.05626,0.05897,0.05626,4.00000,0.36293,0.04906,0.40908,0.40908,0.45814,0.04906,-0.70715,0.02078,0.45814,0.09521,0.45814,4.00000,0.09521,0.00000,0.00000,0.00000,1.00000,0.00000,0.00000,0.00000,0.00000,1.00000,0.00000,0.11941,0.00272,0.15067,1.04824,0.02244,0.14045,0.73735,0.00000,0.00000,0.01957,-0.88059,0.80228,0.04824,0.0432300000,0.0894000000,0.1194800000,0.7478700000,0.00015,0.14374,0.00000,0.00000,0.00000,0.00000
3394,zalau,381,HUN,381,22,1277,rural_settlement,legumes,14.00000,0.17998,7,14.88132,14.88132,0.05522,0.08928,0.00000,1.10034,13.58647,0.05001,0.00000,0.00000,14.73682,14.73682,0.0037106923,0.0059994678,0.0000000000,0.0739410214,0.9129882295,0.0033605890,0.0000000000,0.9902898399,0.9902898399,nobles,nobles,0.00486,0.00000,0.00197,0.00234,0.18115,0.00000,0.26900,0.07242,0.00000,0.00000,0.00000,0.00000,0.02308,0.04270,0.04475,0.04270,0.02515,0.02640,0.02767,0.02640,1.00000,0.06092,0.05204,0.09325,0.08891,0.20187,0.10862,-1.00000,-0.02043,0.14095,0.20187,0.20187,1.00000,0.14095,0.00000,0.00000,0.00000,2.00000,0.00000,0.00000,0.00000,0.00000,2.00000,0.00000,7.70898,0.00272,0.07243,1.04824,0.02515,0.22077,0.40856,0.00000,0.00000,0.02228,6.70898,0.26925,0.04824,0.0000000000,0.0857900000,0.0934900000,0.8207000000,0.00015,0.06910,0.00000,0.00000,0.00000,0.00000
3395,pest,381,HUN,381,22,1292,town,wheat,25.00001,0.93090,6,29.67818,29.67818,0.36663,0.57490,0.80021,2.75106,24.58523,0.60015,0.00000,0.00000,27.93644,27.93644,0.0123535203,0.0193711339,0.0269629068,0.0926963850,0.8283941266,0.0202219274,0.0000000000,0.9413124390,0.9413124390,burghers,burghers,0.03721,0.18287,0.00954,0.00103,0.92854,0.00000,2.31400,1.10442,0.65053,0.18299,0.19181,0.18299,0.14862,0.14054,0.14731,0.14054,0.04902,0.10406,0.10907,0.10406,3.00000,0.97666,0.00833,0.88616,-0.74984,0.90434,0.01818,0.90434,-0.26672,-0.74151,-0.07232,0.90434,3.00000,-0.07232,0.00000,0.00000,0.00000,0.00000,0.00000,0.00000,0.00000,0.00000,0.00000,0.00000,0.38645,0.00682,1.10444,1.04824,0.04902,1.46583,0.62603,0.65622,0.62603,0.04031,-0.61355,0.47728,0.04824,0.2811200000,0.0642200000,0.0211800000,0.6334600000,0.00189,1.05362,0.00000,0.00000,0.00000,0.00000
3396,abrahamtelke,381,HUN,381,22,1292,rural_settlement,saltpeter,21.00001,0.87501,6,19.54765,19.54765,0.05224,0.09773,0.01000,1.10037,18.23730,0.05001,0.00000,0.00000,19.38768,19.38768,0.0026724440,0.0049995780,0.0005115704,0.0562916770,0.9329663668,0.0025583638,0.0000000000,0.9918164076,0.9918164076,lower,lower,0.02393,0.00021,0.00229,0.00389,0.15861,0.00000,0.27501,0.46795,0.00812,0.01440,0.01509,0.01440,0.02526,0.14434,0.15130,0.14434,0.03277,0.18171,0.00000,0.00000,4.00000,0.34192,0.04978,0.40433,0.40433,0.45411,0.04978,-0.80002,0.04875,0.45411,0.11219,0.45411,4.00000,0.11219,0.00000,0.00000,1.00000,1.00000,0.00000,0.00000,0.00000,1.00000,1.00000,0.00000,0.25328,0.00272,0.46796,1.04824,0.03277,0.20886,1.28769,0.30156,0.28769,0.02990,-0.74672,1.70161,0.04824,0.0295200000,0.0918500000,0.1191500000,0.7594600000,0.00015,0.44643,0.00000,0.00000,0.00000,0.00000
3397,jaszbereny,381,HUN,381,22,1292,rural_settlement,wild_game,19.00001,0.45133,7,10.98677,10.98677,0.03057,0.05492,0.00000,1.10039,9.75088,0.05001,0.00000,0.00000,10.90128,10.90128,0.0027824374,0.0049987394,0.0000000000,0.1001559148,0.8875110701,0.0045518383,0.0000000000,0.9922188232,0.9922188232,lower,lower,0.03139,0.00000,0.00128,0.00225,0.09615,0.00000,0.15527,0.34495,0.00000,0.00000,0.00000,0.00000,0.01419,0.11149,0.11686,0.11149,0.01886,0.07442,0.07801,0.07442,4.00000,0.32958,0.05016,0.43214,0.43214,0.48230,0.05016,-1.00000,0.04338,0.48230,0.15272,0.48230,4.00000,0.15272,0.00000,0.00000,0.00000,1.00000,0.00000,0.00000,0.00000,0.00000,1.00000,0.00000,0.33069,0.00272,0.34496,1.04824,0.01886,0.12222,1.14318,0.15008,0.14318,0.01599,-0.66931,2.22167,0.04824,0.0000000000,0.0913800000,0.1214600000,0.7871400000,0.00015,0.32909,0.00000,0.00000,0.00000,0.00000
3398,kecskemet,381,HUN,381,22,1292,rural_settlement,horses,19.00001,0.64613,6,15.38478,15.38478,0.04217,0.08063,0.01000,1.10038,14.10159,0.05001,0.00000,0.00000,15.25198,15.25198,0.0027410207,0.0052408939,0.0006499930,0.0715239347,0.9165935424,0.0032506152,0.0000000000,0.9913680924,0.9913680924,lower,lower,0.02419,0.00026,0.00192,0.00299,0.12713,0.00000,0.22355,0.37215,0.00812,0.02597,0.02722,0.02597,0.02084,0.18395,0.19282,0.18395,0.02599,0.14512,0.15212,0.14512,4.00000,0.31437,0.05071,0.36813,0.36813,0.41884,0.05071,-0.75396,0.06439,0.41884,0.10447,0.41884,4.00000,0.10447,0.00000,0.00000,0.00000,2.00000,0.00000,0.00000,0.00000,0.00000,2.00000,0.00000,0.24780,0.00272,0.37216,1.04824,0.02599,0.16860,1.72463,0.00000,0.00000,0.02312,-0.75220,1.66477,0.04824,0.0363200000,0.0932200000,0.1162600000,0.7541900000,0.00015,0.35504,0.00000,0.00000,0.00000,0.00000
3399,szabolcs,381,HUN,381,22,1294,rural_settlement,fish,15.00000,0.24197,6,12.50988,12.50988,0.03127,0.06254,0.01000,1.10037,11.25569,0.05001,0.00000,0.00000,12.40607,12.40607,0.0024996243,0.0049992486,0.0007993682,0.0879600764,0.8997440423,0.0039976403,0.0000000000,0.9917017589,0.9917017589,lower,lower,0.04668,0.00035,0.00152,0.00263,0.09160,0.00000,0.17062,0.58400,0.00812,0.01061,0.01112,0.01061,0.01616,0.04652,0.04876,0.04652,0.02132,0.03376,0.03538,0.03376,4.00000,0.44348,0.03654,0.48835,0.48835,0.52489,0.03654,-0.67761,0.08141,0.52489,0.07304,0.52489,4.00000,0.08141,0.00000,0.00000,0.00000,0.00000,0.00000,0.00000,0.00000,0.00000,0.00000,0.00000,0.50949,0.00272,0.58401,1.04824,0.02132,0.12502,0.46625,0.48874,0.46625,0.01845,-0.49051,3.42286,0.04824,0.0475900000,0.0947100000,0.1249500000,0.7327300000,0.00015,0.55714,0.00000,0.00000,0.00000,0.00000
3400,hajduszoboszlo,381,HUN,381,22,1294,rural_settlement,wool,17.00000,0.33821,5,14.48523,14.48523,0.05069,0.09042,0.00000,1.10038,13.19373,0.05001,0.00000,0.00000,14.34412,14.34412,0.0034994267,0.0062422205,0.0000000000,0.0759656561,0.9108402145,0.0034524823,0.0000000000,0.9902583528,0.9902583528,lower,lower,0.08029,0.00000,0.00215,0.00239,0.16393,0.00000,0.25053,1.16301,0.00000,0.00000,0.00000,0.00000,0.02337,0.11700,0.00000,0.00000,0.02450,0.06538,0.06853,0.06538,4.00000,0.00881,0.05478,0.13865,0.13865,0.19343,0.05478,-1.00000,0.06508,0.19343,0.18462,0.19343,4.00000,0.18462,0.00000,1.00000,0.00000,0.00000,0.00000,0.00000,1.00000,0.00000,0.00000,0.00000,0.69099,0.00272,1.16302,1.04824,0.02450,0.20266,1.04412,1.09448,1.04412,0.02163,-0.30901,4.64223,0.04824,0.0000000000,0.0932800000,0.0977900000,0.8089200000,0.00015,1.10950,0.00000,0.00000,0.00000,0.00000
3401,nagyboszormeny,381,HUN,381,22,1294,rural_settlement,wool,21.00001,0.19276,6,11.71756,11.71756,0.02929,0.05858,0.01000,1.10038,10.46930,0.05001,0.00000,0.00000,11.61969,11.61969,0.0024996672,0.0049993343,0.0008534200,0.0939086294,0.8934709957,0.0042679534,0.0000000000,0.9916475785,0.9916475785,lower,lower,0.10620,0.00037,0.00137,0.00249,0.08547,0.00000,0.16039,1.24440,0.00812,0.02462,0.02580,0.02462,0.01514,0.09865,0.10340,0.09865,0.02003,0.07294,0.07645,0.07294,4.00000,0.44629,0.03530,0.48874,0.48874,0.52404,0.03530,-0.65709,0.07775,0.52404,0.06918,0.52404,4.00000,0.07775,0.00000,0.00000,0.00000,0.00000,0.00000,0.00000,0.00000,0.00000,0.00000,0.00000,1.15487,0.00272,1.24441,1.04824,0.02003,0.11710,0.99094,1.03874,0.99094,0.01716,0.15487,7.75865,0.04824,0.0506200000,0.0943900000,0.1248800000,0.7300900000,0.00015,1.18715,0.00000,0.00000,0.00000,0.00000
3402,nagykallo,381,HUN,381,22,1294,rural_settlement,wheat,19.00001,0.19275,6,11.14866,11.14866,0.03097,0.05573,0.01000,1.10037,9.90158,0.05001,0.00000,0.00000,11.05196,11.05196,0.0027779123,0.0049988070,0.0008969688,0.0986997541,0.8881408169,0.0044857409,0.0000000000,0.9913263119,0.9913263119,lower,lower,0.00457,0.00036,0.00120,0.00217,0.09266,0.00000,0.16544,0.05100,0.00812,0.01011,0.01059,0.01011,0.01440,0.03856,0.04042,0.03856,0.01910,0.02850,0.00000,0.00000,4.00000,0.31281,0.05083,0.35800,0.35800,0.40883,0.05083,-0.66752,-0.00616,0.40883,0.09602,0.40883,4.00000,0.09602,0.00000,0.00000,1.00000,1.00000,0.00000,0.00000,0.00000,1.00000,1.00000,0.00000,0.04589,0.00272,0.05101,1.04824,0.01910,0.12382,0.40004,0.00000,0.00000,0.01623,-0.95411,0.30832,0.04824,0.0490800000,0.0870400000,0.1154400000,0.7484200000,0.00015,0.04867,0.00000,0.00000,0.00000,0.00000
3403,varda,381,HUN,381,22,1294,rural_settlement,legumes,15.00000,0.19279,5,11.48196,11.48196,0.03180,0.05740,0.00000,1.10037,10.24238,0.05001,0.00000,0.00000,11.39276,11.39276,0.0027695620,0.0049991465,0.0000000000,0.0958346833,0.8920410801,0.0043555282,0.0000000000,0.9922312915,0.9922312915,lower,lower,0.00667,0.00000,0.00129,0.00235,0.09998,0.00000,0.16163,0.07659,0.00000,0.00000,0.00000,0.00000,0.01483,0.04200,0.04402,0.04200,0.01966,0.03108,0.03257,0.03108,4.00000,0.33242,0.05008,0.43429,0.43429,0.48437,0.05008,-1.00000,0.04761,0.48437,0.15195,0.48437,4.00000,0.15195,0.00000,0.00000,0.00000,1.00000,0.00000,0.00000,0.00000,0.00000,1.00000,0.00000,0.07054,0.00272,0.07660,1.04824,0.01966,0.12714,0.43564,0.00000,0.00000,0.01679,-0.92946,0.47392,0.04824,0.0000000000,0.0917500000,0.1216300000,0.7866100000,0.00015,0.07308,0.00000,0.00000,0.00000,0.00000
3404,szatmar,381,HUN,381,22,1276,rural_settlement,wheat,18.00000,0.18638,7,12.83177,12.83177,0.03510,0.06415,0.00000,1.10035,11.58216,0.05001,0.00000,0.00000,12.73252,12.73252,0.0027353982,0.0049993103,0.0000000000,0.0857520046,0.9026159291,0.0038973579,0.0000000000,0.9922652915,0.9922652915,lower,lower,0.00436,0.00000,0.00151,0.00262,0.11014,0.00000,0.17877,0.05606,0.00000,0.00000,0.00000,0.00000,0.01658,0.03071,0.03219,0.03071,0.02186,0.02278,0.02387,0.02278,4.00000,0.34277,0.04977,0.44254,0.44254,0.49231,0.04977,-1.00000,0.05891,0.49231,0.14954,0.49231,4.00000,0.14954,0.00000,0.00000,0.00000,1.00000,0.00000,0.00000,0.00000,0.00000,1.00000,0.00000,0.04668,0.00272,0.05607,1.04824,0.02186,0.14033,0.31741,0.00000,0.00000,0.01899,-0.95332,0.31364,0.04824,0.0000000000,0.0927400000,0.1222800000,0.7849700000,0.00015,0.05349,0.00000,0.00000,0.00000,0.00000
3405,baia_mare,381,HUN,381,22,1276,rural_settlement,goods_gold,14.00000,0.00892,10,15.30962,15.30962,0.05358,0.09085,0.00000,1.10032,14.01486,0.05001,0.00000,0.00000,15.16519,15.16519,0.0034997603,0.0059341773,0.0000000000,0.0718711503,0.9154283385,0.0032665736,0.0000000000,0.9905660624,0.9905660624,lower,lower,0.17735,0.00000,0.00208,0.00250,0.17412,0.00000,0.26355,2.71529,0.00000,0.00000,0.00000,0.00000,0.02348,0.23110,0.24224,0.23110,0.02585,0.15376,0.16117,0.15376,4.00000,0.00664,0.05511,0.14186,0.14186,0.19697,0.05511,-1.00000,0.01724,0.19697,0.19033,0.19697,4.00000,0.19033,0.00000,0.00000,0.00000,0.00000,0.00000,0.00000,0.00000,0.00000,0.00000,0.00000,1.53356,0.00272,2.71530,1.04824,0.02585,0.21422,2.20549,2.31188,2.20549,0.02298,0.53356,10.30278,0.04824,0.0000000000,0.0890900000,0.0980800000,0.8128200000,0.00015,2.59035,0.00000,0.00000,0.00000,0.00000
3406,carei,381,HUN,381,22,1276,rural_settlement,livestock,12.00000,0.19272,6,10.18840,10.18840,0.02546,0.05448,0.01000,1.10035,8.94810,0.05001,0.00000,0.00000,10.09846,10.09846,0.0024989203,0.0053472577,0.0009815084,0.1080002748,0.8782635154,0.0049085234,0.0000000000,0.9911723136,0.9911723136,lower,lower,0.07630,0.00042,0.00134,0.00211,0.07320,0.00000,0.14153,0.77740,0.00812,0.01924,0.02016,0.01924,0.01408,0.07167,0.00000,0.00000,0.01754,0.04953,0.05191,0.04953,4.00000,0.37657,0.04782,0.46462,0.46462,0.51244,0.04782,-0.61136,0.13587,0.51244,0.05324,0.51244,4.00000,0.13587,0.00000,1.00000,0.00000,0.00000,0.00000,0.00000,1.00000,0.00000,0.00000,0.00000,0.81761,0.00272,0.77741,1.04824,0.01754,0.10179,0.67287,0.70532,0.67287,0.01467,-0.18239,5.49289,0.04824,0.0573700000,0.0994800000,0.1239300000,0.7192100000,0.00015,0.74164,0.00000,0.00000,0.00000,0.00000
3407,nagyecsed,381,HUN,381,22,1276,rural_settlement,wool,17.00000,0.18778,6,12.52963,12.52963,0.03458,0.06263,0.01000,1.10036,11.27205,0.05001,0.00000,0.00000,12.42242,12.42242,0.0027598580,0.0049985514,0.0007981082,0.0878206300,0.8996315135,0.0039913389,0.0000000000,0.9914434824,0.9914434824,lower,lower,0.01408,0.00032,0.00141,0.00244,0.10390,0.00000,0.18391,0.17647,0.00812,0.01995,0.02091,0.01995,0.01619,0.08525,0.08936,0.08525,0.02135,0.06316,0.06620,0.06316,4.00000,0.31579,0.05066,0.36598,0.36598,0.41664,0.05066,-0.70092,0.00513,0.41664,0.10085,0.41664,4.00000,0.10085,0.00000,0.00000,0.00000,2.00000,0.00000,0.00000,0.00000,0.00000,2.00000,0.00000,0.14283,0.00272,0.17648,1.04824,0.02135,0.13825,0.88301,0.00000,0.00000,0.01848,-0.85717,0.95959,0.04824,0.0441500000,0.0880300000,0.1160800000,0.7517200000,0.00015,0.16836,0.00000,0.00000,0.00000,0.00000
3408,syvlyush,381,HUN,381,22,1276,rural_settlement,wine,18.00000,0.17773,10,10.89102,10.89102,0.03087,0.05810,0.01000,1.10035,9.64169,0.05001,0.00000,0.00000,10.79205,10.79205,0.0028344453,0.0053346702,0.0009181876,0.1010327775,0.8852880630,0.0045918564,0.0000000000,0.9909126969,0.9909126969,lower,lower,0.01295,0.00036,0.00133,0.00205,0.09216,0.00000,0.16524,0.14110,0.00812,0.01750,0.01834,0.01750,0.01502,0.06904,0.07237,0.06904,0.01868,0.04808,0.05039,0.04808,4.00000,0.28573,0.05127,0.32827,0.32827,0.37954,0.05127,-0.66711,0.03779,0.37954,0.09381,0.37954,4.00000,0.09381,0.00000,0.00000,0.00000,2.00000,0.00000,0.00000,0.00000,0.00000,2.00000,0.00000,0.12711,0.00272,0.14111,1.04824,0.01868,0.12342,0.67582,0.00000,0.00000,0.01581,-0.87289,0.85396,0.04824,0.0491400000,0.0908900000,0.1130400000,0.7469100000,0.00015,0.13462,0.00000,0.00000,0.00000,0.00000
3409,szolnok,381,HUN,381,22,1283,rural_settlement,wheat,15.00000,0.41257,6,15.54036,15.54036,0.05747,0.09323,0.00000,1.10036,14.23929,0.05001,0.00000,0.00000,15.38966,15.38966,0.0036981125,0.0059992175,0.0000000000,0.0708065965,0.9162780013,0.0032180722,0.0000000000,0.9903026700,0.9903026700,lower,nobles,0.00311,0.00000,0.00207,0.00242,0.18847,0.00000,0.28009,0.04838,0.00000,0.00000,0.00000,0.00000,0.02410,0.04617,0.04839,0.04617,0.02622,0.02604,0.00000,0.00000,4.00000,0.05892,0.05204,0.09038,0.09038,0.14242,0.05204,-1.00000,-0.01758,0.14242,0.20134,0.20134,1.00000,0.14242,0.00000,0.00000,1.00000,1.00000,0.00000,0.00000,0.00000,1.00000,1.00000,0.00000,0.02571,0.00272,0.04839,1.04824,0.02622,0.22977,0.43612,0.00000,0.00000,0.02335,-0.97429,0.17276,0.04824,0.0000000000,0.0860400000,0.0936100000,0.8203400000,0.00015,0.04617,0.00000,0.00000,0.00000,0.00000
3410,bekes,381,HUN,381,22,1283,rural_settlement,clay,15.00000,0.22923,6,13.26446,13.26446,0.03684,0.07000,0.01000,1.10036,11.99725,0.05001,0.00000,0.00000,13.14762,13.14762,0.0027773464,0.0052772597,0.0007538942,0.0829555067,0.9044657679,0.0037702251,0.0000000000,0.9911914997,0.9911914997,lower,lower,0.00518,0.00030,0.00163,0.00255,0.11064,0.00000,0.19604,0.06874,0.00812,0.00710,0.00744,0.00710,0.01809,0.03460,0.03626,0.03460,0.02254,0.02389,0.02504,0.02389,4.00000,0.30282,0.05092,0.35217,0.35217,0.40309,0.05092,-0.71941,0.05355,0.40309,0.10027,0.40309,4.00000,0.10027,0.00000,0.00000,0.00000,2.00000,0.00000,0.00000,0.00000,0.00000,2.00000,0.00000,0.05220,0.00272,0.06875,1.04824,0.02254,0.14729,0.33938,0.00000,0.00000,0.01967,-0.94780,0.35069,0.04824,0.0414200000,0.0922700000,0.1149700000,0.7513200000,0.00015,0.06559,0.00000,0.00000,0.00000,0.00000
3411,karcag,381,HUN,381,22,1283,rural_settlement,horses,14.00000,0.02695,11,10.80320,10.80320,0.02699,0.05400,0.01000,1.10037,9.56183,0.05001,0.00000,0.00000,10.71221,10.71221,0.0024983338,0.0049985190,0.0009256517,0.1018559316,0.8850923800,0.0046291839,0.0000000000,0.9915774956,0.9915774956,lower,lower,0.19388,0.00040,0.00127,0.00228,0.07836,0.00000,0.14853,2.09457,0.00812,0.04792,0.05023,0.04792,0.01396,0.16371,0.17160,0.16371,0.01855,0.12867,0.13487,0.12867,4.00000,0.45109,0.03428,0.48988,0.48988,0.52416,0.03428,-0.62972,0.07307,0.52416,0.06385,0.52416,4.00000,0.07307,0.00000,0.00000,0.00000,0.00000,0.00000,0.00000,0.00000,0.00000,0.00000,0.00000,2.09909,0.00272,2.09458,1.04824,0.01855,0.10790,1.65789,1.73786,1.65789,0.01568,1.09909,14.10206,0.04824,0.0546600000,0.0939800000,0.1248900000,0.7264500000,0.00015,1.99819,0.00000,0.00000,0.00000,0.00000
3412,szarvas,381,HUN,381,22,1283,rural_settlement,livestock,17.00000,0.32216,6,12.53324,12.53324,0.03133,0.06266,0.01000,1.10038,11.27886,0.05001,0.00000,0.00000,12.42925,12.42925,0.0024997527,0.0049995053,0.0007978783,0.0877969304,0.8999157441,0.0039901893,0.0000000000,0.9917028637,0.9917028637,lower,lower,0.07992,0.00035,0.00152,0.00263,0.09179,0.00000,0.17093,1.00174,0.00812,0.01755,0.01839,0.01755,0.01619,0.08029,0.08416,0.08029,0.02136,0.05646,0.05918,0.05646,4.00000,0.44360,0.03625,0.48876,0.48876,0.52501,0.03625,-0.67822,0.08141,0.52501,0.07316,0.52501,4.00000,0.08141,0.00000,0.00000,0.00000,0.00000,0.00000,0.00000,0.00000,0.00000,0.00000,0.00000,0.87234,0.00272,1.00175,1.04824,0.02136,0.12526,0.80135,0.84000,0.80135,0.01849,-0.12766,5.86058,0.04824,0.0475000000,0.0947100000,0.1249600000,0.7328100000,0.00015,0.95565,0.00000,0.00000,0.00000,0.00000
3413,hont,381,HUN,381,22,1298,rural_settlement,silver,18.00000,0.79881,8,24.29071,24.29071,0.06072,0.12320,0.01000,2.10066,21.94612,0.05001,0.00000,0.00000,24.09679,24.09679,0.0024997211,0.0050718979,0.0004116800,0.0864799753,0.9034779140,0.0020588118,0.0000000000,0.9920167010,0.9920167010,lower,lower,0.27211,0.00018,0.00311,0.00524,0.18184,0.00000,0.32406,6.60996,0.00812,0.05530,0.05796,0.05530,0.03184,0.66172,0.69364,0.66172,0.04134,0.78599,0.82390,0.78599,4.00000,0.43491,0.03853,0.51821,0.51821,0.55674,0.03853,-0.83030,0.12183,0.55674,0.09704,0.55674,4.00000,0.12183,0.00000,0.00000,0.00000,1.00000,0.00000,0.00000,0.00000,0.00000,1.00000,0.00000,3.03614,0.00520,6.60997,1.04824,0.04134,0.24276,5.80277,5.03445,4.80277,0.03599,2.03614,20.39736,0.04824,0.0250500000,0.0982500000,0.1275600000,0.7491200000,0.00015,6.30578,0.00000,0.00000,0.00000,0.00000
3414,banska_bystrica,381,HUN,381,22,1298,rural_settlement,copper,15.00000,0.01799,11,23.19549,23.19549,0.05798,0.11498,0.01000,2.10056,20.86196,0.05001,0.00000,0.00000,23.01253,23.01253,0.0024996238,0.0049569981,0.0004311183,0.0905589837,0.8993972535,0.0021560226,0.0000000000,0.9921122598,0.9921122598,lower,lower,0.21360,0.00019,0.00284,0.00504,0.17376,0.00000,0.30921,4.95468,0.00812,0.05367,0.05625,0.05367,0.02972,0.38886,0.40761,0.38886,0.03956,0.30933,0.32425,0.30933,4.00000,0.46340,0.02886,0.53240,0.53240,0.56126,0.02886,-0.82211,0.09739,0.56126,0.09786,0.56126,4.00000,0.09786,0.00000,0.00000,0.00000,0.00000,0.00000,0.00000,0.00000,0.00000,0.00000,0.00000,2.38512,0.00520,4.95469,1.04824,0.03956,0.23181,3.97482,4.16656,3.97482,0.03421,1.38512,16.02370,0.04824,0.0262600000,0.0961100000,0.1279300000,0.7496800000,0.00015,4.72668,0.00000,0.00000,0.00000,0.00000
3415,kremnica,381,HUN,381,22,1298,rural_settlement,goods_gold,15.00000,0.29233,9,23.15847,23.15847,0.06015,0.11479,0.00000,2.10056,20.83296,0.05001,0.00000,0.00000,22.98353,22.98353,0.0025973218,0.0049567178,0.0000000000,0.0907037468,0.8995827445,0.0021594691,0.0000000000,0.9924459604,0.9924459604,lower,lower,0.34244,0.00000,0.00284,0.00503,0.18675,0.00000,0.30966,7.93060,0.00000,0.00000,0.00000,0.00000,0.02967,0.80236,0.84106,0.80236,0.03951,0.57633,0.60413,0.57633,4.00000,0.41984,0.04237,0.51474,0.51474,0.55711,0.04237,-1.00000,0.09397,0.55711,0.13727,0.55711,4.00000,0.13727,0.00000,0.00000,0.00000,2.00000,0.00000,0.00000,0.00000,0.00000,2.00000,0.00000,3.81215,0.00520,7.93061,1.04824,0.03951,0.24048,8.18696,6.48541,6.18696,0.03416,2.81215,25.61070,0.04824,0.0000000000,0.0958100000,0.1275900000,0.7765900000,0.00015,7.56565,0.00000,0.00000,0.00000,0.00000
3416,krupina,381,HUN,381,22,1298,town,wine,17.00000,0.33121,10,16.75316,16.75316,0.22091,0.36807,0.80018,1.75070,13.01316,0.60014,0.00000,0.00000,15.36400,15.36400,0.0131861691,0.0219701835,0.0477629295,0.1044996884,0.7767585339,0.0358224956,0.0000000000,0.9170807179,0.9170807179,burghers,burghers,0.07161,0.25545,0.00546,0.00045,0.47093,0.00000,1.65644,1.19975,0.65050,0.37265,0.39062,0.37265,0.09515,0.12571,0.13177,0.12571,0.02757,0.04955,0.05194,0.04955,3.00000,1.87935,0.00000,1.65808,-0.79692,1.66020,0.00212,1.66020,-0.34414,-0.79692,-0.21915,1.66020,3.00000,-0.21915,0.00000,0.00000,0.00000,0.00000,0.00000,0.00000,0.00000,0.00000,0.00000,0.00000,0.58647,0.00434,1.19977,1.04824,0.02757,0.88322,0.59665,0.62543,0.59665,0.02134,-0.41353,0.72430,0.04824,0.3927000000,0.0574400000,0.0166400000,0.5332000000,0.00189,1.14456,0.00000,0.00000,0.00000,0.00000
3417,stary_tekov,381,HUN,381,22,1298,rural_settlement,fruit,16.00000,0.49857,7,23.16744,23.16744,0.06068,0.11762,0.00000,2.10065,20.83848,0.05001,0.00000,0.00000,22.98914,22.98914,0.0026191931,0.0050769528,0.0000000000,0.0906725128,0.8994727082,0.0021586330,0.0000000000,0.9923038540,0.9923038540,lower,lower,0.01219,0.00000,0.00294,0.00499,0.18830,0.00000,0.31252,0.28254,0.00000,0.00000,0.00000,0.00000,0.03040,0.16393,0.17183,0.16393,0.03952,0.10562,0.11071,0.10562,4.00000,0.40640,0.04571,0.49749,0.49749,0.54320,0.04571,-1.00000,0.11064,0.54320,0.13680,0.54320,4.00000,0.13680,0.00000,0.00000,0.00000,2.00000,0.00000,0.00000,0.00000,0.00000,2.00000,0.00000,0.13457,0.00520,0.28255,1.04824,0.03952,0.24260,1.62033,0.00000,0.00000,0.03417,-0.86543,0.90410,0.04824,0.0000000000,0.0972700000,0.1264500000,0.7762700000,0.00015,0.26955,0.00000,0.00000,0.00000,0.00000
3418,zvolen,381,HUN,381,22,1298,rural_settlement,lumber,15.00000,0.21444,11,20.38198,20.38198,0.05095,0.10090,0.01000,2.10058,18.06954,0.05001,0.00000,0.00000,20.22013,20.22013,0.0024997571,0.0049504513,0.0004906295,0.1030606447,0.8865448793,0.0024536380,0.0000000000,0.9920591621,0.9920591621,lower,lower,0.08456,0.00021,0.00249,0.00447,0.15204,0.00000,0.27288,1.72360,0.00812,0.02090,0.02190,0.02090,0.02608,0.14577,0.15280,0.14577,0.03498,0.10801,0.00000,0.00000,4.00000,0.47113,0.02583,0.53848,0.53848,0.56431,0.02583,-0.79846,0.09123,0.56431,0.09318,0.56431,4.00000,0.09318,0.00000,0.00000,1.00000,0.00000,0.00000,0.00000,0.00000,1.00000,0.00000,0.00000,0.94019,0.00520,1.72361,1.04824,0.03498,0.20370,1.47762,1.54890,1.47762,0.02963,-0.05981,6.31636,0.04824,0.0297500000,0.0955700000,0.1281800000,0.7464800000,0.00015,1.64429,0.00000,0.00000,0.00000,0.00000
3419,khust,381,HUN,381,22,1274,rural_settlement,fur,16.00000,0.17656,10,9.51039,9.51039,0.02376,0.04754,0.00000,1.10034,8.28874,0.05001,0.00000,0.00000,9.43909,9.43909,0.0024983203,0.0049987435,0.0000000000,0.1156987253,0.8715457515,0.0052584594,0.0000000000,0.9925029363,0.9925029363,lower,lower,0.07822,0.00000,0.00121,0.00218,0.07289,0.00000,0.12374,0.74392,0.00000,0.00000,0.00000,0.00000,0.01229,0.06012,0.06302,0.06012,0.01646,0.04477,0.04692,0.04477,4.00000,0.48934,0.01628,0.60710,0.60710,0.62338,0.01628,-1.00000,0.13404,0.62338,0.12418,0.62338,4.00000,0.13404,0.00000,0.00000,0.00000,0.00000,0.00000,0.00000,0.00000,0.00000,0.00000,0.00000,0.89489,0.00272,0.74393,1.04824,0.01646,0.09499,0.60481,0.63398,0.60481,0.01359,-0.10511,6.01204,0.04824,0.0000000000,0.0993200000,0.1330200000,0.7676500000,0.00015,0.70970,0.00000,0.00000,0.00000,0.00000
3420,mezhorje,381,HUN,381,22,1274,rural_settlement,lumber,14.00000,0.01514,13,5.28471,5.28471,0.01632,0.02641,0.00000,1.10034,4.09163,0.05001,0.00000,0.00000,5.24198,5.24198,0.0030881543,0.0049974360,0.0000000000,0.2082119927,0.7742392676,0.0094631493,0.0000000000,0.9919144097,0.9919144097,lower,lower,0.03972,0.00000,0.00048,0.00110,0.05205,0.00000,0.08164,0.20990,0.00000,0.00000,0.00000,0.00000,0.00682,0.09499,0.09957,0.09499,0.00958,0.07501,0.07862,0.07501,4.00000,0.26177,0.05141,0.38061,0.38061,0.43202,0.05141,-1.00000,-0.04624,0.43202,0.17025,0.43202,4.00000,0.17025,0.00000,0.00000,0.00000,1.00000,0.00000,0.00000,0.00000,0.00000,1.00000,0.00000,0.38271,0.00272,0.20991,1.04824,0.00958,0.06524,1.03025,0.03170,0.03025,0.00671,-0.61729,2.57116,0.04824,0.0000000000,0.0835300000,0.1173400000,0.7991100000,0.00015,0.20025,0.00000,0.00000,0.00000,0.00000
3421,sighet,381,HUN,381,22,1274,rural_settlement,salt,15.00000,0.00673,16,10.79707,10.79707,0.04088,0.06477,0.01000,1.10032,9.53109,0.05001,0.00000,0.00000,10.68142,10.68142,0.0037862124,0.0059988497,0.0009261772,0.1019091291,0.8827478195,0.0046318121,0.0000000000,0.9892887607,0.9892887607,nobles,nobles,0.01534,0.00029,0.00135,0.00164,0.12915,0.00000,0.20680,0.16567,0.00812,0.02042,0.02140,0.02042,0.01674,0.08305,0.08705,0.08305,0.01850,0.05459,0.05722,0.05459,1.00000,0.06573,0.05155,0.06526,0.04010,0.15738,0.09212,-0.73404,-0.07581,0.09165,0.15738,0.15738,1.00000,0.09165,0.00000,0.00000,0.00000,1.00000,0.00000,0.00000,0.00000,0.00000,1.00000,0.00000,22.93827,0.00272,0.16568,1.04824,0.01850,0.16344,0.80723,0.00000,0.00000,0.01563,21.93827,0.80116,0.04824,0.0392600000,0.0809400000,0.0894500000,0.7903200000,0.00015,0.15806,0.00000,0.00000,0.00000,0.00000
3422,cuhea,381,HUN,381,22,1274,rural_settlement,stone,14.00000,0.00638,14,7.29335,7.29335,0.03153,0.03646,0.00000,1.85056,5.32479,0.05001,0.00000,0.00000,7.22536,7.22536,0.0043231163,0.0049990745,0.0000000000,0.2537325098,0.7300883682,0.0068569313,0.0000000000,0.9906778092,0.9906778092,nobles,nobles,0.02675,0.00000,0.00053,0.00120,0.10668,0.00000,0.14894,0.19509,0.00000,0.00000,0.00000,0.00000,0.00942,0.10399,0.10900,0.10399,0.01346,0.08214,0.08610,0.08214,1.00000,0.13660,0.05152,0.22568,0.05136,0.23948,0.01380,-1.00000,-0.27791,0.10288,0.23948,0.23948,1.00000,0.10288,0.00000,0.00000,0.00000,2.00000,0.00000,0.00000,0.00000,0.00000,2.00000,0.00000,37.50475,0.00458,0.19510,1.04824,0.01346,0.12606,1.28092,0.00000,0.00000,0.00873,36.50475,1.30992,0.04824,0.0000000000,0.0632400000,0.0903700000,0.8463800000,0.00015,0.18613,0.00000,0.00000,0.00000,0.00000
3423,rakhiv,381,HUN,381,17,1274,rural_settlement,amber,15.00000,0.00010,16,4.75144,4.75144,0.03391,0.03770,0.00000,1.10035,3.52947,0.05001,0.00000,0.00000,4.67983,4.67983,0.0071367838,0.0079344367,0.0000000000,0.2315824255,0.7428211237,0.0105252302,0.0000000000,0.9849287795,0.9849287795,nobles,nobles,0.00028,0.00000,0.00042,0.00077,0.08492,0.00000,0.11669,0.00135,0.00000,0.00000,0.00000,0.00000,0.00755,0.00087,0.00091,0.00087,0.00958,0.00043,0.00045,0.00043,1.00000,0.24763,0.05147,0.23569,-0.04964,0.24946,0.01377,-1.00000,-0.26124,0.00183,0.24946,0.24946,1.00000,0.00183,0.00000,0.00000,0.00000,1.00000,0.00000,0.00000,0.00000,0.00000,1.00000,0.00000,0.33355,0.00289,0.00136,1.04824,0.00958,0.09956,0.00867,0.00000,0.00000,0.00652,-0.66645,0.01165,0.04824,0.0000000000,0.0647000000,0.0820900000,0.8532000000,0.00017,0.00130,0.00000,0.00000,0.00000,0.00000
3426,nograd,381,HUN,381,22,1297,rural_settlement,fruit,23.00001,0.86850,6,13.02916,13.02916,0.03643,0.06514,0.00000,1.10042,11.77716,0.05001,0.00000,0.00000,12.92759,12.92759,0.0027960360,0.0049995548,0.0000000000,0.0844582460,0.9039078498,0.0038383134,0.0000000000,0.9922044092,0.9922044092,lower,lower,0.01571,0.00000,0.00151,0.00265,0.11485,0.00000,0.18466,0.20473,0.00000,0.00000,0.00000,0.00000,0.01683,0.08784,0.09207,0.08784,0.02218,0.10748,0.11266,0.10748,4.00000,0.31075,0.05086,0.41496,0.41496,0.46582,0.05086,-1.00000,0.04064,0.46582,0.15507,0.46582,4.00000,0.15507,0.00000,0.00000,0.00000,3.00000,0.00000,0.00000,0.00000,0.00000,3.00000,0.00000,0.16503,0.00272,0.20474,1.04824,0.02218,0.14565,0.80144,0.00000,0.00000,0.01931,-0.83497,1.10874,0.04824,0.0000000000,0.0911400000,0.1201100000,0.7887400000,0.00015,0.19532,0.00000,0.00000,0.00000,0.00000
3427,balassagyarmat,381,HUN,381,22,1297,rural_settlement,medicaments,19.00000,0.64286,8,14.72845,14.72845,0.03681,0.07363,0.01000,1.10035,13.45765,0.05001,0.00000,0.00000,14.60801,14.60801,0.0024992447,0.0049991683,0.0006789581,0.0747091513,0.9137180083,0.0033954693,0.0000000000,0.9918226290,0.9918226290,lower,lower,0.05215,0.00030,0.00180,0.00311,0.10865,0.00000,0.19926,0.76809,0.00812,0.00984,0.01031,0.00984,0.01903,0.06350,0.06656,0.06350,0.02494,0.05199,0.05449,0.05199,4.00000,0.43702,0.03698,0.49047,0.49047,0.52745,0.03698,-0.72395,0.09043,0.52745,0.08161,0.52745,4.00000,0.09043,0.00000,0.00000,0.00000,0.00000,0.00000,0.00000,0.00000,0.00000,0.00000,0.00000,0.57378,0.00272,0.76810,1.04824,0.02494,0.14717,0.60743,0.63673,0.60743,0.02207,-0.42622,3.85476,0.04824,0.0407500000,0.0955000000,0.1251600000,0.7385800000,0.00015,0.73276,0.00000,0.00000,0.00000,0.00000
3428,gemer,381,HUN,381,22,1297,rural_settlement,fruit,16.00000,0.37937,7,16.31273,16.31273,0.04451,0.08529,0.00000,1.10035,15.03257,0.05001,0.00000,0.00000,16.18293,16.18293,0.0027285439,0.0052284320,0.0000000000,0.0674534551,0.9215238651,0.0030657039,0.0000000000,0.9920430241,0.9920430241,lower,lower,0.00341,0.00000,0.00210,0.00329,0.13915,0.00000,0.22751,0.05573,0.00000,0.00000,0.00000,0.00000,0.02204,0.08091,0.00000,0.00000,0.02752,0.05318,0.05574,0.05318,4.00000,0.33077,0.05014,0.42606,0.42606,0.47620,0.05014,-1.00000,0.10607,0.47620,0.14543,0.47620,4.00000,0.14543,0.00000,1.00000,0.00000,1.00000,0.00000,0.00000,1.00000,0.00000,1.00000,0.00000,0.03646,0.00272,0.05574,1.04824,0.02752,0.17795,0.79101,0.00000,0.00000,0.02465,-0.96354,0.24500,0.04824,0.0000000000,0.0968700000,0.1209600000,0.7821600000,0.00015,0.05318,0.00000,0.00000,0.00000,0.00000
3429,podmuran,381,HUN,381,22,1297,rural_settlement,iron,15.00000,0.02603,8,11.86718,11.86718,0.03188,0.05833,0.00000,1.10033,10.62663,0.05001,0.00000,0.00000,11.77697,11.77697,0.0026864006,0.0049152368,0.0000000000,0.0927204273,0.8954637917,0.0042141435,0.0000000000,0.9923983625,0.9923983625,lower,lower,0.02017,0.00000,0.00135,0.00251,0.09974,0.00000,0.16282,0.23937,0.00000,0.00000,0.00000,0.00000,0.01507,0.12686,0.13297,0.12686,0.02029,0.10151,0.10640,0.10151,4.00000,0.37434,0.04806,0.47268,0.47268,0.52074,0.04806,-1.00000,0.05674,0.52074,0.14640,0.52074,4.00000,0.14640,0.00000,0.00000,0.00000,2.00000,0.00000,0.00000,0.00000,0.00000,2.00000,0.00000,0.21884,0.00272,0.23938,1.04824,0.02029,0.12746,1.33638,0.00000,0.00000,0.01742,-0.78116,1.47021,0.04824,0.0000000000,0.0925500000,0.1246100000,0.7828200000,0.00015,0.22837,0.00000,0.00000,0.00000,0.00000
3430,rimavska_sobota,381,HUN,381,22,1297,rural_settlement,copper,18.00000,0.21739,11,8.44458,8.44458,0.02421,0.04222,0.01000,1.10035,7.21779,0.05001,0.00000,0.00000,8.36815,8.36815,0.0028669277,0.0049996566,0.0011841915,0.1303025136,0.8547245689,0.0059221418,0.0000000000,0.9909492242,0.9909492242,lower,lower,0.12453,0.00045,0.00084,0.00160,0.07171,0.00000,0.13052,1.05167,0.00812,0.05468,0.05731,0.05468,0.01091,0.15978,0.16748,0.15978,0.01470,0.11696,0.12260,0.11696,4.00000,0.28843,0.05097,0.32345,0.32345,0.37442,0.05097,-0.57858,-0.04567,0.37442,0.08599,0.37442,4.00000,0.08599,0.00000,0.00000,0.00000,1.00000,0.00000,0.00000,0.00000,0.00000,1.00000,0.00000,1.19937,0.00272,1.05168,1.04824,0.01470,0.09679,1.67187,0.70428,0.67187,0.01183,0.19937,8.05761,0.04824,0.0622100000,0.0835800000,0.1126200000,0.7415700000,0.00015,1.00329,0.00000,0.00000,0.00000,0.00000
3431,roznava,381,HUN,381,22,1297,rural_settlement,stone,15.00000,0.03101,10,12.36052,12.36052,0.03454,0.06545,0.01000,1.10033,11.10019,0.05001,0.00000,0.00000,12.25053,12.25053,0.0027943808,0.0052950847,0.0008090275,0.0890197176,0.8980358432,0.0040459463,0.0000000000,0.9911015071,0.9911015071,lower,lower,0.00755,0.00032,0.00152,0.00238,0.10347,0.00000,0.18420,0.09339,0.00812,0.02188,0.02293,0.02188,0.01692,0.09079,0.00000,0.00000,0.02107,0.06723,0.07047,0.06723,4.00000,0.29804,0.05094,0.34495,0.34495,0.39589,0.05094,-0.70139,0.04875,0.39589,0.09785,0.39589,4.00000,0.09785,0.00000,1.00000,0.00000,1.00000,0.00000,0.00000,1.00000,0.00000,1.00000,0.00000,0.07547,0.00272,0.09340,1.04824,0.02107,0.13809,0.89794,0.00000,0.00000,0.01820,-0.92453,0.50705,0.04824,0.0440800000,0.0918500000,0.1143800000,0.7496700000,0.00015,0.08911,0.00000,0.00000,0.00000,0.00000
3432,salgotarjan,381,HUN,381,22,1297,rural_settlement,wild_game,19.00000,0.64291,8,17.63889,17.63889,0.06535,0.10946,0.01000,1.10035,16.30372,0.05001,0.00000,0.00000,17.45408,17.45408,0.0037048817,0.0062056059,0.0005669291,0.0623820433,0.9243053276,0.0028352124,0.0000000000,0.9895225833,0.9895225833,nobles,nobles,0.01310,0.00018,0.00244,0.00265,0.20856,0.00000,0.32728,0.23109,0.00812,0.01304,0.01366,0.01304,0.02829,0.12510,0.13113,0.12510,0.02960,0.08233,0.08630,0.08233,1.00000,0.06534,0.05155,0.07341,0.05218,0.16907,0.09566,-0.83193,-0.01313,0.10373,0.16907,0.16907,1.00000,0.10373,0.00000,0.00000,0.00000,2.00000,0.00000,0.00000,0.00000,0.00000,2.00000,0.00000,20.21715,0.00272,0.23110,1.04824,0.02960,0.26127,1.10366,0.00000,0.00000,0.02673,19.21715,0.70612,0.04824,0.0248100000,0.0864300000,0.0904400000,0.7983000000,0.00015,0.22047,0.00000,0.00000,0.00000,0.00000
3433,bratislava,381,HUN,381,22,1299,town,beeswax,24.00001,0.48158,11,25.78967,25.78967,0.31580,0.51266,0.80019,2.75101,20.80986,0.60015,0.00000,0.00000,24.16102,24.16102,0.0122452129,0.0198785017,0.0310275393,0.1066710043,0.8069067964,0.0232709453,0.0000000000,0.9368487460,0.9368487460,burghers,burghers,0.07517,0.20261,0.00840,0.00087,0.76332,0.00000,2.08848,1.93869,0.65051,0.43755,0.45865,0.43755,0.13253,0.22315,0.23391,0.22315,0.04283,0.15450,0.16195,0.15450,3.00000,1.22460,0.00021,1.09349,-0.75002,1.10994,0.01645,1.10994,-0.27551,-0.74981,-0.11466,1.10994,3.00000,-0.11466,0.00000,0.00000,0.00000,0.00000,0.00000,0.00000,0.00000,0.00000,0.00000,0.00000,0.75163,0.00682,1.93871,1.04824,0.04283,1.26261,1.03430,1.08419,1.03430,0.03412,-0.24837,0.92828,0.04824,0.3114700000,0.0634500000,0.0205000000,0.6045500000,0.00189,1.84950,0.00000,0.00000,0.00000,0.00000
3434,hlohovec,381,HUN,381,22,1299,rural_settlement,wheat,20.00000,0.45190,8,22.92757,22.92757,0.05731,0.11363,0.00000,2.10066,20.60596,0.05001,0.00000,0.00000,22.75663,22.75663,0.0024996107,0.0049560420,0.0000000000,0.0916215718,0.8987415587,0.0021812168,0.0000000000,0.9925443473,0.9925443473,lower,lower,0.04065,0.00000,0.00288,0.00514,0.17638,0.00000,0.29764,0.93221,0.00000,0.00000,0.00000,0.00000,0.02937,0.07612,0.07979,0.07612,0.03914,0.05126,0.05373,0.05126,4.00000,0.47747,0.02224,0.58259,0.58259,0.60483,0.02224,-1.00000,0.12662,0.60483,0.12736,0.60483,4.00000,0.12736,0.00000,0.00000,0.00000,0.00000,0.00000,0.00000,0.00000,0.00000,0.00000,0.00000,0.46620,0.00520,0.93222,1.04824,0.03914,0.22913,0.76194,0.79869,0.76194,0.03379,-0.53380,3.13203,0.04824,0.0000000000,0.0986700000,0.1315000000,0.7698200000,0.00015,0.88932,0.00000,0.00000,0.00000,0.00000
3435,holic,381,HUN,381,22,1299,rural_settlement,lumber,19.00001,0.33728,10,17.82686,17.82686,0.04729,0.09083,0.01000,1.10032,16.52841,0.05001,0.00000,0.00000,17.67874,17.67874,0.0026527386,0.0050951205,0.0005609513,0.0617225916,0.9271632806,0.0028053174,0.0000000000,0.9916911896,0.9916911896,lower,lower,0.00691,0.00023,0.00219,0.00355,0.14259,0.00000,0.25064,0.12324,0.00812,0.00958,0.01004,0.00958,0.02348,0.06406,0.06715,0.06406,0.02997,0.04394,0.04605,0.04394,4.00000,0.35454,0.04914,0.41009,0.41009,0.45923,0.04914,-0.78058,0.06965,0.45923,0.10469,0.45923,4.00000,0.10469,0.00000,0.00000,0.00000,2.00000,0.00000,0.00000,0.00000,0.00000,2.00000,0.00000,0.07319,0.00272,0.12325,1.04824,0.02997,0.18907,0.63832,0.00000,0.00000,0.02710,-0.92681,0.49174,0.04824,0.0323900000,0.0936800000,0.1195700000,0.7543400000,0.00015,0.11758,0.00000,0.00000,0.00000,0.00000
3436,nitra,381,HUN,381,22,1299,rural_settlement,fruit,22.00001,0.68549,9,23.31693,23.31693,0.06206,0.11657,0.01000,2.10066,20.97763,0.05001,0.00000,0.00000,23.12830,23.12830,0.0026615854,0.0049993717,0.0004288729,0.0900916201,0.8996737564,0.0021447935,0.0000000000,0.9919101700,0.9919101700,lower,lower,0.01401,0.00018,0.00275,0.00484,0.18876,0.00000,0.32612,0.32672,0.00812,0.01465,0.01535,0.01465,0.03013,0.15383,0.16125,0.15383,0.03975,0.14322,0.15012,0.14322,4.00000,0.37324,0.04858,0.43884,0.43884,0.48742,0.04858,-0.83139,0.05480,0.48742,0.11418,0.48742,4.00000,0.11418,0.00000,0.00000,0.00000,2.00000,0.00000,0.00000,0.00000,0.00000,2.00000,0.00000,0.14912,0.00520,0.32673,1.04824,0.03975,0.24812,1.47211,0.00000,0.00000,0.03440,-0.85088,1.00187,0.04824,0.0248900000,0.0923800000,0.1218800000,0.7608200000,0.00015,0.31170,0.00000,0.00000,0.00000,0.00000
3437,prievidza,381,HUN,381,22,1299,rural_settlement,saffron,15.00000,0.18942,10,14.44735,14.44735,0.03611,0.07606,0.01000,1.10033,13.17484,0.05001,0.00000,0.00000,14.32518,14.32518,0.0024994203,0.0052646333,0.0006921685,0.0761613722,0.9119208713,0.0034615345,0.0000000000,0.9915437779,0.9915437779,lower,lower,0.25787,0.00030,0.00193,0.00300,0.10599,0.00000,0.19662,3.72567,0.00812,0.07670,0.08040,0.07670,0.01966,0.39827,0.41748,0.39827,0.02447,0.27999,0.29349,0.27999,4.00000,0.37721,0.04675,0.47204,0.47204,0.51879,0.04675,-0.72029,0.14158,0.51879,0.07527,0.51879,4.00000,0.14158,0.00000,0.00000,0.00000,1.00000,0.00000,0.00000,0.00000,0.00000,1.00000,0.00000,2.82050,0.00272,3.72568,1.04824,0.02447,0.14437,3.79927,2.93430,2.79927,0.02160,1.82050,18.94863,0.04824,0.0412900000,0.0999800000,0.1244500000,0.7342500000,0.00015,3.55423,0.00000,0.00000,0.00000,0.00000
3438,samorin,381,HUN,381,22,1299,rural_settlement,fiber_crops,18.00001,0.67963,8,23.33609,23.33609,0.05834,0.11568,0.01000,2.10078,21.00128,0.05001,0.00000,0.00000,23.15207,23.15207,0.0024999904,0.0049571286,0.0004285208,0.0900227930,0.8999485347,0.0021430325,0.0000000000,0.9921143602,0.9921143602,lower,lower,0.09716,0.00019,0.00286,0.00507,0.17488,0.00000,0.31106,2.26738,0.00812,0.01811,0.01898,0.01811,0.02990,0.18794,0.19700,0.18794,0.03979,0.17364,0.18201,0.17364,4.00000,0.46291,0.03028,0.53074,0.53074,0.56102,0.03028,-0.82319,0.09751,0.56102,0.09811,0.56102,4.00000,0.09811,0.00000,0.00000,0.00000,0.00000,0.00000,0.00000,0.00000,0.00000,0.00000,0.00000,1.08500,0.00520,2.26739,1.04824,0.03979,0.23325,1.78336,1.86938,1.78336,0.03444,0.08500,7.28923,0.04824,0.0261000000,0.0961200000,0.1279100000,0.7498500000,0.00015,2.16305,0.00000,0.00000,0.00000,0.00000
3439,trnava,381,HUN,381,22,1299,rural_settlement,wine,21.00000,0.60835,7,18.85346,18.85346,0.05050,0.09426,0.00000,1.10042,17.55827,0.05001,0.00000,0.00000,18.70870,18.70870,0.0026785534,0.0049996128,0.0000000000,0.0583670053,0.9313022649,0.0026525635,0.0000000000,0.9923218338,0.9923218338,lower,lower,0.05322,0.00000,0.00228,0.00387,0.15803,0.00000,0.25792,1.00350,0.00000,0.00000,0.00000,0.00000,0.02436,0.08216,0.08612,0.08216,0.03166,0.05900,0.06184,0.05900,4.00000,0.35167,0.04918,0.44886,0.44886,0.49804,0.04918,-1.00000,0.07832,0.49804,0.14637,0.49804,4.00000,0.14637,0.00000,0.00000,0.00000,0.00000,0.00000,0.00000,0.00000,0.00000,0.00000,0.00000,0.57914,0.00272,1.00351,1.04824,0.03166,0.20190,0.81617,0.85554,0.81617,0.02879,-0.42086,3.89078,0.04824,0.0000000000,0.0944400000,0.1227500000,0.7828000000,0.00015,0.95733,0.00000,0.00000,0.00000,0.00000
3440,levoca,381,HUN,381,17,1295,rural_settlement,silver,15.00000,0.01799,10,21.54617,21.54617,0.05286,0.10673,0.00000,2.10062,19.23595,0.05001,0.00000,0.00000,21.38658,21.38658,0.0024533363,0.0049535486,0.0000000000,0.0974938933,0.8927781596,0.0023210622,0.0000000000,0.9925931152,0.9925931152,lower,lower,0.50027,0.00000,0.00206,0.00780,0.11053,0.00000,0.21785,10.77909,0.00000,0.00000,0.00000,0.00000,0.02138,0.85887,0.90030,0.85887,0.04127,0.68403,0.71702,0.68403,4.00000,1.19136,0.00162,1.31031,1.31031,1.31193,0.00162,-1.00000,0.12057,1.31193,0.04328,1.31193,4.00000,0.12057,0.00000,0.00000,0.00000,0.00000,0.00000,0.00000,0.00000,0.00000,0.00000,0.00000,7.36501,0.00552,10.77910,1.04824,0.04127,0.15520,8.74015,9.16177,8.74015,0.03558,6.36501,49.47945,0.04824,0.0000000000,0.0981400000,0.1894400000,0.7124100000,0.00017,10.28305,0.00000,0.00000,0.00000,0.00000
3441,bardejov,381,HUN,381,17,1295,rural_settlement,fiber_crops,15.00000,0.02261,10,21.67345,21.67345,0.05218,0.10637,0.00000,2.10056,19.36433,0.05001,0.00000,0.00000,21.51490,21.51490,0.0024075539,0.0049078481,0.0000000000,0.0969185801,0.8934585864,0.0023074314,0.0000000000,0.9926845980,0.9926845980,lower,lower,0.11685,0.00000,0.00208,0.00796,0.10864,0.00000,0.21603,2.53266,0.00000,0.00000,0.00000,0.00000,0.02131,0.20107,0.21076,0.20107,0.04151,0.16138,0.16916,0.16138,4.00000,1.21860,0.00021,1.34467,1.34467,1.34488,0.00021,-1.00000,0.12628,1.34488,0.03858,1.34488,4.00000,0.12628,0.00000,0.00000,0.00000,0.00000,0.00000,0.00000,0.00000,0.00000,0.00000,0.00000,1.74507,0.00552,2.53267,1.04824,0.04151,0.15321,2.05367,2.15273,2.05367,0.03582,0.74507,11.72369,0.04824,0.0000000000,0.0986400000,0.1921400000,0.7092000000,0.00017,2.41612,0.00000,0.00000,0.00000,0.00000
3442,gonc,381,HUN,381,22,1295,rural_settlement,goods_gold,16.00000,0.18946,6,21.68911,21.68911,0.05421,0.10744,0.00000,2.10064,19.37681,0.05001,0.00000,0.00000,21.52746,21.52746,0.0024994110,0.0049536380,0.0000000000,0.0968522913,0.8933888942,0.0023057654,0.0000000000,0.9925469510,0.9925469510,lower,lower,0.37284,0.00000,0.00273,0.00486,0.16678,0.00000,0.28162,8.08662,0.00000,0.00000,0.00000,0.00000,0.02777,0.64864,0.67993,0.64864,0.03712,0.48511,0.50851,0.48511,4.00000,0.48148,0.01815,0.59034,0.59034,0.60849,0.01815,-1.00000,0.12582,0.60849,0.12701,0.60849,4.00000,0.12701,0.00000,0.00000,0.00000,0.00000,0.00000,0.00000,0.00000,0.00000,0.00000,0.00000,4.27418,0.00520,8.08663,1.04824,0.03712,0.21673,6.58074,6.89819,6.58074,0.03177,3.27418,28.71468,0.04824,0.0000000000,0.0986000000,0.1318000000,0.7695800000,0.00015,7.71449,0.00000,0.00000,0.00000,0.00000
3443,kosice,381,HUN,381,22,1295,town,lead,18.00000,0.24627,7,19.28419,19.28419,0.25055,0.40856,0.80018,1.75071,15.47405,0.60014,0.00000,0.00000,17.82490,17.82490,0.0129925084,0.0211862671,0.0414940944,0.0907847309,0.8024215692,0.0311208301,0.0000000000,0.9243271302,0.9243271302,burghers,burghers,0.03072,0.23646,0.00623,0.00055,0.56076,0.00000,1.78945,0.59245,0.65050,0.38010,0.39843,0.38010,0.10562,0.13627,0.14284,0.13627,0.03160,0.04883,0.05118,0.04883,3.00000,1.64268,0.00000,1.45928,-0.78459,1.46247,0.00319,1.46247,-0.32610,-0.78459,-0.18021,1.46247,3.00000,-0.18021,0.00000,0.00000,0.00000,1.00000,0.00000,0.00000,0.00000,0.00000,1.00000,0.00000,0.26807,0.00434,0.59246,1.04824,0.03160,1.00173,0.67745,0.00000,0.00000,0.02537,-0.73193,0.33108,0.04824,0.3635100000,0.0590200000,0.0176500000,0.5597900000,0.00189,0.56520,0.00000,0.00000,0.00000,0.00000
3444,lubica,381,HUN,381,17,1295,rural_settlement,alum,15.00000,0.01648,13,23.58644,23.58644,0.05912,0.11693,0.00000,2.10054,21.25984,0.05001,0.00000,0.00000,23.41039,23.41039,0.0025065249,0.0049575095,0.0000000000,0.0890571023,0.9013585772,0.0021202861,0.0000000000,0.9925359656,0.9925359656,lower,lower,0.06964,0.00000,0.00223,0.00834,0.12448,0.00000,0.24204,1.64258,0.00000,0.00000,0.00000,0.00000,0.02343,0.21340,0.22369,0.21340,0.04502,0.16990,0.17809,0.16990,4.00000,1.16468,0.00472,1.26523,1.26523,1.26995,0.00472,-1.00000,0.10527,1.26995,0.05028,1.26995,4.00000,0.10527,0.00000,0.00000,0.00000,1.00000,0.00000,0.00000,0.00000,0.00000,1.00000,0.00000,1.01016,0.00552,1.64259,1.04824,0.04502,0.17359,2.18370,1.24080,1.18370,0.03933,0.01016,6.78644,0.04824,0.0000000000,0.0968000000,0.1860000000,0.7171900000,0.00017,1.56700,0.00000,0.00000,0.00000,0.00000
3445,presov,381,HUN,381,17,1295,rural_settlement,gems,16.00000,0.02576,14,23.76557,23.76557,0.05956,0.11783,0.01000,2.10063,21.42754,0.05001,0.00000,0.00000,23.57818,23.57818,0.0025061465,0.0049580128,0.0004207768,0.0883896326,0.9016211267,0.0021043047,0.0000000000,0.9921150639,0.9921150639,lower,lower,0.24016,0.00019,0.00218,0.00815,0.12165,0.00000,0.25137,5.70759,0.00755,0.07119,0.07462,0.07119,0.02361,0.53040,0.55598,0.53040,0.04533,0.42068,0.44097,0.42068,4.00000,1.12836,0.00609,1.19466,1.19466,1.20075,0.00609,-0.79657,0.07239,1.20075,0.01881,1.20075,4.00000,0.07239,0.00000,0.00000,0.00000,1.00000,0.00000,0.00000,0.00000,0.00000,1.00000,0.00000,3.37978,0.00552,5.70760,1.04824,0.04533,0.17488,5.42267,4.63601,4.42267,0.03964,2.37978,22.70597,0.04824,0.0300300000,0.0939200000,0.1803300000,0.6957000000,0.00017,5.44494,0.00000,0.00000,0.00000,0.00000
3446,turna,381,HUN,381,22,1295,rural_settlement,copper,15.00000,0.18935,6,8.30251,8.30251,0.02427,0.04150,0.00000,1.10035,7.08638,0.05001,0.00000,0.00000,8.23674,8.23674,0.0029232124,0.0049984884,0.0000000000,0.1325322101,0.8535226094,0.0060234796,0.0000000000,0.9920782992,0.9920782992,lower,lower,0.03007,0.00000,0.00089,0.00163,0.07697,0.00000,0.12224,0.24968,0.00000,0.00000,0.00000,0.00000,0.01072,0.13683,0.14343,0.13683,0.01449,0.10137,0.10626,0.10137,4.00000,0.28412,0.05131,0.39523,0.39523,0.44654,0.05131,-1.00000,0.00125,0.44654,0.16242,0.44654,4.00000,0.16242,0.00000,0.00000,0.00000,2.00000,0.00000,0.00000,0.00000,0.00000,2.00000,0.00000,0.30404,0.00272,0.24969,1.04824,0.01449,0.09703,1.44427,0.00000,0.00000,0.01162,-0.69596,2.04262,0.04824,0.0000000000,0.0876900000,0.1185300000,0.7937600000,0.00015,0.23820,0.00000,0.00000,0.00000,0.00000
3447,trencin,381,HUN,381,22,1300,rural_settlement,dyes,16.00000,0.38286,10,23.98116,23.98116,0.05995,0.11890,0.00000,2.10051,21.65179,0.05001,0.00000,0.00000,23.80231,23.80231,0.0024998791,0.0049580587,0.0000000000,0.0875900082,0.9028666670,0.0020853870,0.0000000000,0.9925420622,0.9925420622,lower,lower,0.27902,0.00000,0.00301,0.00533,0.18454,0.00000,0.31126,6.69136,0.00000,0.00000,0.00000,0.00000,0.03073,0.54409,0.57033,0.54409,0.04085,0.37682,0.39499,0.37682,4.00000,0.47398,0.02390,0.57775,0.57775,0.60165,0.02390,-1.00000,0.12719,0.60165,0.12767,0.60165,4.00000,0.12767,0.00000,0.00000,0.00000,0.00000,0.00000,0.00000,0.00000,0.00000,0.00000,0.00000,3.19992,0.00520,6.69137,1.04824,0.04085,0.23968,5.46253,5.72604,5.46253,0.03550,2.19992,21.49768,0.04824,0.0000000000,0.0987200000,0.1312400000,0.7700300000,0.00015,6.38344,0.00000,0.00000,0.00000,0.00000
3448,povazska_bystrica,381,HUN,381,17,1300,rural_settlement,stone,16.00000,0.28961,12,18.70039,18.70039,0.04575,0.09250,0.01000,1.10029,17.40184,0.05001,0.00000,0.00000,18.55214,18.55214,0.0024464730,0.0049464209,0.0005347482,0.0588378103,0.9305602717,0.0026742758,0.0000000000,0.9920723578,0.9920723578,lower,lower,0.06803,0.00025,0.00173,0.00633,0.09220,0.00000,0.19566,1.27232,0.00755,0.01534,0.01608,0.01534,0.01853,0.10188,0.10679,0.10188,0.03525,0.07338,0.07691,0.07338,4.00000,1.11726,0.00773,1.19082,1.19082,1.19855,0.00773,-0.73865,0.08129,1.19855,0.00540,1.19855,4.00000,0.08129,0.00000,0.00000,0.00000,0.00000,0.00000,0.00000,0.00000,0.00000,0.00000,0.00000,0.96793,0.00289,1.27233,1.04824,0.03525,0.13433,1.02318,1.07253,1.02318,0.03219,-0.03207,6.50275,0.04824,0.0385800000,0.0947000000,0.1801500000,0.6865400000,0.00017,1.21378,0.00000,0.00000,0.00000,0.00000
3449,zilina,381,HUN,381,17,1300,rural_settlement,lumber,16.00000,0.19313,12,21.97613,21.97613,0.05528,0.10888,0.01000,2.10052,19.65144,0.05001,0.00000,0.00000,21.80197,21.80197,0.0025154565,0.0049544665,0.0004550392,0.0955818882,0.8942174987,0.0022756509,0.0000000000,0.9920750378,0.9920750378,lower,lower,0.01647,0.00021,0.00201,0.00753,0.11270,0.00000,0.23371,0.36206,0.00755,0.02466,0.02584,0.02466,0.02181,0.18367,0.19253,0.18367,0.04204,0.13708,0.14369,0.13708,4.00000,1.12972,0.00599,1.18927,1.18927,1.19526,0.00599,-0.78119,0.06554,1.19526,0.01704,1.19526,4.00000,0.06554,0.00000,0.00000,0.00000,2.00000,0.00000,0.00000,0.00000,0.00000,2.00000,0.00000,0.23060,0.00552,0.36207,1.04824,0.04204,0.16231,1.86569,0.00000,0.00000,0.03635,-0.76940,1.54922,0.04824,0.0323000000,0.0933200000,0.1798800000,0.6944900000,0.00017,0.34541,0.00000,0.00000,0.00000,0.00000
3450,oravsky_podzamok,381,HUN,381,17,1300,rural_settlement,tin,15.00000,0.01990,8,21.28237,21.28237,0.05220,0.10541,0.00000,2.10048,18.97427,0.05001,0.00000,0.00000,21.12476,21.12476,0.0024527344,0.0049529258,0.0000000000,0.0986957750,0.8915487326,0.0023498323,0.0000000000,0.9925943398,0.9925943398,lower,lower,0.11086,0.00000,0.00204,0.00771,0.10916,0.00000,0.21518,2.35936,0.00000,0.00000,0.00000,0.00000,0.02112,0.18800,0.19706,0.18800,0.04079,0.14965,0.15686,0.14965,4.00000,1.19272,0.00094,1.31246,1.31246,1.31340,0.00094,-1.00000,0.12068,1.31340,0.04309,1.31340,4.00000,0.12068,0.00000,0.00000,0.00000,0.00000,0.00000,0.00000,0.00000,0.00000,0.00000,0.00000,1.63208,0.00552,2.35937,1.04824,0.04079,0.15327,1.91315,2.00544,1.91315,0.03510,0.63208,10.96463,0.04824,0.0000000000,0.0981500000,0.1895600000,0.7122800000,0.00017,2.25080,0.00000,0.00000,0.00000,0.00000
3451,turciansky_svaty_martin,381,HUN,381,17,1300,rural_settlement,iron,16.00000,0.10311,11,15.69759,15.69759,0.04001,0.08026,0.01000,1.10030,14.41701,0.05001,0.00000,0.00000,15.56732,15.56732,0.0025487989,0.0051128868,0.0006370405,0.0700935621,0.9184218724,0.0031858394,0.0000000000,0.9917012739,0.9917012739,lower,lower,0.05175,0.00029,0.00146,0.00515,0.08072,0.00000,0.17083,0.81241,0.00755,0.03108,0.03257,0.03108,0.01608,0.16343,0.00000,0.00000,0.02973,0.12218,0.12807,0.12218,4.00000,1.04920,0.00810,1.11577,1.11577,1.12387,0.00810,-0.70065,0.07467,1.12387,0.00701,1.12387,4.00000,0.07467,0.00000,1.00000,0.00000,1.00000,0.00000,0.00000,1.00000,0.00000,1.00000,0.00000,0.70788,0.00289,0.81242,1.04824,0.02973,0.11747,1.62178,0.65177,0.62178,0.02667,-0.29212,4.75572,0.04824,0.0441900000,0.0941200000,0.1740300000,0.6876400000,0.00017,0.77504,0.00000,0.00000,0.00000,0.00000
3452,liptovsky_mikulas,381,HUN,381,17,1300,rural_settlement,goods_gold,16.00000,0.02306,10,25.46629,25.46629,0.08813,0.15443,0.01000,2.10057,23.06315,0.05001,0.00000,0.00000,25.21373,25.21373,0.0034606533,0.0060640949,0.0003926760,0.0824843352,0.9056344682,0.0019637725,0.0000000000,0.9900825758,0.9900825758,lower,lower,0.64465,0.00014,0.00274,0.00674,0.19374,0.00000,0.34561,16.41687,0.00755,0.15473,0.16219,0.15473,0.03094,1.50897,0.53352,0.50897,0.04835,0.97746,1.02461,0.97746,4.00000,0.61075,0.01148,0.69574,0.69574,0.70722,0.01148,-0.85205,0.02215,0.70722,0.09647,0.70722,4.00000,0.09647,0.00000,1.00000,0.00000,0.00000,0.00000,0.00000,1.00000,0.00000,0.00000,0.00000,7.07054,0.00552,16.41688,1.04824,0.04835,0.25877,14.02022,14.69655,14.02022,0.04266,6.07054,47.50117,0.04824,0.0218400000,0.0895200000,0.1398900000,0.7487300000,0.00017,15.66138,0.00000,0.00000,0.00000,0.00000
3455,zemplin,381,HUN,381,22,1296,rural_settlement,wheat,17.00000,0.18616,7,14.12697,14.12697,0.04861,0.07063,0.01000,1.10035,12.84737,0.05001,0.00000,0.00000,13.99773,13.99773,0.0034409360,0.0049996567,0.0007078659,0.0778900217,0.9094214825,0.0035400372,0.0000000000,0.9908515414,0.9908515414,lower,lower,0.00467,0.00024,0.00134,0.00232,0.15434,0.00000,0.24464,0.06601,0.00812,0.00671,0.00703,0.00671,0.01825,0.03233,0.03388,0.03233,0.02393,0.02395,0.02510,0.02395,4.00000,0.03033,0.05286,0.14081,0.14081,0.19367,0.05286,-0.77516,-0.14832,0.19367,0.16334,0.19367,4.00000,0.16334,0.00000,0.00000,0.00000,1.00000,0.00000,0.00000,0.00000,0.00000,1.00000,0.00000,0.04016,0.00272,0.06602,1.04824,0.02393,0.19434,0.36093,0.00000,0.00000,0.02106,-0.95984,0.26986,0.04824,0.0331900000,0.0745900000,0.0978100000,0.7943900000,0.00015,0.06299,0.00000,0.00000,0.00000,0.00000
3456,beregovo,381,HUN,381,22,1296,rural_settlement,wheat,20.00000,0.01738,14,10.29161,10.29161,0.02572,0.05145,0.01000,1.10036,9.05407,0.05001,0.00000,0.00000,10.20444,10.20444,0.0024991231,0.0049992178,0.0009716653,0.1069181595,0.8797525363,0.0048592980,0.0000000000,0.9915299938,0.9915299938,lower,lower,0.04207,0.00042,0.00119,0.00218,0.07445,0.00000,0.14196,0.43304,0.00812,0.01042,0.01092,0.01042,0.01330,0.03378,0.03540,0.03378,0.01771,0.02664,0.02792,0.02664,4.00000,0.45280,0.03387,0.48858,0.48858,0.52245,0.03387,-0.61258,0.06965,0.52245,0.06077,0.52245,4.00000,0.06965,0.00000,0.00000,0.00000,0.00000,0.00000,0.00000,0.00000,0.00000,0.00000,0.00000,0.45406,0.00272,0.43305,1.04824,0.01771,0.10283,0.34229,0.35880,0.34229,0.01484,-0.54594,3.05050,0.04824,0.0571900000,0.0936800000,0.1247500000,0.7243500000,0.00015,0.41313,0.00000,0.00000,0.00000,0.00000
3457,humenne,381,HUN,381,17,1296,rural_settlement,fur,15.00000,0.01375,12,19.71525,19.71525,0.06909,0.11730,0.01000,1.10030,18.36855,0.05001,0.00000,0.00000,19.51886,19.51886,0.0035043938,0.0059497090,0.0005072216,0.0558095890,0.9316924716,0.0025366151,0.0000000000,0.9900386756,0.9900386756,lower,lower,0.01385,0.00018,0.00202,0.00505,0.15187,0.00000,0.27095,0.27318,0.00755,0.01510,0.01582,0.01510,0.02350,0.11140,0.11677,0.11140,0.03704,0.07379,0.07734,0.07379,4.00000,0.57188,0.01621,0.65208,0.65208,0.66829,0.01621,-0.81127,-0.00970,0.66829,0.09641,0.66829,4.00000,0.09641,0.00000,0.00000,0.00000,1.00000,0.00000,0.00000,0.00000,0.00000,1.00000,0.00000,0.15007,0.00289,0.27319,1.04824,0.03704,0.20286,1.06033,0.06324,0.06033,0.03398,-0.84993,1.00826,0.04824,0.0278600000,0.0867300000,0.1367000000,0.7486900000,0.00017,0.26062,0.00000,0.00000,0.00000,0.00000
3458,mukachevo,381,HUN,381,17,1296,rural_settlement,wild_game,14.00000,0.01736,12,9.50201,9.50201,0.02275,0.04647,0.01000,1.10033,8.27245,0.05001,0.00000,0.00000,9.42279,9.42279,0.0023942303,0.0048905442,0.0010524089,0.1157997097,0.8706000099,0.0052630970,0.0000000000,0.9916628166,0.9916628166,lower,lower,0.05984,0.00049,0.00078,0.00323,0.04372,0.00000,0.10201,0.56861,0.00755,0.01497,0.01569,0.01497,0.00931,0.04383,0.04594,0.04383,0.01836,0.03533,0.03703,0.03533,4.00000,1.15447,0.00519,1.19129,1.19129,1.19648,0.00519,-0.49864,0.04201,1.19648,-0.04118,1.19648,4.00000,0.04201,0.00000,0.00000,0.00000,0.00000,0.00000,0.00000,0.00000,0.00000,0.00000,0.00000,0.82971,0.00289,0.56862,1.04824,0.01836,0.06679,0.44833,0.46995,0.44833,0.01530,-0.17029,5.57415,0.04824,0.0740100000,0.0912600000,0.1799800000,0.6547300000,0.00017,0.54246,0.00000,0.00000,0.00000,0.00000
3459,satoraljaujhely,381,HUN,381,22,1296,rural_settlement,wine,19.00000,0.24004,7,15.87812,15.87812,0.03969,0.07938,0.01000,1.10036,14.59868,0.05001,0.00000,0.00000,15.74905,15.74905,0.0024996662,0.0049993324,0.0006297975,0.0693003958,0.9194211909,0.0031496172,0.0000000000,0.9918712039,0.9918712039,lower,lower,0.06338,0.00028,0.00196,0.00331,0.11754,0.00000,0.21413,1.00642,0.00812,0.01448,0.01517,0.01448,0.02052,0.08048,0.08436,0.08048,0.02681,0.05846,0.06128,0.05846,4.00000,0.43386,0.04065,0.48729,0.48729,0.52794,0.04065,-0.74312,0.09408,0.52794,0.08521,0.52794,4.00000,0.09408,0.00000,0.00000,0.00000,0.00000,0.00000,0.00000,0.00000,0.00000,0.00000,0.00000,0.69960,0.00272,1.00643,1.04824,0.02681,0.15868,0.80670,0.84561,0.80670,0.02394,-0.30040,4.70008,0.04824,0.0379200000,0.0958200000,0.1252000000,0.7410400000,0.00015,0.96012,0.00000,0.00000,0.00000,0.00000
3460,uzhorod,381,HUN,381,17,1296,rural_settlement,copper,17.00000,0.01654,12,11.10327,11.10327,0.02673,0.05447,0.01000,1.10036,9.86170,0.05001,0.00000,0.00000,11.01207,11.01207,0.0024073989,0.0049057620,0.0009006356,0.0991023365,0.8881797885,0.0045040785,0.0000000000,0.9917862035,0.9917862035,lower,lower,0.19821,0.00042,0.00093,0.00380,0.05201,0.00000,0.11824,2.20083,0.00755,0.04973,0.05212,0.04973,0.01091,0.17056,0.17878,0.17056,0.02130,0.13712,0.14373,0.13712,4.00000,1.14500,0.00535,1.19308,1.19308,1.19843,0.00535,-0.56747,0.05343,1.19843,-0.02800,1.19843,4.00000,0.05343,0.00000,0.00000,0.00000,0.00000,0.00000,0.00000,0.00000,0.00000,0.00000,0.00000,2.77059,0.00289,2.20084,1.04824,0.02130,0.07848,1.74215,1.82619,1.74215,0.01824,1.77059,18.61332,0.04824,0.0638500000,0.0922600000,0.1801400000,0.6637300000,0.00017,2.09956,0.00000,0.00000,0.00000,0.00000
3461,velikyi_bereznyi,381,HUN,381,17,1296,rural_settlement,lumber,15.00000,0.01654,11,10.21090,10.21090,0.02452,0.05001,0.00000,1.10034,8.98602,0.05001,0.00000,0.00000,10.13637,10.13637,0.0024013554,0.0048977074,0.0000000000,0.1077613139,0.8800419160,0.0048977074,0.0000000000,0.9927009372,0.9927009372,lower,lower,0.07375,0.00000,0.00098,0.00373,0.05093,0.00000,0.10169,0.75308,0.00000,0.00000,0.00000,0.00000,0.01002,0.06397,0.06705,0.06397,0.01968,0.05156,0.00000,0.00000,4.00000,1.23670,0.00000,1.36172,1.36172,1.36172,0.00000,-1.00000,0.12502,1.36172,0.03672,1.36172,4.00000,0.12502,0.00000,0.00000,1.00000,0.00000,0.00000,0.00000,0.00000,1.00000,0.00000,0.00000,1.10234,0.00289,0.75309,1.04824,0.01968,0.07199,0.65447,0.68604,0.65447,0.01662,0.10234,7.40574,0.04824,0.0000000000,0.0985300000,0.1935200000,0.7079300000,0.00017,0.71844,0.00000,0.00000,0.00000,0.00000
3462,csanad,381,HUN,381,22,1282,rural_settlement,medicaments,17.00001,0.25004,6,25.63453,25.63453,0.06689,0.12717,0.01000,2.10060,23.27986,0.05001,0.00000,0.00000,25.43047,25.43047,0.0026093710,0.0049608867,0.0003900988,0.0819441589,0.9081446003,0.0019508842,0.0000000000,0.9920396434,0.9920396434,lower,lower,0.04762,0.00017,0.00306,0.00537,0.20318,0.00000,0.35194,1.22077,0.00812,0.01078,0.01130,0.01078,0.03287,0.09649,0.10114,0.09649,0.04352,0.07037,0.07376,0.07037,4.00000,0.39624,0.04619,0.46284,0.46284,0.50903,0.04619,-0.84372,0.06633,0.50903,0.11279,0.50903,4.00000,0.11279,0.00000,0.00000,0.00000,0.00000,0.00000,0.00000,0.00000,0.00000,0.00000,0.00000,0.51631,0.00520,1.22078,1.04824,0.04352,0.26743,0.98696,1.03457,0.98696,0.03817,-0.48369,3.46871,0.04824,0.0230700000,0.0933900000,0.1236500000,0.7598700000,0.00015,1.16460,0.00000,0.00000,0.00000,0.00000
3463,kikinda,381,HUN,381,22,1282,rural_settlement,clay,13.00000,0.34440,6,21.58873,21.58873,0.05636,0.10695,0.01000,2.10062,19.26479,0.05001,0.00000,0.00000,21.41542,21.41542,0.0026106214,0.0049539737,0.0004632046,0.0973016940,0.8923540199,0.0023164864,0.0000000000,0.9919722003,0.9919722003,lower,lower,0.00534,0.00020,0.00255,0.00456,0.17035,0.00000,0.29803,0.11532,0.00812,0.00761,0.00797,0.00761,0.02764,0.06012,0.06302,0.06012,0.03694,0.04230,0.04434,0.04230,4.00000,0.40536,0.04579,0.46678,0.46678,0.51257,0.04579,-0.81547,0.05891,0.51257,0.10721,0.51257,4.00000,0.10721,0.00000,0.00000,0.00000,1.00000,0.00000,0.00000,0.00000,0.00000,1.00000,0.00000,0.05760,0.00520,0.11533,1.04824,0.03694,0.22533,0.61300,0.00000,0.00000,0.03159,-0.94240,0.38697,0.04824,0.0272400000,0.0927400000,0.1239400000,0.7560600000,0.00015,0.11003,0.00000,0.00000,0.00000,0.00000
3464,mako,381,HUN,381,22,1282,rural_settlement,livestock,16.00001,0.32225,5,28.14671,28.14671,0.10079,0.16789,0.00000,2.10065,25.72737,0.05001,0.00000,0.00000,27.87803,27.87803,0.0035808803,0.0059648179,0.0000000000,0.0746321684,0.9140453716,0.0017767618,0.0000000000,0.9904543018,0.9904543018,lower,nobles,0.03079,0.00000,0.00380,0.00457,0.32876,0.00000,0.49391,0.86682,0.00000,0.00000,0.00000,0.00000,0.04340,0.16583,0.17382,0.16583,0.04754,0.09762,0.10232,0.09762,4.00000,0.02017,0.05343,0.12120,0.12120,0.17463,0.05343,-1.00000,0.00331,0.17463,0.19480,0.19480,1.00000,0.17463,0.00000,0.00000,0.00000,1.00000,0.00000,0.00000,0.00000,0.00000,1.00000,0.00000,0.26123,0.00520,0.86683,1.04824,0.04754,0.40297,1.56349,0.59067,0.56349,0.04219,-0.73877,1.75503,0.04824,0.0000000000,0.0878700000,0.0962500000,0.8158700000,0.00015,0.82694,0.00000,0.00000,0.00000,0.00000
3465,szeged,381,HUN,381,22,1304,town,wool,16.00000,0.47111,6,22.96398,22.96398,0.28514,0.46648,0.80021,2.75106,18.06094,0.60015,0.00000,0.00000,21.41215,21.41215,0.0124168372,0.0203135519,0.0348463115,0.1197989199,0.7864899726,0.0261344070,0.0000000000,0.9324232994,0.9324232994,burghers,burghers,0.17449,0.21707,0.00745,0.00074,0.66666,0.00000,1.94946,4.00707,0.65053,0.98002,1.02729,0.98002,0.12059,0.45209,0.47389,0.45209,0.03832,0.23348,0.24474,0.23348,3.00000,1.40407,0.00000,1.24910,-0.76019,1.26046,0.01136,1.26046,-0.29378,-0.76019,-0.14361,1.26046,3.00000,-0.14361,0.00000,0.00000,0.00000,0.00000,0.00000,0.00000,0.00000,0.00000,0.00000,0.00000,1.66434,0.00682,4.00708,1.04824,0.03832,1.14002,2.15709,2.26114,2.15709,0.02961,0.66434,2.05548,0.04824,0.3336900000,0.0618500000,0.0196500000,0.5847800000,0.00189,3.82268,0.00000,0.00000,0.00000,0.00000
3466,halas,381,HUN,381,22,1304,rural_settlement,legumes,16.00001,0.31840,8,16.04045,16.04045,0.03910,0.07918,0.00000,1.10038,14.77178,0.05001,0.00000,0.00000,15.92217,15.92217,0.0024375875,0.0049362705,0.0000000000,0.0686003198,0.9209080793,0.0031177430,0.0000000000,0.9926261420,0.9926261420,lower,lower,0.04051,0.00000,0.00201,0.00358,0.11983,0.00000,0.20387,0.64989,0.00000,0.00000,0.00000,0.00000,0.02046,0.05273,0.05527,0.05273,0.02709,0.03765,0.03946,0.03765,4.00000,0.47575,0.02372,0.59783,0.59783,0.62155,0.02372,-1.00000,0.14580,0.62155,0.12288,0.62155,4.00000,0.14580,0.00000,0.00000,0.00000,0.00000,0.00000,0.00000,0.00000,0.00000,0.00000,0.00000,0.47450,0.00272,0.64990,1.04824,0.02709,0.15632,0.52962,0.55516,0.52962,0.02422,-0.52550,3.18781,0.04824,0.0000000000,0.1003500000,0.1328700000,0.7667600000,0.00015,0.62000,0.00000,0.00000,0.00000,0.00000
3467,felegyhaza,381,HUN,381,22,1304,rural_settlement,livestock,16.00001,0.48033,10,15.19571,15.19571,0.03798,0.07597,0.01000,1.10038,13.92137,0.05001,0.00000,0.00000,15.07176,15.07176,0.0024993896,0.0049994373,0.0006580805,0.0724138589,0.9161381732,0.0032910604,0.0000000000,0.9918430926,0.9918430926,lower,lower,0.07130,0.00029,0.00185,0.00321,0.11228,0.00000,0.20529,1.08350,0.00812,0.01458,0.01528,0.01458,0.01963,0.08814,0.09239,0.08814,0.02570,0.05809,0.06089,0.05809,4.00000,0.43590,0.03787,0.48983,0.48983,0.52770,0.03787,-0.73208,0.09180,0.52770,0.08315,0.52770,4.00000,0.09180,0.00000,0.00000,0.00000,0.00000,0.00000,0.00000,0.00000,0.00000,0.00000,0.00000,0.78562,0.00272,1.08351,1.04824,0.02570,0.15184,0.87284,0.91494,0.87284,0.02283,-0.21438,5.27794,0.04824,0.0395500000,0.0956200000,0.1251800000,0.7396300000,0.00015,1.03365,0.00000,0.00000,0.00000,0.00000
3468,zenta,381,HUN,381,22,1304,rural_settlement,wheat,20.00001,0.41334,6,23.01002,23.01002,0.05991,0.11405,0.01000,2.10075,20.67530,0.05001,0.00000,0.00000,22.82606,22.82606,0.0026036483,0.0049565363,0.0004345933,0.0912971827,0.8985346384,0.0021734010,0.0000000000,0.9920052221,0.9920052221,lower,lower,0.00621,0.00018,0.00271,0.00486,0.18130,0.00000,0.31637,0.14300,0.00812,0.00868,0.00909,0.00868,0.02948,0.07587,0.07952,0.07587,0.03925,0.05188,0.05438,0.05188,4.00000,0.40533,0.04582,0.46821,0.46821,0.51403,0.04582,-0.82617,0.06394,0.51403,0.10870,0.51403,4.00000,0.10870,0.00000,0.00000,0.00000,1.00000,0.00000,0.00000,0.00000,0.00000,1.00000,0.00000,0.06728,0.00520,0.14301,1.04824,0.03925,0.23952,0.76993,0.00000,0.00000,0.03390,-0.93272,0.45203,0.04824,0.0256600000,0.0931800000,0.1240600000,0.7570800000,0.00015,0.13643,0.00000,0.00000,0.00000,0.00000
3469,timisoara,381,HUN,381,22,1278,rural_settlement,livestock,18.00001,0.18625,8,20.63654,20.63654,0.07222,0.12381,0.00000,2.10069,18.28981,0.05001,0.00000,0.00000,20.44051,20.44051,0.0034996177,0.0059995523,0.0000000000,0.1017946807,0.8862827780,0.0024233714,0.0000000000,0.9905008301,0.9905008301,lower,lower,0.08301,0.00000,0.00286,0.00348,0.23413,0.00000,0.35608,1.71317,0.00000,0.00000,0.00000,0.00000,0.03200,0.14893,0.15611,0.14893,0.03534,0.09188,0.09631,0.09188,4.00000,0.02364,0.05294,0.15819,0.15819,0.21113,0.05294,-1.00000,0.02603,0.21113,0.18749,0.21113,4.00000,0.18749,0.00000,0.00000,0.00000,0.00000,0.00000,0.00000,0.00000,0.00000,0.00000,0.00000,0.71615,0.00520,1.71318,1.04824,0.03534,0.28874,1.39353,1.46075,1.39353,0.02999,-0.28385,4.81122,0.04824,0.0000000000,0.0898600000,0.0992400000,0.8108800000,0.00015,1.63434,0.00000,0.00000,0.00000,0.00000
3470,caransebes,381,HUN,381,10,1278,rural_settlement,marble,10.00000,0.00858,9,8.77583,8.77583,0.02193,0.04284,0.00000,1.00030,7.71076,0.00000,0.00000,0.00000,8.71106,8.71106,0.0024989089,0.0048815895,0.0000000000,0.1139835206,0.8786359809,0.0000000000,0.0000000000,0.9926195015,0.9926195015,lower,lower,0.26403,0.00000,0.00186,0.00280,0.06085,0.00000,0.11782,2.31716,0.00000,0.00000,0.00000,0.00000,0.01492,0.18123,0.18997,0.18123,0.01817,0.14689,0.15397,0.14689,4.00000,0.43611,0.03720,0.84478,0.84478,0.88198,0.03720,-1.00000,0.44587,0.88198,0.05314,0.88198,4.00000,0.44587,0.00000,0.00000,0.00000,0.00000,0.00000,0.00000,0.00000,0.00000,0.00000,0.00000,2.92743,0.00283,2.31717,1.04824,0.01817,0.08473,1.88242,1.97322,1.88242,0.01534,1.92743,19.66703,0.04824,0.0000000000,0.1266300000,0.1542100000,0.7191400000,0.00000,2.21054,0.00000,0.00000,0.00000,0.00000
3471,lugoj,381,HUN,381,22,1278,rural_settlement,livestock,14.00000,0.00878,15,9.54768,9.54768,0.07462,0.10011,0.00000,1.10146,8.22143,0.05006,0.00000,0.00000,9.37295,9.37295,0.0078155112,0.0104852697,0.0000000000,0.1153641513,0.8610919092,0.0052431585,0.0000000000,0.9816992191,0.9816992191,nobles,nobles,0.06769,0.00000,0.00193,0.00076,0.26131,0.00000,0.34058,0.64636,0.00000,0.00000,0.00000,0.00000,0.02588,0.06693,0.07015,0.06693,0.01636,0.02498,0.02618,0.02498,1.00000,0.41526,0.04498,0.28281,-0.45881,0.28281,0.00000,-1.00000,-0.13245,-0.41383,0.28281,0.28281,1.00000,-0.13245,0.00000,0.00000,0.00000,0.00000,0.00000,0.00000,0.00000,0.00000,0.00000,0.00000,54.33796,0.00273,0.64637,1.04824,0.01636,0.29834,0.52472,0.55003,0.52472,0.01348,53.33796,1.89785,0.04824,0.0000000000,0.0759800000,0.0480300000,0.8759700000,0.00015,0.61663,0.00000,0.00000,0.00000,0.00000
3472,mihalt,381,HUN,381,10,1278,rural_settlement,lumber,13.00000,0.01057,14,12.59509,12.59509,0.03460,0.06193,0.01000,1.10034,11.33821,0.05001,0.00000,0.00000,12.48856,12.48856,0.0027471022,0.0049169954,0.0007939602,0.0873626151,0.9002087321,0.0039705949,0.0000000000,0.9915419421,0.9915419421,lower,lower,0.01058,0.00052,0.00240,0.00344,0.09337,0.00000,0.19138,0.13329,0.01029,0.01587,0.01663,0.01587,0.02157,0.06171,0.06468,0.06171,0.02584,0.04959,0.05198,0.04959,4.00000,0.36084,0.04910,0.59856,0.59856,0.64766,0.04910,-0.63582,0.28682,0.64766,0.02291,0.64766,4.00000,0.28682,0.00000,0.00000,0.00000,1.00000,0.00000,0.00000,0.00000,0.00000,1.00000,0.00000,0.10367,0.00311,0.13330,1.04824,0.02584,0.13368,0.65460,0.00000,0.00000,0.02256,-0.89633,0.69652,0.04824,0.0537600000,0.1127000000,0.1350100000,0.6985000000,0.00017,0.12717,0.00000,0.00000,0.00000,0.00000
3473,recas,381,HUN,381,22,1278,rural_settlement,clay,16.00001,0.18645,8,19.29424,19.29424,0.04723,0.09940,0.01000,1.10034,17.98726,0.05001,0.00000,0.00000,19.13761,19.13761,0.0024478808,0.0051517966,0.0005182894,0.0570294554,0.9322606125,0.0025919653,0.0000000000,0.9918820332,0.9918820332,lower,lower,0.00302,0.00023,0.00254,0.00407,0.13980,0.00000,0.25500,0.05830,0.00812,0.00439,0.00460,0.00439,0.02569,0.02980,0.03123,0.02980,0.03236,0.02144,0.02247,0.02144,4.00000,0.39843,0.04617,0.50252,0.50252,0.54869,0.04617,-0.78431,0.15026,0.54869,0.08442,0.54869,4.00000,0.15026,0.00000,0.00000,0.00000,1.00000,0.00000,0.00000,0.00000,0.00000,1.00000,0.00000,0.03403,0.00272,0.05831,1.04824,0.03236,0.18883,0.28891,0.00000,0.00000,0.02949,-0.96597,0.22866,0.04824,0.0318400000,0.1007400000,0.1269000000,0.7405000000,0.00015,0.05563,0.00000,0.00000,0.00000,0.00000
3474,zarand,381,HUN,381,22,1281,rural_settlement,wheat,19.00001,0.18431,8,17.79661,17.79661,0.04746,0.08897,0.01000,1.10533,16.49484,0.05001,0.00000,0.00000,17.65018,17.65018,0.0026668000,0.0049992667,0.0005619048,0.0621090196,0.9268529231,0.0028100857,0.0000000000,0.9917720285,0.9917720285,lower,lower,0.00373,0.00023,0.00207,0.00354,0.14353,0.00000,0.25081,0.06654,0.00812,0.00601,0.00000,0.00000,0.02300,0.03645,0.03820,0.03645,0.02994,0.02704,0.02834,0.02704,4.00000,0.34888,0.04948,0.40731,0.40731,0.45679,0.04948,-0.78072,0.04704,0.45679,0.10791,0.45679,4.00000,0.10791,1.00000,0.00000,0.00000,1.00000,0.00000,1.00000,0.00000,0.00000,1.00000,0.00000,0.03949,0.00274,0.06655,1.04824,0.02994,0.18975,0.37365,0.00000,0.00000,0.02705,-0.96051,0.26534,0.04824,0.0323700000,0.0917000000,0.1193700000,0.7565400000,0.00015,0.06349,0.00000,0.00000,0.00000,0.00000
3475,arad,381,HUN,381,22,1281,rural_settlement,wine,17.00001,0.18430,8,19.89740,19.89740,0.04874,0.09848,0.01000,1.10033,18.58984,0.05001,0.00000,0.00000,19.74018,19.74018,0.0024495663,0.0049493904,0.0005025782,0.0553001900,0.9342848814,0.0025133937,0.0000000000,0.9920984651,0.9920984651,lower,lower,0.05010,0.00022,0.00244,0.00424,0.14504,0.00000,0.26178,0.99686,0.00812,0.01182,0.01239,0.01182,0.02545,0.07930,0.08312,0.07930,0.03335,0.05944,0.06230,0.05944,4.00000,0.44472,0.03596,0.51871,0.51871,0.55467,0.03596,-0.78993,0.10995,0.55467,0.09007,0.55467,4.00000,0.10995,0.00000,0.00000,0.00000,0.00000,0.00000,0.00000,0.00000,0.00000,0.00000,0.00000,0.56682,0.00272,0.99687,1.04824,0.03335,0.19486,0.80044,0.83905,0.80044,0.03048,-0.43318,3.80804,0.04824,0.0310100000,0.0972100000,0.1273900000,0.7443600000,0.00015,0.95100,0.00000,0.00000,0.00000,0.00000
3476,baia_crisului,381,HUN,381,22,1281,rural_settlement,goods_gold,11.00000,0.00377,12,22.29852,22.29852,0.07930,0.13276,0.01000,2.10054,19.92591,0.05001,0.00000,0.00000,22.07646,22.07646,0.0035562898,0.0059537584,0.0004484603,0.0942008707,0.8935978711,0.0022427497,0.0000000000,0.9900414915,0.9900414915,lower,nobles,0.20883,0.00015,0.00294,0.00362,0.25287,0.00000,0.39751,4.65662,0.00812,0.05753,0.06030,0.05753,0.03432,0.47957,0.50270,0.47957,0.03802,0.31786,0.33319,0.31786,4.00000,0.00082,0.05632,0.11087,0.11087,0.16719,0.05632,-0.86167,-0.01427,0.16719,0.16801,0.16801,1.00000,0.16719,0.00000,0.00000,0.00000,1.00000,0.00000,0.00000,0.00000,0.00000,1.00000,0.00000,1.74370,0.00520,4.65663,1.04824,0.03802,0.31705,4.58738,3.76043,3.58738,0.03267,0.74370,11.71449,0.04824,0.0204200000,0.0863300000,0.0956400000,0.7975800000,0.00015,4.44234,0.00000,0.00000,0.00000,0.00000
3477,ineu,381,HUN,381,22,1281,rural_settlement,wine,14.00000,0.18429,8,19.08486,19.08486,0.04671,0.09442,0.01000,1.10030,17.78342,0.05001,0.00000,0.00000,18.93373,18.93373,0.0024474898,0.0049473771,0.0005239755,0.0576530297,0.9318077261,0.0026204017,0.0000000000,0.9920811575,0.9920811575,lower,lower,0.04977,0.00023,0.00234,0.00405,0.13875,0.00000,0.25130,0.94990,0.00812,0.01174,0.01230,0.01174,0.02440,0.07551,0.07915,0.07551,0.03203,0.05663,0.05936,0.05663,4.00000,0.44682,0.03503,0.52037,0.52037,0.55540,0.03503,-0.78112,0.10858,0.55540,0.08827,0.55540,4.00000,0.10858,0.00000,0.00000,0.00000,0.00000,0.00000,0.00000,0.00000,0.00000,0.00000,0.00000,0.56265,0.00272,0.94991,1.04824,0.03203,0.18675,0.76232,0.79909,0.76232,0.02916,-0.43735,3.77998,0.04824,0.0323100000,0.0970900000,0.1274500000,0.7431300000,0.00015,0.90620,0.00000,0.00000,0.00000,0.00000
3478,lipova,381,HUN,381,22,1281,rural_settlement,fruit,15.00000,0.18431,8,19.96039,19.96039,0.06301,0.09979,0.01000,1.10033,18.63725,0.05001,0.00000,0.00000,19.78759,19.78759,0.0031567519,0.0049994013,0.0005009922,0.0551256764,0.9337117161,0.0025054621,0.0000000000,0.9913428545,0.9913428545,lower,lower,0.00610,0.00018,0.00206,0.00347,0.19877,0.00000,0.31926,0.12176,0.00812,0.00905,0.00948,0.00905,0.02579,0.06151,0.06447,0.06151,0.03343,0.04561,0.04781,0.04561,4.00000,0.12233,0.05152,0.22636,0.22636,0.27788,0.05152,-0.82773,-0.07764,0.27788,0.15555,0.27788,4.00000,0.15555,0.00000,0.00000,0.00000,1.00000,0.00000,0.00000,0.00000,0.00000,1.00000,0.00000,0.05677,0.00272,0.12177,1.04824,0.03343,0.25192,0.66610,0.00000,0.00000,0.03056,-0.94323,0.38141,0.04824,0.0254300000,0.0807800000,0.1047100000,0.7890700000,0.00015,0.11617,0.00000,0.00000,0.00000,0.00000
3479,kovin,381,HUN,381,22,1279,rural_settlement,sand,19.00001,0.17549,9,21.00966,21.00966,0.05528,0.10400,0.01000,2.10064,18.68973,0.05001,0.00000,0.00000,20.84038,20.84038,0.0026311706,0.0049501039,0.0004759715,0.0999844833,0.8895779370,0.0023803336,0.0000000000,0.9919427540,0.9919427540,lower,lower,0.00358,0.00020,0.00246,0.00441,0.16725,0.00000,0.29201,0.07527,0.00812,0.00537,0.00562,0.00537,0.02688,0.03793,0.03975,0.03793,0.03600,0.02852,0.02989,0.02852,4.00000,0.39615,0.04654,0.45797,0.45797,0.50451,0.04654,-0.81167,0.05103,0.50451,0.10836,0.50451,4.00000,0.10836,0.00000,0.00000,0.00000,2.00000,0.00000,0.00000,0.00000,0.00000,2.00000,0.00000,0.03837,0.00520,0.07528,1.04824,0.03600,0.22101,0.39122,0.00000,0.00000,0.03065,-0.96163,0.25779,0.04824,0.0278000000,0.0920500000,0.1232800000,0.7568500000,0.00015,0.07182,0.00000,0.00000,0.00000,0.00000
3480,carasova,381,HUN,381,10,1279,rural_settlement,wild_game,14.00000,0.01740,12,22.07744,22.07744,0.07727,0.13499,0.01000,2.10064,19.70453,0.05001,0.00000,0.00000,21.85518,21.85518,0.0034999529,0.0061143865,0.0004529511,0.0951487129,0.8925187884,0.0022652083,0.0000000000,0.9899327096,0.9899327096,lower,lower,0.04339,0.00024,0.00550,0.00510,0.22216,0.00000,0.40118,0.95797,0.01029,0.01073,0.01124,0.01073,0.04702,0.09124,0.00000,0.00000,0.04532,0.05872,0.06155,0.05872,4.00000,0.04036,0.05239,0.32617,0.32617,0.37856,0.05239,-0.82631,0.33820,0.37856,0.08980,0.37856,4.00000,0.33820,0.00000,1.00000,0.00000,0.00000,0.00000,0.00000,1.00000,0.00000,0.00000,0.00000,0.35543,0.00594,0.95798,1.04824,0.04532,0.29855,0.84445,0.88518,0.84445,0.03921,-0.64457,2.38790,0.04824,0.0256400000,0.1172000000,0.1129600000,0.7441700000,0.00017,0.91390,0.00000,0.00000,0.00000,0.00000
3481,modos,381,HUN,381,22,1279,rural_settlement,fish,19.00001,0.37391,9,20.52418,20.52418,0.05031,0.10148,0.01000,2.10064,18.21174,0.05001,0.00000,0.00000,20.36239,20.36239,0.0024512551,0.0049444119,0.0004872302,0.1023495214,0.8873309433,0.0024366382,0.0000000000,0.9921171029,0.9921171029,lower,lower,0.04928,0.00022,0.00251,0.00454,0.14942,0.00000,0.27070,1.01162,0.00812,0.01070,0.01121,0.01070,0.02623,0.08151,0.08544,0.08151,0.03521,0.05679,0.05952,0.05679,4.00000,0.48108,0.02048,0.56690,0.56690,0.58738,0.02048,-0.79684,0.10630,0.58738,0.08813,0.58738,4.00000,0.10630,0.00000,0.00000,0.00000,0.00000,0.00000,0.00000,0.00000,0.00000,0.00000,0.00000,0.55626,0.00520,1.01163,1.04824,0.03521,0.20114,0.81608,0.85544,0.81608,0.02986,-0.44374,3.73708,0.04824,0.0299900000,0.0968900000,0.1300700000,0.7430300000,0.00015,0.96508,0.00000,0.00000,0.00000,0.00000
3482,pancevo,381,HUN,381,22,1279,rural_settlement,livestock,15.00000,0.30044,8,20.91578,20.91578,0.05504,0.10347,0.00000,2.10065,18.60661,0.05001,0.00000,0.00000,20.75727,20.75727,0.0026315060,0.0049469826,0.0000000000,0.1004337395,0.8895967542,0.0023910177,0.0000000000,0.9924215114,0.9924215114,lower,lower,0.01008,0.00000,0.00251,0.00452,0.17130,0.00000,0.28265,0.21083,0.00000,0.00000,0.00000,0.00000,0.02674,0.11712,0.12276,0.11712,0.03586,0.08402,0.08807,0.08402,4.00000,0.40822,0.04565,0.50267,0.50267,0.54832,0.04565,-1.00000,0.08015,0.54832,0.14010,0.54832,4.00000,0.14010,0.00000,0.00000,0.00000,2.00000,0.00000,0.00000,0.00000,0.00000,2.00000,0.00000,0.11103,0.00520,0.21084,1.04824,0.03586,0.22005,1.20172,0.00000,0.00000,0.03051,-0.88897,0.74594,0.04824,0.0000000000,0.0946000000,0.1268700000,0.7785200000,0.00015,0.20114,0.00000,0.00000,0.00000,0.00000
3483,semlacu_mare,381,HUN,381,22,1279,rural_settlement,iron,16.00001,0.01742,12,16.15136,16.15136,0.03938,0.07972,0.01000,1.10034,14.87191,0.05001,0.00000,0.00000,16.02226,16.02226,0.0024381848,0.0049358073,0.0006191429,0.0681267707,0.9207837606,0.0030963337,0.0000000000,0.9920068651,0.9920068651,lower,lower,0.07973,0.00028,0.00196,0.00346,0.11611,0.00000,0.21341,1.28788,0.00812,0.02007,0.02103,0.02007,0.02060,0.10080,0.10566,0.10080,0.02725,0.08053,0.08441,0.08053,4.00000,0.45614,0.03260,0.52561,0.52561,0.55821,0.03260,-0.74231,0.10207,0.55821,0.08036,0.55821,4.00000,0.10207,0.00000,0.00000,0.00000,0.00000,0.00000,0.00000,0.00000,0.00000,0.00000,0.00000,0.89828,0.00272,1.28789,1.04824,0.02725,0.15744,1.02723,1.07678,1.02723,0.02438,-0.10172,6.03481,0.04824,0.0380400000,0.0965200000,0.1276800000,0.7377300000,0.00015,1.22863,0.00000,0.00000,0.00000,0.00000
3484,veliky_beckerek,381,HUN,381,22,1279,rural_settlement,wheat,15.00000,0.33573,9,20.63125,20.63125,0.05057,0.10510,0.00000,2.10067,18.32490,0.05001,0.00000,0.00000,20.47558,20.47558,0.0024511360,0.0050942139,0.0000000000,0.1018198122,0.8882108452,0.0024239927,0.0000000000,0.9924546501,0.9924546501,lower,lower,0.00646,0.00000,0.00275,0.00472,0.15437,0.00000,0.26475,0.13344,0.00000,0.00000,0.00000,0.00000,0.02717,0.07547,0.07911,0.07547,0.03540,0.05184,0.05434,0.05184,4.00000,0.46008,0.03257,0.59923,0.59923,0.63180,0.03257,-1.00000,0.17172,0.63180,0.11834,0.63180,4.00000,0.17172,0.00000,0.00000,0.00000,1.00000,0.00000,0.00000,0.00000,0.00000,1.00000,0.00000,0.07502,0.00520,0.13345,1.04824,0.03540,0.20218,0.73490,0.00000,0.00000,0.03005,-0.92498,0.50406,0.04824,0.0000000000,0.1026200000,0.1337100000,0.7636600000,0.00015,0.12731,0.00000,0.00000,0.00000,0.00000
3485,bacs,381,HUN,381,22,1284,rural_settlement,wool,13.00001,0.57544,5,28.48657,28.48657,0.07021,0.14517,0.00000,2.10059,26.12059,0.05001,0.00000,0.00000,28.27119,28.27119,0.0024646702,0.0050960856,0.0000000000,0.0737396605,0.9169440196,0.0017555641,0.0000000000,0.9924392442,0.9924392442,lower,lower,0.04274,0.00000,0.00382,0.00633,0.21503,0.00000,0.36640,1.21762,0.00000,0.00000,0.00000,0.00000,0.03752,0.19208,0.20134,0.19208,0.04818,0.11924,0.12499,0.11924,4.00000,0.43550,0.03818,0.56653,0.56653,0.60471,0.03818,-1.00000,0.16921,0.60471,0.12191,0.60471,4.00000,0.16921,0.00000,0.00000,0.00000,1.00000,0.00000,0.00000,0.00000,0.00000,1.00000,0.00000,0.49466,0.00520,1.21763,1.04824,0.04818,0.28070,1.85028,0.89129,0.85028,0.04283,-0.50534,3.32322,0.04824,0.0000000000,0.1024000000,0.1314900000,0.7661000000,0.00015,1.16160,0.00000,0.00000,0.00000,0.00000
3486,baja_hungary,381,HUN,381,22,1284,rural_settlement,fiber_crops,18.00001,0.64482,6,32.80866,32.80866,0.08464,0.16304,0.01000,3.10085,29.40012,0.05001,0.00000,0.00000,32.55098,32.55098,0.0025798067,0.0049694197,0.0003047976,0.0945131560,0.8961085274,0.0015242927,0.0000000000,0.9921459761,0.9921459761,lower,lower,0.04367,0.00013,0.00398,0.00706,0.25749,0.00000,0.44471,1.43305,0.00812,0.02019,0.02116,0.02019,0.04214,0.28887,0.30280,0.28887,0.05605,0.18606,0.19503,0.18606,4.00000,0.42372,0.04192,0.49615,0.49615,0.53807,0.04192,-0.87637,0.08186,0.53807,0.11435,0.53807,4.00000,0.11435,0.00000,0.00000,0.00000,2.00000,0.00000,0.00000,0.00000,0.00000,2.00000,0.00000,0.47966,0.00769,1.43306,1.04824,0.05605,0.33840,2.87200,0.91406,0.87200,0.04821,-0.52034,3.22245,0.04824,0.0182500000,0.0947500000,0.1260300000,0.7609400000,0.00015,1.36712,0.00000,0.00000,0.00000,0.00000
3487,bodrog,381,HUN,381,22,1284,rural_settlement,livestock,18.00001,0.64481,5,30.15991,30.15991,0.07824,0.15364,0.00000,3.10086,26.77716,0.05001,0.00000,0.00000,29.92803,29.92803,0.0025941722,0.0050941797,0.0000000000,0.1028139673,0.8878395194,0.0016581614,0.0000000000,0.9923116481,0.9923116481,lower,lower,0.08419,0.00000,0.00388,0.00660,0.24204,0.00000,0.40427,2.53933,0.00000,0.00000,0.00000,0.00000,0.03971,0.23508,0.00000,0.00000,0.05175,0.18451,0.19341,0.18451,4.00000,0.42898,0.04110,0.52101,0.52101,0.56211,0.04110,-1.00000,0.12148,0.56211,0.13313,0.56211,4.00000,0.13313,0.00000,1.00000,0.00000,0.00000,0.00000,0.00000,1.00000,0.00000,0.00000,0.00000,0.93497,0.00769,2.53934,1.04824,0.05175,0.31281,2.23797,2.34592,2.23797,0.04391,-0.06503,6.28129,0.04824,0.0000000000,0.0982200000,0.1280000000,0.7737600000,0.00015,2.42248,0.00000,0.00000,0.00000,0.00000
3488,titel,381,HUN,381,22,1284,rural_settlement,livestock,14.00001,0.48098,6,33.24728,33.24728,0.11839,0.19849,0.01000,3.10086,29.76953,0.05001,0.00000,0.00000,32.92040,32.92040,0.0035608928,0.0059701124,0.0003007765,0.0932665770,0.8953974581,0.0015041832,0.0000000000,0.9901682183,0.9901682183,lower,nobles,0.04481,0.00010,0.00446,0.00544,0.38010,0.00000,0.58942,1.48990,0.00812,0.01401,0.01468,0.01401,0.05131,0.22136,0.23203,0.22136,0.05666,0.12193,0.12781,0.12193,4.00000,0.00296,0.05590,0.11715,0.11715,0.17305,0.05590,-0.90671,-0.00605,0.17305,0.17601,0.17601,1.00000,0.17305,0.00000,0.00000,0.00000,1.00000,0.00000,0.00000,0.00000,0.00000,1.00000,0.00000,0.37625,0.00769,1.48991,1.04824,0.05666,0.47333,2.06405,1.11537,1.06405,0.04882,-0.62375,2.52775,0.04824,0.0137700000,0.0870500000,0.0961200000,0.8030400000,0.00015,1.42135,0.00000,0.00000,0.00000,0.00000
3489,siklos,381,HUN,381,22,1286,rural_settlement,clay,13.00000,0.41265,5,25.46381,25.46381,0.06593,0.12632,0.00000,2.10062,23.12093,0.05001,0.00000,0.00000,25.27156,25.27156,0.0025891648,0.0049607659,0.0000000000,0.0824943322,0.9079917734,0.0019639638,0.0000000000,0.9924500693,0.9924500693,lower,lower,0.00395,0.00000,0.00312,0.00550,0.20462,0.00000,0.33950,0.10061,0.00000,0.00000,0.00000,0.00000,0.03265,0.05701,0.05976,0.05701,0.04326,0.03898,0.04086,0.03898,4.00000,0.41805,0.04486,0.51018,0.51018,0.55504,0.04486,-1.00000,0.09808,0.55504,0.13699,0.55504,4.00000,0.13699,0.00000,0.00000,0.00000,1.00000,0.00000,0.00000,0.00000,0.00000,1.00000,0.00000,0.04411,0.00520,0.10062,1.04824,0.04326,0.26359,0.57724,0.00000,0.00000,0.03791,-0.95589,0.29637,0.04824,0.0000000000,0.0961700000,0.1274200000,0.7764000000,0.00015,0.09599,0.00000,0.00000,0.00000,0.00000
3490,mohacs,381,HUN,381,22,1286,rural_settlement,fish,16.00000,0.64487,6,27.36064,27.36064,0.07061,0.13581,0.01000,2.10063,24.99358,0.05001,0.00000,0.00000,27.14422,27.14422,0.0025807145,0.0049636997,0.0003654885,0.0767756164,0.9134866728,0.0018278081,0.0000000000,0.9920900973,0.9920900973,lower,lower,0.00379,0.00016,0.00330,0.00575,0.21430,0.00000,0.37185,0.10384,0.00812,0.00767,0.00804,0.00767,0.03510,0.09141,0.09581,0.09141,0.04633,0.07024,0.00000,0.00000,4.00000,0.40874,0.04562,0.47488,0.47488,0.52050,0.04562,-0.85212,0.07775,0.52050,0.11176,0.52050,4.00000,0.11176,0.00000,0.00000,1.00000,2.00000,0.00000,0.00000,0.00000,1.00000,2.00000,0.00000,0.04156,0.00520,0.10385,1.04824,0.04633,0.28230,0.89576,0.00000,0.00000,0.04098,-0.95844,0.27927,0.04824,0.0218300000,0.0943900000,0.1245900000,0.7591700000,0.00015,0.09908,0.00000,0.00000,0.00000,0.00000
3491,pecs,381,HUN,381,22,1286,town,horses,19.00000,0.48321,6,33.04482,33.04482,0.39099,0.63117,0.80017,2.75087,27.87150,0.60012,0.00000,0.00000,31.22249,31.22249,0.0118321117,0.0191004218,0.0242146878,0.0832466329,0.8434453569,0.0181607889,0.0000000000,0.9448527787,0.9448527787,burghers,burghers,0.09386,0.17403,0.01094,0.00121,1.00509,0.00000,2.43130,3.10182,0.65049,0.66765,0.69985,0.66765,0.16317,0.41962,0.00000,0.00000,0.05441,0.23653,0.24794,0.23653,3.00000,0.87076,0.00833,0.79046,-0.73532,0.81235,0.02189,0.81235,-0.23372,-0.72699,-0.05841,0.81235,3.00000,-0.05841,0.00000,1.00000,0.00000,0.00000,0.00000,0.00000,1.00000,0.00000,0.00000,0.00000,1.03301,0.00682,3.10185,1.04824,0.05441,1.56323,2.05493,2.15405,2.05493,0.04570,0.03301,1.27579,0.04824,0.2675400000,0.0671100000,0.0223700000,0.6429600000,0.00189,2.95911,0.00000,0.00000,0.00000,0.00000
3492,simontornya,381,HUN,381,22,1286,rural_settlement,wheat,17.00000,0.56722,5,32.41851,32.41851,0.08390,0.16495,0.00000,3.10087,29.01878,0.05001,0.00000,0.00000,32.16966,32.16966,0.0025880276,0.0050881425,0.0000000000,0.0956512190,0.8951299736,0.0015426372,0.0000000000,0.9923238298,0.9923238298,lower,lower,0.00889,0.00000,0.00417,0.00708,0.25953,0.00000,0.43351,0.28833,0.00000,0.00000,0.00000,0.00000,0.04264,0.13170,0.00000,0.00000,0.05543,0.09418,0.00000,0.00000,4.00000,0.42727,0.04183,0.51858,0.51858,0.56041,0.04183,-1.00000,0.12297,0.56041,0.13314,0.56041,4.00000,0.13314,0.00000,1.00000,1.00000,1.00000,0.00000,0.00000,1.00000,1.00000,1.00000,0.00000,0.09900,0.00769,0.28834,1.04824,0.05543,0.33544,1.27508,0.28834,0.27508,0.04759,-0.90100,0.66512,0.04824,0.0000000000,0.0983500000,0.1278600000,0.7737700000,0.00015,0.27508,0.00000,0.00000,0.00000,0.00000
3493,tolna,381,HUN,381,22,1286,rural_settlement,wine,16.00000,0.73810,6,30.14364,30.14364,0.07436,0.14972,0.01000,3.10091,26.75864,0.05001,0.00000,0.00000,29.90956,29.90956,0.0024668554,0.0049668852,0.0003317449,0.1028711197,0.8877043383,0.0016590564,0.0000000000,0.9922345145,0.9922345145,lower,lower,0.10770,0.00015,0.00376,0.00674,0.22327,0.00000,0.39584,3.24664,0.00812,0.01960,0.02054,0.01960,0.03870,0.27359,0.28678,0.27359,0.05172,0.29273,0.30685,0.29273,4.00000,0.47822,0.02130,0.57315,0.57315,0.59445,0.02130,-0.86106,0.11623,0.59445,0.09989,0.59445,4.00000,0.11623,0.00000,0.00000,0.00000,0.00000,0.00000,0.00000,0.00000,0.00000,0.00000,0.00000,1.22085,0.00769,3.24665,1.04824,0.05172,0.29730,2.51132,2.63246,2.51132,0.04388,0.22085,8.20192,0.04824,0.0205100000,0.0977600000,0.1306500000,0.7510600000,0.00015,3.09724,0.00000,0.00000,0.00000,0.00000
3494,buda,381,HUN,381,22,1291,city,wine,24.00001,1.00000,9,34.29934,34.29934,0.47448,1.13774,1.60047,3.55183,26.28445,1.25037,0.00000,0.00000,31.08665,31.08665,0.0138335023,0.0331709007,0.0466618308,0.1035538876,0.7663252412,0.0364546373,0.0000000000,0.9063337662,0.9063337662,burghers,burghers,0.03233,0.47712,0.02437,0.00087,1.01427,0.00000,3.54808,1.10898,1.30110,0.46286,0.48518,0.46286,0.29412,0.37134,0.38925,0.37134,0.05583,0.22378,0.23457,0.22378,3.00000,1.53763,0.00000,1.47775,-0.80803,1.48408,0.00633,1.48408,-0.05355,-0.80803,-0.21701,1.48408,3.00000,-0.05355,0.00000,0.00000,0.00000,1.00000,0.00000,0.00000,0.00000,0.00000,1.00000,0.00000,0.25308,0.00880,1.10901,1.04824,0.05583,1.89703,0.94071,0.00000,0.00000,0.04310,-0.74692,0.31256,0.04824,0.3667000000,0.0828900000,0.0157300000,0.5346600000,0.00393,1.05798,0.00000,0.00000,0.00000,0.00000
3495,esztergom,381,HUN,381,22,1291,town,marble,18.00000,0.92929,8,17.96496,17.96496,0.21567,0.66961,0.80022,1.75087,13.92842,0.60017,0.00000,0.00000,16.27946,16.27946,0.0120050365,0.0372731139,0.0445433778,0.0974602782,0.7753103820,0.0334078117,0.0000000000,0.9061784719,0.9061784719,burghers,burghers,0.16517,0.24675,0.01746,0.00048,0.43353,0.00000,1.71497,2.96734,0.65053,0.84800,0.88890,0.84800,0.17310,0.75766,0.00000,0.00000,0.02907,0.28051,0.29404,0.28051,3.00000,1.41714,0.00000,1.56086,-0.79314,1.56957,0.00871,1.56957,0.15243,-0.79314,-0.26368,1.56957,3.00000,0.15243,0.00000,1.00000,0.00000,0.00000,0.00000,0.00000,1.00000,0.00000,0.00000,0.00000,1.40100,0.00434,2.96736,1.04824,0.02907,0.86227,1.70230,1.78441,1.70230,0.02284,0.40100,1.73026,0.04824,0.3793200000,0.1009300000,0.0169500000,0.5027900000,0.00189,2.83081,0.00000,0.00000,0.00000,0.00000
3496,komarom,381,HUN,381,22,1291,rural_settlement,fish,19.00001,0.78237,6,27.41208,27.41208,0.06852,0.13605,0.01000,2.10078,25.04672,0.05001,0.00000,0.00000,27.19751,27.19751,0.0024996279,0.0049631403,0.0003648027,0.0766370155,0.9137110354,0.0018243782,0.0000000000,0.9921724291,0.9921724291,lower,lower,0.08200,0.00016,0.00338,0.00591,0.20634,0.00000,0.36366,2.24782,0.00812,0.01454,0.01524,0.01454,0.03517,0.19001,0.19917,0.19001,0.04642,0.22349,0.23427,0.22349,4.00000,0.45348,0.03322,0.52450,0.52450,0.55772,0.03322,-0.84880,0.10424,0.55772,0.10318,0.55772,4.00000,0.10424,0.00000,0.00000,0.00000,0.00000,0.00000,0.00000,0.00000,0.00000,0.00000,0.00000,0.92006,0.00520,2.24783,1.04824,0.04642,0.27395,1.71635,1.79914,1.71635,0.04107,-0.07994,6.18113,0.04824,0.0223200000,0.0967100000,0.1276400000,0.7533100000,0.00015,2.14439,0.00000,0.00000,0.00000,0.00000
3497,tata,381,HUN,381,22,1291,rural_settlement,livestock,21.00001,0.69017,6,18.69159,18.69159,0.05048,0.09721,0.01000,1.10040,17.38349,0.05001,0.00000,0.00000,18.53390,18.53390,0.0027006798,0.0052007347,0.0005350000,0.0588713962,0.9300166545,0.0026755348,0.0000000000,0.9915635855,0.9915635855,lower,lower,0.00968,0.00022,0.00236,0.00367,0.15286,0.00000,0.26644,0.18098,0.00812,0.01032,0.01081,0.01032,0.02513,0.09066,0.09503,0.09066,0.03137,0.07169,0.07514,0.07169,4.00000,0.32752,0.05026,0.38652,0.38652,0.43678,0.05026,-0.79359,0.07684,0.43678,0.10926,0.43678,4.00000,0.10926,0.00000,0.00000,0.00000,2.00000,0.00000,0.00000,0.00000,0.00000,2.00000,0.00000,0.10111,0.00272,0.18099,1.04824,0.03137,0.20182,0.84935,0.00000,0.00000,0.02850,-0.89889,0.67928,0.04824,0.0304700000,0.0943100000,0.1177300000,0.7574600000,0.00015,0.17267,0.00000,0.00000,0.00000,0.00000
3498,fehervar,381,HUN,381,22,1290,town,wheat,23.00001,0.92954,8,18.19963,18.19963,0.23929,0.69131,0.80021,1.75082,14.11784,0.60016,0.00000,0.00000,16.46882,16.46882,0.0131480695,0.0379848382,0.0439684763,0.0962008568,0.7757212647,0.0329764946,0.0000000000,0.9048986161,0.9048986161,burghers,burghers,0.00901,0.23311,0.01758,0.00047,0.50420,0.00000,1.81533,0.16410,0.65053,0.11233,0.11774,0.11233,0.17871,0.10364,0.00000,0.00000,0.02938,0.04424,0.04637,0.04424,3.00000,1.30351,0.00000,1.41258,-0.80253,1.42751,0.01493,1.42751,0.12400,-0.80253,-0.22821,1.42751,3.00000,0.12400,0.00000,1.00000,0.00000,1.00000,0.00000,0.00000,1.00000,0.00000,1.00000,0.00000,0.07319,0.00434,0.16412,1.04824,0.02938,0.95671,0.23686,0.00000,0.00000,0.02315,-0.92681,0.09040,0.04824,0.3583500000,0.0984400000,0.0161800000,0.5270100000,0.00189,0.15657,0.00000,0.00000,0.00000,0.00000
3499,adony,381,HUN,381,22,1290,rural_settlement,livestock,23.00001,0.80630,6,14.69493,14.69493,0.04011,0.07346,0.01000,1.10040,13.42095,0.05001,0.00000,0.00000,14.57136,14.57136,0.0027295128,0.0049990031,0.0006805068,0.0748829698,0.9133047929,0.0034032146,0.0000000000,0.9915909773,0.9915909773,lower,lower,0.01559,0.00028,0.00169,0.00287,0.12107,0.00000,0.21235,0.22911,0.00812,0.01291,0.01353,0.01291,0.01899,0.09258,0.09704,0.09258,0.02488,0.11309,0.11854,0.11309,4.00000,0.32393,0.05037,0.37945,0.37945,0.42982,0.05037,-0.74102,0.02100,0.42982,0.10589,0.42982,4.00000,0.10589,0.00000,0.00000,0.00000,1.00000,0.00000,0.00000,0.00000,0.00000,1.00000,0.00000,0.16060,0.00272,0.22912,1.04824,0.02488,0.16036,0.84509,0.00000,0.00000,0.02201,-0.83940,1.07897,0.04824,0.0382300000,0.0894200000,0.1171600000,0.7551600000,0.00015,0.21858,0.00000,0.00000,0.00000,0.00000
3500,kalocsa,381,HUN,381,22,1290,rural_settlement,fruit,21.00001,0.71312,6,13.22207,13.22207,0.03305,0.36620,0.01000,1.10039,11.66242,0.05001,0.00000,0.00000,12.81282,12.81282,0.0024996086,0.0276961172,0.0007563112,0.0832237312,0.8820419193,0.0037823125,0.0000000000,0.9690479630,0.9690479630,clergy,clergy,0.05308,0.00023,0.03487,0.00186,0.06792,0.00000,0.25691,0.70191,0.00812,0.01077,0.01128,0.01077,0.09467,0.36160,0.00000,0.00000,0.02199,0.06384,0.06691,0.06384,2.00000,2.95546,0.00000,3.00000,0.04454,3.00000,0.00000,-0.78593,3.00000,0.04454,-0.24683,3.00000,2.00000,0.04454,0.00000,1.00000,0.00000,0.00000,0.00000,0.00000,1.00000,0.00000,0.00000,0.00000,74.03869,0.00272,0.70192,1.04824,0.02199,0.13213,0.59501,0.62371,0.59501,0.01912,73.03869,2.73216,0.04824,0.0316000000,0.3684900000,0.0855900000,0.5143000000,0.00015,0.66962,0.00000,0.00000,0.00000,0.00000
3501,papa,381,HUN,381,22,1290,rural_settlement,wild_game,17.00000,0.64789,6,17.45567,17.45567,0.04736,0.08726,0.01000,1.10038,16.16066,0.05001,0.00000,0.00000,17.31105,17.31105,0.0027131585,0.0049989488,0.0005728798,0.0630385428,0.9258114985,0.0028649717,0.0000000000,0.9917150129,0.9917150129,lower,lower,0.01222,0.00024,0.00200,0.00344,0.14375,0.00000,0.24939,0.21340,0.00812,0.01352,0.01417,0.01352,0.02255,0.10374,0.10874,0.10374,0.02937,0.08633,0.09049,0.08633,4.00000,0.32526,0.05031,0.38683,0.38683,0.43714,0.05031,-0.77950,0.03242,0.43714,0.11188,0.43714,4.00000,0.11188,0.00000,0.00000,0.00000,2.00000,0.00000,0.00000,0.00000,0.00000,2.00000,0.00000,0.12737,0.00272,0.21341,1.04824,0.02937,0.18935,1.01583,0.00000,0.00000,0.02650,-0.87263,0.85572,0.04824,0.0325500000,0.0904200000,0.1177600000,0.7592500000,0.00015,0.20359,0.00000,0.00000,0.00000,0.00000
3502,solt,381,HUN,381,22,1290,rural_settlement,millet,16.00001,0.79984,6,12.70254,12.70254,0.03479,0.06351,0.00000,1.10046,11.45376,0.05002,0.00000,0.00000,12.60424,12.60424,0.0027388223,0.0049997874,0.0000000000,0.0866330671,0.9016905280,0.0039377951,0.0000000000,0.9922613902,0.9922613902,lower,lower,0.01072,0.00000,0.00146,0.00259,0.10917,0.00000,0.17715,0.13619,0.00000,0.00000,0.00000,0.00000,0.01641,0.06107,0.06401,0.06107,0.02165,0.06887,0.07219,0.06887,4.00000,0.34164,0.04992,0.44153,0.44153,0.49145,0.04992,-1.00000,0.05766,0.49145,0.14981,0.49145,4.00000,0.14981,0.00000,0.00000,0.00000,1.00000,0.00000,0.00000,0.00000,0.00000,1.00000,0.00000,0.11444,0.00272,0.13620,1.04824,0.02165,0.13909,0.56650,0.00000,0.00000,0.01878,-0.88556,0.76883,0.04824,0.0000000000,0.0926300000,0.1222100000,0.7851500000,0.00015,0.12994,0.00000,0.00000,0.00000,0.00000
3503,veszprem,381,HUN,381,22,1290,rural_settlement,stone,21.00001,0.64790,6,18.39642,18.39642,0.04937,0.09197,0.01000,1.10039,17.09468,0.05001,0.00000,0.00000,18.24508,18.24508,0.0026836743,0.0049993423,0.0005435840,0.0598154424,0.9292394933,0.0027184637,0.0000000000,0.9917733994,0.9917733994,lower,lower,0.01114,0.00023,0.00215,0.00365,0.14970,0.00000,0.26017,0.20510,0.00812,0.01237,0.01296,0.01237,0.02377,0.10005,0.10487,0.10005,0.03090,0.08326,0.08727,0.08326,4.00000,0.33835,0.04996,0.39939,0.39939,0.44935,0.04996,-0.78857,0.04316,0.44935,0.11100,0.44935,4.00000,0.11100,0.00000,0.00000,0.00000,1.00000,0.00000,0.00000,0.00000,0.00000,1.00000,0.00000,0.11734,0.00272,0.20511,1.04824,0.03090,0.19738,0.97623,0.00000,0.00000,0.02803,-0.88266,0.78836,0.04824,0.0312100000,0.0913600000,0.1187600000,0.7586500000,0.00015,0.19568,0.00000,0.00000,0.00000,0.00000
3504,somogyvar,381,HUN,381,22,1285,rural_settlement,wine,19.00001,0.58063,6,25.23981,25.23981,0.06209,0.12520,0.01000,2.10058,22.89193,0.05001,0.00000,0.00000,25.04252,25.04252,0.0024600027,0.0049604177,0.0003961995,0.0832248737,0.9069771127,0.0019813937,0.0000000000,0.9921833801,0.9921833801,lower,lower,0.08476,0.00018,0.00313,0.00551,0.18582,0.00000,0.33161,2.13942,0.00812,0.01663,0.01743,0.01663,0.03236,0.17573,0.18420,0.17573,0.04289,0.11438,0.11989,0.11438,4.00000,0.46417,0.02824,0.55011,0.55011,0.57835,0.02824,-0.83416,0.11418,0.57835,0.09627,0.57835,4.00000,0.11418,0.00000,0.00000,0.00000,0.00000,0.00000,0.00000,0.00000,0.00000,0.00000,0.00000,0.96032,0.00520,2.13943,1.04824,0.04289,0.24824,1.73424,1.81789,1.73424,0.03754,-0.03968,6.45164,0.04824,0.0244800000,0.0975800000,0.1293300000,0.7485900000,0.00015,2.04098,0.00000,0.00000,0.00000,0.00000
3505,csurgo,381,HUN,381,22,1285,rural_settlement,wheat,18.00000,0.58062,5,23.59577,23.59577,0.05798,0.11698,0.00000,2.10059,21.27021,0.05001,0.00000,0.00000,23.42081,23.42081,0.0024572201,0.0049576683,0.0000000000,0.0890240073,0.9014416567,0.0021194477,0.0000000000,0.9925851117,0.9925851117,lower,lower,0.03880,0.00000,0.00301,0.00532,0.17774,0.00000,0.30228,0.91573,0.00000,0.00000,0.00000,0.00000,0.03024,0.07579,0.07944,0.07579,0.04023,0.04889,0.05124,0.04889,4.00000,0.48196,0.01789,0.60622,0.60622,0.62411,0.01789,-1.00000,0.14215,0.62411,0.12304,0.62411,4.00000,0.14215,0.00000,0.00000,0.00000,0.00000,0.00000,0.00000,0.00000,0.00000,0.00000,0.00000,0.45093,0.00520,0.91574,1.04824,0.04023,0.23181,0.74892,0.78504,0.74892,0.03488,-0.54907,3.02944,0.04824,0.0000000000,0.1000300000,0.1330800000,0.7668700000,0.00015,0.87360,0.00000,0.00000,0.00000,0.00000
3506,kaposvar,381,HUN,381,22,1285,rural_settlement,wild_game,19.00001,0.35004,5,23.27044,23.27044,0.05816,0.11634,0.00000,2.10059,20.94534,0.05001,0.00000,0.00000,23.09594,23.09594,0.0024993081,0.0049994757,0.0000000000,0.0902685983,0.9000835395,0.0021490784,0.0000000000,0.9925012161,0.9925012161,lower,lower,0.10221,0.00000,0.00297,0.00519,0.17886,0.00000,0.30230,2.37868,0.00000,0.00000,0.00000,0.00000,0.03007,0.19448,0.20386,0.19448,0.03970,0.13536,0.14188,0.13536,4.00000,0.46687,0.02716,0.57547,0.57547,0.60263,0.02716,-1.00000,0.13576,0.60263,0.12645,0.60263,4.00000,0.13576,0.00000,0.00000,0.00000,0.00000,0.00000,0.00000,0.00000,0.00000,0.00000,0.00000,1.17124,0.00520,2.37869,1.04824,0.03970,0.23253,1.93939,2.03294,1.93939,0.03435,0.17124,7.86864,0.04824,0.0000000000,0.0994700000,0.1313200000,0.7692000000,0.00015,2.26923,0.00000,0.00000,0.00000,0.00000
3507,segesd,381,HUN,381,22,1285,rural_settlement,beeswax,15.00000,0.41145,6,28.43703,28.43703,0.10234,0.17344,0.01000,2.10057,26.00067,0.05001,0.00000,0.00000,28.15125,28.15125,0.0035988287,0.0060990898,0.0003516542,0.0738674186,0.9143243862,0.0017586225,0.0000000000,0.9899504273,0.9899504273,lower,nobles,0.00750,0.00011,0.00392,0.00450,0.32819,0.00000,0.51010,0.21333,0.00812,0.01425,0.01493,0.01425,0.04483,0.18928,0.19841,0.18928,0.04799,0.10504,0.00000,0.00000,4.00000,0.02662,0.05288,0.09515,0.09515,0.14803,0.05288,-0.89222,0.00342,0.14803,0.17465,0.17465,1.00000,0.14803,0.00000,0.00000,1.00000,4.00000,0.00000,0.00000,0.00000,1.00000,4.00000,0.00000,0.06225,0.00520,0.21334,1.04824,0.04799,0.40916,1.74026,0.00000,0.00000,0.04264,-0.93775,0.41823,0.04824,0.0159100000,0.0878800000,0.0940700000,0.8021100000,0.00015,0.20353,0.00000,0.00000,0.00000,0.00000
3509,sopron,381,HUN,381,22,1288,town,wine,19.00000,0.60404,9,24.71772,24.71772,0.30684,0.49793,0.80024,2.75135,19.26103,1.10033,0.00000,0.00000,23.11271,23.11271,0.0124137663,0.0201446574,0.0323751543,0.1113108329,0.7792397519,0.0445158372,0.0000000000,0.9350664220,0.9350664220,burghers,burghers,0.06203,0.20665,0.00808,0.00085,0.73488,0.00000,2.04791,1.53329,0.65055,0.38719,0.40586,0.38719,0.12872,0.20613,0.00000,0.00000,0.04186,0.15176,0.15908,0.15176,3.00000,1.27462,0.00000,1.13679,-0.75054,1.15187,0.01508,1.15187,-0.28237,-0.75054,-0.12275,1.15187,3.00000,-0.12275,0.00000,1.00000,0.00000,0.00000,0.00000,0.00000,1.00000,0.00000,0.00000,0.00000,0.60623,0.00682,1.53331,1.04824,0.04186,1.22678,0.92380,0.96836,0.92380,0.03158,-0.39377,0.74871,0.04824,0.3176600000,0.0628500000,0.0204400000,0.5990300000,0.00346,1.46275,0.00000,0.00000,0.00000,0.00000
3510,gyor,381,HUN,381,22,1288,rural_settlement,medicaments,21.00001,0.69018,6,20.00117,20.00117,0.05338,0.10000,0.01000,1.10038,18.68740,0.05001,0.00000,0.00000,19.83779,19.83779,0.0026688439,0.0049997075,0.0004999708,0.0550157816,0.9343153426,0.0025003537,0.0000000000,0.9918314779,0.9918314779,lower,lower,0.00586,0.00021,0.00234,0.00398,0.16212,0.00000,0.28090,0.11737,0.00812,0.00603,0.00632,0.00603,0.02585,0.05453,0.05716,0.05453,0.03351,0.05142,0.05390,0.05142,4.00000,0.34318,0.04973,0.40609,0.40609,0.45582,0.04973,-0.80422,0.05069,0.45582,0.11264,0.45582,4.00000,0.11264,0.00000,0.00000,0.00000,1.00000,0.00000,0.00000,0.00000,0.00000,1.00000,0.00000,0.06219,0.00272,0.11738,1.04824,0.03351,0.21342,0.52112,0.00000,0.00000,0.03064,-0.93781,0.41787,0.04824,0.0289000000,0.0920200000,0.1192900000,0.7597700000,0.00015,0.11198,0.00000,0.00000,0.00000,0.00000
3511,kapuvar,381,HUN,381,22,1288,rural_settlement,horses,19.00001,0.55389,6,17.80103,17.80103,0.04761,0.08900,0.01000,1.10038,16.50403,0.05001,0.00000,0.00000,17.65442,17.65442,0.0026745643,0.0049997107,0.0005617652,0.0618155242,0.9271390476,0.0028093880,0.0000000000,0.9917639597,0.9917639597,lower,lower,0.04455,0.00023,0.00206,0.00354,0.14411,0.00000,0.25140,0.79319,0.00812,0.02007,0.02103,0.02007,0.02300,0.14833,0.15548,0.14833,0.02993,0.09469,0.09925,0.09469,4.00000,0.34409,0.04950,0.40339,0.40339,0.45289,0.04950,-0.78126,0.04453,0.45289,0.10880,0.45289,4.00000,0.10880,0.00000,0.00000,0.00000,1.00000,0.00000,0.00000,0.00000,0.00000,1.00000,0.00000,0.46964,0.00272,0.79320,1.04824,0.02993,0.19035,1.49361,0.51742,0.49361,0.02706,-0.53036,3.15513,0.04824,0.0322900000,0.0914800000,0.1190500000,0.7571500000,0.00015,0.75670,0.00000,0.00000,0.00000,0.00000
3512,magyarovar,381,HUN,381,22,1288,rural_settlement,wheat,18.00000,0.61636,8,15.52072,15.52072,0.04191,0.07760,0.00000,1.10045,14.25074,0.05002,0.00000,0.00000,15.40121,15.40121,0.0027002613,0.0049997681,0.0000000000,0.0709019942,0.9181751877,0.0032227886,0.0000000000,0.9922999706,0.9922999706,lower,lower,0.00436,0.00000,0.00187,0.00317,0.13125,0.00000,0.21386,0.06768,0.00000,0.00000,0.00000,0.00000,0.02006,0.03751,0.03931,0.03751,0.02624,0.02707,0.02837,0.02707,4.00000,0.34992,0.04946,0.44785,0.44785,0.49731,0.04946,-1.00000,0.07090,0.49731,0.14739,0.49731,4.00000,0.14739,0.00000,0.00000,0.00000,1.00000,0.00000,0.00000,0.00000,0.00000,1.00000,0.00000,0.04711,0.00272,0.06769,1.04824,0.02624,0.16756,0.37313,0.00000,0.00000,0.02337,-0.95289,0.31651,0.04824,0.0000000000,0.0937900000,0.1226900000,0.7835000000,0.00015,0.06458,0.00000,0.00000,0.00000,0.00000
3514,vasvar,381,HUN,381,22,1289,rural_settlement,iron,17.00000,0.46137,5,18.01391,18.01391,0.06646,0.10808,0.00000,1.10033,16.68903,0.05001,0.00000,0.00000,17.83937,17.83937,0.0036893712,0.0059998079,0.0000000000,0.0610822414,0.9264523915,0.0027761880,0.0000000000,0.9903108209,0.9903108209,nobles,nobles,0.01185,0.00000,0.00240,0.00280,0.21797,0.00000,0.32389,0.21360,0.00000,0.00000,0.00000,0.00000,0.02794,0.13124,0.13757,0.13124,0.03024,0.07254,0.07603,0.07254,1.00000,0.06202,0.05204,0.09732,0.08733,0.20139,0.10407,-1.00000,-0.01507,0.13937,0.20139,0.20139,1.00000,0.13937,0.00000,0.00000,0.00000,2.00000,0.00000,0.00000,0.00000,0.00000,2.00000,0.00000,18.88264,0.00272,0.21361,1.04824,0.03024,0.26571,1.23545,0.00000,0.00000,0.02737,17.88264,0.65951,0.04824,0.0000000000,0.0862600000,0.0933600000,0.8203700000,0.00015,0.20378,0.00000,0.00000,0.00000,0.00000
3515,kormend,381,HUN,381,22,1289,rural_settlement,wool,19.00001,0.24353,9,16.24951,16.24951,0.04391,0.08124,0.01000,1.10038,14.96397,0.05001,0.00000,0.00000,16.11436,16.11436,0.0027022353,0.0049995354,0.0006154032,0.0677177343,0.9208874606,0.0030776313,0.0000000000,0.9916828261,0.9916828261,lower,lower,0.01062,0.00025,0.00189,0.00323,0.13275,0.00000,0.23208,0.17263,0.00812,0.01521,0.01594,0.01521,0.02100,0.08665,0.09082,0.08665,0.02741,0.06284,0.06587,0.06284,4.00000,0.33356,0.05003,0.39126,0.39126,0.44129,0.05003,-0.76304,0.03311,0.44129,0.10773,0.44129,4.00000,0.10773,0.00000,0.00000,0.00000,2.00000,0.00000,0.00000,0.00000,0.00000,2.00000,0.00000,0.11072,0.00272,0.17264,1.04824,0.02741,0.17555,0.88907,0.00000,0.00000,0.02454,-0.88928,0.74388,0.04824,0.0349800000,0.0904800000,0.1181000000,0.7564200000,0.00015,0.16470,0.00000,0.00000,0.00000,0.00000
3516,olsnica,381,HUN,381,2,1289,rural_settlement,livestock,18.00000,0.00140,9,8.81362,8.81362,0.02202,0.04506,0.00000,1.10147,7.59501,0.05006,0.00000,0.00000,8.74654,8.74654,0.0024984059,0.0051125417,0.0000000000,0.1249736204,0.8617355865,0.0056798455,0.0000000000,0.9923890524,0.9923890524,lower,lower,0.05740,0.00000,0.00175,0.00360,0.05479,0.00000,0.11388,0.50593,0.00000,0.00000,0.00000,0.00000,0.01447,0.04129,0.04328,0.04129,0.02038,0.03194,0.03348,0.03194,4.00000,0.73325,0.01016,1.17387,1.17387,1.18403,0.01016,-1.00000,0.45078,1.18403,0.01628,1.18403,4.00000,0.45078,0.00000,0.00000,0.00000,0.00000,0.00000,0.00000,0.00000,0.00000,0.00000,0.00000,0.66130,0.00333,0.50594,1.04824,0.02038,0.07903,0.40943,0.42918,0.40943,0.01686,-0.33870,4.44274,0.04824,0.0000000000,0.1270600000,0.1789600000,0.6939700000,0.00019,0.48266,0.00000,0.00000,0.00000,0.00000
3517,szombathely,381,HUN,381,22,1289,rural_settlement,wheat,17.00000,0.34000,8,17.94882,17.94882,0.04760,0.08875,0.00000,1.10037,16.66209,0.05001,0.00000,0.00000,17.81247,17.81247,0.0026519849,0.0049446147,0.0000000000,0.0613059800,0.9283111647,0.0027862556,0.0000000000,0.9924034003,0.9924034003,lower,lower,0.00354,0.00000,0.00213,0.00373,0.14874,0.00000,0.24344,0.06361,0.00000,0.00000,0.00000,0.00000,0.02294,0.03557,0.03728,0.03557,0.03019,0.02513,0.02634,0.02513,4.00000,0.36859,0.04898,0.46444,0.46444,0.51342,0.04898,-1.00000,0.07593,0.51342,0.14483,0.51342,4.00000,0.14483,0.00000,0.00000,0.00000,2.00000,0.00000,0.00000,0.00000,0.00000,2.00000,0.00000,0.03889,0.00272,0.06362,1.04824,0.03019,0.19031,0.36528,0.00000,0.00000,0.02732,-0.96111,0.26133,0.04824,0.0000000000,0.0942300000,0.1240100000,0.7817500000,0.00015,0.06070,0.00000,0.00000,0.00000,0.00000
3518,zalavar,381,HUN,381,22,1287,rural_settlement,livestock,17.00000,0.58060,5,22.04580,22.04580,0.05411,0.10923,0.00000,2.10061,19.73184,0.05001,0.00000,0.00000,21.88246,21.88246,0.0024544358,0.0049546852,0.0000000000,0.0952839090,0.8950385107,0.0022684593,0.0000000000,0.9925908790,0.9925908790,lower,lower,0.08402,0.00000,0.00279,0.00503,0.16576,0.00000,0.28227,1.85242,0.00000,0.00000,0.00000,0.00000,0.02823,0.15327,0.16066,0.15327,0.03771,0.09893,0.10370,0.09893,4.00000,0.48841,0.01650,0.61383,0.61383,0.63033,0.01650,-1.00000,0.14192,0.63033,0.12234,0.63033,4.00000,0.14192,0.00000,0.00000,0.00000,0.00000,0.00000,0.00000,0.00000,0.00000,0.00000,0.00000,0.97684,0.00520,1.85243,1.04824,0.03771,0.21633,1.51499,1.58807,1.51499,0.03236,-0.02316,6.56261,0.04824,0.0000000000,0.1000100000,0.1335900000,0.7663900000,0.00015,1.76719,0.00000,0.00000,0.00000,0.00000
3519,cakovec,381,HUN,381,22,1287,rural_settlement,wheat,20.00001,0.27888,11,11.00804,11.00804,0.03062,0.05503,0.01000,1.10035,9.76203,0.05001,0.00000,0.00000,10.91239,10.91239,0.0027816033,0.0049990734,0.0009084269,0.0999587574,0.8868090959,0.0045430431,0.0000000000,0.9913108964,0.9913108964,lower,lower,0.00651,0.00036,0.00122,0.00213,0.09154,0.00000,0.16363,0.07168,0.00812,0.00884,0.00926,0.00884,0.01422,0.03473,0.03640,0.03473,0.01887,0.02483,0.02602,0.02483,4.00000,0.31175,0.05084,0.35653,0.35653,0.40737,0.05084,-0.66386,-0.00776,0.40737,0.09562,0.40737,4.00000,0.09562,0.00000,0.00000,0.00000,1.00000,0.00000,0.00000,0.00000,0.00000,1.00000,0.00000,0.06521,0.00272,0.07169,1.04824,0.01887,0.12242,0.35891,0.00000,0.00000,0.01600,-0.93479,0.43812,0.04824,0.0496200000,0.0869000000,0.1153200000,0.7481500000,0.00015,0.06840,0.00000,0.00000,0.00000,0.00000
3520,nagykanizsa,381,HUN,381,22,1287,rural_settlement,wine,18.00000,0.43579,6,20.81803,20.81803,0.05442,0.10309,0.00000,2.10073,18.50978,0.05001,0.00000,0.00000,20.66052,20.66052,0.0026140802,0.0049519575,0.0000000000,0.1009091638,0.8891225539,0.0024022446,0.0000000000,0.9924339623,0.9924339623,lower,lower,0.03591,0.00000,0.00253,0.00453,0.16908,0.00000,0.27992,0.74759,0.00000,0.00000,0.00000,0.00000,0.02665,0.14471,0.15169,0.14471,0.03570,0.09817,0.10290,0.09817,4.00000,0.41814,0.04465,0.51173,0.51173,0.55638,0.04465,-1.00000,0.08700,0.55638,0.13824,0.55638,4.00000,0.13824,0.00000,0.00000,0.00000,1.00000,0.00000,0.00000,0.00000,0.00000,1.00000,0.00000,0.39754,0.00520,0.74760,1.04824,0.03570,0.21757,1.47032,0.49300,0.47032,0.03035,-0.60246,2.67076,0.04824,0.0000000000,0.0952000000,0.1275300000,0.7772500000,0.00015,0.71320,0.00000,0.00000,0.00000,0.00000
3521,zalaegerszeg,381,HUN,381,22,1287,rural_settlement,fruit,20.00001,0.51118,5,22.19853,22.19853,0.08136,0.13684,0.00000,2.10063,19.82969,0.05001,0.00000,0.00000,21.98033,21.98033,0.0036651076,0.0061643721,0.0000000000,0.0946292390,0.8932884295,0.0022528519,0.0000000000,0.9901705203,0.9901705203,lower,nobles,0.02230,0.00000,0.00313,0.00358,0.26548,0.00000,0.39852,0.49511,0.00000,0.00000,0.00000,0.00000,0.03537,0.15270,0.00000,0.00000,0.03787,0.08041,0.08428,0.08041,4.00000,0.03569,0.05271,0.10691,0.10691,0.15962,0.05271,-1.00000,0.01335,0.15962,0.19531,0.19531,1.00000,0.15962,0.00000,1.00000,0.00000,1.00000,0.00000,0.00000,1.00000,0.00000,1.00000,0.00000,0.18492,0.00520,0.49512,1.04824,0.03787,0.32528,1.39193,0.41083,0.39193,0.03252,-0.81508,1.24239,0.04824,0.0000000000,0.0887500000,0.0950200000,0.8162200000,0.00015,0.47234,0.00000,0.00000,0.00000,0.00000
3522,dabaca,381,HUN,381,22,1275,rural_settlement,livestock,18.00000,0.17990,7,11.21937,11.21937,0.02803,0.05608,0.00000,1.10036,9.98489,0.05001,0.00000,0.00000,11.13526,11.13526,0.0024983578,0.0049984981,0.0000000000,0.0980768082,0.8899688663,0.0044574695,0.0000000000,0.9925031441,0.9925031441,lower,lower,0.06100,0.00000,0.00137,0.00253,0.08608,0.00000,0.14579,0.68446,0.00000,0.00000,0.00000,0.00000,0.01449,0.05533,0.05799,0.05533,0.01924,0.04115,0.04313,0.04115,4.00000,0.47583,0.02352,0.58704,0.58704,0.61056,0.02352,-1.00000,0.13473,0.61056,0.12562,0.61056,4.00000,0.13473,0.00000,0.00000,0.00000,0.00000,0.00000,0.00000,0.00000,0.00000,0.00000,0.00000,0.69883,0.00272,0.68447,1.04824,0.01924,0.11206,0.55650,0.58334,0.55650,0.01637,-0.30117,4.69490,0.04824,0.0000000000,0.0993800000,0.1319700000,0.7686300000,0.00015,0.65298,0.00000,0.00000,0.00000,0.00000
3523,baita,381,HUN,381,22,1275,rural_settlement,stone,16.00000,0.01426,11,15.77904,15.77904,0.03944,0.07889,0.01000,1.10032,14.50038,0.05001,0.00000,0.00000,15.65071,15.65071,0.0024995183,0.0049996704,0.0006337521,0.0697330129,0.9189646518,0.0031693943,0.0000000000,0.9918670591,0.9918670591,lower,lower,0.04886,0.00028,0.00192,0.00333,0.11680,0.00000,0.21284,0.77101,0.00812,0.01222,0.01280,0.01222,0.02039,0.06066,0.06358,0.06066,0.02665,0.04789,0.05020,0.04789,4.00000,0.43432,0.04043,0.48763,0.48763,0.52806,0.04043,-0.74156,0.09374,0.52806,0.08490,0.52806,4.00000,0.09374,0.00000,0.00000,0.00000,0.00000,0.00000,0.00000,0.00000,0.00000,0.00000,0.00000,0.53921,0.00272,0.77102,1.04824,0.02665,0.15768,0.61477,0.64442,0.61477,0.02378,-0.46079,3.62253,0.04824,0.0381500000,0.0957900000,0.1252100000,0.7408300000,0.00015,0.73554,0.00000,0.00000,0.00000,0.00000
3524,bistrita,381,HUN,381,22,1275,rural_settlement,silver,16.00000,,12,15.87008,15.87008,0.03967,0.07835,0.00000,1.10032,14.60173,0.05001,0.00000,0.00000,15.75206,15.75206,0.0024996723,0.0049369631,0.0000000000,0.0693329838,0.9200791678,0.0031512128,0.0000000000,0.9925633645,0.9925633645,unclassified,nobles,0.00000,0.00000,0.00199,0.00345,0.12228,0.00000,0.20566,0.00000,0.00000,0.00000,0.00000,0.00000,0.02025,0.00000,0.00000,0.00000,0.02681,0.00000,0.00000,0.00000,0.00000,0.00000,0.02229,0.61361,0.61361,0.63590,0.02229,-1.00000,-1.00000,-1.00000,-1.00000,-1.00000,1.00000,-1.00000,0.00000,0.00000,0.00000,0.00000,0.00000,0.00000,0.00000,0.00000,0.00000,0.00000,0.00000,0.00272,0.00000,1.04824,0.02681,0.15860,0.00000,0.00000,0.00000,0.02394,-1.00000,0.00000,0.04824,0.0000000000,0.0000000000,0.0000000000,0.0000000000,0.00015,0.00000,0.00000,0.00000,0.00000,0.00000
3525,dej,381,HUN,381,22,1275,rural_settlement,salt,17.00000,0.00939,13,16.80412,16.80412,0.06190,0.10082,0.01000,1.10034,15.48105,0.05001,0.00000,0.00000,16.63140,16.63140,0.0036836204,0.0059997191,0.0005950922,0.0654803703,0.9212651421,0.0029760559,0.0000000000,0.9897215683,0.9897215683,lower,nobles,0.06971,0.00019,0.00216,0.00254,0.19760,0.00000,0.30991,1.17144,0.00812,0.02926,0.03067,0.02926,0.02606,0.18521,0.19414,0.18521,0.02825,0.12177,0.12764,0.12177,4.00000,0.05704,0.05206,0.06033,0.06033,0.11239,0.05206,-0.82251,-0.03996,0.11239,0.16943,0.16943,1.00000,0.11239,0.00000,0.00000,0.00000,1.00000,0.00000,0.00000,0.00000,0.00000,1.00000,0.00000,0.56264,0.00272,1.17145,1.04824,0.02825,0.24748,1.78130,0.81898,0.78130,0.02538,-0.43736,3.77996,0.04824,0.0262000000,0.0840800000,0.0911500000,0.7985500000,0.00015,1.11754,0.00000,0.00000,0.00000,0.00000
3526,sic,381,HUN,381,22,1275,rural_settlement,millet,18.00000,0.18126,10,16.03743,16.03743,0.04009,0.08018,0.01000,1.10034,14.75681,0.05001,0.00000,0.00000,15.90716,15.90716,0.0024997771,0.0049995542,0.0006235413,0.0686107437,0.9201480536,0.0031183301,0.0000000000,0.9918771274,0.9918771274,lower,lower,0.02666,0.00027,0.00194,0.00337,0.11878,0.00000,0.21619,0.42755,0.00812,0.00624,0.00654,0.00624,0.02072,0.03405,0.03569,0.03405,0.02707,0.02529,0.02650,0.02529,4.00000,0.43375,0.04094,0.48712,0.48712,0.52806,0.04094,-0.74563,0.09431,0.52806,0.08571,0.52806,4.00000,0.09431,0.00000,0.00000,0.00000,0.00000,0.00000,0.00000,0.00000,0.00000,0.00000,0.00000,0.29438,0.00272,0.42756,1.04824,0.02707,0.16028,0.34231,0.35882,0.34231,0.02420,-0.70562,1.97770,0.04824,0.0375500000,0.0958400000,0.1252100000,0.7413800000,0.00015,0.40789,0.00000,0.00000,0.00000,0.00000
3529,alba_iulia,381,HUN,381,22,1270,rural_settlement,salt,19.00000,0.17920,9,23.16064,23.16064,0.05690,0.11481,0.01000,2.10060,20.82832,0.05001,0.00000,0.00000,22.97893,22.97893,0.0024567542,0.0049571169,0.0004317670,0.0906969756,0.8992981196,0.0021592668,0.0000000000,0.9921543619,0.9921543619,lower,lower,0.12571,0.00019,0.00288,0.00511,0.16978,0.00000,0.30479,2.91168,0.00812,0.02975,0.03118,0.02975,0.02968,0.23210,0.24329,0.23210,0.03950,0.17407,0.18246,0.17407,4.00000,0.46974,0.02632,0.55520,0.55520,0.58152,0.02632,-0.81953,0.11178,0.58152,0.09303,0.58152,4.00000,0.11178,0.00000,0.00000,0.00000,0.00000,0.00000,0.00000,0.00000,0.00000,0.00000,0.00000,1.42197,0.00520,2.91169,1.04824,0.03950,0.22749,2.34178,2.45474,2.34178,0.03415,0.42197,9.55310,0.04824,0.0266400000,0.0973700000,0.1295900000,0.7463800000,0.00015,2.77770,0.00000,0.00000,0.00000,0.00000
3530,aiud,381,HUN,381,22,1270,rural_settlement,mercury,16.00000,0.17921,9,23.88922,23.88922,0.06187,0.11844,0.01000,2.10051,21.54839,0.05001,0.00000,0.00000,23.69891,23.69891,0.0025898711,0.0049578848,0.0004185988,0.0879271069,0.9020131256,0.0020934128,0.0000000000,0.9920336453,0.9920336453,lower,lower,0.05420,0.00018,0.00284,0.00504,0.18722,0.00000,0.32677,1.29494,0.00812,0.02292,0.02402,0.02292,0.03061,0.18442,0.19331,0.18442,0.04068,0.13827,0.14494,0.13827,4.00000,0.41073,0.04525,0.47403,0.47403,0.51928,0.04525,-0.83173,0.06953,0.51928,0.10855,0.51928,4.00000,0.10855,0.00000,0.00000,0.00000,1.00000,0.00000,0.00000,0.00000,0.00000,1.00000,0.00000,0.58987,0.00520,1.29495,1.04824,0.04068,0.24736,1.88975,0.93267,0.88975,0.03533,-0.41013,3.96287,0.04824,0.0248400000,0.0936700000,0.1244900000,0.7569800000,0.00015,1.23536,0.00000,0.00000,0.00000,0.00000
3531,cetatea_balta,381,HUN,381,22,1270,rural_settlement,wild_game,20.00000,0.17923,9,24.36263,24.36263,0.08526,0.14617,0.01000,2.10060,21.97059,0.05001,0.00000,0.00000,24.12120,24.12120,0.0034996222,0.0059997628,0.0004104647,0.0862222182,0.9018151981,0.0020527340,0.0000000000,0.9900901504,0.9900901504,lower,lower,0.05660,0.00014,0.00331,0.00399,0.27137,0.00000,0.42816,1.37908,0.00812,0.01196,0.01253,0.01196,0.03778,0.11877,0.12449,0.11877,0.04138,0.07344,0.07698,0.07344,4.00000,0.01347,0.05436,0.12503,0.12503,0.17939,0.05436,-0.87156,0.00742,0.17939,0.16592,0.17939,4.00000,0.16592,0.00000,0.00000,0.00000,0.00000,0.00000,0.00000,0.00000,0.00000,0.00000,0.00000,0.47943,0.00520,1.37909,1.04824,0.04138,0.34088,1.11146,1.16507,1.11146,0.03603,-0.52057,3.22096,0.04824,0.0189600000,0.0882300000,0.0966400000,0.7961500000,0.00015,1.31563,0.00000,0.00000,0.00000,0.00000
3532,deva,381,HUN,381,22,1270,rural_settlement,wool,17.00000,0.16866,9,16.31637,16.31637,0.04316,0.08058,0.01000,1.10033,15.03229,0.05001,0.00000,0.00000,16.18263,16.18263,0.0026451962,0.0049385985,0.0006128814,0.0674371812,0.9213011227,0.0030650200,0.0000000000,0.9918033239,0.9918033239,lower,lower,0.00859,0.00026,0.00187,0.00327,0.12998,0.00000,0.22902,0.14018,0.00812,0.01266,0.01327,0.01266,0.02083,0.06897,0.07229,0.06897,0.02752,0.05211,0.05462,0.05211,4.00000,0.36309,0.04902,0.41741,0.41741,0.46643,0.04902,-0.75985,0.03847,0.46643,0.10334,0.46643,4.00000,0.10334,0.00000,0.00000,0.00000,1.00000,0.00000,0.00000,0.00000,0.00000,1.00000,0.00000,0.09111,0.00272,0.14019,1.04824,0.02752,0.17255,0.71441,0.00000,0.00000,0.02465,-0.90889,0.61212,0.04824,0.0354500000,0.0909500000,0.1201600000,0.7534200000,0.00015,0.13374,0.00000,0.00000,0.00000,0.00000
3533,felvint,381,HUN,381,22,1270,rural_settlement,lumber,16.00000,0.18413,9,8.84671,8.84671,0.02567,0.04780,0.01000,1.10033,7.61290,0.05001,0.00000,0.00000,8.76324,8.76324,0.0029016437,0.0054031386,0.0011303637,0.1243773109,0.8605345942,0.0056529489,0.0000000000,0.9905648541,0.9905648541,lower,lower,0.01056,0.00043,0.00108,0.00166,0.07605,0.00000,0.13845,0.09343,0.00812,0.01374,0.01440,0.01374,0.01235,0.04473,0.04688,0.04473,0.01535,0.03067,0.03214,0.03067,4.00000,0.26751,0.05138,0.30168,0.30168,0.35306,0.05138,-0.60276,0.01849,0.35306,0.08555,0.35306,4.00000,0.08555,0.00000,0.00000,0.00000,2.00000,0.00000,0.00000,0.00000,0.00000,2.00000,0.00000,0.10045,0.00272,0.09344,1.04824,0.01535,0.10263,0.43541,0.00000,0.00000,0.01248,-0.89955,0.67490,0.04824,0.0586400000,0.0892000000,0.1108700000,0.7412700000,0.00015,0.08914,0.00000,0.00000,0.00000,0.00000
3534,hateg,381,HUN,381,10,1270,rural_settlement,lumber,14.00000,0.00068,12,14.77405,14.77405,0.03692,0.07282,0.01000,1.10028,13.50402,0.05001,0.00000,0.00000,14.65431,14.65431,0.0024989762,0.0049289125,0.0006768625,0.0744738240,0.9140364355,0.0033849892,0.0000000000,0.9918952488,0.9918952488,lower,lower,0.00340,0.00047,0.00307,0.00431,0.09757,0.00000,0.20845,0.05024,0.01029,0.00085,0.00089,0.00085,0.02536,0.00389,0.00407,0.00389,0.03015,0.00312,0.00327,0.00312,4.00000,0.37606,0.04804,0.71703,0.71703,0.76507,0.04804,-0.66562,0.38901,0.76507,0.00216,0.76507,4.00000,0.38901,0.00000,0.00000,0.00000,0.00000,0.00000,0.00000,0.00000,0.00000,0.00000,0.00000,0.03588,0.00311,0.05025,1.04824,0.03015,0.14265,0.04008,0.04201,0.04008,0.02687,-0.96412,0.24106,0.04824,0.0493600000,0.1216500000,0.1446300000,0.6843300000,0.00017,0.04794,0.00000,0.00000,0.00000,0.00000
3535,hunedoara,381,HUN,381,22,1270,rural_settlement,iron,17.00000,0.01401,14,19.65295,19.65295,0.06016,0.09725,0.02000,1.10530,18.32023,0.05001,0.00000,0.00000,19.47554,19.47554,0.0030611181,0.0049483665,0.0010176589,0.0562409206,0.9321872798,0.0025446561,0.0000000000,0.9909728565,0.9909728565,lower,lower,0.00801,0.00082,0.00200,0.00343,0.18371,0.00000,0.31484,0.15760,0.01625,0.02736,0.00000,0.00000,0.02514,0.08367,0.08770,0.08367,0.03293,0.06669,0.06990,0.06669,4.00000,0.15767,0.05147,0.22495,0.22495,0.27642,0.05147,-0.65038,-0.08826,0.27642,0.11875,0.27642,4.00000,0.11875,1.00000,0.00000,0.00000,2.00000,0.00000,1.00000,0.00000,0.00000,2.00000,0.00000,0.07451,0.00274,0.15761,1.04824,0.03293,0.24052,0.91319,0.00000,0.00000,0.03004,-0.92549,0.50060,0.04824,0.0516100000,0.0798500000,0.1045900000,0.7639400000,0.00015,0.15036,0.00000,0.00000,0.00000,0.00000
3537,sibiu,381,HUN,381,10,1271,rural_settlement,iron,16.00000,0.00691,12,23.61339,23.61339,0.06242,0.11705,0.01000,2.10064,21.27327,0.05001,0.00000,0.00000,23.42392,23.42392,0.0026434155,0.0049569333,0.0004234885,0.0889596962,0.9008986003,0.0021178662,0.0000000000,0.9919761627,0.9919761627,lower,lower,0.04601,0.00029,0.00487,0.00686,0.17071,0.00000,0.34068,1.08655,0.01029,0.02247,0.02355,0.02247,0.04077,0.16513,0.17309,0.16513,0.04844,0.13172,0.13807,0.13172,4.00000,0.36877,0.04867,0.68650,0.68650,0.73517,0.04867,-0.79542,0.36640,0.73517,0.03672,0.73517,4.00000,0.36640,0.00000,0.00000,0.00000,1.00000,0.00000,0.00000,0.00000,0.00000,1.00000,0.00000,0.47473,0.00594,1.08656,1.04824,0.04844,0.24118,1.71724,0.75183,0.71724,0.04233,-0.52527,3.18938,0.04824,0.0302000000,0.1196700000,0.1421800000,0.7079300000,0.00017,1.03656,0.00000,0.00000,0.00000,0.00000
3538,brasov,381,HUN,381,10,1271,town,legumes,18.00000,0.05822,13,13.60272,13.60272,0.18432,0.31669,0.80020,1.75077,9.95059,0.60015,0.00000,0.00000,12.30151,12.30151,0.0135502311,0.0232813731,0.0588264700,0.1287073468,0.7315147265,0.0441198525,0.0000000000,0.9043419257,0.9043419257,burghers,burghers,0.17492,0.40568,0.00727,0.00043,0.30311,0.00000,1.67331,2.37941,0.82392,0.89694,0.94020,0.89694,0.11033,0.22777,0.23875,0.22777,0.02688,0.04631,0.04854,0.04631,3.00000,2.58265,0.00000,2.33545,-0.80400,2.33545,0.00000,2.33545,-0.24720,-0.80400,-0.37671,2.33545,3.00000,-0.24720,0.00000,0.00000,0.00000,0.00000,0.00000,0.00000,0.00000,0.00000,0.00000,0.00000,1.15139,0.00495,2.37943,1.04824,0.02688,0.71218,1.09891,1.15192,1.09891,0.01980,0.15139,1.42198,0.04824,0.4923800000,0.0659300000,0.0160600000,0.4256100000,0.00213,2.26993,0.00000,0.00000,0.00000,0.00000
3539,cincu,381,HUN,381,10,1271,rural_settlement,livestock,17.00000,0.00739,13,16.77072,16.77072,0.04092,0.08284,0.01000,1.10037,15.48658,0.05001,0.00000,0.00000,16.63696,16.63696,0.0024399668,0.0049395613,0.0005962773,0.0656125676,0.9234296440,0.0029819829,0.0000000000,0.9920241945,0.9920241945,lower,lower,0.03666,0.00043,0.00358,0.00501,0.10802,0.00000,0.23134,0.61484,0.01029,0.00925,0.00969,0.00925,0.02886,0.04815,0.05047,0.04815,0.03409,0.03854,0.04039,0.03854,4.00000,0.37385,0.04812,0.75014,0.75014,0.79826,0.04812,-0.69875,0.42441,0.79826,0.00080,0.79826,4.00000,0.42441,0.00000,0.00000,0.00000,0.00000,0.00000,0.00000,0.00000,0.00000,0.00000,0.00000,0.39560,0.00311,0.61485,1.04824,0.03409,0.15810,0.49062,0.51428,0.49062,0.03081,-0.60440,2.65777,0.04824,0.0444700000,0.1247500000,0.1473500000,0.6834000000,0.00017,0.58656,0.00000,0.00000,0.00000,0.00000
3540,fagaras,381,HUN,381,10,1271,rural_settlement,lumber,16.00000,,12,12.41205,12.41205,0.03420,0.06104,0.00000,1.10035,11.16645,0.05001,0.00000,0.00000,12.31681,12.31681,0.0027553869,0.0049178017,0.0000000000,0.0886517537,0.8996459086,0.0040291491,0.0000000000,0.9923268114,0.9923268114,unclassified,nobles,0.00000,0.00000,0.00251,0.00363,0.09759,0.00000,0.17890,0.00000,0.00000,0.00000,0.00000,0.00000,0.02126,0.00000,0.00000,0.00000,0.02550,0.00000,0.00000,0.00000,0.00000,0.00000,0.04038,0.77320,0.77320,0.81358,0.04038,-1.00000,-1.00000,-1.00000,-1.00000,-1.00000,1.00000,-1.00000,0.00000,0.00000,0.00000,1.00000,0.00000,0.00000,0.00000,0.00000,1.00000,0.00000,0.00000,0.00311,0.00000,1.04824,0.02550,0.13214,0.00000,0.00000,0.00000,0.02222,-1.00000,0.00000,0.04824,0.0000000000,0.0000000000,0.0000000000,0.0000000000,0.00017,0.00000,0.00000,0.00000,0.00000,0.00000
3541,medias,381,HUN,381,10,1271,rural_settlement,wine,18.00000,0.00699,12,13.83510,13.83510,0.04359,0.06817,0.01000,1.10037,12.56296,0.05001,0.00000,0.00000,13.71334,13.71334,0.0031506820,0.0049273225,0.0007227993,0.0795346618,0.9080498153,0.0036147191,0.0000000000,0.9911991962,0.9911991962,lower,lower,0.03959,0.00043,0.00242,0.00342,0.12291,0.00000,0.23073,0.54780,0.01029,0.00931,0.00975,0.00931,0.02374,0.03986,0.04178,0.03986,0.02828,0.03196,0.03350,0.03196,4.00000,0.32091,0.05045,0.44527,0.44527,0.49572,0.05045,-0.69794,0.17481,0.49572,0.06896,0.49572,4.00000,0.17481,0.00000,0.00000,0.00000,0.00000,0.00000,0.00000,0.00000,0.00000,0.00000,0.00000,0.35340,0.00311,0.54781,1.04824,0.02828,0.16842,0.44147,0.46276,0.44147,0.02500,-0.64660,2.37424,0.04824,0.0445900000,0.1028900000,0.1225600000,0.7299400000,0.00017,0.52260,0.00000,0.00000,0.00000,0.00000
3542,sebes,381,HUN,381,10,1271,rural_settlement,stone,17.00000,0.01115,10,15.19335,15.19335,0.03798,0.07495,0.01000,1.10535,13.91506,0.05001,0.00000,0.00000,15.07042,15.07042,0.0024997779,0.0049330793,0.0006581827,0.0727522238,0.9158651647,0.0032915716,0.0000000000,0.9919089602,0.9919089602,lower,lower,0.06276,0.00046,0.00317,0.00443,0.10055,0.00000,0.21412,0.95356,0.01029,0.01600,0.00000,0.00000,0.02611,0.07534,0.07897,0.07534,0.03098,0.06035,0.06326,0.06035,4.00000,0.37336,0.04830,0.71738,0.71738,0.76568,0.04830,-0.67450,0.39232,0.76568,0.00360,0.76568,4.00000,0.39232,1.00000,0.00000,0.00000,0.00000,0.00000,1.00000,0.00000,0.00000,0.00000,0.00000,0.66289,0.00312,0.95357,1.04824,0.03098,0.14674,0.77400,0.81133,0.77400,0.02769,-0.33711,4.45343,0.04824,0.0480500000,0.1219400000,0.1446800000,0.6853100000,0.00017,0.90969,0.00000,0.00000,0.00000,0.00000
3543,sighisoara,381,HUN,381,10,1271,rural_settlement,wool,16.00000,0.00741,11,16.26118,16.26118,0.04139,0.08404,0.00000,1.10036,14.98538,0.05001,0.00000,0.00000,16.13575,16.13575,0.0025453257,0.0051681366,0.0000000000,0.0676679060,0.9215432090,0.0030754226,0.0000000000,0.9922865376,0.9922865376,lower,lower,0.00230,0.00000,0.00382,0.00490,0.11502,0.00000,0.22229,0.03755,0.00000,0.00000,0.00000,0.00000,0.02927,0.04684,0.00000,0.00000,0.03310,0.03584,0.03756,0.03584,4.00000,0.31376,0.05082,0.76636,0.76636,0.81718,0.05082,-1.00000,0.50342,0.81718,0.05355,0.81718,4.00000,0.50342,0.00000,1.00000,0.00000,1.00000,0.00000,0.00000,1.00000,0.00000,1.00000,0.00000,0.02514,0.00311,0.03756,1.04824,0.03310,0.15992,0.46195,0.00000,0.00000,0.02982,-0.97486,0.16896,0.04824,0.0000000000,0.1316700000,0.1489000000,0.7194200000,0.00017,0.03584,0.00000,0.00000,0.00000,0.00000
3545,targu_mures,381,HUN,381,22,1272,rural_settlement,horses,20.00000,0.02424,13,14.20217,14.20217,0.05280,0.08520,0.01000,1.10035,12.90381,0.05001,0.00000,0.00000,14.05417,14.05417,0.0037177417,0.0059990832,0.0007041178,0.0774775967,0.9085801677,0.0035212929,0.0000000000,0.9895790573,0.9895790573,nobles,nobles,0.01220,0.00022,0.00180,0.00214,0.16797,0.00000,0.26527,0.17337,0.00812,0.01670,0.01750,0.01670,0.02202,0.08990,0.09423,0.08990,0.02403,0.05881,0.06164,0.05881,1.00000,0.05995,0.05204,0.05522,0.05340,0.16539,0.11017,-0.79264,-0.05229,0.10544,0.16539,0.16539,1.00000,0.10544,0.00000,0.00000,0.00000,1.00000,0.00000,0.00000,0.00000,0.00000,1.00000,0.00000,18.71315,0.00272,0.17338,1.04824,0.02403,0.21110,0.86709,0.00000,0.00000,0.02116,17.71315,0.65359,0.04824,0.0306100000,0.0830000000,0.0905800000,0.7957900000,0.00015,0.16541,0.00000,0.00000,0.00000,0.00000
3546,chezdi_osorheiu,381,HUN,381,10,1272,rural_settlement,livestock,17.00000,0.01915,13,8.36014,8.36014,0.03888,0.04886,0.00000,1.10147,7.12087,0.05006,0.00000,0.00000,8.27240,8.27240,0.0046506398,0.0058443997,0.0000000000,0.1317525783,0.8517644441,0.0059879380,0.0000000000,0.9895049604,0.9895049604,lower,nobles,0.01838,0.00000,0.00151,0.00162,0.12215,0.00000,0.18469,0.15373,0.00000,0.00000,0.00000,0.00000,0.01702,0.08769,0.09192,0.08769,0.01745,0.05898,0.06182,0.05898,4.00000,0.03809,0.05267,0.10036,0.10036,0.15303,0.05267,-1.00000,0.05218,0.15303,0.19112,0.19112,1.00000,0.15303,0.00000,0.00000,0.00000,1.00000,0.00000,0.00000,0.00000,0.00000,1.00000,0.00000,0.12390,0.00311,0.15374,1.04824,0.01745,0.15022,0.95227,0.00000,0.00000,0.01417,-0.87610,0.83242,0.04824,0.0000000000,0.0921500000,0.0944800000,0.8133600000,0.00017,0.14667,0.00000,0.00000,0.00000,0.00000
3547,covasna,381,HUN,381,10,1272,rural_settlement,alum,17.00000,0.02413,12,7.36163,7.36163,0.01837,0.04598,0.00000,1.10148,6.14574,0.05006,0.00000,0.00000,7.29728,7.29728,0.0024953713,0.0062458993,0.0000000000,0.1496244718,0.8348341332,0.0068001244,0.0000000000,0.9912587294,0.9912587294,lower,lower,0.23243,0.00000,0.00243,0.00234,0.04907,0.00000,0.10249,1.71109,0.00000,0.00000,0.00000,0.00000,0.01601,0.16776,0.17585,0.16776,0.01551,0.10559,0.11068,0.10559,4.00000,0.06321,0.05155,0.79528,0.79528,0.84683,0.05155,-1.00000,0.78362,0.84683,0.01405,0.84683,4.00000,0.78362,0.00000,0.00000,0.00000,0.00000,0.00000,0.00000,0.00000,0.00000,0.00000,0.00000,2.48509,0.00311,1.71110,1.04824,0.01551,0.07097,1.35901,1.42456,1.35901,0.01223,1.48509,16.69528,0.04824,0.0000000000,0.1562100000,0.1513300000,0.6924500000,0.00017,1.63236,0.00000,0.00000,0.00000,0.00000
3548,cristuru_secuiesc,381,HUN,381,10,1272,rural_settlement,fiber_crops,16.00000,0.02419,12,11.35353,11.35353,0.02638,0.05574,0.01000,1.10035,10.11105,0.05001,0.00000,0.00000,11.26141,11.26141,0.0023235064,0.0049094863,0.0008807833,0.0969169941,0.8905644324,0.0044047975,0.0000000000,0.9918862239,0.9918862239,lower,lower,0.05516,0.00064,0.00238,0.00348,0.06695,0.00000,0.15502,0.62630,0.01029,0.01392,0.01459,0.01392,0.01941,0.04903,0.05139,0.04903,0.02340,0.03928,0.04117,0.03928,4.00000,0.41252,0.04498,0.79709,0.79709,0.84207,0.04498,-0.55039,0.42955,0.84207,-0.03718,0.84207,4.00000,0.42955,0.00000,0.00000,0.00000,0.00000,0.00000,0.00000,0.00000,0.00000,0.00000,0.00000,0.60138,0.00311,0.62631,1.04824,0.02340,0.10192,0.49526,0.51915,0.49526,0.02012,-0.39862,4.04018,0.04824,0.0663700000,0.1252000000,0.1509400000,0.6574600000,0.00017,0.59749,0.00000,0.00000,0.00000,0.00000
3549,gheorgheni,381,HUN,381,10,1272,rural_settlement,medicaments,17.00000,0.02414,12,11.03169,11.03169,0.02657,0.05413,0.01000,1.10034,9.79064,0.05001,0.00000,0.00000,10.94099,10.94099,0.0024085158,0.0049067731,0.0009064794,0.0997435570,0.8875013711,0.0045333036,0.0000000000,0.9917782316,0.9917782316,lower,lower,0.03280,0.00064,0.00226,0.00329,0.06812,0.00000,0.15456,0.36189,0.01029,0.00820,0.00859,0.00820,0.01885,0.02806,0.02941,0.02806,0.02276,0.02249,0.02357,0.02249,4.00000,0.40460,0.04587,0.75117,0.75117,0.79704,0.04587,-0.54904,0.39244,0.79704,-0.02731,0.79704,4.00000,0.39244,0.00000,0.00000,0.00000,0.00000,0.00000,0.00000,0.00000,0.00000,0.00000,0.00000,0.34852,0.00311,0.36190,1.04824,0.02276,0.10266,0.28650,0.30032,0.28650,0.01948,-0.65148,2.34148,0.04824,0.0665700000,0.1219500000,0.1472500000,0.6642000000,0.00017,0.34525,0.00000,0.00000,0.00000,0.00000
3550,gurghiu,381,HUN,381,22,1272,rural_settlement,stone,17.00000,0.18330,10,11.61083,11.61083,0.02901,0.06162,0.01000,1.10035,10.35984,0.05001,0.00000,0.00000,11.51020,11.51020,0.0024985294,0.0053071141,0.0008612649,0.0947692801,0.8922566259,0.0043071856,0.0000000000,0.9913330916,0.9913330916,lower,lower,0.00898,0.00037,0.00156,0.00243,0.08412,0.00000,0.15989,0.10436,0.00812,0.01225,0.01284,0.01225,0.01593,0.05140,0.05387,0.05140,0.01986,0.03592,0.03765,0.03592,4.00000,0.37828,0.04672,0.46914,0.46914,0.51586,0.04672,-0.65600,0.13758,0.51586,0.06226,0.51586,4.00000,0.13758,0.00000,0.00000,0.00000,1.00000,0.00000,0.00000,0.00000,0.00000,1.00000,0.00000,0.09716,0.00272,0.10437,1.04824,0.01986,0.11598,0.48641,0.00000,0.00000,0.01699,-0.90284,0.65276,0.04824,0.0507800000,0.0996300000,0.1242100000,0.7253700000,0.00015,0.09957,0.00000,0.00000,0.00000,0.00000
3551,odorhei,381,HUN,381,10,1272,rural_settlement,livestock,17.00000,0.02415,11,11.74785,11.74785,0.02834,0.05771,0.01000,1.10035,10.50144,0.05001,0.00000,0.00000,11.65180,11.65180,0.0024123563,0.0049123882,0.0008512196,0.0936639470,0.8939031397,0.0042569491,0.0000000000,0.9918240359,0.9918240359,lower,lower,0.05993,0.00060,0.00243,0.00353,0.07308,0.00000,0.16406,0.70404,0.01029,0.01500,0.01572,0.01500,0.02010,0.05470,0.05733,0.05470,0.02417,0.04380,0.04591,0.04380,4.00000,0.39907,0.04597,0.75193,0.75193,0.79790,0.04597,-0.57512,0.39883,0.79790,-0.02258,0.79790,4.00000,0.39883,0.00000,0.00000,0.00000,0.00000,0.00000,0.00000,0.00000,0.00000,0.00000,0.00000,0.63877,0.00311,0.70405,1.04824,0.02417,0.10950,0.55815,0.58507,0.55815,0.02089,-0.36123,4.29141,0.04824,0.0627200000,0.1225100000,0.1473200000,0.6674300000,0.00017,0.67165,0.00000,0.00000,0.00000,0.00000
3552,sfantu_gheorghe,381,HUN,381,10,1272,rural_settlement,millet,18.00000,0.02423,10,11.93408,11.93408,0.02982,0.06221,0.00000,1.10035,10.69169,0.05001,0.00000,0.00000,11.84205,11.84205,0.0024987263,0.0052128023,0.0000000000,0.0922023315,0.8958956199,0.0041905199,0.0000000000,0.9922884713,0.9922884713,lower,lower,0.00514,0.00000,0.00284,0.00371,0.08220,0.00000,0.16143,0.06135,0.00000,0.00000,0.00000,0.00000,0.02167,0.03336,0.03496,0.03336,0.02455,0.02518,0.02639,0.02518,4.00000,0.32322,0.05044,0.80543,0.80543,0.85587,0.05044,-1.00000,0.53265,0.85587,0.04514,0.85587,4.00000,0.53265,0.00000,0.00000,0.00000,1.00000,0.00000,0.00000,0.00000,0.00000,1.00000,0.00000,0.05657,0.00311,0.06136,1.04824,0.02455,0.11521,0.32423,0.00000,0.00000,0.02127,-0.94343,0.38010,0.04824,0.0000000000,0.1342300000,0.1520700000,0.7136800000,0.00017,0.05854,0.00000,0.00000,0.00000,0.00000
3553,miercurea_cluc,381,HUN,381,10,1272,rural_settlement,iron,17.00000,0.02418,12,10.61537,10.61537,0.02716,0.05205,0.01000,1.10034,9.37581,0.05001,0.00000,0.00000,10.52616,10.52616,0.0025585542,0.0049032676,0.0009420303,0.1036553601,0.8832296943,0.0047110934,0.0000000000,0.9915961478,0.9915961478,lower,lower,0.01613,0.00064,0.00206,0.00309,0.07089,0.00000,0.15529,0.17131,0.01029,0.02359,0.02472,0.02359,0.01813,0.07761,0.08135,0.07761,0.02193,0.06224,0.06524,0.06224,4.00000,0.39038,0.04667,0.67666,0.67666,0.72333,0.04667,-0.55114,0.33295,0.72333,-0.01038,0.72333,4.00000,0.33295,0.00000,0.00000,0.00000,2.00000,0.00000,0.00000,0.00000,0.00000,2.00000,0.00000,0.16421,0.00311,0.17132,1.04824,0.02193,0.10494,0.80707,0.00000,0.00000,0.01865,-0.83579,1.10322,0.04824,0.0662600000,0.1167400000,0.1412100000,0.6757600000,0.00017,0.16344,0.00000,0.00000,0.00000,0.00000
3560,turda,381,HUN,381,22,1273,rural_settlement,salt,20.00000,0.18421,8,23.53495,23.53495,0.05883,0.11667,0.01000,2.10064,21.19880,0.05001,0.00000,0.00000,23.34945,23.34945,0.0024996866,0.0049573082,0.0004249000,0.0892561913,0.9007369890,0.0021249248,0.0000000000,0.9921181052,0.9921181052,lower,lower,0.18546,0.00019,0.00286,0.00510,0.17640,0.00000,0.31360,4.36490,0.00812,0.04363,0.04573,0.04363,0.03016,0.34665,0.36337,0.34665,0.04011,0.25947,0.27198,0.25947,4.00000,0.46251,0.03093,0.52996,0.52996,0.56089,0.03093,-0.82461,0.09808,0.56089,0.09838,0.56089,4.00000,0.09838,0.00000,0.00000,0.00000,0.00000,0.00000,0.00000,0.00000,0.00000,0.00000,0.00000,2.07179,0.00520,4.36491,1.04824,0.04011,0.23521,3.51429,3.68381,3.51429,0.03476,1.07179,13.91871,0.04824,0.0258900000,0.0961700000,0.1279000000,0.7500300000,0.00015,4.16404,0.00000,0.00000,0.00000,0.00000
3561,baia_de_aries,381,HUN,381,22,1273,rural_settlement,beeswax,14.00000,0.00708,14,13.82212,13.82212,0.03454,0.06810,0.01000,1.10031,12.55916,0.05001,0.00000,0.00000,13.70948,13.70948,0.0024988931,0.0049268853,0.0007234780,0.0796050099,0.9086276201,0.0036181136,0.0000000000,0.9918507436,0.9918507436,lower,lower,0.03834,0.00032,0.00160,0.00293,0.10177,0.00000,0.18727,0.52998,0.00812,0.00959,0.01005,0.00959,0.01760,0.04103,0.04300,0.04103,0.02346,0.03292,0.03450,0.03292,4.00000,0.44895,0.03488,0.49392,0.49392,0.52880,0.03488,-0.70634,0.07307,0.52880,0.07985,0.52880,4.00000,0.07985,0.00000,0.00000,0.00000,0.00000,0.00000,0.00000,0.00000,0.00000,0.00000,0.00000,0.42125,0.00272,0.52999,1.04824,0.02346,0.13809,0.42206,0.44242,0.42206,0.02059,-0.57875,2.83008,0.04824,0.0433500000,0.0939800000,0.1252700000,0.7373800000,0.00015,0.50560,0.00000,0.00000,0.00000,0.00000
3562,cluj,381,HUN,381,22,1273,town,salt,21.00000,0.23956,8,21.40973,21.40973,0.28306,0.44586,0.80018,2.75095,16.52954,0.60014,0.00000,0.00000,19.88063,19.88063,0.0132210915,0.0208251108,0.0373745956,0.1284906442,0.7720573777,0.0280311802,0.0000000000,0.9285792021,0.9285792021,burghers,burghers,0.07275,0.21887,0.00686,0.00066,0.66248,0.00000,1.93328,1.55764,0.65050,0.79072,0.82886,0.79072,0.11526,0.30832,0.00000,0.00000,0.03581,0.11136,0.11673,0.11136,3.00000,1.42202,0.00000,1.27197,-0.77398,1.27929,0.00732,1.27929,-0.31936,-0.77398,-0.14273,1.27929,3.00000,-0.14273,0.00000,1.00000,0.00000,1.00000,0.00000,0.00000,1.00000,0.00000,1.00000,0.00000,0.65238,0.00682,1.55766,1.04824,0.03581,1.13171,1.58390,0.61206,0.58390,0.02710,-0.34762,0.80570,0.04824,0.3364700000,0.0596100000,0.0185200000,0.5853800000,0.00189,1.48598,0.00000,0.00000,0.00000,0.00000
3563,huedin,381,HUN,381,22,1273,rural_settlement,wool,16.00000,0.17560,7,21.95551,21.95551,0.05488,0.10877,0.00000,2.10064,19.64121,0.05001,0.00000,0.00000,21.79186,21.79186,0.0024996003,0.0049541095,0.0000000000,0.0956771216,0.8945913805,0.0022777881,0.0000000000,0.9925462902,0.9925462902,lower,lower,0.08432,0.00000,0.00277,0.00494,0.16886,0.00000,0.28508,1.85144,0.00000,0.00000,0.00000,0.00000,0.02811,0.14838,0.15553,0.14838,0.03756,0.11154,0.11692,0.11154,4.00000,0.48079,0.02077,0.58711,0.58711,0.60788,0.02077,-1.00000,0.12582,0.60788,0.12709,0.60788,4.00000,0.12709,0.00000,0.00000,0.00000,0.00000,0.00000,0.00000,0.00000,0.00000,0.00000,0.00000,0.96670,0.00520,1.85145,1.04824,0.03756,0.21941,1.50633,1.57899,1.50633,0.03221,-0.03330,6.49449,0.04824,0.0000000000,0.0986000000,0.1317500000,0.7696400000,0.00015,1.76625,0.00000,0.00000,0.00000,0.00000
3564,reghin,381,HUN,381,22,1273,rural_settlement,lumber,17.00000,0.02419,12,11.58093,11.58093,0.03195,0.05789,0.00000,1.09978,10.34073,0.05058,0.00000,0.00000,11.49109,11.49109,0.0027588458,0.0049987350,0.0000000000,0.0949647394,0.8929101549,0.0043675249,0.0000000000,0.9922424192,0.9922424192,lower,lower,0.00519,0.00000,0.00135,0.00239,0.10035,0.00000,0.16252,0.06015,0.00000,0.00000,0.00000,0.00000,0.01496,0.03212,0.03366,0.03212,0.01982,0.02528,0.02649,0.02528,4.00000,0.33724,0.05001,0.43827,0.43827,0.48828,0.05001,-1.00000,0.05103,0.48828,0.15104,0.48828,4.00000,0.15104,0.00000,0.00000,0.00000,1.00000,0.00000,0.00000,0.00000,0.00000,1.00000,0.00000,0.05509,0.00272,0.06016,1.04824,0.01982,0.12774,0.33552,0.00000,0.00000,0.01695,-0.94491,0.37016,0.04824,0.0000000000,0.0920500000,0.1219500000,0.7859900000,0.00015,0.05740,0.00000,0.00000,0.00000,0.00000
5637,bjelovar,381,HUN,381,2,1305,rural_settlement,clay,15.00000,0.02055,9,24.50088,24.50088,0.08883,0.14700,0.00000,2.10061,22.11443,0.05001,0.00000,0.00000,24.26505,24.26505,0.0036255841,0.0059997845,0.0000000000,0.0857361042,0.9025973761,0.0020411512,0.0000000000,0.9903746314,0.9903746314,lower,lower,0.00543,0.00000,0.00526,0.00732,0.24104,0.00000,0.42170,0.13324,0.00000,0.00000,0.00000,0.00000,0.04722,0.07679,0.08049,0.07679,0.05564,0.05033,0.05275,0.05033,4.00000,0.33172,0.05010,0.56010,0.56010,0.61020,0.05010,-1.00000,0.27848,0.61020,0.10724,0.61020,4.00000,0.27848,0.00000,0.00000,0.00000,1.00000,0.00000,0.00000,0.00000,0.00000,1.00000,0.00000,0.04703,0.00636,0.13325,1.04824,0.05564,0.31884,0.73403,0.00000,0.00000,0.04909,-0.95297,0.31598,0.04824,0.0000000000,0.1119700000,0.1319400000,0.7560800000,0.00019,0.12712,0.00000,0.00000,0.00000,0.00000
5638,koprivnica,381,HUN,381,22,1305,rural_settlement,fur,12.00000,0.33887,10,20.04933,20.04933,0.05115,0.09922,0.01000,2.10062,17.73833,0.05001,0.00000,0.00000,19.88896,19.88896,0.0025512074,0.0049487938,0.0004987698,0.1047725784,0.8847343028,0.0024943477,0.0000000000,0.9920012290,0.9920012290,lower,lower,0.04723,0.00022,0.00238,0.00432,0.15334,0.00000,0.27271,0.94694,0.00812,0.02174,0.02278,0.02174,0.02565,0.15887,0.16653,0.15887,0.03444,0.11215,0.11756,0.11215,4.00000,0.44296,0.03671,0.50441,0.50441,0.54112,0.03671,-0.79833,0.07387,0.54112,0.09816,0.54112,4.00000,0.09816,0.00000,0.00000,0.00000,1.00000,0.00000,0.00000,0.00000,0.00000,1.00000,0.00000,0.51686,0.00520,0.94695,1.04824,0.03444,0.20450,1.61062,0.64007,0.61062,0.02909,-0.48314,3.47236,0.04824,0.0297700000,0.0940500000,0.1262800000,0.7498800000,0.00015,0.90338,0.00000,0.00000,0.00000,0.00000
5639,kutina,381,HUN,381,22,1305,rural_settlement,millet,17.00001,0.09736,7,22.54847,22.54847,0.05535,0.11173,0.00000,2.10062,20.23076,0.05001,0.00000,0.00000,22.38139,22.38139,0.0024547120,0.0049551034,0.0000000000,0.0931602011,0.8972120947,0.0022178888,0.0000000000,0.9925901846,0.9925901846,lower,lower,0.04891,0.00000,0.00287,0.00512,0.16959,0.00000,0.28869,1.10284,0.00000,0.00000,0.00000,0.00000,0.02888,0.08834,0.09260,0.08834,0.03852,0.06835,0.07164,0.06835,4.00000,0.48623,0.01703,0.61135,0.61135,0.62838,0.01703,-1.00000,0.14215,0.62838,0.12254,0.62838,4.00000,0.14215,0.00000,0.00000,0.00000,0.00000,0.00000,0.00000,0.00000,0.00000,0.00000,0.00000,0.56863,0.00520,1.10285,1.04824,0.03852,0.22129,0.89541,0.93860,0.89541,0.03317,-0.43137,3.82018,0.04824,0.0000000000,0.1000300000,0.1334300000,0.7665300000,0.00015,1.05210,0.00000,0.00000,0.00000,0.00000
5640,pakrac,381,HUN,381,22,1305,rural_settlement,fruit,15.00000,0.16759,10,21.48058,21.48058,0.05270,0.10639,0.01000,2.10062,19.16086,0.05001,0.00000,0.00000,21.31149,21.31149,0.0024533788,0.0049528458,0.0004655368,0.0977915866,0.8920085026,0.0023281494,0.0000000000,0.9921282386,0.9921282386,lower,lower,0.07419,0.00021,0.00264,0.00476,0.15680,0.00000,0.28309,1.59377,0.00812,0.01764,0.01849,0.01764,0.02750,0.12678,0.13289,0.12678,0.03677,0.09557,0.10018,0.09557,4.00000,0.47591,0.02306,0.56200,0.56200,0.58506,0.02306,-0.80571,0.10915,0.58506,0.08996,0.58506,4.00000,0.10915,0.00000,0.00000,0.00000,0.00000,0.00000,0.00000,0.00000,0.00000,0.00000,0.00000,0.83801,0.00520,1.59378,1.04824,0.03677,0.21070,1.28045,1.34221,1.28045,0.03142,-0.16199,5.62994,0.04824,0.0286800000,0.0971400000,0.1298800000,0.7442800000,0.00015,1.52044,0.00000,0.00000,0.00000,0.00000
5641,vaska,381,HUN,381,22,1305,rural_settlement,fur,14.00000,0.24038,11,12.31115,12.31115,0.03076,0.06154,0.01000,1.10034,11.05850,0.05001,0.00000,0.00000,12.20885,12.20885,0.0024985481,0.0049987207,0.0008122718,0.0893775155,0.8982507727,0.0040621713,0.0000000000,0.9916904595,0.9916904595,lower,lower,0.08557,0.00035,0.00148,0.00261,0.09000,0.00000,0.16800,1.05355,0.00812,0.01947,0.02040,0.01947,0.01590,0.08389,0.08793,0.08389,0.02100,0.06093,0.06386,0.06093,4.00000,0.44489,0.03566,0.48984,0.48984,0.52550,0.03566,-0.67260,0.08061,0.52550,0.07200,0.52550,4.00000,0.08061,0.00000,0.00000,0.00000,0.00000,0.00000,0.00000,0.00000,0.00000,0.00000,0.00000,0.93346,0.00272,1.05356,1.04824,0.02100,0.12298,0.84079,0.88134,0.84079,0.01813,-0.06654,6.27119,0.04824,0.0483300000,0.0946400000,0.1250000000,0.7320200000,0.00015,1.00508,0.00000,0.00000,0.00000,0.00000
5642,virovitica,381,HUN,381,22,1305,rural_settlement,stone,18.00001,0.24410,11,11.70780,11.70780,0.03236,0.05853,0.01000,1.10035,10.45655,0.05001,0.00000,0.00000,11.60691,11.60691,0.0027639693,0.0049992313,0.0008541314,0.0939843523,0.8931268044,0.0042715113,0.0000000000,0.9913826680,0.9913826680,lower,lower,0.01440,0.00034,0.00127,0.00231,0.09691,0.00000,0.17263,0.16860,0.00812,0.01990,0.02085,0.01990,0.01513,0.08172,0.08566,0.08172,0.02001,0.05924,0.06209,0.05924,4.00000,0.31712,0.05061,0.36396,0.36396,0.41457,0.05061,-0.68141,0.00068,0.41457,0.09745,0.41457,4.00000,0.09745,0.00000,0.00000,0.00000,1.00000,0.00000,0.00000,0.00000,0.00000,1.00000,0.00000,0.14538,0.00272,0.16861,1.04824,0.02001,0.12937,0.84433,0.00000,0.00000,0.01714,-0.85462,0.97671,0.04824,0.0470300000,0.0876400000,0.1159100000,0.7494000000,0.00015,0.16086,0.00000,0.00000,0.00000,0.00000
5643,vukovar,381,HUN,381,22,1269,rural_settlement,fur,19.00001,0.54704,8,23.87691,23.87691,0.09257,0.14515,0.01000,2.10063,21.47855,0.05001,0.00000,0.00000,23.62919,23.62919,0.0038769673,0.0060790948,0.0004188147,0.0879774644,0.8995531666,0.0020944921,0.0000000000,0.9896251232,0.9896251232,nobles,nobles,0.07763,0.00013,0.00306,0.00359,0.30016,0.00000,0.45631,1.85360,0.00812,0.01468,0.01538,0.01468,0.03752,0.17620,0.00000,0.00000,0.04057,0.09259,0.09705,0.09259,1.00000,0.10283,0.05155,0.16981,0.03339,0.18777,0.01796,-0.87948,-0.06120,0.08494,0.18777,0.18777,1.00000,0.08494,0.00000,1.00000,0.00000,0.00000,0.00000,0.00000,1.00000,0.00000,0.00000,0.00000,116.30532,0.00520,1.85361,1.04824,0.04057,0.37010,1.66104,1.74116,1.66104,0.03522,115.30532,4.06217,0.04824,0.0177900000,0.0822200000,0.0889000000,0.8110700000,0.00015,1.76831,0.00000,0.00000,0.00000,0.00000
5644,ilok,381,HUN,381,22,1269,rural_settlement,wine,17.00000,0.31495,8,23.61775,23.61775,0.05804,0.11703,0.00000,2.10063,21.29204,0.05001,0.00000,0.00000,23.44268,23.44268,0.0024574737,0.0049551714,0.0000000000,0.0889428502,0.9015270295,0.0021174752,0.0000000000,0.9925873548,0.9925873548,lower,lower,0.07996,0.00000,0.00300,0.00535,0.17794,0.00000,0.30256,1.88861,0.00000,0.00000,0.00000,0.00000,0.03025,0.15344,0.16084,0.15344,0.04026,0.10928,0.11455,0.10928,4.00000,0.48229,0.01735,0.60652,0.60652,0.62387,0.01735,-1.00000,0.14158,0.62387,0.12316,0.62387,4.00000,0.14158,0.00000,0.00000,0.00000,0.00000,0.00000,0.00000,0.00000,0.00000,0.00000,0.00000,0.92914,0.00520,1.88862,1.04824,0.04026,0.23205,1.53899,1.61323,1.53899,0.03491,-0.07086,6.24213,0.04824,0.0000000000,0.0999800000,0.1330600000,0.7669500000,0.00015,1.80171,0.00000,0.00000,0.00000,0.00000
5645,osijek,381,HUN,381,22,1269,rural_settlement,wheat,17.00001,0.47794,7,18.75246,18.75246,0.04964,0.09552,0.00000,1.10033,17.45696,0.05001,0.00000,0.00000,18.60730,18.60730,0.0026471194,0.0050937317,0.0000000000,0.0586765683,0.9309157305,0.0026668501,0.0000000000,0.9922591489,0.9922591489,lower,lower,0.00348,0.00000,0.00235,0.00388,0.15464,0.00000,0.25464,0.06540,0.00000,0.00000,0.00000,0.00000,0.02469,0.03787,0.03969,0.03787,0.03149,0.02453,0.02571,0.02453,4.00000,0.36781,0.04900,0.46015,0.46015,0.50915,0.04900,-1.00000,0.10710,0.50915,0.14134,0.50915,4.00000,0.14134,0.00000,0.00000,0.00000,2.00000,0.00000,0.00000,0.00000,0.00000,2.00000,0.00000,0.03823,0.00272,0.06541,1.04824,0.03149,0.19846,0.37473,0.00000,0.00000,0.02862,-0.96177,0.25687,0.04824,0.0000000000,0.0969600000,0.1236600000,0.7793700000,0.00015,0.06240,0.00000,0.00000,0.00000,0.00000
5646,petrovaradin,381,HUN,381,22,1269,rural_settlement,horses,15.00001,0.19424,13,20.63845,20.63845,0.05374,0.10208,0.01000,2.10064,18.32198,0.05001,0.00000,0.00000,20.47263,20.47263,0.0026038777,0.0049461079,0.0004845325,0.1017828374,0.8877594974,0.0024231471,0.0000000000,0.9919654819,0.9919654819,lower,lower,0.01411,0.00021,0.00242,0.00438,0.16210,0.00000,0.28475,0.29137,0.00812,0.03481,0.03648,0.03481,0.02638,0.24317,0.25490,0.24317,0.03539,0.18171,0.00000,0.00000,4.00000,0.41171,0.04516,0.47155,0.47155,0.51671,0.04516,-0.80686,0.05777,0.51671,0.10500,0.51671,4.00000,0.10500,0.00000,0.00000,1.00000,4.00000,0.00000,0.00000,0.00000,1.00000,4.00000,0.00000,0.15231,0.00520,0.29138,1.04824,0.03539,0.21486,2.49981,0.00000,0.00000,0.03004,-0.84769,1.02328,0.04824,0.0285100000,0.0926400000,0.1242800000,0.7545500000,0.00015,0.27798,0.00000,0.00000,0.00000,0.00000
5647,pozega,381,HUN,381,22,1269,rural_settlement,livestock,17.00001,0.24725,7,21.11832,21.11832,0.08180,0.10458,0.00000,2.10062,18.78131,0.05001,0.00000,0.00000,20.93194,20.93194,0.0038734142,0.0049520985,0.0000000000,0.0994690866,0.8893373147,0.0023680861,0.0000000000,0.9911744874,0.9911744874,nobles,nobles,0.07698,0.00000,0.00187,0.00333,0.27407,0.00000,0.39022,1.62588,0.00000,0.00000,0.00000,0.00000,0.02703,0.11502,0.12056,0.11502,0.03615,0.08405,0.08810,0.08405,1.00000,0.09676,0.05155,0.16987,0.07903,0.22734,0.05747,-1.00000,-0.20918,0.13058,0.22734,0.22734,1.00000,0.13058,0.00000,0.00000,0.00000,0.00000,0.00000,0.00000,0.00000,0.00000,0.00000,0.00000,119.29501,0.00520,1.62589,1.04824,0.03615,0.32704,1.35200,1.41722,1.35200,0.03080,118.29501,4.16659,0.04824,0.0000000000,0.0692600000,0.0926400000,0.8380900000,0.00015,1.55107,0.00000,0.00000,0.00000,0.00000
5648,sremska_mitrovica,381,HUN,381,22,1269,rural_settlement,wheat,14.00000,0.28829,13,21.75913,21.75913,0.05579,0.10763,0.01000,2.10063,19.43507,0.05001,0.00000,0.00000,21.58571,21.58571,0.0025639812,0.0049464294,0.0004595772,0.0965401650,0.8931915017,0.0022983456,0.0000000000,0.9920300122,0.9920300122,lower,lower,0.00642,0.00020,0.00259,0.00465,0.16795,0.00000,0.29621,0.13983,0.00812,0.00934,0.00979,0.00934,0.02782,0.07211,0.07558,0.07211,0.03722,0.05196,0.05446,0.05196,4.00000,0.43069,0.04106,0.49237,0.49237,0.53343,0.04106,-0.81432,0.07227,0.53343,0.10274,0.53343,4.00000,0.10274,0.00000,0.00000,0.00000,1.00000,0.00000,0.00000,0.00000,0.00000,1.00000,0.00000,0.07027,0.00520,0.13984,1.04824,0.03722,0.22305,0.73442,0.00000,0.00000,0.03187,-0.92973,0.47209,0.04824,0.0274100000,0.0939100000,0.1256500000,0.7530100000,0.00015,0.13341,0.00000,0.00000,0.00000,0.00000
5649,zagreb,381,HUN,381,2,1306,town,wheat,21.00001,0.06834,10,29.15345,29.15345,0.35112,0.56649,0.80019,2.75097,24.08454,0.60014,0.00000,0.00000,27.43565,27.43565,0.0120438576,0.0194313194,0.0274475234,0.0943617308,0.8261300121,0.0205855568,0.0000000000,0.9410772996,0.9410772996,burghers,burghers,0.10039,0.30358,0.01408,0.00174,0.67552,0.00000,2.35122,2.92686,0.84487,0.69376,0.72722,0.69376,0.18199,0.31662,0.33189,0.31662,0.06408,0.14286,0.14975,0.14286,3.00000,1.55038,0.00000,1.43043,-0.66743,1.43415,0.00372,1.43415,-0.11623,-0.66743,-0.21503,1.43415,3.00000,-0.11623,0.00000,0.00000,0.00000,0.00000,0.00000,0.00000,0.00000,0.00000,0.00000,0.00000,1.00795,0.00833,2.92688,1.04824,0.06408,1.26028,1.63895,1.71801,1.63895,0.05346,0.00795,1.24483,0.04824,0.3593300000,0.0774000000,0.0272500000,0.5360100000,0.00229,2.79219,0.00000,0.00000,0.00000,0.00000
5650,karlovac,381,HUN,381,2,1306,rural_settlement,millet,14.00000,0.01579,9,21.16375,21.16375,0.06641,0.10581,0.00000,2.10065,18.84087,0.05001,0.00000,0.00000,20.99153,20.99153,0.0031379127,0.0049995866,0.0000000000,0.0992569842,0.8902425137,0.0023630028,0.0000000000,0.9918625007,0.9918625007,lower,lower,0.01168,0.00000,0.00358,0.00726,0.17713,0.00000,0.32072,0.24722,0.00000,0.00000,0.00000,0.00000,0.03399,0.13183,0.13818,0.13183,0.04837,0.10403,0.10904,0.10403,4.00000,0.63040,0.01141,0.82908,0.82908,0.84049,0.01141,-1.00000,0.21009,0.84049,0.08837,0.84049,4.00000,0.21009,0.00000,0.00000,0.00000,2.00000,0.00000,0.00000,0.00000,0.00000,2.00000,0.00000,0.11474,0.00636,0.24723,1.04824,0.04837,0.23836,1.43690,0.00000,0.00000,0.04182,-0.88526,0.77085,0.04824,0.0000000000,0.1059800000,0.1508100000,0.7432000000,0.00019,0.23586,0.00000,0.00000,0.00000,0.00000
5651,petrinja,381,HUN,381,2,1306,rural_settlement,stone,12.00000,0.02036,11,22.13703,22.13703,0.05913,0.11448,0.01000,2.10066,19.80275,0.05001,0.00000,0.00000,21.95342,21.95342,0.0026710900,0.0051714254,0.0004517318,0.0948934884,0.8945531537,0.0022591106,0.0000000000,0.9917057528,0.9917057528,lower,lower,0.06568,0.00035,0.00435,0.00822,0.14526,0.00000,0.31006,1.45406,0.01055,0.03035,0.03181,0.03035,0.03677,0.21915,0.00000,0.00000,0.05051,0.16689,0.17494,0.16689,4.00000,0.63408,0.01099,0.97705,0.97705,0.98804,0.01099,-0.76954,0.35396,0.98804,0.00238,0.98804,4.00000,0.35396,0.00000,1.00000,0.00000,1.00000,0.00000,0.00000,1.00000,0.00000,1.00000,0.00000,0.69805,0.00636,1.45407,1.04824,0.05051,0.21223,2.18992,1.24732,1.18992,0.04396,-0.30195,4.68964,0.04824,0.0340200000,0.1185800000,0.1629000000,0.6844800000,0.00019,1.38716,0.00000,0.00000,0.00000,0.00000
5652,sisak,381,HUN,381,2,1306,rural_settlement,livestock,15.00000,0.01805,9,20.78602,20.78602,0.06195,0.10392,0.00000,2.10067,18.46947,0.05001,0.00000,0.00000,20.62015,20.62015,0.0029803685,0.0049995141,0.0000000000,0.1010616751,0.8885524983,0.0024059440,0.0000000000,0.9920201174,0.9920201174,lower,lower,0.07900,0.00000,0.00365,0.00745,0.16298,0.00000,0.30328,1.64214,0.00000,0.00000,0.00000,0.00000,0.03338,0.12533,0.13137,0.12533,0.04755,0.09884,0.10360,0.09884,4.00000,0.65668,0.01031,0.90304,0.90304,0.91335,0.01031,-1.00000,0.25667,0.91335,0.07366,0.91335,4.00000,0.25667,0.00000,0.00000,0.00000,0.00000,0.00000,0.00000,0.00000,0.00000,0.00000,0.00000,0.80596,0.00636,1.64215,1.04824,0.04755,0.22235,1.34241,1.40716,1.34241,0.04100,-0.19404,5.41463,0.04824,0.0000000000,0.1100600000,0.1567800000,0.7331500000,0.00019,1.56658,0.00000,0.00000,0.00000,0.00000
5653,slunj,381,HUN,381,2,1306,rural_settlement,wool,10.00000,0.01572,7,21.10310,21.10310,0.05275,0.10450,0.00000,2.00052,18.94533,0.00000,0.00000,0.00000,20.94585,20.94585,0.0024996328,0.0049518791,0.0000000000,0.0947974468,0.8977510413,0.0000000000,0.0000000000,0.9925484881,0.9925484881,lower,lower,0.30145,0.00000,0.00413,0.00852,0.13224,0.00000,0.27101,6.36156,0.00000,0.00000,0.00000,0.00000,0.03357,0.50431,0.52863,0.50431,0.04811,0.40209,0.42148,0.40209,4.00000,0.75222,0.00833,1.15813,1.15813,1.16646,0.00833,-1.00000,0.41424,1.16646,0.02306,1.16646,4.00000,0.41424,0.00000,0.00000,0.00000,0.00000,0.00000,0.00000,0.00000,0.00000,0.00000,0.00000,3.49403,0.00606,6.36157,1.04824,0.04811,0.18933,5.16242,5.41145,5.16242,0.04205,2.49403,23.47356,0.04824,0.0000000000,0.1238600000,0.1775200000,0.6986000000,0.00000,6.06882,0.00000,0.00000,0.00000,0.00000
5654,varazdin,381,HUN,381,22,1306,rural_settlement,wool,12.00000,0.24166,7,25.19476,25.19476,0.06196,0.12495,0.00000,2.10063,22.85721,0.05001,0.00000,0.00000,25.00785,25.00785,0.0024592415,0.0049593646,0.0000000000,0.0833756702,0.9072207872,0.0019849366,0.0000000000,0.9925813939,0.9925813939,lower,lower,0.07671,0.00000,0.00322,0.00566,0.19005,0.00000,0.32285,1.93269,0.00000,0.00000,0.00000,0.00000,0.03230,0.15635,0.16389,0.15635,0.04283,0.11450,0.12002,0.11450,4.00000,0.47672,0.02251,0.59647,0.59647,0.61898,0.02251,-1.00000,0.14226,0.61898,0.12365,0.61898,4.00000,0.14226,0.00000,0.00000,0.00000,0.00000,0.00000,0.00000,0.00000,0.00000,0.00000,0.00000,0.89107,0.00520,1.93270,1.04824,0.04283,0.24772,1.57291,1.64878,1.57291,0.03748,-0.10893,5.98637,0.04824,0.0000000000,0.1000400000,0.1326600000,0.7672900000,0.00015,1.84376,0.00000,0.00000,0.00000,0.00000
5704,dubica,381,HUN,381,2,1303,rural_settlement,legumes,15.00000,0.09741,9,11.84808,11.84808,0.02961,0.06280,0.00000,1.10036,10.60530,0.05001,0.00000,0.00000,11.75567,11.75567,0.0024991391,0.0053004369,0.0000000000,0.0928724317,0.8951070553,0.0042209371,0.0000000000,0.9922004240,0.9922004240,lower,lower,0.06287,0.00000,0.00260,0.00475,0.07354,0.00000,0.15351,0.74495,0.00000,0.00000,0.00000,0.00000,0.02017,0.06936,0.00000,0.00000,0.02706,0.05015,0.05256,0.05015,4.00000,0.65098,0.01078,1.14042,1.14042,1.15120,0.01078,-1.00000,0.50022,1.15120,0.01388,1.15120,4.00000,0.50022,0.00000,1.00000,0.00000,0.00000,0.00000,0.00000,1.00000,0.00000,0.00000,0.00000,0.72234,0.00333,0.74496,1.04824,0.02706,0.10628,0.66053,0.69239,0.66053,0.02354,-0.27766,4.85284,0.04824,0.0000000000,0.1313900000,0.1762700000,0.6923300000,0.00019,0.71068,0.00000,0.00000,0.00000,0.00000
5705,gradiski_brod,381,HUN,381,22,1303,rural_settlement,lumber,15.00000,0.16240,12,20.07600,20.07600,0.07234,0.12248,0.01000,2.10065,17.72052,0.05001,0.00000,0.00000,19.87118,19.87118,0.0036033074,0.0061008169,0.0004981072,0.1046348874,0.8826718470,0.0024910341,0.0000000000,0.9897977685,0.9897977685,lower,nobles,0.00446,0.00016,0.00275,0.00324,0.23015,0.00000,0.36341,0.08971,0.00812,0.01415,0.01483,0.01415,0.03166,0.11680,0.00000,0.00000,0.03441,0.07145,0.07489,0.07145,4.00000,0.01001,0.05475,0.10072,0.10072,0.15547,0.05475,-0.84866,-0.00536,0.15547,0.16548,0.16548,1.00000,0.15547,0.00000,1.00000,0.00000,3.00000,0.00000,0.00000,1.00000,0.00000,3.00000,0.00000,0.03674,0.00520,0.08972,1.04824,0.03441,0.28922,1.08739,0.00000,0.00000,0.02906,-0.96326,0.24688,0.04824,0.0223400000,0.0871100000,0.0946800000,0.7958500000,0.00015,0.08560,0.00000,0.00000,0.00000,0.00000
5723,debrc,381,HUN,381,22,1302,rural_settlement,beeswax,17.00000,0.18469,13,12.63072,12.63072,0.03490,0.16318,0.00000,1.10035,11.28228,0.05001,0.00000,0.00000,12.43264,12.43264,0.0027631046,0.0129192952,0.0000000000,0.0871169656,0.8932412404,0.0039593942,0.0000000000,0.9843176003,0.9843176003,clergy,clergy,0.01757,0.00000,0.00871,0.00221,0.09582,0.00000,0.20308,0.22195,0.00000,0.00000,0.00000,0.00000,0.04218,0.16480,0.17274,0.16480,0.02137,0.04695,0.04921,0.04695,2.00000,1.08743,0.00810,1.35658,0.27601,1.37154,0.01496,-1.00000,1.37154,0.28411,0.00616,1.37154,2.00000,0.28411,0.00000,0.00000,0.00000,1.00000,0.00000,0.00000,0.00000,0.00000,1.00000,0.00000,29.61807,0.00272,0.22196,1.04824,0.02137,0.13953,0.65749,0.00000,0.00000,0.01850,28.61807,1.09296,0.04824,0.0000000000,0.2077000000,0.1052200000,0.6870600000,0.00015,0.21175,0.00000,0.00000,0.00000,0.00000
5725,sabac,381,HUN,381,22,1302,rural_settlement,coal,12.00000,0.21020,15,13.96788,13.96788,0.05210,0.08380,0.01000,1.10035,12.67162,0.05001,0.00000,0.00000,13.82198,13.82198,0.0037299862,0.0059994788,0.0007159283,0.0787771659,0.9071970836,0.0035803572,0.0000000000,0.9895546067,0.9895546067,nobles,nobles,0.01171,0.00022,0.00175,0.00210,0.16574,0.00000,0.26173,0.16362,0.00812,0.01514,0.01587,0.01514,0.02166,0.08751,0.09173,0.08751,0.02365,0.05345,0.05602,0.05345,1.00000,0.06273,0.05204,0.06490,0.05071,0.16548,0.10058,-0.78986,-0.05514,0.10275,0.16548,0.16548,1.00000,0.10275,0.00000,0.00000,0.00000,2.00000,0.00000,0.00000,0.00000,0.00000,2.00000,0.00000,17.89973,0.00272,0.16363,1.04824,0.02365,0.20830,0.83734,0.00000,0.00000,0.02078,16.89973,0.62518,0.04824,0.0310200000,0.0827500000,0.0903600000,0.7958500000,0.00015,0.15610,0.00000,0.00000,0.00000,0.00000
5739,belgrad,381,HUN,381,22,1301,town,dyes,24.00001,0.17252,16,30.69226,30.69226,0.36729,0.69116,0.80024,1.75091,26.48248,0.60018,0.00000,0.00000,28.83357,28.83357,0.0119668607,0.0225190325,0.0260730230,0.0570472816,0.8628390350,0.0195547672,0.0000000000,0.9394410838,0.9394410838,burghers,burghers,0.09969,0.18029,0.01359,0.00104,0.91865,0.00000,2.34735,3.06000,0.65055,0.66470,0.69676,0.66470,0.17867,0.38873,0.40748,0.38873,0.04966,0.11451,0.12003,0.11451,3.00000,0.96124,0.00833,0.85822,-0.75021,0.87738,0.01916,0.87738,-0.13096,-0.74188,-0.08386,0.87738,3.00000,-0.08386,0.00000,0.00000,0.00000,0.00000,0.00000,0.00000,0.00000,0.00000,0.00000,0.00000,1.05553,0.00434,3.06001,1.04824,0.04966,1.46847,1.75125,1.83573,1.75125,0.04343,0.05553,1.30360,0.04824,0.2771400000,0.0761100000,0.0211500000,0.6255800000,0.00189,2.91919,0.00000,0.00000,0.00000,0.00000
