owner_id,owner_tag,location_count,valid_location_count,analysis_status,classification_source,raw_total,target_total,raw_total_error,raw_total_error_percentage,exact_status,exact_feasible,approx_status,approx_exact,approx_accepted,approx_gate_passed,approx_gate_enforced,approx_strategy,approx_average_improvement_ratio,approx_average_abs_improvement,approx_active_classes,approx_total_error,approx_total_error_percentage,candidate_balanced_l2_status,candidate_balanced_l2_gate_passed,candidate_balanced_l2_average_improvement_ratio,candidate_balanced_l2_average_abs_improvement,candidate_improvement_l2_status,candidate_improvement_l2_gate_passed,candidate_improvement_l2_average_improvement_ratio,candidate_improvement_l2_average_abs_improvement,candidate_target_l2_status,candidate_target_l2_gate_passed,candidate_target_l2_average_improvement_ratio,candidate_target_l2_average_abs_improvement,candidate_absolute_l2_status,candidate_absolute_l2_gate_passed,candidate_absolute_l2_average_improvement_ratio,candidate_absolute_l2_average_abs_improvement,candidate_minimax_ratio_status,candidate_minimax_ratio_gate_passed,candidate_minimax_ratio_average_improvement_ratio,candidate_minimax_ratio_average_abs_improvement,class_1_count,class_1_capacity,class_1_target_capacity,exact_factor_1,approx_factor_1,class_2_count,class_2_capacity,class_2_target_capacity,exact_factor_2,approx_factor_2,class_3_count,class_3_capacity,class_3_target_capacity,exact_factor_3,approx_factor_3,class_4_count,class_4_capacity,class_4_target_capacity,exact_factor_4,approx_factor_4,approx_improved_strata,approx_worsened_strata,approx_unchanged_strata,approx_all_strata_improved,approx_pareto_improves_raw,approx_max_worsening_percentage,approx_worsening_strata
1851,AAC,1,1,analyzed,saved,2.37057,2.3705800000000004,-1.0000000000509601e-05,0.00042183769375045763,missing_class,False,gate_rejected,False,False,False,True,raw_fallback,,,,-1.0000000000509601e-05,0.00042183769375045763,feasible,False,-1.0179189210987781e-05,-1.1648070441377945e-06,feasible,False,-1.0179189211296156e-05,-1.1648070441794278e-06,feasible,False,-1.0179189211296156e-05,-1.1648070441794278e-06,feasible,False,-1.0179189210987781e-05,-1.1648070441377945e-06,feasible,False,-1.0179189210884653e-05,-1.1648070440822833e-06,1,2.37058,,,1.0,0,0.0,,,1.0,0,0.0,,,1.0,0,0.0,,,1.0,0,0,4,False,False,0.0,0
152,AAD,7,7,analyzed,saved,1.93431,1.9343500000000002,-4.000000000026205e-05,0.002067878098599635,singular,False,gate_rejected,False,False,False,True,raw_fallback,,,,-4.000000000026205e-05,0.002067878098599635,feasible,False,0.27796148262544673,0.02954169642857139,feasible,False,0.27796148262544673,0.02954169642857139,feasible,False,0.27796148262544673,0.02954169642857139,feasible,False,0.27796148262544673,0.02954169642857139,feasible,False,0.27796148262544673,0.02954169642857139,4,0.98689,,,1.0,1,0.28354,,,1.0,1,0.45941,,,1.0,1,0.20452,,,1.0,0,0,4,False,False,0.0,0
392,AAI,8,7,analyzed,saved,6.494730000000001,6.49478,-4.999999999988347e-05,0.0007698490172089504,feasible,True,feasible,True,True,True,True,balanced_l2,0.9999999999997811,0.013087499999999109,1/2/3/4,0.0,0.0,feasible,True,0.9999999999997811,0.013087499999999109,feasible,True,0.9999999999997168,0.013087499999995254,feasible,True,0.999999999999104,0.013087499999997528,feasible,True,0.9999999999862352,0.013087499999972541,feasible,True,0.9999999999999988,0.013087500000000028,3,5.19656,,0.9735838422530616,0.9735838422530729,1,0.59825,,1.480199961858099,1.4801999618582233,2,0.20729,,2.4805232677573055,2.480523267757305,1,0.49268,,0.07243598537202801,0.07243598537175797,4,0,0,True,True,0.0,0
508,AAL,8,3,analyzed,saved,4.10572,4.10574,-2.0000000000131024e-05,0.00048712290598359917,missing_class,False,gate_rejected,False,False,False,True,raw_fallback,,,,-2.0000000000131024e-05,0.00048712290598359917,feasible,False,0.4091575564696562,0.012132797120687704,feasible,False,0.46896824957173877,0.015591868329638681,feasible,False,-0.23592703196141626,-0.02080118735870059,feasible,False,-0.06720000610589041,0.004755432267830728,feasible,False,-6.451938347719032e-05,-3.751250847611534e-06,1,2.28227,,,1.0,1,0.87629,,,1.0,1,0.94719,,,1.0,0,0.0,,,1.0,0,0,4,False,False,0.0,0
961,AAR,1,1,analyzed,saved,0.46094,0.46094,0.0,0.0,missing_class,False,gate_rejected,False,False,False,True,raw_fallback,,,,0.0,0.0,feasible,False,0.0001611431416352402,3.974406991263946e-06,feasible,False,0.00016114314163513083,3.974406991262211e-06,feasible,False,0.0001611431416352402,3.974406991263946e-06,feasible,False,0.0001611431416352402,3.974406991263946e-06,feasible,False,0.0001611431416352402,3.974406991263946e-06,1,0.46094,,,1.0,0,0.0,,,1.0,0,0.0,,,1.0,0,0.0,,,1.0,0,0,4,False,False,0.0,0
1449,ABA,1,1,analyzed,saved,0.8095200000000001,0.80954,-1.999999999990898e-05,0.0024705388245063837,missing_class,False,gate_rejected,False,False,False,True,raw_fallback,,,,-1.999999999990898e-05,0.0024705388245063837,feasible,False,-0.00031810750666256995,1.6839321539214788e-06,feasible,False,-0.00031810750666256995,1.6839321539214788e-06,feasible,False,-0.00031810750666256995,1.6839321539214788e-06,feasible,False,-0.00031810750666256995,1.6839321539214788e-06,feasible,False,-0.00031810750666256995,1.6839321539214788e-06,1,0.80954,,,1.0,0,0.0,,,1.0,0,0.0,,,1.0,0,0.0,,,1.0,0,0,4,False,False,0.0,0
577,ABV,1,0,no_valid_locations,saved,,,,,,,,,,,,,,,,,,,,,,,,,,,,,,,,,,,,,,,,,,,,,,,,,,,,,,,,,,,,,,,,
1235,ABW,3,3,analyzed,saved,1.99393,1.99395,-1.999999999990898e-05,0.001003034178385064,missing_class,False,gate_rejected,False,False,False,True,raw_fallback,,,,-1.999999999990898e-05,0.001003034178385064,feasible,False,0.1265263096161126,-0.006474462629209338,feasible,False,0.2654540054742411,0.0014220440038216799,feasible,False,0.11039393297031604,-0.006487906924020841,feasible,False,0.25863742698656994,0.0013951060264635906,feasible,False,-3.426206313255888e-05,-5.95534378894369e-08,1,0.09531,,,1.0,0,0.0,,,1.0,1,0.72584,,,1.0,1,1.17281,,,1.0,0,0,4,False,False,0.0,0
1656,ACA,1,1,analyzed,saved,0.5666300000000001,0.5666399999999999,-9.999999999843467e-06,0.001764788931216199,missing_class,False,gate_rejected,False,False,False,True,raw_fallback,,,,-9.999999999843467e-06,0.001764788931216199,feasible,False,-0.000298612539779863,2.744149371128584e-06,feasible,False,-0.0002986125397792675,2.744149371154171e-06,feasible,False,-0.0002986125397792675,2.744149371154171e-06,feasible,False,-0.000298612539779863,2.744149371128584e-06,feasible,False,-0.0002986125397792675,2.744149371154171e-06,1,0.56664,,,1.0,0,0.0,,,1.0,0,0.0,,,1.0,0,0.0,,,1.0,0,0,4,False,False,0.0,0
197,ACH,12,10,analyzed,saved,3.3897600000000003,3.38987,-0.00010999999999983245,0.003244962196185471,negative_factor,False,feasible,False,True,True,True,improvement_l2,0.6028964249833297,0.04212832831759532,1/3/4,0.0,0.0,feasible,False,0.35866623139497916,0.04489097254606743,feasible,True,0.6028964249833297,0.04212832831759532,feasible,False,0.34329314594195426,0.04479236816210716,feasible,False,0.3179609913819205,0.0485270584378685,feasible,True,0.24602039590725136,0.023431914528746878,4,0.8324,,32.57823495470953,1.2855889684706163,1,0.27235,,-188.11969250358877,0.0,2,1.02621,,6.434102979898189,0.8062636090527096,3,1.2589100000000002,,16.604306472745062,1.18535637788483,4,0,0,True,True,0.0,0
178,ACO,1,1,analyzed,saved,0.34828,0.34829,-1.0000000000010001e-05,0.0028711705762468065,missing_class,False,gate_rejected,False,False,False,True,raw_fallback,,,,-1.0000000000010001e-05,0.0028711705762468065,feasible,False,0.0003029358169321671,4.137254901961061e-06,feasible,False,0.0003029358169321671,4.137254901961061e-06,feasible,False,0.00030293581693195253,4.137254901949786e-06,feasible,False,0.0003029358169321671,4.137254901961061e-06,feasible,False,0.0003029358169321671,4.137254901961061e-06,1,0.34829,,,1.0,0,0.0,,,1.0,0,0.0,,,1.0,0,0.0,,,1.0,0,0,4,False,False,0.0,0
871,ADG,1,0,no_valid_locations,saved,,,,,,,,,,,,,,,,,,,,,,,,,,,,,,,,,,,,,,,,,,,,,,,,,,,,,,,,,,,,,,,,
2095,ADH,1,1,analyzed,saved,1.76445,1.76449,-3.999999999981796e-05,0.002266943989471063,missing_class,False,gate_rejected,False,False,False,True,raw_fallback,,,,-3.999999999981796e-05,0.002266943989471063,feasible,False,-1.8671696528119657e-05,-3.4507203904993178e-06,feasible,False,-1.8671696528119657e-05,-3.4507203904993178e-06,feasible,False,-1.8671696528411745e-05,-3.450720390561768e-06,feasible,False,-1.8671696528411745e-05,-3.450720390561768e-06,feasible,False,-1.8671696528119657e-05,-3.4507203904993178e-06,1,1.76447,,,1.0,0,0.0,,,1.0,0,0.0,,,1.0,0,0.0,,,1.0,0,0,4,False,False,0.0,0
2275,ADO,1,1,analyzed,saved,0.29446,0.29445,1.0000000000010001e-05,0.0033961623365630837,missing_class,False,gate_rejected,False,False,False,True,raw_fallback,,,,1.0000000000010001e-05,0.0033961623365630837,feasible,False,0.0002581766034585775,5.106768572173733e-06,feasible,False,0.0002581766034586861,5.106768572175468e-06,feasible,False,0.0002581766034586861,5.106768572175468e-06,feasible,False,0.0002581766034586861,5.106768572175468e-06,feasible,False,0.0002581766034586861,5.106768572175468e-06,1,0.29446,,,1.0,0,0.0,,,1.0,0,0.0,,,1.0,0,0.0,,,1.0,0,0,4,False,False,0.0,0
1218,AFA,9,9,analyzed,saved,7.79421,7.79426,-5.000000000077165e-05,0.0006414977175610211,singular,False,gate_rejected,False,False,False,True,raw_fallback,,,,-5.000000000077165e-05,0.0006414977175610211,feasible,False,0.7499999999999923,0.06920249999999986,feasible,False,0.7499999999999372,0.06920249999999284,feasible,False,0.7499999999999918,0.06920249999999978,feasible,False,0.7499999999996553,0.06920249999998966,feasible,False,0.7499999999999999,0.06920250000000018,2,2.05071,,,1.0,1,1.10543,,,1.0,1,0.31563,,,1.0,5,4.3225,,,1.0,0,0,4,False,False,0.0,0
2151,AGC,1,1,analyzed,saved,9.523689999999998,9.52372,-3.0000000002416982e-05,0.00031500296105321215,missing_class,False,gate_rejected,False,False,False,True,raw_fallback,,,,-3.0000000002416982e-05,0.00031500296105321215,feasible,False,3.901774976350949e-06,1.4589369370376915e-06,feasible,False,3.901774976350949e-06,1.4589369370376915e-06,feasible,False,3.901774976350949e-06,1.4589369370376915e-06,feasible,False,3.901774976350949e-06,1.4589369370376915e-06,feasible,False,3.901774976350949e-06,1.4589369370376915e-06,1,9.5237,,,1.0,0,0.0,,,1.0,0,0.0,,,1.0,0,0.0,,,1.0,0,0,4,False,False,0.0,0
555,AGH,1,1,analyzed,saved,0.22712000000000002,0.22712000000000002,0.0,0.0,missing_class,False,gate_rejected,False,False,False,True,raw_fallback,,,,0.0,0.0,feasible,False,-0.006951019396351991,-3.613413715144141e-06,feasible,False,-0.006951019396351991,-3.613413715144141e-06,feasible,False,-0.006951019396351991,-3.613413715144141e-06,feasible,False,-0.006951019396351991,-3.613413715144141e-06,feasible,False,-0.006951019396351991,-3.613413715144141e-06,1,0.22713,,,1.0,0,0.0,,,1.0,0,0.0,,,1.0,0,0.0,,,1.0,0,0,4,False,False,0.0,0
796,AGN,1,1,analyzed,saved,0.52764,0.52765,-9.99999999995449e-06,0.0018951956789452272,missing_class,False,gate_rejected,False,False,False,True,raw_fallback,,,,-9.99999999995449e-06,0.0018951956789452272,feasible,False,-3.079221457961831e-06,-1.620879120881047e-06,feasible,False,-3.079221457961831e-06,-1.620879120881047e-06,feasible,False,-3.079221457906169e-06,-1.6208791208532913e-06,feasible,False,-3.079221457961831e-06,-1.620879120881047e-06,feasible,False,-3.079221457961831e-06,-1.620879120881047e-06,1,0.52764,,,1.0,0,0.0,,,1.0,0,0.0,,,1.0,0,0.0,,,1.0,0,0,4,False,False,0.0,0
15,AHI,6,6,analyzed,saved,5.39457,5.3946499999999995,-7.999999999963592e-05,0.0014829507011508796,missing_class,False,feasible,False,True,True,True,minimax_ratio,0.006034247942517702,0.003367950594917221,3/4,-8.881784197001252e-16,1.646406012809219e-14,feasible,False,0.09477595590561305,0.04125006206376168,feasible,False,0.05614486166993384,0.024759198279530423,feasible,False,0.003311506340919668,0.0022056650899380803,feasible,False,0.030830792869069156,0.01395311399227342,feasible,True,0.006034247942517702,0.003367950594917221,2,0.17374,,,0.0,0,0.0,,,0.0,1,3.90486,,,1.0036592815662004,3,1.31604,,,1.121138901409138,4,0,0,True,True,0.0,0
250,AHO,10,10,analyzed,saved,8.21025,8.21031,-5.9999999999504894e-05,0.0007307884842290351,negative_factor,False,feasible,False,True,True,True,improvement_l2,0.28895390173422664,0.019080095900562644,2/3,0.0,0.0,feasible,False,0.05139786905657481,0.021328363872196828,feasible,True,0.28895390173422664,0.019080095900562644,feasible,True,0.07776141759087708,0.02107885506738881,feasible,False,-3.6569722553192543,0.05642496690779217,feasible,True,0.06847103193804768,0.021166780750740667,5,3.0098300000000004,,-15.949284905401756,0.0,1,2.11746,,26.871153835732855,2.352812935425958,2,1.46858,,23.553472606463878,2.198227820574943,2,1.61448,,-21.848198807663174,0.0,4,0,0,True,True,0.0,0
1700,AHU,1,1,analyzed,saved,0.19897000000000004,0.19898,-9.99999999995449e-06,0.0050256307166320685,missing_class,False,gate_rejected,False,False,False,True,raw_fallback,,,,-9.99999999995449e-06,0.0050256307166320685,feasible,False,0.0006259311772458913,5.751239535084279e-06,feasible,False,0.0006259311772458913,5.751239535084279e-06,feasible,False,0.0006259311772455092,5.751239535077557e-06,feasible,False,0.0006259311772458913,5.751239535084279e-06,feasible,False,0.0006259311772458913,5.751239535084279e-06,1,0.19898,,,1.0,0,0.0,,,1.0,0,0.0,,,1.0,0,0.0,,,1.0,0,0,4,False,False,0.0,0
572,AHY,1,0,no_valid_locations,saved,,,,,,,,,,,,,,,,,,,,,,,,,,,,,,,,,,,,,,,,,,,,,,,,,,,,,,,,,,,,,,,,
962,AID,1,1,analyzed,saved,0.06594,0.06593,9.999999999996123e-06,0.015167602002117583,missing_class,False,gate_rejected,False,False,False,True,raw_fallback,,,,9.999999999996123e-06,0.015167602002117583,feasible,False,0.0010937050344181226,6.80630630630339e-06,feasible,False,0.0010937050344181226,6.80630630630339e-06,feasible,False,0.0010937050344181226,6.80630630630339e-06,feasible,False,0.0010937050344181226,6.80630630630339e-06,feasible,False,0.0010937050344181226,6.80630630630339e-06,1,0.06594,,,1.0,0,0.0,,,1.0,0,0.0,,,1.0,0,0.0,,,1.0,0,0,4,False,False,0.0,0
1684,AJC,1,1,analyzed,saved,0.41794,0.41793,9.99999999995449e-06,0.0023927451965531283,missing_class,False,gate_rejected,False,False,False,True,raw_fallback,,,,9.99999999995449e-06,0.0023927451965531283,feasible,False,0.00015788401579273283,4.659444042384199e-06,feasible,False,0.00015788401579273283,4.659444042384199e-06,feasible,False,0.00015788401579273283,4.659444042384199e-06,feasible,False,0.00015788401579273283,4.659444042384199e-06,feasible,False,0.0001578840157926875,4.659444042383332e-06,1,0.41794,,,1.0,0,0.0,,,1.0,0,0.0,,,1.0,0,0.0,,,1.0,0,0,4,False,False,0.0,0
1230,AJU,28,28,analyzed,saved,20.74042,20.74064,-0.00021999999999877673,0.0010607194377742284,negative_factor,False,feasible,False,True,True,True,improvement_l2,0.23144741291089732,0.013165118504178758,2/3/4,-1.0658141036401503e-14,5.1387715308695886e-14,feasible,False,0.026453523714893457,0.015826516104055062,feasible,True,0.23144741291089732,0.013165118504178758,feasible,False,0.024378288319510756,0.01566686650426588,feasible,False,0.16948530184134675,0.02382764888169512,feasible,True,0.19848507479768196,0.013919000134311153,6,3.7375000000000007,,-4.02234649977649,0.0,1,0.68397,,43.638843727104984,8.805699550778266,8,10.18346,,0.6522483072385579,0.9917947457783063,13,6.135669999999999,,-0.11666362483136078,0.7525953700594576,4,0,0,True,True,0.0,0
2277,AKR,1,1,analyzed,saved,1.15997,1.1599799999999998,-9.999999999843467e-06,0.0008620838290180408,missing_class,False,gate_rejected,False,False,False,True,raw_fallback,,,,-9.999999999843467e-06,0.0008620838290180408,feasible,False,0.000179208732544448,5.2502005169242916e-06,feasible,False,0.000179208732544448,5.2502005169242916e-06,feasible,False,0.00017920873254456058,5.2502005169312305e-06,feasible,False,0.000179208732544448,5.2502005169242916e-06,feasible,False,0.00017920873254456058,5.2502005169312305e-06,1,1.15998,,,1.0,0,0.0,,,1.0,0,0.0,,,1.0,0,0.0,,,1.0,0,0,4,False,False,0.0,0
207,ALB,3,1,analyzed,saved,1.1760100000000002,1.17603,-1.9999999999686935e-05,0.0017006368884881283,missing_class,False,gate_rejected,False,False,False,True,raw_fallback,,,,-1.9999999999686935e-05,0.0017006368884881283,feasible,False,3.31274546992165e-05,2.735146758095497e-06,feasible,False,3.31274546992165e-05,2.735146758095497e-06,feasible,False,3.31274546992165e-05,2.735146758095497e-06,feasible,False,3.31274546992165e-05,2.735146758095497e-06,feasible,False,3.31274546992165e-05,2.735146758095497e-06,0,0.0,,,1.0,0,0.0,,,1.0,1,1.17603,,,1.0,0,0.0,,,1.0,0,0,4,False,False,0.0,0
1145,ALE,2,2,analyzed,saved,2.61428,2.6143099999999997,-2.9999999999752447e-05,0.0011475303234793292,missing_class,False,gate_rejected,False,False,False,True,raw_fallback,,,,-2.9999999999752447e-05,0.0011475303234793292,feasible,False,0.13094174010150458,-0.012200122025433326,feasible,False,0.0895140572209853,-0.008341947330402513,feasible,False,0.14382910434042273,-0.013400326795167575,feasible,False,-0.3043935843354314,0.028342810038610118,feasible,False,-2.2836180737839103e-05,-3.3449183268041e-06,1,1.77475,,,1.0,0,0.0,,,1.0,1,0.83956,,,1.0,0,0.0,,,1.0,0,0,4,False,False,0.0,0
852,ALI,1,1,analyzed,saved,0.044579999999999995,0.044590000000000005,-1.0000000000010001e-05,0.022426553038820362,missing_class,False,gate_rejected,False,False,False,True,raw_fallback,,,,-1.0000000000010001e-05,0.022426553038820362,feasible,False,-6.838578805029275e-05,-1.666666666669779e-06,feasible,False,-6.838578805029275e-05,-1.666666666669779e-06,feasible,False,-6.838578805029275e-05,-1.666666666669779e-06,feasible,False,-6.838578805029275e-05,-1.666666666669779e-06,feasible,False,-6.838578805029275e-05,-1.666666666669779e-06,1,0.04458,,,1.0,0,0.0,,,1.0,0,0.0,,,1.0,0,0.0,,,1.0,0,0,4,False,False,0.0,0
1776,ALL,1,1,analyzed,saved,2.6238799999999998,2.6238799999999998,0.0,0.0,missing_class,False,gate_rejected,False,False,False,True,raw_fallback,,,,0.0,0.0,feasible,False,1.0230039714208212e-05,3.7873364965405887e-06,feasible,False,1.0230039713810183e-05,3.7873364964417094e-06,feasible,False,1.0230039714208212e-05,3.7873364965405887e-06,feasible,False,1.0230039713810183e-05,3.7873364964417094e-06,feasible,False,1.0230039714208212e-05,3.7873364965405887e-06,1,2.62389,,,1.0,0,0.0,,,1.0,0,0.0,,,1.0,0,0.0,,,1.0,0,0,4,False,False,0.0,0
411,ALN,7,0,no_valid_locations,saved,,,,,,,,,,,,,,,,,,,,,,,,,,,,,,,,,,,,,,,,,,,,,,,,,,,,,,,,,,,,,,,,
1236,ALO,19,19,analyzed,saved,21.03834,21.0386,-0.0002599999999972624,0.0012358236764673622,negative_factor,False,feasible,False,True,True,True,minimax_ratio,0.0034175888515039663,0.0016060245728888312,2/3/4,0.0,0.0,feasible,False,-0.08073180777131148,0.11483820591727775,feasible,False,0.15395611191195027,0.00561276599613772,feasible,False,-0.07670066078634971,0.11564852937641323,feasible,False,-0.049993391966073636,0.10926295942501893,feasible,True,0.0034175888515039663,0.0016060245728888312,2,1.05203,,-288.3696877673461,0.0,1,5.49665,,64.84057466806381,1.2209920036187962,1,1.73166,,1.817442024203385,1.0026646862645787,15,12.75827,,-2.7540317193905133,0.9868766722634617,4,0,0,True,True,0.0,0
1189,ALS,3,3,analyzed,saved,1.47992,1.4799600000000002,-4.000000000026205e-05,0.002702775750713671,missing_class,False,feasible,False,True,True,True,minimax_ratio,0.09004846836007491,0.014467292553997037,1/4,0.0,0.0,feasible,False,0.19484134374631584,0.010491992596376263,feasible,False,0.19030246135769574,0.010664174330111718,feasible,False,0.2148958219849114,0.009731229365114984,feasible,False,-0.4061917352898692,0.033292080529977744,feasible,True,0.09004846836007491,0.014467292553997037,1,0.8045,,,0.7922391944405145,0,0.0,,,0.0,1,0.47105,,,0.0,1,0.20441,,,4.121916431742825,4,0,0,True,True,0.0,0
1280,ALU,5,5,analyzed,saved,15.15371,15.15374,-3.0000000000640625e-05,0.00019797092995287385,negative_factor,False,feasible,False,True,True,True,improvement_l2,0.7582597749122492,0.06805278337740288,1/3/4,-5.329070518200751e-15,3.5166701541670574e-14,feasible,False,-0.08789211567295799,0.008658264379287808,feasible,True,0.7582597749122492,0.06805278337740288,feasible,False,-0.23790854671859912,-0.0016202841760937087,feasible,True,0.7212908362341943,0.06899449116031779,feasible,True,0.6686478003205131,0.06349932678289949,1,0.15199,,96.52516301925192,36.75187017387956,1,1.19012,,-3.731074702643657,0.0,2,8.05577,,0.097908587775002,0.8784851665891136,1,5.75589,,0.7181604388717701,0.4327003929511264,4,0,0,True,True,0.0,0
16,ALY,2,2,analyzed,saved,2.9238099999999996,2.9238300000000006,-2.0000000001019203e-05,0.000684034297514534,missing_class,False,gate_rejected,False,False,False,True,raw_fallback,,,,-2.0000000001019203e-05,0.000684034297514534,feasible,False,-3.8511309378573078,0.022044407521027848,feasible,False,0.1779452610023732,-0.005290724987565859,feasible,False,-3.670491017522246,0.02836535317753816,feasible,False,-1.9898053682063255,0.05922860155313611,feasible,False,2.6643982151809543e-05,4.7131474876921375e-06,0,0.0,,,1.0,0,0.0,,,1.0,1,2.85636,,,1.0,1,0.06748,,,1.0,0,0,4,False,False,0.0,0
305,AMA,2,2,analyzed,saved,0.60014,0.6001500000000001,-1.0000000000065512e-05,0.0016662501041515472,missing_class,False,gate_rejected,False,False,False,True,raw_fallback,,,,-1.0000000000065512e-05,0.0016662501041515472,feasible,False,-0.20439708194180167,-0.004378992075733519,feasible,False,0.07973144170371171,0.0017050294395408731,feasible,False,-0.329387571751851,-0.007055403509024793,feasible,False,-0.03900660558088098,-0.0008374989384350774,feasible,False,0.00038112102316708414,5.907323710390832e-06,1,0.21923,,,1.0,0,0.0,,,1.0,1,0.38093,,,1.0,0,0.0,,,1.0,0,0,4,False,False,0.0,0
929,AMD,12,12,analyzed,saved,4.888870000000001,4.88886,1.0000000000509601e-05,0.00020454666324070644,singular,False,gate_rejected,False,False,False,True,raw_fallback,,,,1.0000000000509601e-05,0.00020454666324070644,feasible,False,0.10769848167646667,0.07438744763128396,feasible,False,0.10769848167646667,0.07438744763128396,feasible,False,0.10769848167646667,0.07438744763128396,feasible,False,0.10769848167646667,0.07438744763128396,feasible,False,0.09895097881943724,0.0645342429275249,6,2.7302600000000004,,,1.0,1,0.5439,,,1.0,1,0.50732,,,1.0,4,1.10745,,,1.0,0,0,4,False,False,0.0,0
1704,AME,1,1,analyzed,saved,0.21903,0.21904,-1.0000000000010001e-05,0.004565376187002374,missing_class,False,gate_rejected,False,False,False,True,raw_fallback,,,,-1.0000000000010001e-05,0.004565376187002374,feasible,False,0.001053639440696857,5.751919410525597e-06,feasible,False,0.0010536394406964948,5.7519194105192005e-06,feasible,False,0.0010536394406964948,5.7519194105192005e-06,feasible,False,0.0010536394406964948,5.7519194105192005e-06,feasible,False,0.001053639440696857,5.751919410525597e-06,1,0.21904,,,1.0,0,0.0,,,1.0,0,0.0,,,1.0,0,0.0,,,1.0,0,0,4,False,False,0.0,0
1148,AMG,5,5,analyzed,saved,5.38968,5.38976,-7.999999999963592e-05,0.001484296146760448,missing_class,False,feasible,False,True,True,True,improvement_l2,0.39659489999057385,0.058094689585562354,3/4,8.881784197001252e-16,1.6478997575033496e-14,feasible,False,0.28651555877296775,0.04548546447978116,feasible,True,0.39659489999057385,0.058094689585562354,feasible,True,0.31386140992111866,0.04859041071090861,feasible,True,0.14403641427011,0.03774624767683468,feasible,True,0.32565168889292617,0.05237884992283626,2,1.25535,,,0.0,0,0.0,,,0.0,1,2.01529,,,0.862186809661062,2,2.11912,,,1.7234407682061492,4,0,0,True,True,0.0,0
315,AMH,1,1,analyzed,saved,0.23193000000000003,0.23192999999999997,5.551115123125783e-17,2.3934441957167176e-14,missing_class,False,gate_rejected,False,False,False,True,raw_fallback,,,,5.551115123125783e-17,2.3934441957167176e-14,feasible,False,-3.110378674379383e-06,-2.48974008186173e-07,feasible,False,-3.110378674379383e-06,-2.48974008186173e-07,feasible,False,-3.110378674450056e-06,-2.4897400819137716e-07,feasible,False,-3.110378674450056e-06,-2.4897400819137716e-07,feasible,False,-3.1103786745668533e-06,-2.4897400819831605e-07,1,0.23193,,,1.0,0,0.0,,,1.0,0,0.0,,,1.0,0,0.0,,,1.0,0,0,4,False,False,0.0,0
1706,AML,1,1,analyzed,saved,0.76565,0.76565,0.0,0.0,missing_class,False,gate_rejected,False,False,False,True,raw_fallback,,,,0.0,0.0,feasible,False,0.00018519412533601838,6.926878520559232e-06,feasible,False,0.00018519412533649974,6.926878520586988e-06,feasible,False,0.00018519412533601838,6.926878520559232e-06,feasible,False,0.00018519412533601838,6.926878520559232e-06,feasible,False,0.00018519412533601838,6.926878520559232e-06,1,0.76566,,,1.0,0,0.0,,,1.0,0,0.0,,,1.0,0,0.0,,,1.0,0,0,4,False,False,0.0,0
1718,AMP,1,1,analyzed,saved,0.7261,0.7261,0.0,0.0,missing_class,False,gate_rejected,False,False,False,True,raw_fallback,,,,0.0,0.0,feasible,False,9.31996927214661e-05,5.363563807458602e-06,feasible,False,9.31996927214661e-05,5.363563807458602e-06,feasible,False,9.31996927214661e-05,5.363563807458602e-06,feasible,False,9.319969272171122e-05,5.363563807482888e-06,feasible,False,9.31996927214661e-05,5.363563807458602e-06,1,0.72611,,,1.0,0,0.0,,,1.0,0,0.0,,,1.0,0,0.0,,,1.0,0,0,4,False,False,0.0,0
509,AMR,11,8,analyzed,saved,3.81688,3.8169399999999998,-5.999999999994898e-05,0.0015719398261421188,singular,False,feasible,False,True,True,True,minimax_ratio,0.0018413397110182191,0.00015474787201450596,1/3/4,-3.9968028886505635e-15,1.0471222729858379e-13,feasible,False,-0.06158456158571539,0.0070097733370727555,feasible,False,0.39744541185531196,0.015749081028489147,feasible,False,-0.04887405043982574,0.007816418466036801,feasible,False,0.11955913538182181,0.005344017723038982,feasible,True,0.0018413397110182191,0.00015474787201450596,2,0.947,,,1.625313388870243,1,0.5874,,,0.0,4,2.15993,,,0.9994542068500967,1,0.12259,,,0.9702394205676512,4,0,0,True,True,0.0,0
1742,AMT,1,1,analyzed,saved,1.1563,1.1562999999999999,2.220446049250313e-16,1.920302732206446e-14,missing_class,False,gate_rejected,False,False,False,True,raw_fallback,,,,2.220446049250313e-16,1.920302732206446e-14,feasible,False,3.1668497607030236e-05,2.9709459173458963e-06,feasible,False,3.1668497607030236e-05,2.9709459173458963e-06,feasible,False,3.166849760707811e-05,2.9709459173493658e-06,feasible,False,3.166849760707811e-05,2.9709459173493658e-06,feasible,False,3.166849760707811e-05,2.9709459173493658e-06,1,1.15631,,,1.0,0,0.0,,,1.0,0,0.0,,,1.0,0,0.0,,,1.0,0,0,4,False,False,0.0,0
1861,ANB,2,2,analyzed,saved,2.75209,2.75211,-2.0000000000131024e-05,0.0007267151385711699,missing_class,False,gate_rejected,False,False,False,True,raw_fallback,,,,-2.0000000000131024e-05,0.0007267151385711699,feasible,False,0.2776572636048451,0.027497146767768165,feasible,False,0.26467284694373133,0.028190872965444876,feasible,False,0.2944365519689152,0.02660066968910292,feasible,False,0.21813887919017483,0.030677071102413613,feasible,False,0.00036478708766579844,3.673978107406051e-05,0,0.0,,,1.0,0,0.0,,,1.0,1,2.40194,,,1.0,1,0.35017,,,1.0,0,0,4,False,False,0.0,0
1450,ANC,1,1,analyzed,saved,0.06081,0.06086,-4.999999999999449e-05,0.08215576733485785,missing_class,False,gate_rejected,False,False,False,True,raw_fallback,,,,-4.999999999999449e-05,0.08215576733485785,feasible,False,-0.0009461305668980004,-8.76496570694895e-06,feasible,False,-0.0009461305668980004,-8.76496570694895e-06,feasible,False,-0.0009461305668980004,-8.76496570694895e-06,feasible,False,-0.0009461305668980004,-8.76496570694895e-06,feasible,False,-0.0009461305668980004,-8.76496570694895e-06,1,0.06083,,,1.0,0,0.0,,,1.0,0,0.0,,,1.0,0,0.0,,,1.0,0,0,4,False,False,0.0,0
1205,ANG,3,3,analyzed,saved,1.34128,1.34132,-4.0000000000040004e-05,0.0029821369993767335,missing_class,False,feasible,False,True,True,True,minimax_ratio,0.018187691663196757,0.004886040827545131,3/4,0.0,0.0,feasible,False,0.2517378313373281,0.022157019907122745,feasible,False,0.26643748676960544,0.023251986051874597,feasible,False,0.04642426712869688,0.012639304270233749,feasible,False,-0.14388557084100684,0.0034594115638567555,feasible,True,0.018187691663196757,0.004886040827545131,1,0.4584,,,0.0,0,0.0,,,0.0,1,0.29557,,,0.9213015820548707,1,0.58734,,,1.8200537169661783,4,0,0,True,True,0.0,0
1818,ANH,1,1,analyzed,saved,0.5536399999999999,0.5536500000000001,-1.0000000000176534e-05,0.0018061952497383784,missing_class,False,gate_rejected,False,False,False,True,raw_fallback,,,,-1.0000000000176534e-05,0.0018061952497383784,feasible,False,3.0887849043280714e-05,4.191802523943744e-07,feasible,False,3.088784904297355e-05,4.191802523874355e-07,feasible,False,3.088784904297355e-05,4.191802523874355e-07,feasible,False,3.0887849043280714e-05,4.191802523943744e-07,feasible,False,3.088784904297355e-05,4.191802523874355e-07,1,0.55365,,,1.0,0,0.0,,,1.0,0,0.0,,,1.0,0,0.0,,,1.0,0,0,4,False,False,0.0,0
110,ANI,1,1,analyzed,saved,0.34890999999999994,0.34892,-1.0000000000065512e-05,0.0028659864725626254,missing_class,False,gate_rejected,False,False,False,True,raw_fallback,,,,-1.0000000000065512e-05,0.0028659864725626254,feasible,False,0.0027880492402285024,6.433104976823374e-06,feasible,False,0.00278804924022849,6.433104976835734e-06,feasible,False,0.0027880492402285024,6.433104976823374e-06,feasible,False,0.00278804924022849,6.433104976835734e-06,feasible,False,0.00278804924022849,6.433104976835734e-06,1,0.34893,,,1.0,0,0.0,,,1.0,0,0.0,,,1.0,0,0.0,,,1.0,0,0,4,False,False,0.0,0
1171,ANJ,7,7,analyzed,saved,8.27482,8.27491,-9.000000000014552e-05,0.001087625122208526,missing_class,False,gate_rejected,False,False,False,True,raw_fallback,,,,-9.000000000014552e-05,0.001087625122208526,feasible,False,0.10672413116220028,0.056360127698106915,feasible,False,0.08088690072663333,0.025639656464472083,feasible,False,0.1120408411740214,0.05912665200630776,feasible,False,0.013901248315393178,0.015135268567537719,feasible,False,-4.6305404250460856e-05,-2.9937361986143163e-05,4,2.53256,,,1.0,0,0.0,,,1.0,1,3.20734,,,1.0,2,2.53499,,,1.0,0,0,4,False,False,0.0,0
311,ANN,2,2,analyzed,saved,1.1167699999999998,1.1167699999999998,0.0,0.0,missing_class,False,gate_rejected,False,False,False,True,raw_fallback,,,,0.0,0.0,feasible,False,0.4571491120405332,0.05113349821327818,feasible,False,0.4571491120405332,0.05113349821327818,feasible,False,0.4571491120405329,0.05113349821327814,feasible,False,0.4571491120405329,0.05113349821327814,feasible,False,0.4571491120405332,0.05113349821327818,1,0.15908,,,1.0,1,0.9577,,,1.0,0,0.0,,,1.0,0,0.0,,,1.0,0,0,4,False,False,0.0,0
1250,ANR,1,1,analyzed,saved,0.32613000000000003,0.32614,-9.99999999995449e-06,0.0030661679033404336,missing_class,False,gate_rejected,False,False,False,True,raw_fallback,,,,-9.99999999995449e-06,0.0030661679033404336,feasible,False,7.116262058718357e-07,-8.59333875669055e-07,feasible,False,7.116262058718357e-07,-8.59333875669055e-07,feasible,False,7.116262058718357e-07,-8.59333875669055e-07,feasible,False,7.116262058718357e-07,-8.59333875669055e-07,feasible,False,7.116262058718357e-07,-8.59333875669055e-07,1,0.32613,,,1.0,0,0.0,,,1.0,0,0.0,,,1.0,0,0.0,,,1.0,0,0,4,False,False,0.0,0
2183,ANS,6,6,analyzed,saved,10.4829,10.48292,-1.9999999999242846e-05,0.0001907865365684642,negative_factor,False,feasible,False,True,True,True,improvement_l2,0.6678228125433572,0.06514671379332465,2/3/4,1.7763568394002505e-15,1.6945248455585377e-14,feasible,False,0.19731016129204418,0.08638216946643693,feasible,True,0.6678228125433572,0.06514671379332465,feasible,False,0.20133296274537596,0.08660476327939394,feasible,False,0.28898185576074775,0.08557312151156553,feasible,True,0.5427550629314842,0.070276736852843,2,3.28889,,-1.6297496511345506,0.0,1,0.08161,,159.48994749805289,37.040693479032925,2,6.80414,,0.40881563599416293,0.7140436185610611,1,0.30829,,0.1423144540399889,8.437423279868712,4,0,0,True,True,0.0,0
210,ANT,1,1,analyzed,saved,0.23914,0.23913,9.999999999982245e-06,0.004181825785130366,missing_class,False,gate_rejected,False,False,False,True,raw_fallback,,,,9.999999999982245e-06,0.004181825785130366,feasible,False,3.9336066950809125e-05,5.0616324839374005e-06,feasible,False,3.9336066950809125e-05,5.0616324839374005e-06,feasible,False,3.9336066950801854e-05,5.06163248394087e-06,feasible,False,3.9336066950809125e-05,5.0616324839374005e-06,feasible,False,3.9336066950801854e-05,5.06163248394087e-06,1,0.23914,,,1.0,0,0.0,,,1.0,0,0.0,,,1.0,0,0.0,,,1.0,0,0,4,False,False,0.0,0
139,ANZ,5,5,analyzed,saved,0.7986500000000001,0.79864,1.0000000000065512e-05,0.0012521286186599108,singular,False,gate_rejected,False,False,False,True,raw_fallback,,,,1.0000000000065512e-05,0.0012521286186599108,feasible,False,-0.5470037139648867,0.0069208506034476,feasible,False,0.2902135170459732,0.0039252042413938145,feasible,False,-0.5470037139648867,0.0069208506034476,feasible,False,-0.5470037139648867,0.0069208506034476,feasible,False,0.12325337426236166,0.004522604206196058,1,0.1226,,,1.0,1,0.11241,,,1.0,1,0.14777,,,1.0,2,0.41588,,,1.0,0,0,4,False,False,0.0,0
2216,AOS,3,3,analyzed,saved,1.59277,1.5928199999999997,-4.9999999999661426e-05,0.003139086651326668,missing_class,False,gate_rejected,False,False,False,True,raw_fallback,,,,-4.9999999999661426e-05,0.003139086651326668,feasible,False,-0.12490225102364884,0.004755756148725126,feasible,False,0.2218587858887614,-0.0036063800578414237,feasible,False,-0.21409104419756142,0.006906542301807173,feasible,False,-0.21409104419756142,0.006906542301807173,feasible,False,0.0047804773762165995,0.0016284594715243166,1,0.17398,,,1.0,0,0.0,,,1.0,1,0.15715,,,1.0,1,1.26167,,,1.0,0,0,4,False,False,0.0,0
1940,APD,6,5,analyzed,saved,1.06735,1.0674000000000001,-5.0000000000105516e-05,0.004684279557813894,singular,False,gate_rejected,False,False,False,True,raw_fallback,,,,-5.0000000000105516e-05,0.004684279557813894,feasible,False,-0.07668502206237747,-0.0032037256904865336,feasible,False,0.13535005943661704,0.0063990794451449715,feasible,False,-0.188581379145525,-0.008271372538640756,feasible,False,0.13535005943661704,0.0063990794451449715,feasible,False,0.035113634400090465,0.0018594964180662019,1,0.14988,,,1.0,2,0.36987000000000003,,,1.0,1,0.03295,,,1.0,1,0.51468,,,1.0,0,0,4,False,False,0.0,0
1850,APR,1,1,analyzed,saved,0.38656999999999997,0.3865799999999999,-9.99999999995449e-06,0.002586786693557476,missing_class,False,gate_rejected,False,False,False,True,raw_fallback,,,,-9.99999999995449e-06,0.002586786693557476,feasible,False,-0.00013944865312917685,-1.0640856077841557e-06,feasible,False,-0.00013944865312897828,-1.06408560777288e-06,feasible,False,-0.00013944865312897828,-1.06408560777288e-06,feasible,False,-0.00013944865312917685,-1.0640856077841557e-06,feasible,False,-0.00013944865312919593,-1.064085607782421e-06,1,0.38658,,,1.0,0,0.0,,,1.0,0,0.0,,,1.0,0,0.0,,,1.0,0,0,4,False,False,0.0,0
1144,AQN,20,19,analyzed,saved,21.00823,21.008450000000003,-0.00022000000000232944,0.001047197675232249,negative_factor,False,feasible,False,True,True,True,minimax_ratio,0.012523612713672961,0.008164954216815068,1/2/3,-7.105427357601002e-15,3.3821759137875475e-14,feasible,False,0.5361260227114051,0.4419693399560191,feasible,False,0.5444940555551767,0.4368374109908829,feasible,False,0.5230958807345903,0.44441208985951886,feasible,False,0.5159846527508318,0.4451346668432267,feasible,True,0.012523612713672961,0.008164954216815068,3,2.71671,,354.49203633334247,5.450594676876435,11,10.93528,,-59.26805432388965,0.2418759929102361,2,3.5564199999999997,,0.982115948333745,0.9997740391955445,3,3.79999,,-78.27000296220272,0.0,4,0,0,True,True,0.0,0
1451,AQU,11,10,analyzed,saved,18.73684,18.73701,-0.00017000000000066962,0.0009072952408130732,feasible,True,feasible,True,True,True,True,balanced_l2,0.9999999999999988,0.46144749999999957,1/2/3/4,-3.552713678800501e-15,1.8960942427850018e-14,feasible,True,0.9999999999999988,0.46144749999999957,feasible,True,0.9999999999999972,0.4614474999999988,feasible,True,0.9999999999999972,0.46144749999999857,feasible,True,0.9999999999999731,0.4614474999999928,feasible,True,0.9999999999999991,0.4614474999999998,1,0.00484,,1348.173098976811,1348.173098976815,2,0.73404,,2.220061987577615,2.2200619875776266,1,1.14902,,0.6654034699092635,0.6654034699092625,6,16.84907,,0.5818841582296078,0.581884158229606,4,0,0,True,True,0.0,0
1251,ARA,85,72,analyzed,saved,91.59110000000001,91.59194000000001,-0.0008399999999966212,0.0009171112654635562,negative_factor,False,feasible,False,True,True,True,minimax_ratio,0.16658963095429208,0.8029579107108109,1/2/3/4,-4.263256414560601e-14,4.654619625439314e-14,feasible,False,0.06592354098492309,0.9135420703608803,feasible,False,0.40383975193905497,1.0426289128133708,feasible,False,0.08691245855119732,1.0720271388761335,feasible,False,-0.0345247540604046,0.944228483712541,feasible,True,0.16658963095429208,0.8029579107108109,36,30.88429,,-5.0022880192713295,0.0,8,19.69246,,-1.3682617837867261,0.6052731590580493,12,16.68792,,1.325927098509763,1.0543864533276581,16,24.32713,,10.313652567127393,2.5517447056113323,4,0,0,True,True,0.0,0
1452,ARB,8,8,analyzed,saved,5.4377200000000006,5.43781,-8.999999999925734e-05,0.0016550780553064074,negative_factor,False,feasible,False,True,True,True,improvement_l2,0.6638304309448801,0.026458371050347262,1/3/4,8.881784197001252e-16,1.633338457393924e-14,feasible,False,0.36757777380211715,0.030207432359248026,feasible,True,0.6638304309448801,0.026458371050347262,feasible,False,0.3635123239039387,0.030214539595224826,feasible,False,-1.768322685464953,0.030494080211177346,feasible,True,0.4959794539752739,0.02861361679516168,4,2.26529,,-0.9769435336253027,0.45892825416711713,1,0.25527,,-50.075125890135546,0.0,1,0.70119,,4.676758469739872,1.0732618580902278,2,2.21604,,7.741096544796607,1.6450898142320567,4,0,0,True,True,0.0,0
515,ARD,3,3,analyzed,saved,1.45093,1.45092,1.0000000000065512e-05,0.0006892178755593355,missing_class,False,gate_rejected,False,False,False,True,raw_fallback,,,,1.0000000000065512e-05,0.0006892178755593355,feasible,False,0.18864751964908827,0.00942253162888769,feasible,False,0.18864751964908827,0.00942253162888769,feasible,False,0.18864751964908827,0.00942253162888769,feasible,False,0.18864751964908827,0.00942253162888769,feasible,False,0.18864751964908816,0.009422531628887735,1,0.02543,,,1.0,1,0.94393,,,1.0,0,0.0,,,1.0,1,0.48157,,,1.0,0,0,4,False,False,0.0,0
219,ARG,4,2,analyzed,saved,0.5379900000000001,0.53801,-1.999999999990898e-05,0.0037174030222317392,missing_class,False,gate_rejected,False,False,False,True,raw_fallback,,,,-1.999999999990898e-05,0.0037174030222317392,feasible,False,0.6883183174742405,0.023019538411046467,feasible,False,0.6814547563829221,0.022462303491503455,feasible,False,0.6883216805372087,0.023019811449502395,feasible,False,0.6859213543050152,0.022970686713416233,feasible,False,0.6806275491080831,0.022395144654697392,1,0.5081,,,1.0,0,0.0,,,1.0,0,0.0,,,1.0,1,0.02991,,,1.0,0,0,4,False,False,0.0,0
2103,ARK,17,17,analyzed,saved,29.35359,29.353839999999998,-0.000249999999997641,0.0008516773273876298,negative_factor,False,feasible,False,True,True,True,minimax_ratio,0.06146656621358443,0.1373506577257294,1/2/3/4,-3.552713678800501e-15,1.2103062763851343e-14,feasible,False,0.0591950667290076,-0.11097961556064728,feasible,False,0.25200310701561957,0.3051230662688986,feasible,False,0.17081294363026883,0.11136719481030011,feasible,True,0.0323441054646361,0.1117075692032421,feasible,True,0.06146656621358443,0.1373506577257294,6,2.61501,,-58.49740001521991,0.0,3,2.9118699999999995,,42.50419370469786,0.0,1,16.58939,,1.0811680572276146,0.9787266886616444,7,7.237439999999999,,5.612991663061611,1.8124170380655584,4,0,0,True,True,0.0,0
398,ARM,2,2,analyzed,saved,2.53102,2.53104,-2.0000000000131024e-05,0.0007901890132171371,missing_class,False,gate_rejected,False,False,False,True,raw_fallback,,,,-2.0000000000131024e-05,0.0007901890132171371,feasible,False,-0.006757521336591299,0.02646376797368974,feasible,False,0.050117440465913723,0.011149535538142713,feasible,False,-0.09186837471674542,0.02015607655268458,feasible,False,0.1796687194965116,0.04028009284004807,feasible,False,5.295735712650716e-06,7.257579958480642e-06,1,0.11404,,,1.0,0,0.0,,,1.0,1,2.41699,,,1.0,0,0.0,,,1.0,0,0,4,False,False,0.0,0
243,ARR,8,8,analyzed,saved,6.40705,6.407089999999999,-3.999999999937387e-05,0.0006243083833592766,negative_factor,False,feasible,False,True,True,True,improvement_l2,0.8680946485941277,0.2761722509467561,1/2/3,-8.881784197001252e-16,1.3862430833656548e-14,feasible,True,0.848274830598433,0.2933519103154869,feasible,True,0.8680946485941277,0.2761722509467561,feasible,True,0.813487168516271,0.2887338859269407,feasible,True,0.8397062089201512,0.2927714975937447,feasible,True,0.8448450613097612,0.28434695869551274,1,0.04856,,55.72326522764654,69.12261938900569,3,2.22161,,2.622441807994868,1.1431526533449194,1,1.90559,,0.31593697767475376,0.26776242972358627,3,2.23133,,-1.2223324148315582,0.0,4,0,0,True,True,0.0,0
1561,ARS,7,7,analyzed,saved,9.41818,9.41829,-0.00011000000000116472,0.001167940252436108,negative_factor,False,feasible,False,True,True,True,improvement_l2,0.6193745088899758,0.6272892462258091,1/3/4,1.7763568394002505e-15,1.8860715049125163e-14,feasible,True,0.5495245133251467,0.5795823701356303,feasible,True,0.6193745088899758,0.6272892462258091,feasible,True,0.49809039084905676,0.5232743843460315,feasible,True,0.6160952105985319,0.6430475335649966,feasible,True,0.48875602104799587,0.5153063323851526,1,0.12529,,-13.50025495128136,0.120139726915923,1,5.78392,,-2.334336056338256,0.0,1,1.48887,,6.489683600018928,1.5143201062115543,4,2.0201700000000002,,7.39979295187442,3.538553968140886,4,0,0,True,True,0.0,0
1939,ART,3,3,analyzed,saved,0.9575000000000001,0.95751,-9.999999999843467e-06,0.001044375515644063,missing_class,False,gate_rejected,False,False,False,True,raw_fallback,,,,-9.999999999843467e-06,0.001044375515644063,feasible,False,0.14161656770009273,-0.002867281623698192,feasible,False,0.14359487199611784,0.002092898393264795,feasible,False,0.07797519535986924,-0.009305226097759868,feasible,False,-0.1256008802423809,0.0014639311568329246,feasible,False,-4.8714768551662586e-05,-1.3342910070287747e-06,1,0.11375,,,1.0,1,0.49753,,,1.0,1,0.34625,,,1.0,0,0.0,,,1.0,0,0,4,False,False,0.0,0
1371,ARU,24,7,analyzed,saved,2.34952,2.3495500000000002,-3.0000000000196536e-05,0.0012768402460129188,negative_factor,False,feasible,False,True,True,True,balanced_l2,0.6190514895549195,0.027505933533092386,2/3/4,4.440892098500626e-16,1.8901032531764065e-14,feasible,True,0.6190514895549195,0.027505933533092386,feasible,True,0.5889750534173003,0.02755530492899999,feasible,True,0.6189569174989191,0.027506733642141595,feasible,True,0.4468408273980501,0.027610923888034312,feasible,True,0.37578248420716553,0.027622325863833536,3,0.8496299999999999,,-10.64004922745237,0.0,1,0.36038,,13.707575746606349,0.5700500574588225,2,0.59446,,0.8308760935937757,0.8319974024024539,1,0.54511,,10.925934616474004,3.02595215351261,4,0,0,True,True,0.0,0
1454,ASC,1,1,analyzed,saved,0.5260400000000001,0.52607,-2.999999999997449e-05,0.005702663143683253,missing_class,False,gate_rejected,False,False,False,True,raw_fallback,,,,-2.999999999997449e-05,0.005702663143683253,feasible,False,-0.00013063615054484,-5.075442753610035e-06,feasible,False,-0.00013063615054484,-5.075442753610035e-06,feasible,False,-0.00013063615054484,-5.075442753610035e-06,feasible,False,-0.00013063615054484,-5.075442753610035e-06,feasible,False,-0.00013063615054484,-5.075442753610035e-06,1,0.52606,,,1.0,0,0.0,,,1.0,0,0.0,,,1.0,0,0.0,,,1.0,0,0,4,False,False,0.0,0
1455,ASD,1,1,analyzed,saved,1.95851,1.95853,-2.0000000000131024e-05,0.0010211740438048446,missing_class,False,gate_rejected,False,False,False,True,raw_fallback,,,,-2.0000000000131024e-05,0.0010211740438048446,feasible,False,5.465140616298351e-06,2.1340679949716224e-06,feasible,False,5.465140616292205e-06,2.1340679949577446e-06,feasible,False,5.465140616292205e-06,2.1340679949577446e-06,feasible,False,5.465140616136527e-06,2.1340679949022334e-06,feasible,False,5.465140616298351e-06,2.1340679949716224e-06,1,1.95853,,,1.0,0,0.0,,,1.0,0,0.0,,,1.0,0,0.0,,,1.0,0,0,4,False,False,0.0,0
1928,ASR,2,2,analyzed,saved,0.42417,0.42421,-3.999999999998449e-05,0.009429292095892246,missing_class,False,gate_rejected,False,False,False,True,raw_fallback,,,,-3.999999999998449e-05,0.009429292095892246,feasible,False,0.15375086371589694,0.009577834861589096,feasible,False,0.15375086371589725,0.009577834861589104,feasible,False,0.15375086371589694,0.009577834861589096,feasible,False,0.15375086371589694,0.009577834861589096,feasible,False,0.00025670990666585403,1.3714981485996383e-05,0,0.0,,,1.0,0,0.0,,,1.0,1,0.37429,,,1.0,1,0.04991,,,1.0,0,0,4,False,False,0.0,0
1179,AST,1,1,analyzed,saved,0.50036,0.50038,-2.0000000000020002e-05,0.003996962308649426,missing_class,False,gate_rejected,False,False,False,True,raw_fallback,,,,-2.0000000000020002e-05,0.003996962308649426,feasible,False,-0.0009930057640479377,-7.440892386906608e-07,feasible,False,-0.0009930057640479377,-7.440892386906608e-07,feasible,False,-0.0009930057640477204,-7.440892386800357e-07,feasible,False,-0.0009930057640477204,-7.440892386800357e-07,feasible,False,-0.0009930057640479377,-7.440892386906608e-07,1,0.50038,,,1.0,0,0.0,,,1.0,0,0.0,,,1.0,0,0.0,,,1.0,0,0,4,False,False,0.0,0
963,ASU,1,0,no_valid_locations,saved,,,,,,,,,,,,,,,,,,,,,,,,,,,,,,,,,,,,,,,,,,,,,,,,,,,,,,,,,,,,,,,,
198,ATH,6,6,analyzed,saved,7.0775999999999994,7.07772,-0.00012000000000078614,0.001695461250244233,negative_factor,False,feasible,False,True,True,True,improvement_l2,0.70814877291939,0.34852653338815376,2/3,-6.039613253960852e-14,8.53327519873752e-13,feasible,True,0.45115142495537003,0.3125811539367589,feasible,True,0.70814877291939,0.34852653338815376,feasible,True,0.5103669758507179,0.32642535230604297,feasible,False,0.3708695253319776,0.3234016738603281,feasible,True,0.35257291920409894,0.20727532894732056,2,3.9893599999999996,,-1.836840672418836,0.0,1,0.68104,,4.914271626288563,7.130121853029882,1,2.02756,,1.1293747027061465,1.095774316603669,2,0.37971,,23.092382423735422,0.0,4,0,0,True,True,0.0,0
1456,ATI,1,1,analyzed,saved,1.76399,1.7640099999999999,-1.999999999990898e-05,0.0011337804207407543,missing_class,False,gate_rejected,False,False,False,True,raw_fallback,,,,-1.999999999990898e-05,0.0011337804207407543,feasible,False,0.0004268187396757868,-6.155310308258999e-07,feasible,False,0.0004268187396723705,-6.155310307842665e-07,feasible,False,0.0004268187396723705,-6.155310307842665e-07,feasible,False,0.0004268187396757868,-6.155310308258999e-07,feasible,False,0.0004268187396723705,-6.155310307842665e-07,1,1.76401,,,1.0,0,0.0,,,1.0,0,0.0,,,1.0,0,0.0,,,1.0,0,0,4,False,False,0.0,0
1369,ATJ,6,6,analyzed,saved,1.6860699999999997,1.68612,-5.000000000032756e-05,0.002965387991384217,singular,False,gate_rejected,False,False,False,True,raw_fallback,,,,-5.000000000032756e-05,0.002965387991384217,feasible,False,0.7499999999999969,0.018377499999999908,feasible,False,0.7499999999999751,0.018377499999999436,feasible,False,0.7499999999999961,0.0183774999999999,feasible,False,0.7499999999999422,0.018377499999999006,feasible,False,0.75,0.018377499999999984,2,0.57218,,,1.0,2,0.95747,,,1.0,1,0.063,,,1.0,1,0.09344,,,1.0,0,0,4,False,False,0.0,0
1711,ATL,1,1,analyzed,saved,0.29057,0.29057999999999995,-9.99999999995449e-06,0.00344139307590147,missing_class,False,gate_rejected,False,False,False,True,raw_fallback,,,,-9.99999999995449e-06,0.00344139307590147,feasible,False,0.0001722134234126991,3.3783114632562894e-06,feasible,False,0.0001722134234126991,3.3783114632562894e-06,feasible,False,0.0001722134234126991,3.3783114632562894e-06,feasible,False,0.0001722134234126991,3.3783114632562894e-06,feasible,False,0.0001722134234126991,3.3783114632562894e-06,1,0.29058,,,1.0,0,0.0,,,1.0,0,0.0,,,1.0,0,0.0,,,1.0,0,0,4,False,False,0.0,0
1666,ATO,1,1,analyzed,saved,0.56857,0.5685699999999999,1.1102230246251565e-16,1.9526584670755698e-14,missing_class,False,gate_rejected,False,False,False,True,raw_fallback,,,,1.1102230246251565e-16,1.9526584670755698e-14,feasible,False,6.295239959188769e-05,2.5009415858170264e-06,feasible,False,6.295239959146378e-05,2.5009415857910056e-06,feasible,False,6.295239959146378e-05,2.5009415857910056e-06,feasible,False,6.295239959146378e-05,2.5009415857910056e-06,feasible,False,6.295239959146378e-05,2.5009415857910056e-06,1,0.56857,,,1.0,0,0.0,,,1.0,0,0.0,,,1.0,0,0.0,,,1.0,0,0,4,False,False,0.0,0
1735,ATP,1,1,analyzed,saved,0.5554000000000001,0.5554,1.1102230246251565e-16,1.9989611534482472e-14,missing_class,False,gate_rejected,False,False,False,True,raw_fallback,,,,1.1102230246251565e-16,1.9989611534482472e-14,feasible,False,0.00029467370922482553,4.694031776447324e-06,feasible,False,0.00029467370922482553,4.694031776447324e-06,feasible,False,0.00029467370922482553,4.694031776447324e-06,feasible,False,0.00029467370922482553,4.694031776447324e-06,feasible,False,0.00029467370922504064,4.69403177645036e-06,1,0.55541,,,1.0,0,0.0,,,1.0,0,0.0,,,1.0,0,0.0,,,1.0,0,0,4,False,False,0.0,0
17,ATQ,12,12,analyzed,saved,5.218710000000001,5.218850000000001,-0.000140000000000029,0.0026825833277451736,negative_factor,False,feasible,False,True,True,True,improvement_l2,0.38025337768638023,0.06158254185898113,2/3,8.881784197001252e-16,1.7018661576786554e-14,feasible,True,0.159893457183891,0.040696912484226175,feasible,True,0.38025337768638023,0.06158254185898113,feasible,True,0.23471956796317345,0.04759744472233331,feasible,False,-0.3477030623787366,0.038948602383814965,feasible,True,0.31247122254798276,0.0594750294963438,6,1.51323,,-4.067603371835972,0.0,1,0.54771,,50.03882390315895,7.777607648408312,1,0.87473,,1.9507321456545053,1.0962162408100726,4,2.28313,,-7.769626183169251,0.0,4,0,0,True,True,0.0,0
1738,ATT,1,1,analyzed,saved,0.58418,0.5841799999999999,1.1102230246251565e-16,1.9004810582785385e-14,missing_class,False,gate_rejected,False,False,False,True,raw_fallback,,,,1.1102230246251565e-16,1.9004810582785385e-14,feasible,False,8.722699338915034e-05,4.837808262029078e-06,feasible,False,8.722699338915034e-05,4.837808262029078e-06,feasible,False,8.722699338906522e-05,4.8378082620256085e-06,feasible,False,8.722699338915034e-05,4.837808262029078e-06,feasible,False,8.722699338915034e-05,4.837808262029078e-06,1,0.58419,,,1.0,0,0.0,,,1.0,0,0.0,,,1.0,0,0.0,,,1.0,0,0,4,False,False,0.0,0
516,ATZ,8,8,analyzed,saved,4.90315,4.90322,-7.00000000000145e-05,0.0014276332695660097,negative_factor,False,feasible,False,True,True,True,minimax_ratio,0.7146640891972319,0.07313473451542629,1/3/4,8.881784197001252e-16,1.811418658963141e-14,feasible,True,0.6691657082345326,0.08215218918485945,feasible,True,0.706277775922498,0.07251653737875803,feasible,True,0.6716636997754257,0.08245865783384934,feasible,True,0.6977845609697688,0.08304086672033392,feasible,True,0.7146640891972319,0.07313473451542629,3,2.73393,,0.7596639851823203,0.5584318541885107,2,0.06411,,-78.95744182506462,0.0,2,1.87494,,0.17848078563672512,0.5769484408737474,1,0.23022,,32.815821635927094,9.967191995399041,4,0,0,True,True,0.0,0
340,AUD,2,2,analyzed,saved,0.54332,0.54333,-9.99999999995449e-06,0.001840502088961495,missing_class,False,gate_rejected,False,False,False,True,raw_fallback,,,,-9.99999999995449e-06,0.001840502088961495,feasible,False,0.0011251847386335098,9.614516926798738e-05,feasible,False,0.0011251847386335098,9.614516926798738e-05,feasible,False,0.0011251847386335098,9.614516926798738e-05,feasible,False,0.0003260575341568583,3.1259320502852184e-05,feasible,False,4.569373094800296e-05,8.494930510014043e-06,0,0.0,,,1.0,1,0.25634,,,1.0,0,0.0,,,1.0,1,0.287,,,1.0,0,0,4,False,False,0.0,0
2150,AUG,3,3,analyzed,saved,1.4063400000000001,1.40636,-1.999999999990898e-05,0.0014221109815345274,missing_class,False,feasible,True,True,True,True,target_l2,0.9091514883251612,0.028321407171395377,3/4,6.661338147750939e-16,4.736581065837295e-14,feasible,True,0.9081487243507901,0.028321857769336687,feasible,True,0.9037334683290114,0.028323841790825536,feasible,True,0.9091514883251612,0.028321407171395377,feasible,True,0.8937310113063868,0.028328336454232796,feasible,True,0.8914870263802706,0.028329344802172817,1,0.61469,,,0.0,0,0.0,,,0.0,1,0.7409,,,0.7888271937871977,1,0.05078,,,16.182546279719737,4,0,0,True,True,0.0,0
1186,AUM,1,1,analyzed,saved,2.87526,2.87528,-2.0000000000131024e-05,0.0006955844300426749,missing_class,False,gate_rejected,False,False,False,True,raw_fallback,,,,-2.0000000000131024e-05,0.0006955844300426749,feasible,False,-4.7966326846793846e-05,5.719743339134553e-07,feasible,False,-4.7966326846793846e-05,5.719743339134553e-07,feasible,False,-4.7966326846793846e-05,5.719743339134553e-07,feasible,False,-4.7966326846793846e-05,5.719743339134553e-07,feasible,False,-4.7966326846793846e-05,5.719743339134553e-07,1,2.87528,,,1.0,0,0.0,,,1.0,0,0.0,,,1.0,0,0.0,,,1.0,0,0,4,False,False,0.0,0
1149,AUV,1,1,analyzed,saved,0.7460899999999999,0.74609,-1.1102230246251565e-16,1.4880550933870665e-14,missing_class,False,gate_rejected,False,False,False,True,raw_fallback,,,,-1.1102230246251565e-16,1.4880550933870665e-14,feasible,False,-9.966833916428437e-06,1.0359336086564544e-06,feasible,False,-9.966833916428437e-06,1.0359336086564544e-06,feasible,False,-9.966833916428437e-06,1.0359336086564544e-06,feasible,False,-9.966833916428437e-06,1.0359336086564544e-06,feasible,False,-9.966833916428437e-06,1.0359336086564544e-06,1,0.7461,,,1.0,0,0.0,,,1.0,0,0.0,,,1.0,0,0.0,,,1.0,0,0,4,False,False,0.0,0
1146,AUX,1,1,analyzed,saved,0.46811,0.46812,-9.99999999995449e-06,0.002136204392026508,missing_class,False,gate_rejected,False,False,False,True,raw_fallback,,,,-9.99999999995449e-06,0.002136204392026508,feasible,False,3.016513658523709e-05,6.277196622633818e-07,feasible,False,3.016513658523709e-05,6.277196622633818e-07,feasible,False,3.016513658523709e-05,6.277196622633818e-07,feasible,False,3.016513658523709e-05,6.277196622633818e-07,feasible,False,3.016513658523709e-05,6.277196622633818e-07,1,0.46811,,,1.0,0,0.0,,,1.0,0,0.0,,,1.0,0,0.0,,,1.0,0,0,4,False,False,0.0,0
396,AVR,2,2,analyzed,saved,0.30601,0.30599,2.0000000000020002e-05,0.006536161312467729,missing_class,False,gate_rejected,False,False,False,True,raw_fallback,,,,2.0000000000020002e-05,0.006536161312467729,feasible,False,-1.3055174084368704,-0.0012033692725305183,feasible,False,0.1460864493370789,-3.889761971834563e-07,feasible,False,-1.2497804487921143,-0.0010328014998851587,feasible,False,-0.3623126121773039,3.6106048348870205e-05,feasible,False,0.0012931498800927924,1.0004896289619435e-05,1,0.19376,,,1.0,1,0.11225,,,1.0,0,0.0,,,1.0,0,0.0,,,1.0,0,0,4,False,False,0.0,0
2279,AWO,1,1,analyzed,saved,0.35313,0.35311,2.0000000000020002e-05,0.005663957407045964,missing_class,False,gate_rejected,False,False,False,True,raw_fallback,,,,2.0000000000020002e-05,0.005663957407045964,feasible,False,0.00017543175575416753,4.693917586461732e-06,feasible,False,0.00017543175575416753,4.693917586461732e-06,feasible,False,0.00017543175575428514,4.693917586463467e-06,feasible,False,0.00017543175575416753,4.693917586461732e-06,feasible,False,0.00017543175575428514,4.693917586463467e-06,1,0.35313,,,1.0,0,0.0,,,1.0,0,0.0,,,1.0,0,0.0,,,1.0,0,0,4,False,False,0.0,0
1745,AXC,1,1,analyzed,saved,0.86519,0.86519,0.0,0.0,missing_class,False,gate_rejected,False,False,False,True,raw_fallback,,,,0.0,0.0,feasible,False,0.0002335121280462286,3.8087451015166203e-06,feasible,False,0.00023351212804645903,3.8087451015187887e-06,feasible,False,0.0002335121280462286,3.8087451015166203e-06,feasible,False,0.0002335121280462286,3.8087451015166203e-06,feasible,False,0.00023351212804645903,3.8087451015187887e-06,1,0.8652,,,1.0,0,0.0,,,1.0,0,0.0,,,1.0,0,0.0,,,1.0,0,0,4,False,False,0.0,0
1601,AXO,3,3,analyzed,saved,1.4939799999999999,1.4939800000000003,-4.440892098500626e-16,2.9725244638486625e-14,missing_class,False,feasible,False,True,True,True,absolute_l2,0.19536545516814952,0.015067249775089428,4,0.0,0.0,feasible,True,0.19536545516814952,0.015067249775089428,feasible,True,0.19536545516814952,0.015067249775089428,feasible,True,0.19536545516814952,0.015067249775089428,feasible,True,0.19536545516814952,0.015067249775089428,feasible,True,0.19536545516814963,0.015067249775089438,1,0.41105,,,0.0,0,0.0,,,0.0,1,0.16552,,,0.0,1,0.91746,,,1.6283774053356188,4,0,0,True,True,0.0,0
71,AYA,4,4,analyzed,saved,5.807379999999999,5.80738,-8.881784197001252e-16,1.5293960782661462e-14,missing_class,False,gate_rejected,False,False,False,True,raw_fallback,,,,-8.881784197001252e-16,1.5293960782661462e-14,feasible,False,0.32633652451841344,-0.008787652096059487,feasible,False,0.3315558351280291,-0.006042787092222376,feasible,False,0.3451396281582292,-0.009719448621893764,feasible,False,-7.901474903120644,0.0035275573657844936,feasible,False,2.0993577744907356e-05,5.517217120862977e-06,0,0.0,,,1.0,1,1.60844,,,1.0,1,1.04717,,,1.0,2,3.1518100000000002,,,1.0,0,0,4,False,False,0.0,0
18,AYD,9,7,analyzed,saved,14.142389999999999,14.14247,-8.00000000005241e-05,0.0005656720502184138,missing_class,False,feasible,False,True,True,True,minimax_ratio,0.04795904530758093,0.04050487484682461,1/3/4,0.0,0.0,feasible,False,-0.2065909212535249,-0.21646576783485472,feasible,False,0.20811162767280433,0.09640358621087472,feasible,False,0.0772410664116274,-0.01174147574413939,feasible,False,-0.02257955354274514,0.015884498959491428,feasible,True,0.04795904530758093,0.04050487484682461,1,1.41497,,,0.0,0,0.0,,,0.0,1,9.10099,,,1.0764420520269593,5,3.62652,,,1.1983183175885592,4,0,0,True,True,0.0,0
1686,AYO,1,1,analyzed,saved,1.6393199999999999,1.6393299999999997,-9.999999999843467e-06,0.0006100053070366228,missing_class,False,gate_rejected,False,False,False,True,raw_fallback,,,,-9.999999999843467e-06,0.0006100053070366228,feasible,False,3.54919702382851e-05,4.2115408766182916e-06,feasible,False,3.5491970238085006e-05,4.211540876569719e-06,feasible,False,3.549197023833599e-05,4.2115408766252305e-06,feasible,False,3.549197023833599e-05,4.2115408766252305e-06,feasible,False,3.549197023833599e-05,4.2115408766252305e-06,1,1.63933,,,1.0,0,0.0,,,1.0,0,0.0,,,1.0,0,0.0,,,1.0,0,0,4,False,False,0.0,0
154,AZF,3,3,analyzed,saved,1.9907,1.99073,-3.0000000000196536e-05,0.0015069848749050116,missing_class,False,feasible,False,True,True,True,minimax_ratio,0.11591843865711482,0.007607717286285787,3/4,0.0,0.0,feasible,False,-0.9705147976907924,-0.06219813526848075,feasible,False,0.1846369850344222,0.009375067758646582,feasible,False,-0.7878259990910537,-0.05125116809145688,feasible,True,0.09545734723930471,0.007081484973632765,feasible,True,0.11591843865711482,0.007607717286285787,1,0.15406,,,0.0,0,0.0,,,0.0,1,1.426,,,0.9929993309179014,1,0.41067,,,1.399413762844445,4,0,0,True,True,0.0,0
1714,AZL,1,1,analyzed,saved,0.87789,0.8778900000000001,-1.1102230246251565e-16,1.2646493576930555e-14,missing_class,False,gate_rejected,False,False,False,True,raw_fallback,,,,-1.1102230246251565e-16,1.2646493576930555e-14,feasible,False,7.395566266721328e-05,4.383186793497501e-06,feasible,False,7.395566266721328e-05,4.383186793497501e-06,feasible,False,7.395566266693641e-05,4.38318679347148e-06,feasible,False,7.395566266693641e-05,4.38318679347148e-06,feasible,False,7.395566266693641e-05,4.38318679347148e-06,1,0.8779,,,1.0,0,0.0,,,1.0,0,0.0,,,1.0,0,0.0,,,1.0,0,0,4,False,False,0.0,0
1420,BAC,1,1,analyzed,saved,8.01976,8.01976,0.0,0.0,missing_class,False,gate_rejected,False,False,False,True,raw_fallback,,,,0.0,0.0,feasible,False,1.0549833782213821e-05,1.5927616565519775e-06,feasible,False,1.0549833782213821e-05,1.5927616565519775e-06,feasible,False,1.0549833782213821e-05,1.5927616565519775e-06,feasible,False,1.0549833782213821e-05,1.5927616565519775e-06,feasible,False,1.0549833781441391e-05,1.5927616563507496e-06,1,8.01976,,,1.0,0,0.0,,,1.0,0,0.0,,,1.0,0,0.0,,,1.0,0,0,4,False,False,0.0,0
1334,BAD,7,7,analyzed,saved,16.064960000000003,16.06505,-8.99999999965928e-05,0.0005602223460032356,negative_factor,False,feasible,False,True,True,True,minimax_ratio,0.012908586222278069,0.0030348750206211205,1/3/4,-3.552713678800501e-15,2.2114551021008345e-14,feasible,False,0.2915620746643601,0.02361137128903494,feasible,False,0.2663998857677894,0.016031467563738085,feasible,False,0.25781758530607285,0.03173861822501026,feasible,False,0.08995123277147733,0.028064318961564527,feasible,True,0.012908586222278069,0.0030348750206211205,1,0.21332,,-46.68263614042744,0.39717374283980433,2,5.13538,,-76.6465472767663,0.0,2,4.54915,,0.4771110720256047,0.9930821619122221,2,6.1672,,67.69077014341305,1.8586411545584114,4,0,0,True,True,0.0,0
1397,BAI,4,4,analyzed,saved,0.57882,0.5788199999999999,1.1102230246251565e-16,1.918079929209697e-14,missing_class,False,gate_rejected,False,False,False,True,raw_fallback,,,,1.1102230246251565e-16,1.918079929209697e-14,feasible,False,-3.8690966581607826,0.004928309581961448,feasible,False,0.4216840906839886,0.0038421869315577797,feasible,False,-3.8798848097257546,0.00493104038002749,feasible,False,-12.488682246443402,0.007110179897066131,feasible,False,0.26508293057544174,0.003881827285383631,2,0.33724,,,1.0,1,0.03556,,,1.0,0,0.0,,,1.0,1,0.20603,,,1.0,0,0,4,False,False,0.0,0
2155,BAM,7,5,analyzed,saved,6.366490000000001,6.36653,-3.999999999937387e-05,0.0006282857380609825,missing_class,False,feasible,False,True,True,True,improvement_l2,0.44437283377738496,0.05140030474100865,3/4,8.881784197001252e-16,1.3950745848996632e-14,feasible,False,-230.3678497914684,0.09817402230933518,feasible,True,0.44437283377738496,0.05140030474100865,feasible,False,-227.59650964755411,0.10048067330732928,feasible,False,-155.27823687130058,0.08956234835545147,feasible,True,0.216593687011088,0.0514561252654004,3,1.96235,,,0.0,0,0.0,,,0.0,1,2.83786,,,0.9748988651563765,1,1.56632,,,2.298306500008387,4,0,0,True,True,0.0,0
1167,BAR,8,8,analyzed,saved,4.41262,4.41267,-4.999999999988347e-05,0.0011331008210422142,negative_factor,False,feasible,False,True,True,True,target_l2,0.3540983034279676,0.03996641433475709,3/4,0.0,0.0,feasible,True,0.34919344453087003,0.039816150637699804,feasible,True,0.34208805957617233,0.039598472324274755,feasible,True,0.3540983034279676,0.03996641433475709,feasible,True,0.27283969642486955,0.037477001496962495,feasible,True,0.1564156785905947,0.02945566659683336,3,1.65964,,-8.13891127766127,0.0,1,0.08911,,7.115733479986874,0.0,3,2.37967,,0.3983861925131156,0.3960251656839732,1,0.28425,,57.47665135573427,12.20805909153947,4,0,0,True,True,0.0,0
2175,BAS,3,3,analyzed,saved,1.90939,1.90943,-4.0000000000040004e-05,0.0020948660071351136,missing_class,False,feasible,False,True,True,True,improvement_l2,0.06966199577168167,0.0176518580609721,2/4,0.0,0.0,feasible,False,0.05918960745966642,-0.0030166475701062494,feasible,True,0.06966199577168167,0.0176518580609721,feasible,False,0.057108436865991576,-0.00712408561126944,feasible,False,0.0770674778064524,0.03226745887486654,feasible,True,0.06844670064931618,0.015253328391172313,0,0.0,,,0.0,1,1.19432,,,0.5931905132360915,1,0.15004,,,0.0,1,0.56507,,,2.1253141749977607,4,0,0,True,True,0.0,0
1019,BAT,18,12,analyzed,saved,1.50128,1.5013199999999998,-3.999999999981796e-05,0.002664322063238881,singular,False,gate_rejected,False,False,False,True,raw_fallback,,,,-3.999999999981796e-05,0.002664322063238881,feasible,False,0.632566323687455,0.026439090840244442,feasible,False,0.7017542173379787,0.02952450049394011,feasible,False,0.637379286476815,0.026650707824125226,feasible,False,0.6950158141081786,0.029441845822248937,feasible,False,0.6662139483311426,0.027918514046588603,6,0.7345099999999999,,,1.0,2,0.5351899999999999,,,1.0,2,0.07777,,,1.0,2,0.15389999999999998,,,1.0,0,0,4,False,False,0.0,0
964,BAY,1,0,no_valid_locations,saved,,,,,,,,,,,,,,,,,,,,,,,,,,,,,,,,,,,,,,,,,,,,,,,,,,,,,,,,,,,,,,,,
1817,BBG,1,1,analyzed,saved,0.1668,0.16682999999999998,-2.999999999997449e-05,0.017982377270259843,missing_class,False,gate_rejected,False,False,False,True,raw_fallback,,,,-2.999999999997449e-05,0.017982377270259843,feasible,False,0.0003578401956009404,4.17134002361221e-06,feasible,False,0.0003578401956008824,4.171340023616981e-06,feasible,False,0.00035784019560089106,4.171340023605271e-06,feasible,False,0.0003578401956009404,4.17134002361221e-06,feasible,False,0.0003578401956009404,4.17134002361221e-06,1,0.16682,,,1.0,0,0.0,,,1.0,0,0.0,,,1.0,0,0.0,,,1.0,0,0,4,False,False,0.0,0
2285,BBK,11,8,analyzed,saved,6.353470000000001,6.353510000000001,-4.000000000026205e-05,0.0006295732595095002,negative_factor,False,feasible,False,True,True,True,improvement_l2,0.38107024317795424,0.020270603496656478,2/3/4,-8.881784197001252e-16,1.3979334567823535e-14,feasible,False,0.3076045580172206,0.0172158859289242,feasible,True,0.38107024317795424,0.020270603496656478,feasible,False,0.30766209301973646,0.017215678465161303,feasible,False,-1.5657208106784792,0.024372248610771394,feasible,True,0.20255955498683775,0.02046634709539341,2,3.19345,,-5.549231219587514,0.0,1,0.04851,,578.5059242680635,84.36620601282328,1,0.05847,,2.607487062176555,2.727475565125952,4,3.0531,,-1.357999066591371,0.6880305270580895,4,0,0,True,True,0.0,0
2162,BCH,3,3,analyzed,saved,1.00311,1.00314,-2.999999999997449e-05,0.0029906094862107474,missing_class,False,gate_rejected,False,False,False,True,raw_fallback,,,,-2.999999999997449e-05,0.0029906094862107474,feasible,False,-0.10477154229376101,0.006351154578310141,feasible,False,0.2369984270502768,-0.0035325165480912767,feasible,False,-0.10445464915428788,0.006357945733897056,feasible,False,-0.217251364954969,0.004026518045797617,feasible,False,-0.00023928725802316224,-9.054370077163018e-06,1,0.10985,,,1.0,0,0.0,,,1.0,1,0.37776,,,1.0,1,0.51553,,,1.0,0,0,4,False,False,0.0,0
2202,BDE,2,2,analyzed,saved,1.01949,1.01952,-2.999999999997449e-05,0.0029425612052705677,missing_class,False,feasible,False,True,True,True,improvement_l2,0.25059664085835953,0.004347316116354439,1/3,0.0,0.0,feasible,True,0.23951157821336336,0.004476597272660176,feasible,True,0.25059664085835953,0.004347316116354439,feasible,True,0.2151611866245464,0.004760587258275741,feasible,False,-0.5598069441053013,0.01379876586397659,feasible,True,0.026806648393760943,0.00695729947161655,1,0.79775,,,0.7650128123489628,0,0.0,,,0.0,1,0.22177,,,1.8452558851577243,0,0.0,,,0.0,4,0,0,True,True,0.0,0
1915,BDS,7,4,analyzed,saved,4.0378799999999995,4.0379499999999995,-7.00000000000145e-05,0.0017335529167031413,missing_class,False,feasible,False,True,True,True,minimax_ratio,0.010555447008345827,0.0034122286216215353,3/4,0.0,0.0,feasible,False,-0.17923870171249717,-0.04329702104963136,feasible,False,0.04460585341320709,0.01877678160494614,feasible,False,-0.04749971361689419,-0.0003718083812035283,feasible,False,0.06999594190754595,0.030233542363809623,feasible,True,0.010555447008345827,0.0034122286216215353,1,0.05404,,,0.0,0,0.0,,,0.0,1,3.52177,,,0.9973325279822804,2,0.46212,,,1.137249132201981,4,0,0,True,True,0.0,0
299,BEA,1,1,analyzed,saved,0.20671,0.20671,0.0,0.0,missing_class,False,gate_rejected,False,False,False,True,raw_fallback,,,,0.0,0.0,feasible,False,1.0924499634232576e-05,1.0730783636435717e-06,feasible,False,1.09244996349142e-05,1.0730783636470412e-06,feasible,False,1.0924499634232576e-05,1.0730783636435717e-06,feasible,False,1.0924499634232576e-05,1.0730783636435717e-06,feasible,False,1.09244996349142e-05,1.0730783636470412e-06,1,0.20672,,,1.0,0,0.0,,,1.0,0,0.0,,,1.0,0,0.0,,,1.0,0,0,4,False,False,0.0,0
1385,BEI,7,4,analyzed,saved,1.34744,1.3474699999999997,-2.9999999999752447e-05,0.002226394650697415,negative_factor,False,feasible,False,True,True,True,improvement_l2,0.6641364769550566,0.06855580889604551,1/2,2.220446049250313e-16,1.6478630687512994e-14,feasible,False,0.5067467902845493,0.07620416844372192,feasible,True,0.6641364769550566,0.06855580889604551,feasible,False,0.4802397047814113,0.07655328219156594,feasible,False,0.5081801905838157,0.07593157801717731,feasible,True,0.5810137193765483,0.0752260297512164,1,0.56563,,145.46256403757693,1.9643518590730804,1,0.23038,,-54.53680749200424,1.025889913913217,1,0.208,,21.729040820763355,0.0,1,0.34346,,-212.20806286662773,0.0,4,0,0,True,True,0.0,0
2266,BEN,10,10,analyzed,saved,3.91539,3.9155299999999995,-0.0001399999999995849,0.003575505742507015,negative_factor,False,feasible,False,True,True,True,minimax_ratio,0.07371156754912367,0.026935649270316775,3/4,4.440892098500626e-16,1.1341739428635781e-14,feasible,False,0.13300862685169482,0.02964284996141122,feasible,False,0.17950618049538603,0.05363974728018367,feasible,False,0.21053153730882423,0.057301192705319394,feasible,False,0.11833023903591244,0.03819805047649609,feasible,True,0.07371156754912367,0.026935649270316775,5,0.9182699999999999,,-18.21180371844992,0.0,2,0.23051,,88.12333249844446,0.0,1,2.08007,,-0.2355699537207134,0.9744403716657376,2,0.68664,,1.1870582419543807,2.750466359444785,4,0,0,True,True,0.0,0
2135,BES,1,1,analyzed,saved,0.23201000000000002,0.23201,2.7755575615628914e-17,1.1963094528524164e-14,missing_class,False,gate_rejected,False,False,False,True,raw_fallback,,,,2.7755575615628914e-17,1.1963094528524164e-14,feasible,False,0.0002534331821492081,4.156379648255493e-06,feasible,False,0.00025343318214908364,4.156379648253758e-06,feasible,False,0.0002534331821492081,4.156379648255493e-06,feasible,False,0.00025343318214908364,4.156379648253758e-06,feasible,False,0.0002534331821492081,4.156379648255493e-06,1,0.23202,,,1.0,0,0.0,,,1.0,0,0.0,,,1.0,0,0.0,,,1.0,0,0,4,False,False,0.0,0
330,BFN,3,3,analyzed,saved,0.51083,0.51083,0.0,0.0,missing_class,False,gate_rejected,False,False,False,True,raw_fallback,,,,0.0,0.0,feasible,False,0.41105449921492027,0.016863205741715744,feasible,False,0.41591236996675357,0.016869820313697995,feasible,False,0.3920241570226709,0.016837293654978915,feasible,False,0.35941177874447866,0.01679288800183292,feasible,False,0.43132741343587283,0.016624514811031672,1,0.12803,,,1.0,1,0.14014,,,1.0,0,0.0,,,1.0,1,0.24267,,,1.0,0,0,4,False,False,0.0,0
19,BFR,2,2,analyzed,saved,2.48697,2.48698,-1.0000000000065512e-05,0.00040209410610722693,missing_class,False,gate_rejected,False,False,False,True,raw_fallback,,,,-1.0000000000065512e-05,0.00040209410610722693,feasible,False,0.10371662809616979,0.003314561590220186,feasible,False,0.20355360532668734,0.006503242175664989,feasible,False,0.1884517194386107,0.00602090495281693,feasible,False,-1.1391117271833886,-0.018326682350623957,feasible,False,0.00010581710499588245,5.349005719412769e-06,0,0.0,,,1.0,0,0.0,,,1.0,1,0.63956,,,1.0,1,1.84742,,,1.0,0,0,4,False,False,0.0,0
1395,BGG,1,1,analyzed,saved,0.25113,0.25112,1.0000000000010001e-05,0.003982159923546512,missing_class,False,gate_rejected,False,False,False,True,raw_fallback,,,,1.0000000000010001e-05,0.003982159923546512,feasible,False,0.0007623879826218595,6.198932646304814e-06,feasible,False,0.0007623879826218595,6.198932646304814e-06,feasible,False,0.0007623879826223717,6.198932646311753e-06,feasible,False,0.0007623879826223717,6.198932646311753e-06,feasible,False,0.0007623879826218595,6.198932646304814e-06,1,0.25113,,,1.0,0,0.0,,,1.0,0,0.0,,,1.0,0,0.0,,,1.0,0,0,4,False,False,0.0,0
1329,BGK,10,10,analyzed,saved,33.80022,33.8003,-7.999999999697138e-05,0.0002366842897754499,negative_factor,False,feasible,False,True,True,True,target_l2,0.6626700331524423,0.5288091354374211,1/3,-7.105427357601002e-15,2.1021787846856396e-14,feasible,True,0.6610620379115959,0.529710022980862,feasible,True,0.6397153953779388,0.5416695884474629,feasible,True,0.6626700331524423,0.5288091354374211,feasible,True,0.5620049260125175,0.5852072756669181,feasible,True,0.5758467146582387,0.5774523429077141,2,2.11677,,27.860081692295843,14.664801640131985,3,6.09764,,-4.850382000934311,0.0,2,7.16491,,0.38738396866510466,0.3849556720020138,3,18.42098,,0.08832905623628315,0.0,4,0,0,True,True,0.0,0
1289,BGL,3,3,analyzed,saved,5.175189999999999,5.17524,-5.000000000077165e-05,0.0009661387684584996,missing_class,False,gate_rejected,False,False,False,True,raw_fallback,,,,-5.000000000077165e-05,0.0009661387684584996,feasible,False,-0.03150169405612146,-0.028250739078622605,feasible,False,0.018499151924036197,0.01747138942899676,feasible,False,-0.03703904613516022,-0.03331424387312534,feasible,False,0.16276742877277045,0.14939421122021762,feasible,False,-0.0007491313886716025,-0.0001297624299925141,1,1.55612,,,1.0,0,0.0,,,1.0,0,0.0,,,1.0,2,3.61914,,,1.0,0,0,4,False,False,0.0,0
1563,BGN,1,1,analyzed,saved,1.71573,1.7157299999999998,2.220446049250313e-16,1.2941698572912482e-14,missing_class,False,gate_rejected,False,False,False,True,raw_fallback,,,,2.220446049250313e-16,1.2941698572912482e-14,feasible,False,-7.526461918438789e-05,2.732526547853144e-06,feasible,False,-7.526461918438789e-05,2.732526547853144e-06,feasible,False,-7.526461918438789e-05,2.732526547853144e-06,feasible,False,-7.526461918438789e-05,2.732526547853144e-06,feasible,False,-7.526461918424775e-05,2.732526547854011e-06,1,1.71574,,,1.0,0,0.0,,,1.0,0,0.0,,,1.0,0,0.0,,,1.0,0,0,4,False,False,0.0,0
1291,BGR,3,3,analyzed,saved,4.3956,4.39567,-7.00000000000145e-05,0.001592476232292563,missing_class,False,feasible,False,True,True,True,minimax_ratio,0.05628754052105154,0.0063541652853985305,1/3/4,8.881784197001252e-16,2.02057574772475e-14,feasible,False,0.0055524702483514266,0.012451688401301893,feasible,False,0.5244678691971554,0.020067566706330572,feasible,False,-0.09030964027600463,0.011089574223549586,feasible,False,-0.1576574495387785,0.020116303587622356,feasible,True,0.05628754052105154,0.0063541652853985305,1,0.24146,,,4.056494237539886,0,0.0,,,0.0,1,0.41946,,,3.2794437403478023,1,3.73471,,,0.5463699601019334,4,0,0,True,True,0.0,0
1024,BGT,17,5,analyzed,saved,0.24672,0.24675,-3.0000000000002247e-05,0.012158054711247111,missing_class,False,gate_rejected,False,False,False,True,raw_fallback,,,,-3.0000000000002247e-05,0.012158054711247111,feasible,False,-0.20339222623698577,0.0012922196223806206,feasible,False,0.2816696628616219,-0.00010807298668075158,feasible,False,-0.20337425400405865,0.0012922203482414172,feasible,False,-8.176591051578905,0.0009701988421784682,feasible,False,-0.00452884022004854,-1.6458450841932174e-05,0,0.0,,,1.0,3,0.22605,,,1.0,1,0.00136,,,1.0,1,0.01936,,,1.0,0,0,4,False,False,0.0,0
1323,BHA,2,2,analyzed,saved,8.85882,8.85884,-2.0000000001019203e-05,0.000225763192483657,missing_class,False,gate_rejected,False,False,False,True,raw_fallback,,,,-2.0000000001019203e-05,0.000225763192483657,feasible,False,0.19590022054054348,-0.010853287503403166,feasible,False,0.16381475725420927,-0.009075823430603603,feasible,False,0.19590022054054348,-0.010853287503403166,feasible,False,-0.12878270889111873,0.007133432431599661,feasible,False,-5.080032757700553e-06,-5.648753221964425e-07,0,0.0,,,1.0,0,0.0,,,1.0,1,5.3467,,,1.0,1,3.51215,,,1.0,0,0,4,False,False,0.0,0
1310,BHD,1,1,analyzed,saved,0.21352,0.21355,-3.0000000000002247e-05,0.01404823226410782,missing_class,False,gate_rejected,False,False,False,True,raw_fallback,,,,-3.0000000000002247e-05,0.01404823226410782,feasible,False,3.4584903883123764e-05,-3.142322870778756e-06,feasible,False,3.4584903883123764e-05,-3.142322870778756e-06,feasible,False,3.458490388318375e-05,-3.142322870771058e-06,feasible,False,3.458490388318375e-05,-3.142322870771058e-06,feasible,False,3.4584903883123764e-05,-3.142322870778756e-06,1,0.21353,,,1.0,0,0.0,,,1.0,0,0.0,,,1.0,0,0.0,,,1.0,0,0,4,False,False,0.0,0
1886,BHL,1,1,analyzed,saved,0.25247,0.25247,0.0,0.0,missing_class,False,gate_rejected,False,False,False,True,raw_fallback,,,,0.0,0.0,feasible,False,0.00010476247673259292,3.5580271480302114e-06,feasible,False,0.00010476247673225808,3.558027148023706e-06,feasible,False,0.00010476247673259292,3.5580271480302114e-06,feasible,False,0.00010476247673225808,3.558027148023706e-06,feasible,False,0.00010476247673225808,3.558027148023706e-06,1,0.25248,,,1.0,0,0.0,,,1.0,0,0.0,,,1.0,0,0.0,,,1.0,0,0,4,False,False,0.0,0
2124,BHM,2,2,analyzed,saved,0.41803999999999997,0.41805,-1.0000000000010001e-05,0.002392058366226528,missing_class,False,gate_rejected,False,False,False,True,raw_fallback,,,,-1.0000000000010001e-05,0.002392058366226528,feasible,False,0.27126949062698213,0.00306495650597614,feasible,False,0.26979619673007066,0.0033566834568978165,feasible,False,0.27211300932763627,0.0030744817639472488,feasible,False,-0.047126669056172556,0.0031071526864120584,feasible,False,0.0006639345973497505,9.200033001650898e-06,0,0.0,,,1.0,1,0.05874,,,1.0,0,0.0,,,1.0,1,0.35932,,,1.0,0,0,4,False,False,0.0,0
258,BHP,11,10,analyzed,saved,43.49873,43.498900000000006,-0.00017000000000422233,0.00039081448037587684,negative_factor,False,feasible,False,True,True,True,balanced_l2,0.8992400027947716,0.8954253747970681,1/3,-7.105427357601002e-15,1.6334728826708264e-14,feasible,True,0.8992400027947716,0.8954253747970681,feasible,True,0.8915942211632293,0.8972092529511264,feasible,True,0.8981053499355777,0.8931538701477163,feasible,True,0.8171985120872416,0.9013893967054831,feasible,True,0.8457713287136445,0.907029105822209,1,9.63809,,4.255633401517309,3.8519966975334703,2,4.77552,,-3.051653638717553,0.0,2,8.64695,,0.22345042951116117,0.7370196433941236,5,20.438280000000002,,0.739972224677163,0.0,4,0,0,True,True,0.0,0
42,BHT,3,3,analyzed,saved,0.5950199999999999,0.59503,-1.0000000000065512e-05,0.0016805875334126874,missing_class,False,gate_rejected,False,False,False,True,raw_fallback,,,,-1.0000000000065512e-05,0.0016805875334126874,feasible,False,0.029640785962310262,-0.0014231719286536973,feasible,False,0.029281455200936887,-0.0014059184322935646,feasible,False,0.056639632354577064,-0.0027195388085050533,feasible,False,-0.014574003491149082,0.0006998294697869957,feasible,False,2.343819473716289e-05,-1.0760302926208706e-06,1,0.02422,,,1.0,0,0.0,,,1.0,2,0.57083,,,1.0,0,0.0,,,1.0,0,0,4,False,False,0.0,0
383,BIA,10,10,analyzed,saved,4.14941,4.14947,-6.000000000039307e-05,0.0014459677983066047,missing_class,False,gate_rejected,False,False,False,True,raw_fallback,,,,-6.000000000039307e-05,0.0014459677983066047,feasible,False,-0.8550486444308731,0.07793686428831671,feasible,False,0.07794983978448046,-0.007117581206656398,feasible,False,-0.8522984400311397,0.07773391238996724,feasible,False,-1.1811167625263321,0.07594089049226059,feasible,False,-0.0008471941752370173,-0.00010150080804227635,0,0.0,,,1.0,1,0.26379,,,1.0,1,0.34305,,,1.0,8,3.54264,,,1.0,0,0,4,False,False,0.0,0
2205,BIB,1,1,analyzed,saved,0.3144,0.31440999999999997,-9.99999999995449e-06,0.0031805604147306034,missing_class,False,gate_rejected,False,False,False,True,raw_fallback,,,,-9.99999999995449e-06,0.0031805604147306034,feasible,False,0.00467855357510182,5.605064606499944e-06,feasible,False,0.00467855357510182,5.605064606499944e-06,feasible,False,0.00467855357510182,5.605064606499944e-06,feasible,False,0.004678553575101768,5.605064606486066e-06,feasible,False,0.004678553575102753,5.6050646064865e-06,1,0.31441,,,1.0,0,0.0,,,1.0,0,0.0,,,1.0,0,0.0,,,1.0,0,0,4,False,False,0.0,0
241,BID,4,4,analyzed,saved,3.37722,3.3772699999999998,-4.999999999988347e-05,0.0014804857177508305,missing_class,False,feasible,False,True,True,True,minimax_ratio,0.024965958548673034,0.005878183800147055,3/4,0.0,0.0,feasible,False,-0.27687518357143487,0.054216940132428844,feasible,False,0.062356095493988135,-0.0016031590216983305,feasible,False,-0.23215074821345683,0.057324324030248085,feasible,False,-0.14605364993200554,0.04009727003064111,feasible,True,0.024965958548673034,0.005878183800147055,2,0.22741,,,0.0,0,0.0,,,0.0,1,2.0104,,,0.9727450494945035,1,1.13945,,,1.2476581283284498,4,0,0,True,True,0.0,0
1414,BIM,1,1,analyzed,saved,0.18536,0.18536,0.0,0.0,missing_class,False,gate_rejected,False,False,False,True,raw_fallback,,,,0.0,0.0,feasible,False,0.00026647697110863586,2.1837967624565788e-06,feasible,False,0.00026647697110863586,2.1837967624565788e-06,feasible,False,0.00026647697110910874,2.183796762463084e-06,feasible,False,0.00026647697110863586,2.1837967624565788e-06,feasible,False,0.0002664769711083015,2.1837967624505072e-06,1,0.18536,,,1.0,0,0.0,,,1.0,0,0.0,,,1.0,0,0.0,,,1.0,0,0,4,False,False,0.0,0
43,BIN,2,2,analyzed,saved,0.7849299999999999,0.78496,-3.0000000000085514e-05,0.0038218507949558593,missing_class,False,gate_rejected,False,False,False,True,raw_fallback,,,,-3.0000000000085514e-05,0.0038218507949558593,feasible,False,0.23092595478626549,0.0012710690933388311,feasible,False,0.213190368875057,0.0011738311957968347,feasible,False,0.21046194512240646,0.0011588722206245516,feasible,False,-0.58906994645458,0.0006644341935483676,feasible,False,-0.00020652781504722572,3.852054424188182e-06,0,0.0,,,1.0,0,0.0,,,1.0,1,0.20971,,,1.0,1,0.57525,,,1.0,0,0,4,False,False,0.0,0
239,BIO,4,4,analyzed,saved,0.3798,0.37981999999999994,-1.999999999990898e-05,0.0052656521509949405,missing_class,False,gate_rejected,False,False,False,True,raw_fallback,,,,-1.999999999990898e-05,0.0052656521509949405,feasible,False,0.11708984237595163,0.01130530401492504,feasible,False,0.11764722265941077,0.011389322263809693,feasible,False,0.11764806382788467,0.011389449059651564,feasible,False,0.11764806382788467,0.011389449059651564,feasible,False,0.1160273160002461,0.011145141181523576,2,0.33050999999999997,,,1.0,1,0.0135,,,1.0,0,0.0,,,1.0,1,0.0358,,,1.0,0,0,4,False,False,0.0,0
925,BIR,1,1,analyzed,saved,0.23332,0.23332,0.0,0.0,missing_class,False,gate_rejected,False,False,False,True,raw_fallback,,,,0.0,0.0,feasible,False,0.00035350113980703454,7.862351552196615e-06,feasible,False,0.00035350113980703454,7.862351552196615e-06,feasible,False,0.00035350113980703454,7.862351552196615e-06,feasible,False,0.00035350113980703454,7.862351552196615e-06,feasible,False,0.00035350113980703454,7.862351552196615e-06,1,0.23333,,,1.0,0,0.0,,,1.0,0,0.0,,,1.0,0,0.0,,,1.0,0,0,4,False,False,0.0,0
44,BIT,2,2,analyzed,saved,0.79854,0.79856,-2.0000000000020002e-05,0.002504508114608796,missing_class,False,gate_rejected,False,False,False,True,raw_fallback,,,,-2.0000000000020002e-05,0.002504508114608796,feasible,False,0.25740388587744817,0.010997064366714581,feasible,False,0.25740388587744817,0.010997064366714581,feasible,False,0.25740388587744817,0.010997064366714581,feasible,False,0.25740388587744817,0.010997064366714581,feasible,False,0.25740388587744817,0.010997064366714581,1,0.48927,,,1.0,1,0.30929,,,1.0,0,0.0,,,1.0,0,0.0,,,1.0,0,0,4,False,False,0.0,0
837,BJG,1,1,analyzed,saved,0.12315,0.12314,9.999999999996123e-06,0.008120838070485727,missing_class,False,gate_rejected,False,False,False,True,raw_fallback,,,,9.999999999996123e-06,0.008120838070485727,feasible,False,0.003054242957429206,6.762825519372344e-06,feasible,False,0.003054242957429206,6.762825519372344e-06,feasible,False,0.003054242957429206,6.762825519372344e-06,feasible,False,0.003054242957430431,6.762825519375786e-06,feasible,False,0.003054242957431706,6.762825519379255e-06,1,0.12315,,,1.0,0,0.0,,,1.0,0,0.0,,,1.0,0,0.0,,,1.0,0,0,4,False,False,0.0,0
1028,BKH,18,7,analyzed,saved,7.00836,7.00842,-6.000000000039307e-05,0.0008561130754206094,missing_class,False,feasible,False,True,True,True,improvement_l2,0.6050215562019315,0.20908347807883806,1/3/4,8.881784197001252e-16,1.2673019306778493e-14,feasible,False,0.012234431354813058,0.29027059657464804,feasible,True,0.6050215562019315,0.20908347807883806,feasible,False,-0.19371728999616603,0.2752754723121634,feasible,False,-0.0244285769565675,0.2878517800582254,feasible,True,0.2822289605614721,0.10533255110890366,2,1.3093299999999999,,,1.966624967341632,0,0.0,,,0.0,3,4.53411,,,0.30867510967664313,2,1.165,,,2.60411718207356,4,0,0,True,True,0.0,0
1135,BKZ,4,3,analyzed,saved,0.39453000000000005,0.39455999999999997,-2.999999999991898e-05,0.0076034063260135305,missing_class,False,feasible,False,True,True,True,balanced_l2,0.2598757512092373,0.007142990656770592,3/4,0.0,0.0,feasible,True,0.2598757512092373,0.007142990656770592,feasible,True,0.25597179968999434,0.007263495017948377,feasible,True,0.2555357970281255,0.0072769532338051455,feasible,False,0.057515193892316144,0.013389310460400166,feasible,True,0.16082487720087243,0.010200421630911961,1,0.24109,,,0.0,0,0.0,,,0.0,1,0.1104,,,2.5072263569639706,1,0.04308,,,2.73280747312025,4,0,0,True,True,0.0,0
1918,BLA,9,9,analyzed,saved,1.6945,1.69455,-5.0000000000105516e-05,0.0029506358620344938,singular,False,gate_rejected,False,False,False,True,raw_fallback,,,,-5.0000000000105516e-05,0.0029506358620344938,feasible,False,0.336038277643531,0.022999551810353073,feasible,False,0.35341083551240143,0.023659913539367236,feasible,False,0.33604892344249737,0.02299995647604837,feasible,False,0.35341083551240143,0.023659913539367236,feasible,False,0.33761671885886185,0.022545443560953293,5,1.00445,,,1.0,1,0.23576,,,1.0,1,0.17429,,,1.0,2,0.28005,,,1.0,0,0,4,False,False,0.0,0
1881,BLB,1,1,analyzed,saved,0.80291,0.8029200000000001,-1.0000000000065512e-05,0.0012454540925703071,missing_class,False,gate_rejected,False,False,False,True,raw_fallback,,,,-1.0000000000065512e-05,0.0012454540925703071,feasible,False,2.2999035394477677e-05,1.6454646017648178e-06,feasible,False,2.2999035394407973e-05,1.6454646017440011e-06,feasible,False,2.2999035394477677e-05,1.6454646017648178e-06,feasible,False,2.2999035394649774e-05,1.6454646017682872e-06,feasible,False,2.2999035394407973e-05,1.6454646017440011e-06,1,0.80292,,,1.0,0,0.0,,,1.0,0,0.0,,,1.0,0,0.0,,,1.0,0,0,4,False,False,0.0,0
384,BLD,9,9,analyzed,saved,3.3507000000000002,3.35076,-5.999999999994898e-05,0.001790638541702449,negative_factor,False,feasible,True,True,True,True,improvement_l2,0.921414382623091,0.051139814829308676,1/3/4,4.440892098500626e-16,1.325338758520642e-14,feasible,True,0.9044644991179336,0.05228630497990864,feasible,True,0.921414382623091,0.051139814829308676,feasible,True,0.9015253423040462,0.05246284945555172,feasible,True,0.9023875330010453,0.052340810379930186,feasible,True,0.8637783345727356,0.048327427618942445,1,0.92472,,3.123223534367433,2.695339287112032,5,1.2923,,-0.35203871435067,0.0,1,0.47136,,0.29490193428267836,0.283361861334441,2,0.66236,,1.175414842300693,1.094133090066053,4,0,0,True,True,0.0,0
1221,BLE,3,3,analyzed,saved,0.71121,0.71121,0.0,0.0,missing_class,False,gate_rejected,False,False,False,True,raw_fallback,,,,0.0,0.0,feasible,False,0.5617246614831877,0.011605023923444965,feasible,False,0.5617246614831886,0.01160502392344499,feasible,False,0.5617246614831877,0.011605023923444965,feasible,False,0.548494766430571,0.011535315946797194,feasible,False,0.5617246614831877,0.011605023923444965,1,0.43488,,,1.0,1,0.19248,,,1.0,0,0.0,,,1.0,1,0.08386,,,1.0,0,0,4,False,False,0.0,0
1457,BLG,3,3,analyzed,saved,6.77854,6.778650000000001,-0.00011000000000116472,0.0016227419914166493,missing_class,False,gate_rejected,False,False,False,True,raw_fallback,,,,-0.00011000000000116472,0.0016227419914166493,feasible,False,0.03686736590435134,0.02492878279590821,feasible,False,0.10814507208056864,0.07313156180642075,feasible,False,-0.14160060473993538,-0.09576326259838633,feasible,False,0.03535352423026475,0.023905021235841956,feasible,False,1.9246408982560764e-06,-2.1081330733030423e-06,0,0.0,,,1.0,0,0.0,,,1.0,1,5.49832,,,1.0,2,1.28029,,,1.0,0,0,4,False,False,0.0,0
1366,BLI,3,3,analyzed,saved,6.65998,6.66003,-4.999999999988347e-05,0.0007507473690040957,missing_class,False,gate_rejected,False,False,False,True,raw_fallback,,,,-4.999999999988347e-05,0.0007507473690040957,feasible,False,0.24071425025216459,0.024804588189385107,feasible,False,0.22331228634657446,0.02434286977152008,feasible,False,0.24174342611942956,0.02484660814891997,feasible,False,0.226594301212888,0.024228088383923645,feasible,False,-2.79792841369462e-05,-5.066806099761345e-06,1,0.83408,,,1.0,0,0.0,,,1.0,1,5.06003,,,1.0,1,0.76591,,,1.0,0,0,4,False,False,0.0,0
1565,BLL,1,1,analyzed,saved,0.47069,0.4707,-1.0000000000010001e-05,0.0021244954323369454,missing_class,False,gate_rejected,False,False,False,True,raw_fallback,,,,-1.0000000000010001e-05,0.0021244954323369454,feasible,False,0.00026181391935218104,3.501688238592357e-06,feasible,False,0.00026181391935218104,3.501688238592357e-06,feasible,False,0.00026181391935252684,3.5016882386045e-06,feasible,False,0.00026181391935252684,3.5016882386045e-06,feasible,False,0.00026181391935218104,3.501688238592357e-06,1,0.4707,,,1.0,0,0.0,,,1.0,0,0.0,,,1.0,0,0.0,,,1.0,0,0,4,False,False,0.0,0
2231,BLM,1,1,analyzed,saved,0.6569699999999999,0.65698,-1.0000000000065512e-05,0.0015221163505838096,missing_class,False,gate_rejected,False,False,False,True,raw_fallback,,,,-1.0000000000065512e-05,0.0015221163505838096,feasible,False,4.647456574424539e-05,1.9668587896062156e-06,feasible,False,4.647456574434624e-05,1.96685878961142e-06,feasible,False,4.647456574424539e-05,1.9668587896062156e-06,feasible,False,4.647456574424539e-05,1.9668587896062156e-06,feasible,False,4.647456574434624e-05,1.96685878961142e-06,1,0.65698,,,1.0,0,0.0,,,1.0,0,0.0,,,1.0,0,0.0,,,1.0,0,0,4,False,False,0.0,0
1392,BLN,3,3,analyzed,saved,4.22248,4.22248,0.0,0.0,missing_class,False,gate_rejected,False,False,False,True,raw_fallback,,,,0.0,0.0,feasible,False,-0.7715395525932487,-0.01629869320134797,feasible,False,0.20782422288486818,0.004853598564840245,feasible,False,-1.0604618498801304,-0.0225418831765576,feasible,False,0.20459826635126982,0.004782761183944648,feasible,False,0.009685975249086614,0.0005027666885959181,1,0.11282,,,1.0,1,0.45416,,,1.0,0,0.0,,,1.0,1,3.65552,,,1.0,0,0,4,False,False,0.0,0
2032,BLO,23,23,analyzed,saved,5.97407,5.974150000000001,-8.00000000005241e-05,0.0013391026338562657,negative_factor,False,feasible,False,True,True,True,improvement_l2,0.510552606794804,0.20166219722670112,1/2/3,5.5067062021407764e-14,9.217555973888798e-13,feasible,False,0.5321281531197318,0.23508818298337386,feasible,True,0.510552606794804,0.20166219722670112,feasible,False,0.5421707234866516,0.23510264844179674,feasible,False,-0.35455823755738824,0.2338109875394055,feasible,True,0.2750716264154285,0.11801800727975043,3,0.77121,,4.166266795340114,5.719113212018679,3,0.51345,,27.754584424345623,2.0767838156548297,1,0.63582,,0.7875834075164002,0.7815939237360285,16,4.053729999999999,,-2.9579560686586706,0.0,4,0,0,True,True,0.0,0
1176,BLS,5,5,analyzed,saved,2.5500299999999996,2.55014,-0.00011000000000027654,0.004313488671221053,negative_factor,False,feasible,False,True,True,True,improvement_l2,0.2867807164726531,0.03631537928635048,2/3,0.0,0.0,feasible,False,0.1145648350362949,0.022493554285675302,feasible,True,0.2867807164726531,0.03631537928635048,feasible,True,0.24767780930421318,0.03399067198143313,feasible,False,-0.22111549076561934,0.005566762130853983,feasible,True,0.06018775373849709,0.014430297973498665,1,0.74531,,-34.93775619591395,0.0,1,0.17733,,-117.79044469765604,10.946190747679498,1,1.13743,,4.689739023495454,0.5353969372443425,2,0.49004,,90.0798365368683,0.0,4,0,0,True,True,0.0,0
553,BMB,1,1,analyzed,saved,0.13703,0.13704,-9.999999999982245e-06,0.007297139521294691,missing_class,False,gate_rejected,False,False,False,True,raw_fallback,,,,-9.999999999982245e-06,0.007297139521294691,feasible,False,0.0005407830480187168,2.3002972320319576e-06,feasible,False,0.0005407830480187881,2.300297232032283e-06,feasible,False,0.0005407830480187881,2.300297232032283e-06,feasible,False,0.0005407830480187881,2.300297232032283e-06,feasible,False,0.0005407830480180725,2.3002972320254524e-06,1,0.13704,,,1.0,0,0.0,,,1.0,0,0.0,,,1.0,0,0.0,,,1.0,0,0,4,False,False,0.0,0
575,BMK,1,0,no_valid_locations,saved,,,,,,,,,,,,,,,,,,,,,,,,,,,,,,,,,,,,,,,,,,,,,,,,,,,,,,,,,,,,,,,,
1917,BMP,10,10,analyzed,saved,3.5679,3.5679100000000004,-1.0000000000509601e-05,0.00028027612805562924,singular,False,gate_rejected,False,False,False,True,raw_fallback,,,,-1.0000000000509601e-05,0.00028027612805562924,feasible,False,0.3079228658350668,0.04930623625283265,feasible,False,0.3387683763216221,0.04470667871360167,feasible,False,0.3079228658350668,0.04930623625283265,feasible,False,0.3079228658350668,0.04930623625283265,feasible,False,0.3079228658350668,0.04930623625283265,4,2.22879,,,1.0,1,0.63417,,,1.0,1,0.29928,,,1.0,4,0.40573000000000004,,,1.0,0,0,4,False,False,0.0,0
2282,BMR,29,29,analyzed,saved,9.2554,9.255460000000001,-6.000000000128125e-05,0.0006482659965175285,missing_class,False,feasible,False,True,True,True,absolute_l2,0.42279761705584057,0.1407822736071569,1/3/4,0.0,0.0,feasible,False,0.34460439910802854,0.11876933946604679,feasible,False,0.4135212310849341,0.1301219494437772,feasible,False,0.3361376546175562,0.11558073177312508,feasible,True,0.42279761705584057,0.1407822736071569,feasible,True,0.19365317181386735,0.07206611409981581,1,0.32478,,,4.6529419387210345,0,0.0,,,0.0,2,1.51013,,,0.6046553968506294,26,7.42067,,,0.9205218336411246,4,0,0,True,True,0.0,0
1880,BMS,1,1,analyzed,saved,0.8419300000000001,0.8419400000000001,-1.0000000000065512e-05,0.0011877330926272074,missing_class,False,gate_rejected,False,False,False,True,raw_fallback,,,,-1.0000000000065512e-05,0.0011877330926272074,feasible,False,-2.804688782440359e-05,1.6478172588634682e-06,feasible,False,-2.804688782440359e-05,1.6478172588634682e-06,feasible,False,-2.804688782440359e-05,1.6478172588634682e-06,feasible,False,-2.804688782440359e-05,1.6478172588634682e-06,feasible,False,-2.8046887824082293e-05,1.6478172588860196e-06,1,0.84194,,,1.0,0,0.0,,,1.0,0,0.0,,,1.0,0,0.0,,,1.0,0,0,4,False,False,0.0,0
1342,BNA,2,2,analyzed,saved,2.91991,2.9199200000000003,-1.0000000000509601e-05,0.0003424751363225568,missing_class,False,gate_rejected,False,False,False,True,raw_fallback,,,,-1.0000000000509601e-05,0.0003424751363225568,feasible,False,0.08447793625092756,-0.009832480874879514,feasible,False,0.07524348689968394,-0.008756662683669437,feasible,False,0.10937832469596795,-0.012733389184455032,feasible,False,-0.27830962937718917,0.03243246073693747,feasible,False,4.042606775188319e-05,4.533333588140759e-06,1,0.99547,,,1.0,0,0.0,,,1.0,1,1.92446,,,1.0,0,0.0,,,1.0,0,0,4,False,False,0.0,0
1819,BNB,2,2,analyzed,saved,0.48305,0.48307999999999995,-2.999999999997449e-05,0.0062101515276919966,missing_class,False,gate_rejected,False,False,False,True,raw_fallback,,,,-2.999999999997449e-05,0.0062101515276919966,feasible,False,0.13024682580994484,-0.0033549820791861744,feasible,False,0.13937152934506408,-0.003589585655425027,feasible,False,0.16282190035100885,-0.004192513836154174,feasible,False,-0.09522784458098886,0.0024421557479657923,feasible,False,-5.843874981035846e-05,-4.727361232013429e-06,1,0.17769,,,1.0,0,0.0,,,1.0,1,0.30538,,,1.0,0,0.0,,,1.0,0,0,4,False,False,0.0,0
1328,BND,10,10,analyzed,saved,23.949730000000002,23.94984,-0.00010999999999583565,0.00045929325622148483,feasible,True,feasible,True,True,True,True,balanced_l2,0.9999999999999968,0.33792249999999885,1/2/3/4,-3.552713678800501e-15,1.4833976672915147e-14,feasible,True,0.9999999999999968,0.33792249999999885,feasible,True,0.999999999999972,0.3379224999999916,feasible,True,0.9999999999999963,0.33792249999999885,feasible,True,0.9999999999996807,0.3379224999999273,feasible,True,0.9999999999999971,0.33792249999999907,1,4.01015,,3.8245527810907856,3.8245527810908024,1,4.53387,,0.3583482063642667,0.35834820636427067,6,11.7867,,0.13176327792861423,0.13176327792861306,2,3.6191199999999997,,1.501749832996351,1.5017498329963306,4,0,0,True,True,0.0,0
1408,BNE,1,1,analyzed,saved,0.37665,0.37666,-1.0000000000010001e-05,0.0026549142462725006,missing_class,False,gate_rejected,False,False,False,True,raw_fallback,,,,-1.0000000000010001e-05,0.0026549142462725006,feasible,False,-1.6073610332074126e-06,1.1836692147175823e-06,feasible,False,-1.6073610332074126e-06,1.1836692147175823e-06,feasible,False,-1.6073610332074126e-06,1.1836692147175823e-06,feasible,False,-1.6073610332074126e-06,1.1836692147175823e-06,feasible,False,-1.6073610319647136e-06,1.1836692147323274e-06,1,0.37666,,,1.0,0,0.0,,,1.0,0,0.0,,,1.0,0,0.0,,,1.0,0,0,4,False,False,0.0,0
849,BNI,1,1,analyzed,saved,0.08855,0.08854000000000001,9.999999999996123e-06,0.01129433024621202,missing_class,False,gate_rejected,False,False,False,True,raw_fallback,,,,9.999999999996123e-06,0.01129433024621202,feasible,False,0.00013926590629276733,5.63725490195649e-06,feasible,False,0.00013926590629276733,5.63725490195649e-06,feasible,False,0.00013926590629276733,5.63725490195649e-06,feasible,False,0.00013926590629276733,5.63725490195649e-06,feasible,False,0.00013926590629276733,5.63725490195649e-06,1,0.08855,,,1.0,0,0.0,,,1.0,0,0.0,,,1.0,0,0.0,,,1.0,0,0,4,False,False,0.0,0
153,BNL,26,26,analyzed,saved,8.628269999999999,8.62831,-4.0000000002038405e-05,0.00046359020482618726,singular,False,gate_rejected,False,False,False,True,raw_fallback,,,,-4.0000000002038405e-05,0.00046359020482618726,feasible,False,-5.4593540437304915,0.12897271006655545,feasible,False,0.25187948386115344,0.008504641745525149,feasible,False,-5.4593540437304915,0.12897271006655545,feasible,False,-5.4593540437304915,0.12897271006655545,feasible,False,0.028498139550669196,0.013216464317309357,18,6.54978,,,1.0,6,0.81716,,,1.0,1,0.19893,,,1.0,1,1.06251,,,1.0,0,0,4,False,False,0.0,0
1564,BNT,1,1,analyzed,saved,2.7972999999999995,2.79731,-1.0000000000509601e-05,0.00035748629935579543,missing_class,False,gate_rejected,False,False,False,True,raw_fallback,,,,-1.0000000000509601e-05,0.00035748629935579543,feasible,False,5.006208725981248e-06,1.3621705771127424e-06,feasible,False,5.006208725981248e-06,1.3621705771127424e-06,feasible,False,5.006208725893603e-06,1.3621705770919257e-06,feasible,False,5.006208725834408e-06,1.3621705770225367e-06,feasible,False,5.006208725981248e-06,1.3621705771127424e-06,1,2.79731,,,1.0,0,0.0,,,1.0,0,0.0,,,1.0,0,0.0,,,1.0,0,0,4,False,False,0.0,0
218,BOD,1,1,analyzed,saved,0.31401,0.31401999999999997,-9.99999999995449e-06,0.003184510540715397,missing_class,False,gate_rejected,False,False,False,True,raw_fallback,,,,-9.99999999995449e-06,0.003184510540715397,feasible,False,0.0003357950187398742,3.624258059520616e-06,feasible,False,0.0003357950187398742,3.624258059520616e-06,feasible,False,0.0003357950187398742,3.624258059520616e-06,feasible,False,0.0003357950187396775,3.624258059518881e-06,feasible,False,0.0003357950187398742,3.624258059520616e-06,1,0.31402,,,1.0,0,0.0,,,1.0,0,0.0,,,1.0,0,0.0,,,1.0,0,0,4,False,False,0.0,0
2147,BOH,45,45,analyzed,saved,159.3785,159.37905000000003,-0.000550000000032469,0.00034508926990872946,negative_factor,False,feasible,False,True,True,True,improvement_l2,0.716618793469797,3.8373560661527915,1/2/3,0.0,0.0,feasible,True,0.6862324012344746,3.7464060429252783,feasible,True,0.716618793469797,3.8373560661527915,feasible,True,0.6575172271295614,3.7867760329064506,feasible,True,0.540169132688613,3.876205731381058,feasible,True,0.4759701788324635,2.761880330241653,1,0.57501,,470.52864048775217,231.1696463707165,2,2.6368400000000003,,8.911340621652924,6.08520484275251,4,24.71148,,0.4065223599436266,0.4211748122198398,38,131.45562999999999,,-1.1009347611280524,0.0,4,0,0,True,True,0.0,0
1443,BOL,2,2,analyzed,saved,0.3186,0.31858000000000003,1.999999999996449e-05,0.0062778579948410095,missing_class,False,gate_rejected,False,False,False,True,raw_fallback,,,,1.999999999996449e-05,0.0062778579948410095,feasible,False,0.31127040393302546,0.001781372958602338,feasible,False,0.31127040393302546,0.001781372958602338,feasible,False,0.31127040393302546,0.001781372958602338,feasible,False,0.31127040393302546,0.001781372958602338,feasible,False,0.3112704039330268,0.0017813729586023505,1,0.13849,,,1.0,0,0.0,,,1.0,0,0.0,,,1.0,1,0.18011,,,1.0,0,0,4,False,False,0.0,0
2261,BON,10,3,analyzed,saved,1.10517,1.10518,-1.0000000000065512e-05,0.000904829982452226,missing_class,False,feasible,False,True,True,True,minimax_ratio,0.018698631096946382,0.0023753911147470514,3/4,0.0,0.0,feasible,False,0.1913651391966549,0.016792387500195197,feasible,False,0.17552190680423474,0.015469537883039373,feasible,False,0.20262885202356565,0.01773286465989154,feasible,False,-0.2368638391110751,0.0018670014168597343,feasible,True,0.018698631096946382,0.0023753911147470514,0,0.0,,,0.0,1,0.24351,,,0.0,1,0.16909,,,1.0105140552524803,1,0.69258,,,1.3490050559682865,4,0,0,True,True,0.0,0
2297,BOR,9,6,analyzed,saved,3.82231,3.8223599999999998,-4.999999999988347e-05,0.0013080923827133886,singular,False,gate_rejected,False,False,False,True,raw_fallback,,,,-4.999999999988347e-05,0.0013080923827133886,feasible,False,0.1299282997934887,0.031026489414840125,feasible,False,0.08922558099464453,0.01646497218313621,feasible,False,0.10016740566049356,0.020379442103572343,feasible,False,0.13984151077145782,0.03457296976644991,feasible,False,0.0763143937314282,0.011845957007657962,1,0.59853,,,1.0,3,1.70802,,,1.0,1,0.74879,,,1.0,1,0.76702,,,1.0,0,0,4,False,False,0.0,0
212,BOS,21,16,analyzed,saved,12.347290000000001,12.347420000000001,-0.00013000000000040757,0.0010528515268809805,negative_factor,False,feasible,False,True,True,True,balanced_l2,0.9269982548390489,0.3953276478068346,1/2/3,0.0,0.0,feasible,True,0.9269982548390489,0.3953276478068346,feasible,True,0.9234593006937928,0.383062938947186,feasible,True,0.9215025980496758,0.39538242824475284,feasible,True,0.7210409919057201,0.39426784007891147,feasible,True,0.8950171717161817,0.3857583021109311,1,0.23713,,9.719490214708257,16.253875648928446,3,2.8360700000000003,,5.107981297086339,2.7903371393516436,2,0.3194,,1.8140966524309556,1.8137133247469295,10,8.9548,,-0.5609922384291463,0.0,4,0,0,True,True,0.0,0
1150,BOU,8,8,analyzed,saved,14.238449999999998,14.238520000000001,-7.000000000267903e-05,0.0004916241294929461,negative_factor,False,feasible,False,True,True,True,target_l2,0.6307086627611316,0.14856084047673782,3/4,-1.7763568394002505e-15,1.2475712640079518e-14,feasible,True,0.6272707542960555,0.1487488388924203,feasible,True,0.5808413036506447,0.14686503074814072,feasible,True,0.6307086627611316,0.14856084047673782,feasible,True,0.40829939677221583,0.13986439117802452,feasible,True,0.40829939677221583,0.13986439117802452,1,0.5365,,29.63996525692236,0.0,1,1.43924,,-307.06630827179777,0.0,5,10.91415,,-0.2009264701414832,0.38815636738977305,1,1.34864,,328.08699201316267,7.4163953822230075,4,0,0,True,True,0.0,0
1400,BOW,1,1,analyzed,saved,0.30897,0.30896999999999997,5.551115123125783e-17,1.796651818340222e-14,missing_class,False,gate_rejected,False,False,False,True,raw_fallback,,,,5.551115123125783e-17,1.796651818340222e-14,feasible,False,-0.01901924683459621,2.43654245649658e-06,feasible,False,-0.01901924683459621,2.43654245649658e-06,feasible,False,-0.019019246834581796,2.4365424564970137e-06,feasible,False,-0.019019246834581796,2.4365424564970137e-06,feasible,False,-0.019019246834581796,2.4365424564970137e-06,1,0.30898,,,1.0,0,0.0,,,1.0,0,0.0,,,1.0,0,0.0,,,1.0,0,0,4,False,False,0.0,0
2107,BPR,3,3,analyzed,saved,4.20894,4.20903,-9.000000000014552e-05,0.0021382598841097715,missing_class,False,gate_rejected,False,False,False,True,raw_fallback,,,,-9.000000000014552e-05,0.0021382598841097715,feasible,False,0.004777688177578822,-0.013278588783547443,feasible,False,0.07315979701267424,0.026434221269785327,feasible,False,0.15216693504459344,0.05328458597399596,feasible,False,0.06883081080398895,0.02486986088539188,feasible,False,-7.37084698107345e-06,-6.107555533624298e-06,0,0.0,,,1.0,0,0.0,,,1.0,1,3.34269,,,1.0,2,0.86629,,,1.0,0,0,4,False,False,0.0,0
1134,BQA,13,12,analyzed,saved,4.47251,4.47261,-0.00010000000000065512,0.002235830980135874,negative_factor,False,feasible,False,True,True,True,minimax_ratio,0.03436966564655574,0.004233184550723065,1/3/4,-8.881784197001252e-16,1.985816826640653e-14,feasible,False,0.524030907161125,0.044130618285410136,feasible,False,0.5260740796576617,0.0441245178707936,feasible,False,0.5271309382819996,0.0441213623487756,feasible,False,-0.4324458645697933,0.04698642458100542,feasible,True,0.03436966564655574,0.004233184550723065,3,1.6099500000000002,,5.143935632730139,1.1435413548281,5,1.23852,,-27.96693804571668,0.0,3,0.5070399999999999,,0.7979632459385555,0.9921341895883399,1,1.11709,,27.235971801267656,1.9053454926915054,4,0,0,True,True,0.0,0
1238,BQL,3,3,analyzed,saved,1.01543,1.01546,-2.999999999997449e-05,0.002954326118209924,missing_class,False,gate_rejected,False,False,False,True,raw_fallback,,,,-2.999999999997449e-05,0.002954326118209924,feasible,False,0.16017665503223188,0.011770831640794996,feasible,False,0.16017665503223188,0.011770831640794996,feasible,False,0.16017665503223188,0.011770831640794996,feasible,False,0.16017665503223188,0.011770831640794996,feasible,False,0.16017665503223188,0.011770831640794996,1,0.27537,,,1.0,0,0.0,,,1.0,1,0.37969,,,1.0,1,0.3604,,,1.0,0,0,4,False,False,0.0,0
1775,BRA,27,10,analyzed,saved,5.06059,5.0607,-0.00010999999999938836,0.00217361234610604,negative_factor,False,feasible,False,True,True,True,improvement_l2,0.28636440622875037,0.054088635265141224,2/3,0.0,0.0,feasible,False,0.014183207759601302,0.07805480764391992,feasible,True,0.28636440622875037,0.054088635265141224,feasible,False,0.06751594360030413,0.08847874495118259,feasible,False,0.20385378895167214,0.09137567366166897,feasible,True,0.2650944376871661,0.06370066047929959,2,1.98261,,8.777334135612428,0.0,1,0.09543,,3376.988343873904,29.134347131140366,2,2.5160400000000003,,-3.926506906220202,0.9062617897381173,5,0.46663,,-695.8926345541774,0.0,4,0,0,True,True,0.0,0
1546,BRB,11,10,analyzed,saved,18.16087,18.16112,-0.0002500000000011937,0.0013765670839749626,negative_factor,False,feasible,False,True,True,True,improvement_l2,0.33373808584511166,0.23658322344318727,3/4,1.0658141036401503e-14,5.868658450801218e-14,feasible,False,-0.0010583369476720728,0.3364661502843938,feasible,True,0.33373808584511166,0.23658322344318727,feasible,False,0.04267678726941683,0.3595593169780784,feasible,False,0.13677335263110263,0.33421977005899334,feasible,True,0.24417449220556856,0.23666703265095074,2,0.39296000000000003,,-336.0521300015057,0.0,1,0.33079,,1.4557518178490445,0.0,3,4.22542,,-0.19313734381494213,0.7869989242057812,4,13.211850000000002,,11.395489907773072,1.1229069296201941,4,0,0,True,True,0.0,0
2179,BRC,1,1,analyzed,saved,0.7646599999999999,0.76469,-3.0000000000085514e-05,0.0039231584040703435,missing_class,False,gate_rejected,False,False,False,True,raw_fallback,,,,-3.0000000000085514e-05,0.0039231584040703435,feasible,False,0.00010062682073396268,1.532275113612716e-06,feasible,False,0.00010062682073411349,1.5322751136352675e-06,feasible,False,0.00010062682073396268,1.532275113612716e-06,feasible,False,0.00010062682073411349,1.5322751136352675e-06,feasible,False,0.00010062682073411349,1.5322751136352675e-06,1,0.76468,,,1.0,0,0.0,,,1.0,0,0.0,,,1.0,0,0.0,,,1.0,0,0,4,False,False,0.0,0
1779,BRE,7,7,analyzed,saved,4.47558,4.47563,-4.999999999988347e-05,0.001117161159431934,negative_factor,False,feasible,False,True,True,True,minimax_ratio,0.07508167645165989,0.011277981251325633,1/3/4,0.0,0.0,feasible,False,0.3578539849595436,0.024824950519151734,feasible,False,0.4700169271581452,0.04710141418628082,feasible,False,0.21607515108644457,-0.0037912036188679425,feasible,False,0.27499139613705825,0.0517348391311801,feasible,True,0.07508167645165989,0.011277981251325633,3,3.24908,,-0.9994422960717775,0.8499839472130932,2,0.13116,,-12.303238597829285,0.0,1,0.43685,,0.47358632046574156,0.9600221221080389,1,0.65856,,13.863306519372033,1.9657008507197924,4,0,0,True,True,0.0,0
1786,BRG,4,4,analyzed,saved,3.8364599999999998,3.83655,-9.000000000014552e-05,0.002345857606447082,missing_class,False,feasible,False,True,True,True,minimax_ratio,0.011761530380956689,0.004531190790301606,3/4,-4.440892098500626e-16,1.1575222787401771e-14,feasible,False,0.020157683618765035,-0.01945161724109125,feasible,False,0.1971650162549595,0.045595202528589396,feasible,False,0.20076902931487461,0.04201277232003445,feasible,False,0.04065380082664166,0.010930382947528197,feasible,True,0.011761530380956689,0.004531190790301606,1,0.18798,,,0.0,0,0.0,,,0.0,1,2.58013,,,0.9963210587552731,2,1.06841,,,1.184829852244138,4,0,0,True,True,0.0,0
1140,BRI,27,27,analyzed,saved,34.83831,34.83868,-0.0003699999999966508,0.001062037941726411,negative_factor,False,feasible,False,True,True,True,improvement_l2,0.9241244988356903,0.6764118808251162,1/2/3,-7.105427357601002e-15,2.0395225529787588e-14,feasible,True,0.8367317564035651,0.678512283283776,feasible,True,0.9241244988356903,0.6764118808251162,feasible,True,0.7766956957282288,0.6800570551493615,feasible,False,0.5884318672014698,0.683322158739806,feasible,True,0.854301786720671,0.6594654563141107,2,1.99928,,17.714428149481567,15.323078536501674,1,0.04952,,62.460271880633044,54.75631729243309,2,1.5392899999999998,,1.077562722272656,0.9690231131530862,22,31.250519999999998,,-0.17054383603633594,0.0,4,0,0,True,True,0.0,0
1942,BRL,13,13,analyzed,saved,8.813369999999999,8.813460000000001,-9.000000000192188e-05,0.0010211653539236789,negative_factor,False,feasible,False,True,True,True,minimax_ratio,0.025106688302472504,0.0069667856801835515,1/3/4,-1.7763568394002505e-15,2.015504511735743e-14,feasible,False,-2.0527714290585517,0.059384271957070384,feasible,False,0.3461767952371006,0.04366116637584586,feasible,False,-6.311825115284493,-0.0004338294147080146,feasible,False,-1.1620076882620827,0.0629267175547786,feasible,True,0.025106688302472504,0.0069667856801835515,1,0.27602,,111.07845895257013,2.2161481206098177,6,1.61311,,-234.808181067645,0.0,5,6.65774,,-1.4472176130717094,0.92399885285735,1,0.26662,,1374.8407618397405,7.688399935498438,4,0,0,True,True,0.0,0
1780,BRM,1,1,analyzed,saved,0.33051,0.33052,-9.99999999995449e-06,0.0030255355197732333,missing_class,False,gate_rejected,False,False,False,True,raw_fallback,,,,-9.99999999995449e-06,0.0030255355197732333,feasible,False,-1.3652767720997154e-05,9.907897900469226e-08,feasible,False,-1.3652767720997154e-05,9.907897900469226e-08,feasible,False,-1.365276772093306e-05,9.907897901249851e-08,feasible,False,-1.3652767720997154e-05,9.907897900469226e-08,feasible,False,-1.3652767720997154e-05,9.907897900469226e-08,1,0.33052,,,1.0,0,0.0,,,1.0,0,0.0,,,1.0,0,0.0,,,1.0,0,0,4,False,False,0.0,0
2172,BRN,2,2,analyzed,saved,0.2943,0.29432,-2.0000000000020002e-05,0.006795324816533025,missing_class,False,gate_rejected,False,False,False,True,raw_fallback,,,,-2.0000000000020002e-05,0.006795324816533025,feasible,False,0.2015311767155856,0.003903278807927329,feasible,False,0.2405280144132732,0.00465845342743779,feasible,False,-0.2444015532518123,-0.00473221831342923,feasible,False,-0.11368301778397928,-0.002200850999747315,feasible,False,9.349320162744142e-05,2.4336373010388004e-06,0,0.0,,,1.0,0,0.0,,,1.0,1,0.13491,,,1.0,1,0.1594,,,1.0,0,0,4,False,False,0.0,0
341,BRO,1,1,analyzed,saved,0.2005,0.20049,1.0000000000010001e-05,0.004987779939154073,missing_class,False,gate_rejected,False,False,False,True,raw_fallback,,,,1.0000000000010001e-05,0.004987779939154073,feasible,False,1.9568011246608005e-05,2.9003792298767928e-06,feasible,False,1.9568011246608005e-05,2.9003792298767928e-06,feasible,False,1.9568011246608005e-05,2.9003792298767928e-06,feasible,False,1.9568011246655845e-05,2.9003792298837316e-06,feasible,False,1.9568011246608005e-05,2.9003792298767928e-06,1,0.2005,,,1.0,0,0.0,,,1.0,0,0.0,,,1.0,0,0.0,,,1.0,0,0,4,False,False,0.0,0
1198,BRR,3,3,analyzed,saved,3.77529,3.7753,-1.0000000000065512e-05,0.000264879612217983,missing_class,False,feasible,False,True,True,True,target_l2,0.4436949251932414,0.06491903147291408,3/4,4.440892098500626e-16,1.1763017769450444e-14,feasible,True,0.4414100498941713,0.06489806621746391,feasible,True,0.4390862647927301,0.06487674393861448,feasible,True,0.4436949251932414,0.06491903147291408,feasible,True,0.20065991489111082,0.06138484631343841,feasible,True,0.28238060701800693,0.0634388649668092,1,1.47441,,,0.0,0,0.0,,,0.0,1,1.06312,,,0.6414775169292646,1,1.23778,,,2.499075265649522,4,0,0,True,True,0.0,0
1869,BRU,10,10,analyzed,saved,10.993140000000002,10.99326,-0.00011999999999723343,0.0010915779304522357,missing_class,False,feasible,False,True,True,True,minimax_ratio,0.049552521903879,0.031110406320840084,1/3/4,-1.7763568394002505e-15,1.615859935451586e-14,feasible,False,0.15337462216343178,0.04787562280843907,feasible,False,0.20178887910534618,0.08531579482799742,feasible,False,0.1988570566266726,0.07328318764340921,feasible,False,0.07305833460021377,0.039479903153289336,feasible,True,0.049552521903879,0.031110406320840084,3,1.62726,,,0.0,0,0.0,,,0.0,2,3.83879,,,0.9612877346410449,5,5.52719,,,1.3212888739690307,4,0,0,True,True,0.0,0
2044,BRY,9,9,analyzed,saved,2.41365,2.4137100000000005,-6.000000000039307e-05,0.0024857998682688916,negative_factor,False,feasible,False,True,True,True,balanced_l2,0.5307693477397372,0.07006023861432052,1/3,-8.881784197001252e-16,3.679722997792299e-14,feasible,True,0.5307693477397372,0.07006023861432052,feasible,False,0.5092477118885846,0.07120617996194903,feasible,True,0.5289827549145845,0.06980907927512511,feasible,False,0.4762747406330032,0.07296185928750148,feasible,True,0.16489570785123706,0.021933621736555095,1,0.06433,,103.08018902180609,31.197215381252057,4,1.0135399999999999,,-2.816324334091874,0.0,3,1.2938800000000001,,0.31467917258552536,0.31417261544682945,1,0.04194,,-42.216806956086636,0.0,4,0,0,True,True,0.0,0
1985,BRZ,3,3,analyzed,saved,1.46661,1.46663,-2.0000000000131024e-05,0.0013636704554066822,missing_class,False,feasible,False,True,True,True,target_l2,0.5045856304781475,0.030073797626825178,3/4,-2.220446049250313e-16,1.513978337583653e-14,feasible,True,0.49820618772660485,0.029920573126723384,feasible,True,0.4941753487843775,0.029823758513603096,feasible,True,0.5045856304781475,0.030073797626825178,feasible,True,0.4157849155635557,0.027986855318523428,feasible,True,0.4544497095672601,0.02889586730411894,1,0.85329,,,0.0,0,0.0,,,0.0,1,0.54191,,,0.43726110589163447,1,0.07143,,,17.21295620181566,4,0,0,True,True,0.0,0
1188,BSC,1,1,analyzed,saved,0.51908,0.5191,-2.0000000000020002e-05,0.00385282219225968,missing_class,False,gate_rejected,False,False,False,True,raw_fallback,,,,-2.0000000000020002e-05,0.00385282219225968,feasible,False,1.987267803159226e-07,1.4561946632893341e-08,feasible,False,1.987267803159226e-07,1.4561946632893341e-08,feasible,False,1.9872678018173563e-07,1.4561946624219724e-08,feasible,False,1.987267803159226e-07,1.4561946632893341e-08,feasible,False,1.987267803159226e-07,1.4561946632893341e-08,1,0.5191,,,1.0,0,0.0,,,1.0,0,0.0,,,1.0,0,0.0,,,1.0,0,0,4,False,False,0.0,0
1938,BSD,4,4,analyzed,saved,2.8302300000000002,2.83024,-9.999999999621423e-06,0.0003533269263250263,missing_class,False,feasible,False,True,True,True,target_l2,0.32173977444256485,0.050188429616789605,3/4,-8.881784197001252e-16,3.138173510727448e-14,feasible,True,0.3138766649484099,0.05023875727734905,feasible,True,0.29293789610160764,0.05037277540997717,feasible,True,0.32173977444256485,0.050188429616789605,feasible,False,-0.043628469085390066,0.05252696107857111,feasible,True,0.15927384819405488,0.05122828922891969,1,1.29163,,,0.0,0,0.0,,,0.0,2,1.41867,,,0.7990957404998159,1,0.11997,,,14.140519760647074,4,0,0,True,True,0.0,0
1884,BSK,1,1,analyzed,saved,0.10210000000000001,0.10212000000000002,-2.0000000000006124e-05,0.01958480219350384,missing_class,False,gate_rejected,False,False,False,True,raw_fallback,,,,-2.0000000000006124e-05,0.01958480219350384,feasible,False,0.00034291384288441084,4.843163595634036e-06,feasible,False,0.0003429138428842648,4.843163595634036e-06,feasible,False,0.0003429138428842648,4.843163595634036e-06,feasible,False,0.0003429138428842648,4.843163595634036e-06,feasible,False,0.0003429138428842648,4.843163595634036e-06,1,0.10212,,,1.0,0,0.0,,,1.0,0,0.0,,,1.0,0,0.0,,,1.0,0,0,4,False,False,0.0,0
2303,BSM,6,6,analyzed,saved,3.47968,3.4797000000000002,-2.0000000000131024e-05,0.0005747621921467662,negative_factor,False,feasible,False,True,True,True,minimax_ratio,0.06582363548056383,0.013256378970606067,2/3,4.440892098500626e-16,1.2762284388023756e-14,feasible,False,0.040684945283473314,-0.011600942245205748,feasible,False,0.26673286825228626,0.03159125334655809,feasible,False,0.19629284847328393,0.017584203483165306,feasible,False,-0.1993725947729972,-0.010945294091376762,feasible,True,0.06582363548056383,0.013256378970606067,1,0.19968,,-256.60382100394577,0.0,1,0.35465,,-62.135240251940765,3.524488198781385,1,2.26569,,3.5691320229695265,0.9841156426250759,3,0.6597000000000001,,104.09001571005834,0.0,4,0,0,True,True,0.0,0
1361,BSP,1,1,analyzed,saved,1.78405,1.78405,0.0,0.0,missing_class,False,gate_rejected,False,False,False,True,raw_fallback,,,,0.0,0.0,feasible,False,2.669297070838674e-05,1.1674112586450291e-06,feasible,False,2.6692970707097725e-05,1.1674112585929874e-06,feasible,False,2.669297070838674e-05,1.1674112586450291e-06,feasible,False,2.6692970707097725e-05,1.1674112585929874e-06,feasible,False,2.669297070838674e-05,1.1674112586450291e-06,1,1.78405,,,1.0,0,0.0,,,1.0,0,0.0,,,1.0,0,0.0,,,1.0,0,0,4,False,False,0.0,0
1287,BST,7,7,analyzed,saved,7.55051,7.55054,-2.9999999999752447e-05,0.0003973225756005855,negative_factor,False,feasible,False,True,True,True,improvement_l2,0.8727367117310685,0.09592030256981382,1/2/3,-1.1546319456101628e-14,1.529204461681102e-13,feasible,True,0.8662689918494536,0.09852678228860925,feasible,True,0.8727367117310685,0.09592030256981382,feasible,True,0.8670157647807006,0.09851982560812216,feasible,True,0.6971708947338331,0.10010204216119822,feasible,True,0.8256820607939959,0.09514555248966902,1,0.22277,,32.93687884988081,6.146180744288821,1,0.26214,,-0.8066089052067026,15.86980128668677,3,3.64226,,0.5469309255152295,0.5548825731479237,2,3.4234199999999997,,-0.45794657247623205,0.0,4,0,0,True,True,0.0,0
1398,BTE,1,1,analyzed,saved,0.32122999999999996,0.32121999999999995,1.0000000000010001e-05,0.0031131311873513487,missing_class,False,gate_rejected,False,False,False,True,raw_fallback,,,,1.0000000000010001e-05,0.0031131311873513487,feasible,False,0.0006191827044679718,4.5733922520818475e-06,feasible,False,0.0006191827044700292,4.573392252096159e-06,feasible,False,0.0006191827044700292,4.573392252096159e-06,feasible,False,0.0006191827044679718,4.5733922520818475e-06,feasible,False,0.0006191827044679718,4.5733922520818475e-06,1,0.32123,,,1.0,0,0.0,,,1.0,0,0.0,,,1.0,0,0.0,,,1.0,0,0,4,False,False,0.0,0
908,BTG,9,9,analyzed,saved,5.0994,5.09938,2.0000000000131024e-05,0.0003922045425155808,negative_factor,False,feasible,False,True,True,True,improvement_l2,0.33398866548783357,0.062281854897794524,3/4,-8.881784197001252e-16,1.7417380538420853e-14,feasible,True,0.3117882977222497,0.062119756729720296,feasible,True,0.33398866548783357,0.062281854897794524,feasible,True,0.3193235604029484,0.06217477619108207,feasible,False,-7.492321284036598,0.010153425861584353,feasible,True,0.10494521543722442,0.060609471626730214,3,2.64809,,2.6791228049207585,0.0,2,0.95584,,-185.17453141513218,0.0,2,0.84461,,0.5966419734368837,0.9806297354208564,2,0.6509199999999999,,268.07686036774084,6.5614698209878215,4,0,0,True,True,0.0,0
1569,BTL,9,9,analyzed,saved,3.5815900000000003,3.5816299999999996,-3.999999999937387e-05,0.0011168099440582605,singular,False,gate_rejected,False,False,False,True,raw_fallback,,,,-3.999999999937387e-05,0.0011168099440582605,feasible,False,0.2640589497682304,0.06258262919783798,feasible,False,0.18378692012818698,0.03743171342893778,feasible,False,0.2640589497682304,0.06258262919783798,feasible,False,0.26405894976823074,0.06258262919783808,feasible,False,0.06267845701841249,0.0076911951857461525,3,2.3532699999999998,,,1.0,3,0.6655599999999999,,,1.0,1,0.06672,,,1.0,2,0.49613,,,1.0,0,0,4,False,False,0.0,0
1401,BTN,1,1,analyzed,saved,1.4617499999999999,1.46176,-1.0000000000065512e-05,0.0006841068301270737,missing_class,False,gate_rejected,False,False,False,True,raw_fallback,,,,-1.0000000000065512e-05,0.0006841068301270737,feasible,False,-0.000229869824797993,1.0081851786677976e-06,feasible,False,-0.000229869824797993,1.0081851786677976e-06,feasible,False,-0.000229869824797993,1.0081851786677976e-06,feasible,False,-0.000229869824797993,1.0081851786677976e-06,feasible,False,-0.000229869824797993,1.0081851786677976e-06,1,1.46176,,,1.0,0,0.0,,,1.0,0,0.0,,,1.0,0,0.0,,,1.0,0,0,4,False,False,0.0,0
1433,BTU,6,6,analyzed,saved,0.50493,0.5049600000000001,-3.0000000000085514e-05,0.005941064638800204,singular,False,gate_rejected,False,False,False,True,raw_fallback,,,,-3.0000000000085514e-05,0.005941064638800204,feasible,False,0.7088699683790537,0.014196013691048488,feasible,False,0.7080999730613122,0.014169689444898874,feasible,False,0.7088707000657488,0.014196038705617047,feasible,False,0.7084999830564173,0.014183364802827463,feasible,False,0.7088018086243945,0.014196841319801083,2,0.38843,,,1.0,1,0.02233,,,1.0,1,0.027,,,1.0,2,0.06721,,,1.0,0,0,4,False,False,0.0,0
1836,BUD,1,1,analyzed,saved,0.13615,0.13616,-1.0000000000010001e-05,0.007344300822569037,missing_class,False,gate_rejected,False,False,False,True,raw_fallback,,,,-1.0000000000010001e-05,0.007344300822569037,feasible,False,2.7907288891794946e-05,1.263000406715939e-06,feasible,False,2.7907288891788572e-05,1.2630004067176737e-06,feasible,False,2.7907288891794946e-05,1.263000406715939e-06,feasible,False,2.7907288891794946e-05,1.263000406715939e-06,feasible,False,2.7907288891764937e-05,1.2630004067124695e-06,1,0.13616,,,1.0,0,0.0,,,1.0,0,0.0,,,1.0,0,0.0,,,1.0,0,0,4,False,False,0.0,0
598,BUG,3,1,analyzed,saved,0.0061,0.006119999999999999,-1.9999999999998318e-05,0.3267973856208876,missing_class,False,gate_rejected,False,False,False,True,raw_fallback,,,,-1.9999999999998318e-05,0.3267973856208876,feasible,False,-0.01668543897828638,-8.309477937329825e-07,feasible,False,-0.016685438978286043,-8.309477937327945e-07,feasible,False,-0.016685438978286043,-8.309477937327945e-07,feasible,False,-0.016685438978286043,-8.309477937327945e-07,feasible,False,-0.01668543897828638,-8.309477937329825e-07,0,0.0,,,1.0,0,0.0,,,1.0,1,0.00611,,,1.0,0,0.0,,,1.0,0,0,4,False,False,0.0,0
214,BUL,63,60,analyzed,saved,39.86371,39.86431,-0.0006000000000057071,0.0015051056948074783,missing_class,False,gate_rejected,False,False,False,True,raw_fallback,,,,-0.0006000000000057071,0.0015051056948074783,feasible,False,1.3954035511430651e-05,0.03414158223233077,feasible,False,0.11878804633460932,0.006565646290060512,feasible,False,-0.02826542554168158,0.023813555174629908,feasible,False,-0.25364132373649995,0.0387249536295049,feasible,False,-0.0005820340729587481,-0.0002580249478205676,0,0.0,,,1.0,3,1.31715,,,1.0,10,11.105189999999999,,,1.0,47,27.441869999999998,,,1.0,0,0,4,False,False,0.0,0
1142,BUR,14,14,analyzed,saved,14.940209999999999,14.940479999999999,-0.00027000000000043656,0.0018071708539513895,negative_factor,False,feasible,False,True,True,True,balanced_l2,0.47370028688035926,0.40121913249788327,2/3/4,1.7763568394002505e-15,1.1889556690282044e-14,feasible,True,0.47370028688035926,0.40121913249788327,feasible,True,0.47263335468709516,0.42017719537894904,feasible,True,0.4256171990770471,0.4109053915221659,feasible,False,0.24603331973462456,0.3598546283177884,feasible,True,0.1812515563902777,0.2411886496116093,8,3.3324000000000007,,-84.7187016283907,0.0,1,4.80885,,-0.7583739772660107,1.6625969192067904,2,4.88593,,1.336804994707022,0.4450742428344782,3,1.91322,,153.86352499399868,2.493516056691528,4,0,0,True,True,0.0,0
1373,BUS,7,7,analyzed,saved,2.8438700000000003,2.84393,-5.9999999999504894e-05,0.0021097565692371084,negative_factor,False,feasible,False,True,True,True,improvement_l2,0.37109008241604513,0.014231958871805235,3/4,0.0,0.0,feasible,True,0.3530547021910496,0.01420980167147946,feasible,True,0.37109008241604513,0.014231958871805235,feasible,True,0.3532372305107459,0.014210025914966024,feasible,False,-7.800900176745691,0.006288276193135623,feasible,True,0.14870382205160165,0.013958748279119484,3,0.36993000000000004,,-8.470065554178948,0.0,1,0.14788,,6.652990506191408,0.0,2,0.31544,,1.0679141555843266,1.0677925939482296,1,2.01068,,2.315976810205738,1.2468790610804554,4,0,0,True,True,0.0,0
1319,BWL,1,1,analyzed,saved,1.38044,1.3804500000000002,-1.0000000000287557e-05,0.0007244014633117865,missing_class,False,gate_rejected,False,False,False,True,raw_fallback,,,,-1.0000000000287557e-05,0.0007244014633117865,feasible,False,-0.00014819565290945822,9.429974625956798e-07,feasible,False,-0.00014819565290945822,9.429974625956798e-07,feasible,False,-0.00014819565290945822,9.429974625956798e-07,feasible,False,-0.00014819565290945822,9.429974625956798e-07,feasible,False,-0.00014819565290906015,9.429974625958966e-07,1,1.38045,,,1.0,0,0.0,,,1.0,0,0.0,,,1.0,0,0.0,,,1.0,0,0,4,False,False,0.0,0
2213,BXN,2,1,analyzed,saved,0.09722000000000001,0.09723,-9.999999999982245e-06,0.010284891494376475,missing_class,False,gate_rejected,False,False,False,True,raw_fallback,,,,-9.999999999982245e-06,0.010284891494376475,feasible,False,0.00012600804573965533,5.806741842610472e-06,feasible,False,0.00012600804573965533,5.806741842610472e-06,feasible,False,0.00012600804573965533,5.806741842610472e-06,feasible,False,0.00012600804573965533,5.806741842610472e-06,feasible,False,0.00012600804573965533,5.806741842610472e-06,1,0.09723,,,1.0,0,0.0,,,1.0,0,0.0,,,1.0,0,0.0,,,1.0,0,0,4,False,False,0.0,0
1980,BYM,3,3,analyzed,saved,3.29224,3.29227,-2.9999999999752447e-05,0.0009112253855167544,missing_class,False,gate_rejected,False,False,False,True,raw_fallback,,,,-2.9999999999752447e-05,0.0009112253855167544,feasible,False,0.16444455085411083,0.08564144672505865,feasible,False,0.16444455085411083,0.08564144672505865,feasible,False,0.16444455085411083,0.08564144672505865,feasible,False,0.16444455085411083,0.08564144672505865,feasible,False,3.920816454221371e-05,1.4572007922597496e-05,0,0.0,,,1.0,1,2.50152,,,1.0,0,0.0,,,1.0,2,0.79074,,,1.0,0,0,4,False,False,0.0,0
203,BYZ,87,58,analyzed,saved,92.28465,92.28525000000002,-0.0006000000000199179,0.000650158069702274,missing_class,False,gate_rejected,False,False,False,True,raw_fallback,,,,-0.0006000000000199179,0.000650158069702274,feasible,False,0.17113447566965834,0.6373009909831471,feasible,False,0.19679939492090026,0.7616422587635967,feasible,False,0.1675383096589495,0.6191407338183923,feasible,False,0.18263132913423863,1.2364002729006096,feasible,False,-9.298072271187962e-05,-0.00020882277670608573,0,0.0,,,1.0,7,7.913840000000001,,,1.0,4,29.8665,,,1.0,47,54.50474000000001,,,1.0,0,0,4,False,False,0.0,0
792,BZH,3,3,analyzed,saved,0.6566900000000001,0.65667,2.0000000000131024e-05,0.003045669818954882,missing_class,False,gate_rejected,False,False,False,True,raw_fallback,,,,2.0000000000131024e-05,0.003045669818954882,feasible,False,0.005008051835807863,0.0010276666666666767,feasible,False,0.005008051835807863,0.0010276666666666767,feasible,False,0.005008051835807756,0.001027666666666649,feasible,False,0.005008051835807863,0.0010276666666666767,feasible,False,0.005008051835807863,0.0010276666666666767,1,0.27276,,,1.0,1,0.10711,,,1.0,0,0.0,,,1.0,1,0.27682,,,1.0,0,0,4,False,False,0.0,0
1239,BZN,3,3,analyzed,saved,3.4809099999999997,3.4809200000000002,-1.0000000000509601e-05,0.00028728037416859915,missing_class,False,feasible,False,True,True,True,improvement_l2,0.2500606447211242,0.0016032389330593458,3/4,0.0,0.0,feasible,True,0.21495488454028386,0.0016131479065425126,feasible,True,0.2500606447211242,0.0016032389330593458,feasible,True,0.22725008139374436,0.001609677456708528,feasible,False,-0.8619009649221828,0.0019171019016319887,feasible,False,0.004592344353067944,0.0016725249666559414,0,0.0,,,0.0,0,0.0,,,0.0,1,1.237,,,0.8161155202610824,2,2.24394,,,1.1013501285589649,4,0,0,True,True,0.0,0
823,BZU,7,5,analyzed,saved,2.0590599999999997,2.0590800000000002,-2.0000000000575113e-05,0.0009713075742843946,negative_factor,False,feasible,False,True,True,True,minimax_ratio,0.0841254073156928,0.008075805205501621,2/3/4,-4.440892098500626e-16,2.1567360658646705e-14,feasible,False,-1.5856079853246434,0.0006717810324996312,feasible,False,0.22287960229048742,0.00755133202117627,feasible,False,-1.5431225916972686,0.00493465183735349,feasible,False,-0.43995214093694673,0.009947553180002337,feasible,True,0.0841254073156928,0.008075805205501621,2,0.46013,,-10.897599911793845,0.0,1,0.35699,,1.0070444590155134,1.0005455053519117,1,0.78342,,0.7981469629934874,0.9830220924693017,1,0.45855,,13.278078533550543,2.0319303478073305,4,0,0,True,True,0.0,0
1356,CAB,2,2,analyzed,saved,0.69597,0.69596,9.99999999995449e-06,0.0014368641875904492,missing_class,False,gate_rejected,False,False,False,True,raw_fallback,,,,9.99999999995449e-06,0.0014368641875904492,feasible,False,0.06534352839039707,-0.00024550428064314296,feasible,False,0.06534352839039707,-0.00024550428064314296,feasible,False,0.06534352839039707,-0.00024550428064314296,feasible,False,-0.8299129841352425,0.0032216858214371997,feasible,False,0.00024590029283239414,6.608771483163772e-06,0,0.0,,,1.0,1,0.64515,,,1.0,1,0.05083,,,1.0,0,0.0,,,1.0,0,0,4,False,False,0.0,0
1197,CAM,1,1,analyzed,saved,0.54844,0.54846,-1.999999999990898e-05,0.0036465740436693616,missing_class,False,gate_rejected,False,False,False,True,raw_fallback,,,,-1.999999999990898e-05,0.0036465740436693616,feasible,False,-0.007738812573247106,-1.457887768611943e-06,feasible,False,-0.007738812573247106,-1.457887768611943e-06,feasible,False,-0.007738812573247106,-1.457887768611943e-06,feasible,False,-0.007738812573247106,-1.457887768611943e-06,feasible,False,-0.007738812573247106,-1.457887768611943e-06,1,0.54846,,,1.0,0,0.0,,,1.0,0,0.0,,,1.0,0,0.0,,,1.0,0,0,4,False,False,0.0,0
1252,CAS,244,243,analyzed,saved,271.46656,271.46915,-0.0025899999999978718,0.0009540678931649772,negative_factor,False,feasible,False,True,True,True,improvement_l2,0.2166946086604219,1.3262358515719823,1/3/4,0.0,0.0,feasible,False,-0.03323665430942778,1.7863263124012922,feasible,True,0.2166946086604219,1.3262358515719823,feasible,False,0.022522796585788374,2.158653711882745,feasible,False,0.13621839354849913,2.3430870760664915,feasible,True,0.1449954440796441,1.4501671149226745,157,116.07092000000002,,-5.895728310727929,0.08928307859213963,31,25.854280000000003,,-4.765416249516015,0.0,22,83.13150999999999,,1.021853491016155,1.0256566200693418,33,46.41221,,21.417922792907742,3.7886650896960545,4,0,0,True,True,0.0,0
1717,CAU,1,1,analyzed,saved,0.41874,0.41873,1.0000000000010001e-05,0.002388173763525422,missing_class,False,gate_rejected,False,False,False,True,raw_fallback,,,,1.0000000000010001e-05,0.002388173763525422,feasible,False,0.0002373344581240445,6.235249257463896e-06,feasible,False,0.00023733445812368627,6.235249257450885e-06,feasible,False,0.00023733445812368627,6.235249257450885e-06,feasible,False,0.0002373344581240445,6.235249257463896e-06,feasible,False,0.0002373344581240445,6.235249257463896e-06,1,0.41874,,,1.0,0,0.0,,,1.0,0,0.0,,,1.0,0,0.0,,,1.0,0,0,4,False,False,0.0,0
76,CAV,1,0,no_valid_locations,saved,,,,,,,,,,,,,,,,,,,,,,,,,,,,,,,,,,,,,,,,,,,,,,,,,,,,,,,,,,,,,,,,
1355,CBH,1,1,analyzed,saved,0.5250900000000001,0.52511,-1.999999999990898e-05,0.003808725790769359,missing_class,False,gate_rejected,False,False,False,True,raw_fallback,,,,-1.999999999990898e-05,0.003808725790769359,feasible,False,-0.0006182330865614543,-7.339105753114902e-07,feasible,False,-0.0006182330865614543,-7.339105753114902e-07,feasible,False,-0.0006182330865614543,-7.339105753114902e-07,feasible,False,-0.0006182330865614543,-7.339105753114902e-07,feasible,False,-0.0006182330865614543,-7.339105753114902e-07,1,0.5251,,,1.0,0,0.0,,,1.0,0,0.0,,,1.0,0,0.0,,,1.0,0,0,4,False,False,0.0,0
2112,CBK,9,5,analyzed,saved,1.62024,1.62026,-2.0000000000131024e-05,0.0012343697925105246,missing_class,False,gate_rejected,False,False,False,True,raw_fallback,,,,-2.0000000000131024e-05,0.0012343697925105246,feasible,False,0.19875642377156447,-0.004317097226697681,feasible,False,0.18717901617652802,-0.0031645333785305305,feasible,False,0.2252678093512556,-0.005033642113825336,feasible,False,-0.17940887496175362,0.003051416434990538,feasible,False,2.616110682494403e-05,5.696582883405951e-06,1,0.25577,,,1.0,3,0.5402399999999999,,,1.0,1,0.82427,,,1.0,0,0.0,,,1.0,0,0,4,False,False,0.0,0
1712,CCL,2,2,analyzed,saved,0.36034,0.36033,1.0000000000010001e-05,0.002775233813451559,missing_class,False,gate_rejected,False,False,False,True,raw_fallback,,,,1.0000000000010001e-05,0.002775233813451559,feasible,False,0.3037752728492862,0.00264346516903263,feasible,False,0.30377527284928696,0.0026434651690326427,feasible,False,0.3037752728492862,0.00264346516903263,feasible,False,0.3037752728492862,0.00264346516903263,feasible,False,0.30377527284928696,0.0026434651690326427,1,0.22832,,,1.0,0,0.0,,,1.0,0,0.0,,,1.0,1,0.13203,,,1.0,0,0,4,False,False,0.0,0
1627,CCN,1,1,analyzed,saved,0.44921,0.4492,1.0000000000010001e-05,0.0022261798753361534,missing_class,False,gate_rejected,False,False,False,True,raw_fallback,,,,1.0000000000010001e-05,0.0022261798753361534,feasible,False,0.00012122298755566151,3.7411872741430555e-06,feasible,False,0.00012122298755566151,3.7411872741430555e-06,feasible,False,0.00012122298755566151,3.7411872741430555e-06,feasible,False,0.00012122298755566151,3.7411872741430555e-06,feasible,False,0.00012122298755531186,3.741187274130045e-06,1,0.44921,,,1.0,0,0.0,,,1.0,0,0.0,,,1.0,0,0.0,,,1.0,0,0,4,False,False,0.0,0
1733,CCP,1,1,analyzed,saved,1.23281,1.23281,0.0,0.0,missing_class,False,gate_rejected,False,False,False,True,raw_fallback,,,,0.0,0.0,feasible,False,5.631899356988042e-05,5.04501351995118e-06,feasible,False,5.631899356954427e-05,5.045013519897404e-06,feasible,False,5.631899356954427e-05,5.045013519897404e-06,feasible,False,5.631899356954427e-05,5.045013519897404e-06,feasible,False,5.631899356988042e-05,5.04501351995118e-06,1,1.23282,,,1.0,0,0.0,,,1.0,0,0.0,,,1.0,0,0.0,,,1.0,0,0,4,False,False,0.0,0
1461,CDC,1,1,analyzed,saved,0.46685999999999994,0.46687,-1.0000000000065512e-05,0.0021419238760394784,missing_class,False,gate_rejected,False,False,False,True,raw_fallback,,,,-1.0000000000065512e-05,0.0021419238760394784,feasible,False,-0.0012702189482973459,-9.731916852189458e-07,feasible,False,-0.0012702189482973459,-9.731916852189458e-07,feasible,False,-0.0012702189482973459,-9.731916852189458e-07,feasible,False,-0.0012702189482973459,-9.731916852189458e-07,feasible,False,-0.0012702189482970453,-9.731916852046343e-07,1,0.46687,,,1.0,0,0.0,,,1.0,0,0.0,,,1.0,0,0.0,,,1.0,0,0,4,False,False,0.0,0
272,CDD,1,1,analyzed,saved,5.27927,5.27927,0.0,0.0,missing_class,False,gate_rejected,False,False,False,True,raw_fallback,,,,0.0,0.0,feasible,False,7.248750269523362e-06,4.353317904383716e-06,feasible,False,7.248750269523362e-06,4.353317904383716e-06,feasible,False,7.248750269375354e-06,4.353317904357695e-06,feasible,False,7.248750269523362e-06,4.353317904383716e-06,feasible,False,7.248750269523362e-06,4.353317904383716e-06,1,5.27928,,,1.0,0,0.0,,,1.0,0,0.0,,,1.0,0,0.0,,,1.0,0,0,4,False,False,0.0,0
890,CDL,12,10,analyzed,saved,4.44277,4.4428399999999995,-6.999999999912632e-05,0.0015755687803100343,negative_factor,False,feasible,False,True,True,True,minimax_ratio,0.08442799208831132,0.01991563037027383,2/3/4,0.0,0.0,feasible,False,-0.2634373964458139,0.06178820800967785,feasible,False,0.5116792878146079,0.08962127290304824,feasible,False,-0.11323321962284566,0.06718047426837928,feasible,False,-0.4353769380262832,0.07191904191792445,feasible,True,0.08442799208831132,0.01991563037027383,4,1.0879699999999999,,-10.943924372080723,0.0,1,0.56841,,30.481329490465633,3.4681486925630507,1,1.27532,,2.4001255200312723,1.1173037821937166,4,1.5111499999999998,,-2.6715572996434545,0.6925351868204186,4,0,0,True,True,0.0,0
1428,CEB,3,3,analyzed,saved,0.7767299999999999,0.7767700000000001,-4.0000000000151026e-05,0.005149529461764875,missing_class,False,gate_rejected,False,False,False,True,raw_fallback,,,,-4.0000000000151026e-05,0.005149529461764875,feasible,False,0.13231903544951792,0.011308549437144173,feasible,False,0.17667293389038252,0.014100276013678532,feasible,False,0.13488649962121646,0.011470150969690118,feasible,False,0.17667293389038252,0.014100276013678532,feasible,False,0.10663363824476332,0.009691857138924776,1,0.38983,,,1.0,1,0.24389,,,1.0,0,0.0,,,1.0,1,0.14304,,,1.0,0,0,4,False,False,0.0,0
45,CEM,3,3,analyzed,saved,1.16412,1.16414,-1.999999999990898e-05,0.001718006425336212,missing_class,False,feasible,False,True,True,True,improvement_l2,0.31590230670581976,0.018104340952316722,3/4,2.220446049250313e-16,1.907370289870903e-14,feasible,False,0.3707400700194492,0.01827034590969617,feasible,True,0.31590230670581976,0.018104340952316722,feasible,False,0.3726874858262723,0.01827624112967738,feasible,False,0.2129788459366761,0.017792770901207774,feasible,True,0.29403388365892713,0.018038140830056167,1,0.4549,,,0.0,0,0.0,,,0.0,1,0.63052,,,0.9065542318543784,1,0.07874,,,7.524214258145759,4,0,0,True,True,0.0,0
199,CEP,2,2,analyzed,saved,0.7077400000000001,0.70777,-2.999999999986347e-05,0.004238665103050916,missing_class,False,gate_rejected,False,False,False,True,raw_fallback,,,,-2.999999999986347e-05,0.004238665103050916,feasible,False,0.6281356361283178,0.008015200552176504,feasible,False,0.6221129329355136,0.007543821383203262,feasible,False,0.6208263508425873,0.007949740558611484,feasible,False,0.6290018903061081,0.008022958491658556,feasible,False,0.6222354883859142,0.007548958071717933,1,0.46968,,,1.0,0,0.0,,,1.0,0,0.0,,,1.0,1,0.23808,,,1.0,0,0,4,False,False,0.0,0
259,CER,4,4,analyzed,saved,8.98807,8.98813,-5.9999999999504894e-05,0.0006675470870971481,negative_factor,False,feasible,False,True,True,True,improvement_l2,0.67761213315887,0.15820199563370912,3/4,0.0,0.0,feasible,True,0.6758801574070624,0.15818737250557502,feasible,True,0.67761213315887,0.15820199563370912,feasible,True,0.6767961410274577,0.1581951061853542,feasible,False,-0.006859240895662033,0.15242298135088073,feasible,True,0.4853859694405439,0.1565790238225124,1,3.7756,,-35.560074374544,0.0,1,1.88513,,118.78096154479819,0.0,1,2.07215,,0.7888162656333052,0.7882456130057843,1,1.25523,,-65.56860318819803,5.859289533591976,4,0,0,True,True,0.0,0
1463,CES,2,2,analyzed,saved,2.9469799999999995,2.947,-2.0000000000575113e-05,0.0006786562606235193,missing_class,False,gate_rejected,False,False,False,True,raw_fallback,,,,-2.0000000000575113e-05,0.0006786562606235193,feasible,False,-0.2604771979126155,0.056927969792482616,feasible,False,0.02736754071208692,-0.009745294067456375,feasible,False,-0.20752887101985917,0.06824855697216192,feasible,False,-0.1396436155548164,0.04974422766133352,feasible,False,5.66019753821063e-06,1.0319971899402924e-06,0,0.0,,,1.0,0,0.0,,,1.0,1,2.09041,,,1.0,1,0.85659,,,1.0,0,0,4,False,False,0.0,0
307,CET,4,4,analyzed,saved,3.61214,3.61217,-2.9999999999752447e-05,0.0008305256950739431,missing_class,False,feasible,False,True,True,True,improvement_l2,0.544214456873706,0.045303154204987955,2/3/4,-4.440892098500626e-16,1.2294249989620164e-14,feasible,True,0.486013250238739,0.040303355622615535,feasible,True,0.544214456873706,0.045303154204987955,feasible,True,0.4854935491270706,0.040085520154014266,feasible,True,0.5262528449520305,0.04525164100034629,feasible,True,0.39741928732652565,0.03369352098328768,0,0.0,,,0.0,1,1.36767,,,1.2104057579899394,2,2.08549,,,0.08143263289066577,1,0.15902,,,11.236325718288324,4,0,0,True,True,0.0,0
1464,CEV,1,1,analyzed,saved,2.0708800000000003,2.07087,1.0000000000065512e-05,0.0004828888341646511,missing_class,False,gate_rejected,False,False,False,True,raw_fallback,,,,1.0000000000065512e-05,0.0004828888341646511,feasible,False,3.351361169191541e-05,4.129619338717749e-06,feasible,False,3.351361169186228e-05,4.1296193387108104e-06,feasible,False,3.351361169186228e-05,4.1296193387108104e-06,feasible,False,3.351361169186228e-05,4.1296193387108104e-06,feasible,False,3.351361169191541e-05,4.129619338717749e-06,1,2.07088,,,1.0,0,0.0,,,1.0,0,0.0,,,1.0,0,0.0,,,1.0,0,0,4,False,False,0.0,0
2226,CFC,1,1,analyzed,saved,1.6429200000000002,1.6429299999999998,-9.999999999621423e-06,0.0006086686590190346,missing_class,False,gate_rejected,False,False,False,True,raw_fallback,,,,-9.999999999621423e-06,0.0006086686590190346,feasible,False,2.0767107567120385e-05,2.439317581211242e-06,feasible,False,2.0767107567120385e-05,2.439317581211242e-06,feasible,False,2.0767107567120385e-05,2.439317581211242e-06,feasible,False,2.0767107567120385e-05,2.439317581211242e-06,feasible,False,2.0767107567630367e-05,2.439317581232059e-06,1,1.64294,,,1.0,0,0.0,,,1.0,0,0.0,,,1.0,0,0.0,,,1.0,0,0,4,False,False,0.0,0
802,CGZ,1,1,analyzed,saved,0.86093,0.86093,0.0,0.0,missing_class,False,gate_rejected,False,False,False,True,raw_fallback,,,,0.0,0.0,feasible,False,-1.256783376970866e-07,-5.464480874739497e-08,feasible,False,-1.256783376970866e-07,-5.464480874739497e-08,feasible,False,-1.2567833763708752e-07,-5.464480871963939e-08,feasible,False,-1.256783376970866e-07,-5.464480874739497e-08,feasible,False,-1.256783376970866e-07,-5.464480874739497e-08,1,0.86093,,,1.0,0,0.0,,,1.0,0,0.0,,,1.0,0,0.0,,,1.0,0,0,4,False,False,0.0,0
2090,CHA,21,16,analyzed,saved,17.926,17.92622,-0.00022000000000232944,0.001227252594257626,negative_factor,False,feasible,False,True,True,True,target_l2,0.2524199604466738,0.14144476001814837,2/3/4,0.0,0.0,feasible,True,0.22228631300581833,0.13215602234055007,feasible,False,0.5525920198901791,0.2729675773563261,feasible,True,0.2524199604466738,0.14144476001814837,feasible,False,-1.9276532449802213,0.1927300364594689,feasible,True,0.0994888201052896,0.11608037752240774,10,4.22629,,-9.143118008880075,0.0,3,5.96649,,3.914700716514541,1.4283469599629903,1,1.04639,,2.597190781452974,1.1735190544429306,2,6.68704,,4.56009612348781,1.2226635470135327,4,0,0,True,True,0.0,0
1290,CHD,11,11,analyzed,saved,8.29976,8.29982,-6.000000000128125e-05,0.0007229072437869887,feasible,True,feasible,True,True,True,True,balanced_l2,0.9999999999999545,0.0889149999999958,1/2/3/4,1.5987211554602254e-14,1.9262118400883696e-13,feasible,True,0.9999999999999545,0.0889149999999958,feasible,True,0.9999999999999418,0.0889149999999942,feasible,True,0.9999999999999067,0.08891499999999114,feasible,True,0.9999999999998468,0.08891499999999242,feasible,True,0.9999999999999967,0.08891499999999966,2,0.68869,,2.3234446421223427,2.323444642121918,1,0.42308,,5.407701194805181,5.407701194805907,4,1.87738,,0.3926612656228314,0.39266126562283105,4,5.31074,,0.6919031646254722,0.6919031646254727,4,0,0,True,True,0.0,0
897,CHG,127,32,analyzed,saved,15.12879,15.12886,-6.999999999912632e-05,0.00046269183533409865,negative_factor,False,feasible,False,True,True,True,improvement_l2,0.5974781241459834,0.3126175737618626,3/4,0.0,0.0,feasible,True,0.5848110752613724,0.31123733919976065,feasible,True,0.5974781241459834,0.3126175737618626,feasible,True,0.586381208596621,0.31140746133958175,feasible,False,-0.14669325386593626,0.24512604033087687,feasible,True,0.39175443193955795,0.2903198740830581,22,9.941909999999998,,24.9558774574298,0.0,2,0.9607,,-1995.2003390396408,0.0,3,2.62617,,-3.751709156383378,1.4196720505605336,5,1.60024,,1058.3682315611848,7.124039374044797,4,0,0,True,True,0.0,0
891,CHH,11,11,analyzed,saved,1.49988,1.49986,2.0000000000131024e-05,0.0013334577894024125,singular,False,gate_rejected,False,False,False,True,raw_fallback,,,,2.0000000000131024e-05,0.0013334577894024125,feasible,False,-0.19396212148584605,0.016338632303457792,feasible,False,0.2584726984464948,0.016329231099029826,feasible,False,-1.6310230268020842,0.016368493186731586,feasible,False,-2.9604622188442216,0.01639611778384245,feasible,False,0.029261321542364015,0.016333993913288228,1,0.06089,,,1.0,8,1.18151,,,1.0,1,0.12529,,,1.0,1,0.13222,,,1.0,0,0,4,False,False,0.0,0
761,CHI,1661,814,analyzed,saved,2084.66572,2084.68464,-0.018919999999980064,0.0009075713245519987,negative_factor,False,feasible,False,True,True,True,improvement_l2,0.6459025799326424,17.286974403537336,3/4,0.0,0.0,feasible,False,-1.6607405913548365,14.67098612429325,feasible,True,0.6459025799326424,17.286974403537336,feasible,False,-1.4661862976637456,16.195229811753485,feasible,False,-0.37281184550891555,20.537737116713302,feasible,True,0.3111308384173653,11.468158878789119,152,279.5265100000001,,-2.9880720403144356,0.0,201,332.5908500000002,,8.74053604484427,0.0,242,891.7104100000004,,0.9008104002748976,0.9291445793652162,219,580.8471800000002,,-1.3607084671454668,2.16262056918927,4,0,0,True,True,0.0,0
111,CHJ,2,2,analyzed,saved,1.08959,1.08958,1.0000000000065512e-05,0.0009177848345294069,missing_class,False,gate_rejected,False,False,False,True,raw_fallback,,,,1.0000000000065512e-05,0.0009177848345294069,feasible,False,-0.20084160116266125,1.8561244592616398e-06,feasible,False,0.2500686424236882,6.98539930059903e-05,feasible,False,-0.569403961506574,-5.3723573022447946e-05,feasible,False,-15.934117385165104,-0.003929322842493924,feasible,False,0.017978644290725015,1.2004720815013935e-05,0,0.0,,,1.0,0,0.0,,,1.0,1,0.76344,,,1.0,1,0.32616,,,1.0,0,0,4,False,False,0.0,0
1068,CHK,23,21,analyzed,saved,10.40249,10.402619999999999,-0.0001299999999986312,0.0012496851754522536,negative_factor,False,feasible,False,True,True,True,improvement_l2,0.611369561492899,0.14787119914657218,1/3/4,0.0,0.0,feasible,False,0.34182206409109384,0.1725905041249456,feasible,True,0.611369561492899,0.14787119914657218,feasible,False,0.21073229286953243,0.18464698048507897,feasible,False,-1.1927018174235777,0.16792129354052251,feasible,True,0.3383272761638043,0.15676484202985969,3,0.9563900000000001,,13.163299385384569,4.286211072133199,1,2.39934,,-4.523310786249309,0.0,1,0.28679,,1.118852924324157,1.1172014979760365,16,6.76011,,1.2344326671352004,0.884992754611844,4,0,0,True,True,0.0,0
236,CHL,2,2,analyzed,saved,0.56981,0.56979,2.0000000000020002e-05,0.003510065111711332,missing_class,False,gate_rejected,False,False,False,True,raw_fallback,,,,2.0000000000020002e-05,0.003510065111711332,feasible,False,-0.2959314246709531,0.023467391844035512,feasible,False,0.018919098119948453,-0.0013304194914565129,feasible,False,-0.2743097973537856,0.02302038544270614,feasible,False,-0.3786229669599572,0.02421939885021641,feasible,False,0.0030853098280268863,8.017579936214943e-05,1,0.13876,,,1.0,0,0.0,,,1.0,1,0.43106,,,1.0,0,0.0,,,1.0,0,0,4,False,False,0.0,0
61,CHM,4,4,analyzed,saved,1.6897000000000002,1.6897700000000002,-7.00000000000145e-05,0.004142575616800777,missing_class,False,gate_rejected,False,False,False,True,raw_fallback,,,,-7.00000000000145e-05,0.004142575616800777,feasible,False,-0.28110326545107217,-0.003940248628782245,feasible,False,0.13345255828336477,0.005832537342828539,feasible,False,-0.15888041221895297,-0.0007456123858881301,feasible,False,0.08850152374103923,0.005720406673200729,feasible,False,-0.0004185812822757917,-8.120579839857034e-06,0,0.0,,,1.0,0,0.0,,,1.0,1,1.53999,,,1.0,3,0.14977000000000001,,,1.0,0,0,4,False,False,0.0,0
1550,CHN,1,1,analyzed,saved,0.8262999999999999,0.8262999999999999,0.0,0.0,missing_class,False,gate_rejected,False,False,False,True,raw_fallback,,,,0.0,0.0,feasible,False,2.3294882871038905e-05,5.311077390154212e-07,feasible,False,2.3294882871038905e-05,5.311077390154212e-07,feasible,False,2.3294882871038905e-05,5.311077390154212e-07,feasible,False,2.3294882871038905e-05,5.311077390154212e-07,feasible,False,2.3294882871038905e-05,5.311077390154212e-07,1,0.82631,,,1.0,0,0.0,,,1.0,0,0.0,,,1.0,0,0.0,,,1.0,0,0,4,False,False,0.0,0
2045,CHR,14,14,analyzed,saved,4.18178,4.18194,-0.00016000000000016001,0.0038259755041956606,feasible,True,feasible,True,True,True,True,balanced_l2,0.999999999999995,0.10210999999999969,1/2/3/4,0.0,0.0,feasible,True,0.999999999999995,0.10210999999999969,feasible,True,0.9999999999999836,0.10210999999999838,feasible,True,0.9999999999998849,0.10210999999999731,feasible,True,0.9999999999995879,0.10210999999998903,feasible,True,0.9999999999999999,0.10210999999999996,4,0.68999,,0.08793811893223409,0.0879381189321423,3,0.14639999999999997,,9.90802609136854,9.908026091368827,2,1.29665,,0.5705899749841928,0.5705899749841918,5,2.04887,,0.9422498597047875,0.9422498597047985,4,0,0,True,True,0.0,0
1762,CHT,4,4,analyzed,saved,3.8296200000000002,3.82964,-1.9999999999686935e-05,0.0005222422995291185,missing_class,False,gate_rejected,False,False,False,True,raw_fallback,,,,-1.9999999999686935e-05,0.0005222422995291185,feasible,False,0.17026815728715372,0.003791584339671708,feasible,False,0.1461989576596104,0.0043685800417285064,feasible,False,0.18246667757883744,0.0034991569266844547,feasible,False,-0.028253172302850904,0.008550610635210357,feasible,False,0.029604147399415366,0.007163633697159902,1,0.66598,,,1.0,1,0.83052,,,1.0,0,0.0,,,1.0,2,2.33314,,,1.0,0,0,4,False,False,0.0,0
1466,CHX,1,1,analyzed,saved,0.85839,0.8584,-1.0000000000065512e-05,0.0011649580615174175,missing_class,False,gate_rejected,False,False,False,True,raw_fallback,,,,-1.0000000000065512e-05,0.0011649580615174175,feasible,False,-0.00010900561092376617,-5.3349454845127986e-08,feasible,False,-0.00010900561092376617,-5.3349454845127986e-08,feasible,False,-0.00010900561092390774,-5.334945486637835e-08,feasible,False,-0.00010900561092376617,-5.3349454845127986e-08,feasible,False,-0.00010900561092376617,-5.3349454845127986e-08,1,0.8584,,,1.0,0,0.0,,,1.0,0,0.0,,,1.0,0,0.0,,,1.0,0,0,4,False,False,0.0,0
759,CHZ,1,1,analyzed,saved,0.21403999999999998,0.21405,-1.0000000000010001e-05,0.004671805652889513,missing_class,False,gate_rejected,False,False,False,True,raw_fallback,,,,-1.0000000000010001e-05,0.004671805652889513,feasible,False,0.0011866215760312272,4.869185672781197e-06,feasible,False,0.0011866215760312272,4.869185672781197e-06,feasible,False,0.0011866215760312272,4.869185672781197e-06,feasible,False,0.0011866215760309475,4.869185672775125e-06,feasible,False,0.0011866215760312272,4.869185672781197e-06,1,0.21405,,,1.0,0,0.0,,,1.0,0,0.0,,,1.0,0,0.0,,,1.0,0,0,4,False,False,0.0,0
69,CIC,3,3,analyzed,saved,2.8508099999999996,2.85084,-3.0000000000196536e-05,0.001052321421061741,missing_class,False,gate_rejected,False,False,False,True,raw_fallback,,,,-3.0000000000196536e-05,0.001052321421061741,feasible,False,-3.818687998226776,0.08308242381202954,feasible,False,0.18968722981026154,-0.004753525165503834,feasible,False,-4.308451833325075,0.08528634514361655,feasible,False,-3.0690114138784708,0.07715119053148874,feasible,False,6.870991022430794e-05,1.238069491592969e-05,0,0.0,,,1.0,0,0.0,,,1.0,1,2.68531,,,1.0,2,0.16553,,,1.0,0,0,4,False,False,0.0,0
1682,CIH,1,1,analyzed,saved,0.33918,0.33918,0.0,0.0,missing_class,False,gate_rejected,False,False,False,True,raw_fallback,,,,0.0,0.0,feasible,False,0.0002283012155755941,5.950591028235693e-06,feasible,False,0.00022830121557589203,5.950591028249571e-06,feasible,False,0.00022830121557589203,5.950591028249571e-06,feasible,False,0.00022830121557589203,5.950591028249571e-06,feasible,False,0.0002283012155755941,5.950591028235693e-06,1,0.33919,,,1.0,0,0.0,,,1.0,0,0.0,,,1.0,0,0.0,,,1.0,0,0,4,False,False,0.0,0
20,CIL,12,12,analyzed,saved,17.99207,17.99221,-0.00014000000000180535,0.0007781145284642928,negative_factor,False,feasible,False,True,True,True,improvement_l2,0.6808855756659496,0.43391978943292475,1/2/3,0.0,0.0,feasible,True,0.588016942264511,0.43825597380188996,feasible,True,0.6808855756659496,0.43391978943292475,feasible,True,0.5647888897151325,0.43980309061623757,feasible,False,0.5129024924076929,0.44413360113498435,feasible,True,0.3080295226135088,0.20475370826445782,3,0.7404099999999999,,-20.433086908699185,13.558733861015494,3,5.7090499999999995,,47.472757554373445,0.859702573847371,2,7.29128,,-3.986585520132408,0.4175871404520211,4,4.25147,,-49.120592135233544,0.0,4,0,0,True,True,0.0,0
1405,CIN,1,1,analyzed,saved,0.27659,0.27659,0.0,0.0,missing_class,False,gate_rejected,False,False,False,True,raw_fallback,,,,0.0,0.0,feasible,False,-0.006318374352786483,1.8916856339493138e-06,feasible,False,-0.006318374352786483,1.8916856339493138e-06,feasible,False,-0.00631837435278428,1.8916856339499643e-06,feasible,False,-0.006318374352786483,1.8916856339493138e-06,feasible,False,-0.006318374352789318,1.8916856339412907e-06,1,0.2766,,,1.0,0,0.0,,,1.0,0,0.0,,,1.0,0,0.0,,,1.0,0,0,4,False,False,0.0,0
1556,CJK,1,1,analyzed,saved,0.82463,0.8246199999999999,1.0000000000065512e-05,0.0012126797797852966,missing_class,False,gate_rejected,False,False,False,True,raw_fallback,,,,1.0000000000065512e-05,0.0012126797797852966,feasible,False,0.00013491146028973226,5.6866868989131555e-06,feasible,False,0.00013491146028973226,5.6866868989131555e-06,feasible,False,0.00013491146028977226,5.686686898915758e-06,feasible,False,0.00013491146028977226,5.686686898915758e-06,feasible,False,0.00013491146028973226,5.6866868989131555e-06,1,0.82463,,,1.0,0,0.0,,,1.0,0,0.0,,,1.0,0,0.0,,,1.0,0,0,4,False,False,0.0,0
928,CKL,6,5,analyzed,saved,3.7387099999999998,3.73874,-3.0000000000196536e-05,0.0008024093678671567,missing_class,False,gate_rejected,False,False,False,True,raw_fallback,,,,-3.0000000000196536e-05,0.0008024093678671567,feasible,False,0.07905365574350662,0.031829082255419916,feasible,False,0.07905365574350662,0.031829082255419916,feasible,False,0.07905365574350662,0.031829082255419916,feasible,False,0.07905365574350652,0.03182908225541983,feasible,False,0.07905365574350662,0.031829082255419916,3,3.15417,,,1.0,0,0.0,,,1.0,1,0.17373,,,1.0,1,0.41084,,,1.0,0,0,4,False,False,0.0,0
1752,CKP,5,5,analyzed,saved,2.4605200000000003,2.46056,-3.999999999981796e-05,0.0016256461943548607,missing_class,False,gate_rejected,False,False,False,True,raw_fallback,,,,-3.999999999981796e-05,0.0016256461943548607,feasible,False,0.18745245777267205,0.030610885884236883,feasible,False,0.11861926246941869,0.01975191236670562,feasible,False,0.16369305961626543,0.027254444714384887,feasible,False,-0.04597949721661268,-0.007645546846883733,feasible,False,2.2640997873712527e-05,1.1507847048064512e-05,0,0.0,,,1.0,0,0.0,,,1.0,1,1.97479,,,1.0,4,0.48579,,,1.0,0,0,4,False,False,0.0,0
292,CLA,3,3,analyzed,saved,1.8964400000000001,1.89644,2.220446049250313e-16,1.1708496178367433e-14,missing_class,False,gate_rejected,False,False,False,True,raw_fallback,,,,2.220446049250313e-16,1.1708496178367433e-14,feasible,False,0.09708214367873313,0.03399905221339383,feasible,False,0.09708214367873325,0.03399905221339389,feasible,False,0.09708214367873313,0.03399905221339383,feasible,False,0.09708214367873313,0.03399905221339383,feasible,False,0.09708214367873313,0.03399905221339383,1,0.48174,,,1.0,0,0.0,,,1.0,1,1.12559,,,1.0,1,0.28912,,,1.0,0,0,4,False,False,0.0,0
1668,CLC,1,1,analyzed,saved,2.3143800000000008,2.3143900000000004,-9.999999999621423e-06,0.0004320792951758961,missing_class,False,gate_rejected,False,False,False,True,raw_fallback,,,,-9.999999999621423e-06,0.0004320792951758961,feasible,False,-0.00014566266251370052,2.764148415222538e-06,feasible,False,-0.00014566266251378774,2.7641484152286094e-06,feasible,False,-0.00014566266251370052,2.764148415222538e-06,feasible,False,-0.00014566266251370052,2.764148415222538e-06,feasible,False,-0.00014566266251378774,2.7641484152286094e-06,1,2.3144,,,1.0,0,0.0,,,1.0,0,0.0,,,1.0,0,0.0,,,1.0,0,0,4,False,False,0.0,0
822,CLE,2,2,analyzed,saved,1.05251,1.0525000000000002,9.999999999843467e-06,0.0009501187648307332,missing_class,False,gate_rejected,False,False,False,True,raw_fallback,,,,9.999999999843467e-06,0.0009501187648307332,feasible,False,0.18280940203247956,0.01805494734838873,feasible,False,0.1828094020324794,0.01805494734838871,feasible,False,0.1828094020324792,0.018054947348388688,feasible,False,0.1828094020324794,0.01805494734838871,feasible,False,0.1828094020324794,0.01805494734838871,1,0.30763,,,1.0,1,0.74488,,,1.0,0,0.0,,,1.0,0,0.0,,,1.0,0,0,4,False,False,0.0,0
216,CLI,2,2,analyzed,saved,1.1165800000000001,1.11662,-3.999999999981796e-05,0.003582239257743723,missing_class,False,gate_rejected,False,False,False,True,raw_fallback,,,,-3.999999999981796e-05,0.003582239257743723,feasible,False,0.28860184193322774,0.008150553404970076,feasible,False,0.28860184193322735,0.008150553404970083,feasible,False,0.28860184193322735,0.008150553404970083,feasible,False,0.28860184193322735,0.008150553404970083,feasible,False,0.28860184193322735,0.008150553404970083,1,0.12389,,,1.0,0,0.0,,,1.0,0,0.0,,,1.0,1,0.99271,,,1.0,0,0,4,False,False,0.0,0
1692,CLL,1,1,analyzed,saved,0.84145,0.84145,0.0,0.0,missing_class,False,gate_rejected,False,False,False,True,raw_fallback,,,,0.0,0.0,feasible,False,3.83297176477437e-05,3.1502186852317565e-06,feasible,False,3.832971764791304e-05,3.1502186852560426e-06,feasible,False,3.83297176477437e-05,3.1502186852317565e-06,feasible,False,3.832971764791304e-05,3.1502186852560426e-06,feasible,False,3.832971764791304e-05,3.1502186852560426e-06,1,0.84146,,,1.0,0,0.0,,,1.0,0,0.0,,,1.0,0,0.0,,,1.0,0,0,4,False,False,0.0,0
1631,CLM,7,6,analyzed,saved,3.36946,3.36951,-4.999999999988347e-05,0.0014838952844741066,negative_factor,False,feasible,False,True,True,True,minimax_ratio,0.06082071311349867,0.004837294036792796,2/3/4,3.9968028886505635e-15,1.1861673918909762e-13,feasible,False,0.32928660531841,0.0049111837597617565,feasible,False,0.33104220473079893,0.004920890545228677,feasible,False,0.3219355851944334,0.0028487304035023087,feasible,False,-1.4744588805061338,0.0074074563768953775,feasible,True,0.06082071311349867,0.004837294036792796,1,0.28225,,-15.449731008663745,0.0,1,0.39957,,65.24241025587074,4.924333996341687,1,0.33176,,1.1654620450968547,1.0083455282201008,3,2.3559400000000004,,-7.9482644081296705,0.45302539883212845,4,0,0,True,True,0.0,0
1611,CLP,1,1,analyzed,saved,0.73602,0.73602,0.0,0.0,missing_class,False,gate_rejected,False,False,False,True,raw_fallback,,,,0.0,0.0,feasible,False,3.703425709587261e-05,5.875723423694017e-06,feasible,False,3.703425709587261e-05,5.875723423694017e-06,feasible,False,3.703425709587261e-05,5.875723423694017e-06,feasible,False,3.703425709587261e-05,5.875723423694017e-06,feasible,False,3.703425709587261e-05,5.875723423694017e-06,1,0.73603,,,1.0,0,0.0,,,1.0,0,0.0,,,1.0,0,0.0,,,1.0,0,0,4,False,False,0.0,0
98,CLQ,1,1,analyzed,saved,0.6556000000000001,0.6556000000000001,0.0,0.0,missing_class,False,gate_rejected,False,False,False,True,raw_fallback,,,,0.0,0.0,feasible,False,-0.004094831869933131,6.259231905198816e-07,feasible,False,-0.004094831869933131,6.259231905198816e-07,feasible,False,-0.004094831869935068,6.259231905203153e-07,feasible,False,-0.004094831869933131,6.259231905198816e-07,feasible,False,-0.004094831869935068,6.259231905203153e-07,1,0.65561,,,1.0,0,0.0,,,1.0,0,0.0,,,1.0,0,0.0,,,1.0,0,0,4,False,False,0.0,0
293,CLR,3,3,analyzed,saved,0.99254,0.99256,-2.0000000000020002e-05,0.0020149915370375597,missing_class,False,feasible,False,True,True,True,minimax_ratio,0.11365018113636884,0.014233207284859935,2/3,3.3306690738754696e-16,3.355634998262543e-14,feasible,False,0.05595646160446612,0.0269917706945766,feasible,False,0.12356239318620335,0.012041190770853891,feasible,False,0.05595645960644557,0.026991770583729396,feasible,False,0.0866536284032318,0.020203306503355053,feasible,True,0.11365018113636884,0.014233207284859935,0,0.0,,,0.0,1,0.23008,,,3.6569025549199092,1,0.08453,,,1.787901172308786,1,0.67795,,,0.0,4,0,0,True,True,0.0,0
1204,CLT,1,1,analyzed,saved,0.9027200000000001,0.90273,-9.99999999995449e-06,0.0011077509332751197,missing_class,False,gate_rejected,False,False,False,True,raw_fallback,,,,-9.99999999995449e-06,0.0011077509332751197,feasible,False,5.686746598054965e-05,2.585255509508777e-06,feasible,False,5.686746598054965e-05,2.585255509508777e-06,feasible,False,5.6867465980404975e-05,2.585255509484491e-06,feasible,False,5.686746598054965e-05,2.585255509508777e-06,feasible,False,5.6867465980404975e-05,2.585255509484491e-06,1,0.90273,,,1.0,0,0.0,,,1.0,0,0.0,,,1.0,0,0.0,,,1.0,0,0,4,False,False,0.0,0
300,CMA,1,1,analyzed,saved,0.28568,0.28568,0.0,0.0,missing_class,False,gate_rejected,False,False,False,True,raw_fallback,,,,0.0,0.0,feasible,False,0.00049038069196712,2.6911772158329152e-06,feasible,False,0.00049038069196712,2.6911772158329152e-06,feasible,False,0.0004903806919670841,2.6911772158311805e-06,feasible,False,0.0004903806919670841,2.6911772158311805e-06,feasible,False,0.0004903806919670841,2.6911772158311805e-06,1,0.28568,,,1.0,0,0.0,,,1.0,0,0.0,,,1.0,0,0.0,,,1.0,0,0,4,False,False,0.0,0
1301,CMN,4,4,analyzed,saved,1.1861199999999998,1.1862,-8.000000000008001e-05,0.006744225257130333,missing_class,False,feasible,False,True,True,True,minimax_ratio,0.013131248923591583,0.004129415907642851,3/4,2.220446049250313e-16,1.871898540929281e-14,feasible,False,0.16986859211555183,0.02974505634955714,feasible,False,0.22171632077278258,0.03166174674613448,feasible,False,-0.41335144877752494,-0.007781319843235074,feasible,False,-0.22633383131234752,0.004252034595222234,feasible,True,0.013131248923591583,0.004129415907642851,1,0.16313,,,0.0,0,0.0,,,0.0,1,0.55783,,,1.002515709905393,2,0.46519,,,1.34770078817548,4,0,0,True,True,0.0,0
1467,CMR,1,1,analyzed,saved,4.02538,4.02538,0.0,0.0,missing_class,False,gate_rejected,False,False,False,True,raw_fallback,,,,0.0,0.0,feasible,False,6.37566988818528e-06,2.704639897765926e-06,feasible,False,6.3756698880103845e-06,2.7046398977242925e-06,feasible,False,6.3756698880103845e-06,2.7046398977242925e-06,feasible,False,6.3756698880103845e-06,2.7046398977242925e-06,feasible,False,6.3756698880103845e-06,2.7046398977242925e-06,1,4.02539,,,1.0,0,0.0,,,1.0,0,0.0,,,1.0,0,0.0,,,1.0,0,0,4,False,False,0.0,0
344,CMS,1,1,analyzed,saved,1.4677200000000001,1.46772,2.220446049250313e-16,1.5128539839004125e-14,missing_class,False,gate_rejected,False,False,False,True,raw_fallback,,,,2.220446049250313e-16,1.5128539839004125e-14,feasible,False,4.041342398067159e-05,1.3289211666656087e-06,feasible,False,4.041342398071424e-05,1.3289211666690781e-06,feasible,False,4.041342398067159e-05,1.3289211666656087e-06,feasible,False,4.041342398071424e-05,1.3289211666690781e-06,feasible,False,4.041342398071424e-05,1.3289211666690781e-06,1,1.46772,,,1.0,0,0.0,,,1.0,0,0.0,,,1.0,0,0.0,,,1.0,0,0,4,False,False,0.0,0
113,CNC,1,1,analyzed,saved,0.49158,0.49158999999999997,-9.99999999995449e-06,0.00203421550478132,missing_class,False,gate_rejected,False,False,False,True,raw_fallback,,,,-9.99999999995449e-06,0.00203421550478132,feasible,False,-0.0020242061093189586,1.6417221565603879e-06,feasible,False,-0.0020242061093208668,1.6417221565456427e-06,feasible,False,-0.0020242061093208668,1.6417221565456427e-06,feasible,False,-0.0020242061093208668,1.6417221565456427e-06,feasible,False,-0.0020242061093208668,1.6417221565456427e-06,1,0.4916,,,1.0,0,0.0,,,1.0,0,0.0,,,1.0,0,0.0,,,1.0,0,0,4,False,False,0.0,0
21,CND,19,16,analyzed,saved,13.73034,13.73038,-4.000000000026205e-05,0.00029132478489497045,negative_factor,False,feasible,False,True,True,True,improvement_l2,0.6188444943802801,0.37237151069930513,2/3/4,-3.552713678800501e-15,2.5874838706579868e-14,feasible,True,0.6064086144801883,0.35655934841640136,feasible,True,0.6188444943802801,0.37237151069930513,feasible,True,0.6160235445852749,0.3621594812085336,feasible,True,0.6029767161357781,0.3666680530511485,feasible,True,0.2955264284785305,0.17319264416188362,10,9.31747,,-2.384574635606011,0.0,2,0.86538,,33.114517408209046,1.907947830660081,1,2.13991,,0.8230740015285499,0.03155223501607256,3,1.40768,,3.9285003826729814,8.532824042144028,4,0,0,True,True,0.0,0
1751,CNL,1,1,analyzed,saved,1.5434799999999997,1.5435,-2.000000000035307e-05,0.0012957563978200886,missing_class,False,gate_rejected,False,False,False,True,raw_fallback,,,,-2.000000000035307e-05,0.0012957563978200886,feasible,False,0.00433562343888595,4.033684737588536e-06,feasible,False,0.004335623438886311,4.033684737540181e-06,feasible,False,0.00433562343888595,4.033684737588536e-06,feasible,False,0.004335623438886311,4.033684737540181e-06,feasible,False,0.004335623438886642,4.033684737488356e-06,1,1.5435,,,1.0,0,0.0,,,1.0,0,0.0,,,1.0,0,0.0,,,1.0,0,0,4,False,False,0.0,0
309,CNN,2,2,analyzed,saved,0.7515000000000001,0.75151,-9.99999999995449e-06,0.001330654282704753,missing_class,False,gate_rejected,False,False,False,True,raw_fallback,,,,-9.99999999995449e-06,0.001330654282704753,feasible,False,0.0853509605416879,0.01776759565339711,feasible,False,0.0853509605416879,0.01776759565339711,feasible,False,0.0853509605416879,0.01776759565339711,feasible,False,0.0853509605416879,0.01776759565339711,feasible,False,0.0853509605416879,0.01776759565339711,1,0.4496,,,1.0,0,0.0,,,1.0,0,0.0,,,1.0,1,0.30192,,,1.0,0,0,4,False,False,0.0,0
1441,CNT,1,1,analyzed,saved,0.5014500000000001,0.50146,-9.99999999995449e-06,0.001994177003141724,missing_class,False,gate_rejected,False,False,False,True,raw_fallback,,,,-9.99999999995449e-06,0.001994177003141724,feasible,False,0.00027676634844627337,2.7666607898442497e-06,feasible,False,0.00027676634844627337,2.7666607898442497e-06,feasible,False,0.00027676634844627337,2.7666607898442497e-06,feasible,False,0.00027676634844627337,2.7666607898442497e-06,feasible,False,0.00027676634844627337,2.7666607898442497e-06,1,0.50146,,,1.0,0,0.0,,,1.0,0,0.0,,,1.0,0,0.0,,,1.0,0,0,4,False,False,0.0,0
1468,CNV,1,1,analyzed,saved,1.367,1.3670099999999998,-9.999999999843467e-06,0.0007315235440738157,missing_class,False,gate_rejected,False,False,False,True,raw_fallback,,,,-9.999999999843467e-06,0.0007315235440738157,feasible,False,-0.004865773639757704,5.5137062630016e-07,feasible,False,-0.004865773639758749,5.51370626251154e-07,feasible,False,-0.004865773639758749,5.51370626251154e-07,feasible,False,-0.004865773639758749,5.51370626251154e-07,feasible,False,-0.004865773639758749,5.51370626251154e-07,1,1.36702,,,1.0,0,0.0,,,1.0,0,0.0,,,1.0,0,0.0,,,1.0,0,0,4,False,False,0.0,0
1749,COC,12,12,analyzed,saved,28.70916,28.70928,-0.00011999999999900979,0.0004179833141026518,negative_factor,False,feasible,False,True,True,True,improvement_l2,0.42919416245360875,0.21981238926520072,3/4,3.552713678800501e-15,1.237479197945926e-14,feasible,True,0.417266626644652,0.21841795930229793,feasible,True,0.42919416245360875,0.21981238926520072,feasible,True,0.4180963750075748,0.21851496391393324,feasible,False,-3.1662018943064143,0.0513485647415069,feasible,True,0.16032856362481376,0.16907691973218636,8,19.662259999999996,,-19.412130281051443,0.0,1,3.3759,,806.906550985575,0.0,1,1.66934,,-30.888926387246606,1.258339172738084,2,4.00176,,-565.2687113352708,6.649214842287498,4,0,0,True,True,0.0,0
850,COG,1,1,analyzed,saved,0.19147999999999998,0.19148,-2.7755575615628914e-17,1.4495287035527945e-14,missing_class,False,gate_rejected,False,False,False,True,raw_fallback,,,,-2.7755575615628914e-17,1.4495287035527945e-14,feasible,False,1.9908643956605997e-06,1.898734177212258e-07,feasible,False,1.9908643956605997e-06,1.898734177212258e-07,feasible,False,1.9908643955678763e-06,1.8987341771081745e-07,feasible,False,1.990864395634068e-06,1.8987341771775634e-07,feasible,False,1.990864395634068e-06,1.8987341771775634e-07,1,0.19148,,,1.0,0,0.0,,,1.0,0,0.0,,,1.0,0,0.0,,,1.0,0,0,4,False,False,0.0,0
1626,COI,2,2,analyzed,saved,1.2225100000000002,1.22251,2.220446049250313e-16,1.816300929440506e-14,missing_class,False,gate_rejected,False,False,False,True,raw_fallback,,,,2.220446049250313e-16,1.816300929440506e-14,feasible,False,-0.6427629261722441,0.0005066265362912957,feasible,False,0.2353308905957003,-0.00018128995989096647,feasible,False,-0.6170843620861386,0.0004865094286476343,feasible,False,-2.290797120226096,0.001797729931751764,feasible,False,5.6423747464569154e-05,3.028826763375181e-06,1,0.3657,,,1.0,0,0.0,,,1.0,0,0.0,,,1.0,1,0.85682,,,1.0,0,0,4,False,False,0.0,0
1180,COM,3,3,analyzed,saved,2.12145,2.1215,-5.000000000032756e-05,0.002356823002607945,missing_class,False,gate_rejected,False,False,False,True,raw_fallback,,,,-5.000000000032756e-05,0.002356823002607945,feasible,False,0.2994078367122171,0.040061718855725056,feasible,False,0.2994078367122171,0.040061718855725056,feasible,False,0.29940783671221705,0.040061718855725084,feasible,False,0.2994078367122171,0.040061718855725056,feasible,False,0.29940783671221705,0.040061718855725084,1,0.74968,,,1.0,1,0.21874,,,1.0,0,0.0,,,1.0,1,1.15306,,,1.0,0,0,4,False,False,0.0,0
1655,CON,1,1,analyzed,saved,0.60026,0.60026,0.0,0.0,missing_class,False,gate_rejected,False,False,False,True,raw_fallback,,,,0.0,0.0,feasible,False,0.00029605382676062573,2.117671868361558e-06,feasible,False,0.00029605382676103334,2.1176718683875786e-06,feasible,False,0.00029605382676103334,2.1176718683875786e-06,feasible,False,0.00029605382676103334,2.1176718683875786e-06,feasible,False,0.00029605382676103334,2.1176718683875786e-06,1,0.60027,,,1.0,0,0.0,,,1.0,0,0.0,,,1.0,0,0.0,,,1.0,0,0,4,False,False,0.0,0
1470,COT,1,1,analyzed,saved,1.2218,1.22181,-1.0000000000065512e-05,0.0008184578617023523,missing_class,False,gate_rejected,False,False,False,True,raw_fallback,,,,-1.0000000000065512e-05,0.0008184578617023523,feasible,False,2.571076949118353e-05,4.453029188093531e-06,feasible,False,2.571076949118353e-05,4.453029188093531e-06,feasible,False,2.571076949118353e-05,4.453029188093531e-06,feasible,False,2.571076949118353e-05,4.453029188093531e-06,feasible,False,2.571076949118353e-05,4.453029188093531e-06,1,1.22182,,,1.0,0,0.0,,,1.0,0,0.0,,,1.0,0,0.0,,,1.0,0,0,4,False,False,0.0,0
402,CPA,2,0,no_valid_locations,saved,,,,,,,,,,,,,,,,,,,,,,,,,,,,,,,,,,,,,,,,,,,,,,,,,,,,,,,,,,,,,,,,
1736,CPN,1,1,analyzed,saved,0.42694,0.42694000000000004,-5.551115123125783e-17,1.3002096601690595e-14,missing_class,False,gate_rejected,False,False,False,True,raw_fallback,,,,-5.551115123125783e-17,1.3002096601690595e-14,feasible,False,0.00011910769239026224,4.052645010751456e-06,feasible,False,0.00011910769239018658,4.052645010749721e-06,feasible,False,0.00011910769239026224,4.052645010751456e-06,feasible,False,0.00011910769239026224,4.052645010751456e-06,feasible,False,0.00011910769239026224,4.052645010751456e-06,1,0.42694,,,1.0,0,0.0,,,1.0,0,0.0,,,1.0,0,0.0,,,1.0,0,0,4,False,False,0.0,0
86,CRA,5,3,analyzed,saved,0.34376,0.34377,-1.0000000000010001e-05,0.0029089216627425315,missing_class,False,gate_rejected,False,False,False,True,raw_fallback,,,,-1.0000000000010001e-05,0.0029089216627425315,feasible,False,0.014538463372154642,0.00044870227841067954,feasible,False,0.014538463372154444,0.00044870227841066826,feasible,False,0.014538463372154444,0.00044870227841066826,feasible,False,0.014538463372154444,0.00044870227841066826,feasible,False,0.014538463372154444,0.00044870227841066826,1,0.0099,,,1.0,1,0.01648,,,1.0,0,0.0,,,1.0,1,0.31741,,,1.0,0,0,4,False,False,0.0,0
1590,CRK,1,1,analyzed,saved,0.61629,0.61629,0.0,0.0,missing_class,False,gate_rejected,False,False,False,True,raw_fallback,,,,0.0,0.0,feasible,False,0.00010139979574152848,4.273266247479743e-06,feasible,False,0.00010139979574115832,4.273266247453722e-06,feasible,False,0.00010139979574115832,4.273266247453722e-06,feasible,False,0.00010139979574115832,4.273266247453722e-06,feasible,False,0.00010139979574152848,4.273266247479743e-06,1,0.6163,,,1.0,0,0.0,,,1.0,0,0.0,,,1.0,0,0.0,,,1.0,0,0,4,False,False,0.0,0
1350,CRL,2,1,analyzed,saved,0.71122,0.71123,-1.0000000000065512e-05,0.0014060149318877876,missing_class,False,gate_rejected,False,False,False,True,raw_fallback,,,,-1.0000000000065512e-05,0.0014060149318877876,feasible,False,0.000597145593946231,4.850032637086429e-06,feasible,False,0.000597145593946231,4.850032637086429e-06,feasible,False,0.000597145593946231,4.850032637086429e-06,feasible,False,0.0005971455939463483,4.850032637087297e-06,feasible,False,0.000597145593946231,4.850032637086429e-06,1,0.71123,,,1.0,0,0.0,,,1.0,0,0.0,,,1.0,0,0.0,,,1.0,0,0,4,False,False,0.0,0
196,CRO,11,10,analyzed,saved,7.95986,7.959910000000001,-5.000000000077165e-05,0.0006281478057009645,missing_class,False,feasible,False,True,True,True,improvement_l2,0.6100934505202145,0.10973746125308362,1/3/4,-8.881784197001252e-16,1.1158146507939477e-14,feasible,True,0.5840237100619229,0.12849032147869763,feasible,True,0.6100934505202145,0.10973746125308362,feasible,True,0.5804356420287381,0.13019341983082322,feasible,False,0.55530492201341,0.13307273230853342,feasible,True,0.4644091841859652,0.08086202381974344,1,0.36805,,,8.452053093876296,0,0.0,,,0.0,1,1.1565,,,0.4983248706334553,8,6.435359999999999,,,0.6639382505912081,4,0,0,True,True,0.0,0
1472,CRR,2,2,analyzed,saved,3.17637,3.17639,-2.0000000000131024e-05,0.0006296456039759293,missing_class,False,gate_rejected,False,False,False,True,raw_fallback,,,,-2.0000000000131024e-05,0.0006296456039759293,feasible,False,0.3354784929939416,0.06631252151499605,feasible,False,0.41473091859316796,0.04332250536421832,feasible,False,0.25817189744029684,0.06305997554752155,feasible,False,0.32422709462093413,0.06583913770932602,feasible,False,0.40564864464562433,0.046708219820020665,1,0.06489,,,1.0,0,0.0,,,1.0,0,0.0,,,1.0,1,3.1115,,,1.0,0,0,4,False,False,0.0,0
1020,CRS,37,9,analyzed,saved,2.71094,2.71095,-1.0000000000065512e-05,0.0003688743798323655,missing_class,False,gate_rejected,False,False,False,True,raw_fallback,,,,-1.0000000000065512e-05,0.0003688743798323655,feasible,False,0.5428868633423407,0.025774241283676613,feasible,False,0.5629674212310097,0.026357020413114274,feasible,False,0.5428868633423407,0.025774241283676613,feasible,False,0.5577017529851194,0.02622597953584327,feasible,False,0.5227840343815859,0.025357020789404924,1,0.07451,,,1.0,7,2.6267699999999996,,,1.0,0,0.0,,,1.0,1,0.0097,,,1.0,0,0,4,False,False,0.0,0
221,CRT,8,8,analyzed,saved,1.4752,1.4752999999999998,-9.999999999976694e-05,0.0067782823832282894,missing_class,False,gate_rejected,False,False,False,True,raw_fallback,,,,-9.999999999976694e-05,0.0067782823832282894,feasible,False,-0.4286327120183543,0.002083305254720641,feasible,False,0.050364714756837056,-0.0017065566739389165,feasible,False,-0.3608696526974596,0.004744254457408649,feasible,False,-0.16670674024183132,0.0057759770276785,feasible,False,-0.00024063227677996083,-4.988121259590084e-06,6,0.59759,,,1.0,0,0.0,,,1.0,1,0.44786,,,1.0,1,0.42982,,,1.0,0,0,4,False,False,0.0,0
1727,CSM,1,1,analyzed,saved,0.5252300000000001,0.52522,1.0000000000065512e-05,0.0019039640531711495,missing_class,False,gate_rejected,False,False,False,True,raw_fallback,,,,1.0000000000065512e-05,0.0019039640531711495,feasible,False,0.0007745240936892706,1.1554154856044862e-05,feasible,False,0.0007745240936891608,1.1554154856032069e-05,feasible,False,0.0007745240936891608,1.1554154856032069e-05,feasible,False,0.0007745240936891608,1.1554154856032069e-05,feasible,False,0.0007745240936888917,1.1554154856018191e-05,1,0.52525,,,1.0,0,0.0,,,1.0,0,0.0,,,1.0,0,0.0,,,1.0,0,0,4,False,False,0.0,0
70,CSU,2,2,analyzed,saved,0.65881,0.65883,-2.0000000000020002e-05,0.003035684470959125,missing_class,False,gate_rejected,False,False,False,True,raw_fallback,,,,-2.0000000000020002e-05,0.003035684470959125,feasible,False,0.08024537381844862,-0.00013308855361897614,feasible,False,0.24527308596775416,0.0001285482672131917,feasible,False,0.09794598996661687,-0.0001052947336042118,feasible,False,-1.017046663088291,-0.0005277063897763815,feasible,False,-1.6471635549393222e-05,1.0271580738793057e-06,0,0.0,,,1.0,1,0.31973,,,1.0,0,0.0,,,1.0,1,0.3391,,,1.0,0,0,4,False,False,0.0,0
1688,CTC,2,2,analyzed,saved,0.7666900000000001,0.76669,1.1102230246251565e-16,1.4480729168570825e-14,missing_class,False,gate_rejected,False,False,False,True,raw_fallback,,,,1.1102230246251565e-16,1.4480729168570825e-14,feasible,False,-0.33393133335254344,-0.00292951104992328,feasible,False,0.11991971551505237,0.0010482141866380095,feasible,False,-0.4223029012334384,-0.0037040334766784413,feasible,False,-1.4459917780547435,0.0038858187861686164,feasible,False,0.0010882087671001525,6.7291345062794015e-06,1,0.32343,,,1.0,0,0.0,,,1.0,0,0.0,,,1.0,1,0.44328,,,1.0,0,0,4,False,False,0.0,0
1591,CTE,1,1,analyzed,saved,0.28063000000000005,0.28062,1.0000000000065512e-05,0.0035635378804310144,missing_class,False,gate_rejected,False,False,False,True,raw_fallback,,,,1.0000000000065512e-05,0.0035635378804310144,feasible,False,0.00010447853133004139,4.787462546474233e-06,feasible,False,0.00010447853133004139,4.787462546474233e-06,feasible,False,0.00010447853133004139,4.787462546474233e-06,feasible,False,0.00010447853133023102,4.787462546487244e-06,feasible,False,0.00010447853133023102,4.787462546487244e-06,1,0.28063,,,1.0,0,0.0,,,1.0,0,0.0,,,1.0,0,0.0,,,1.0,0,0,4,False,False,0.0,0
1675,CTL,1,1,analyzed,saved,0.94675,0.94677,-2.0000000000020002e-05,0.002112445472503354,missing_class,False,gate_rejected,False,False,False,True,raw_fallback,,,,-2.0000000000020002e-05,0.002112445472503354,feasible,False,4.902983028378196e-05,1.9107437894232138e-06,feasible,False,4.902983028378196e-05,1.9107437894232138e-06,feasible,False,4.902983028378196e-05,1.9107437894232138e-06,feasible,False,4.902983028378196e-05,1.9107437894232138e-06,feasible,False,4.902983028378196e-05,1.9107437894232138e-06,1,0.94676,,,1.0,0,0.0,,,1.0,0,0.0,,,1.0,0,0.0,,,1.0,0,0,4,False,False,0.0,0
1756,CTM,2,2,analyzed,saved,1.2571999999999999,1.2571999999999999,0.0,0.0,missing_class,False,gate_rejected,False,False,False,True,raw_fallback,,,,0.0,0.0,feasible,False,0.02434750896810201,-0.0001819341771469446,feasible,False,0.08323261832332172,-0.0006415381282567304,feasible,False,0.06208093423543179,-0.00047644719634071415,feasible,False,-0.19611052721360062,0.00153876203268416,feasible,False,0.00017146830135227663,6.762149212953192e-06,1,0.22336,,,1.0,0,0.0,,,1.0,1,1.03386,,,1.0,0,0.0,,,1.0,0,0,4,False,False,0.0,0
1349,CTR,4,4,analyzed,saved,1.25259,1.25262,-2.999999999997449e-05,0.0023949801216629537,negative_factor,False,feasible,False,True,True,True,improvement_l2,0.567810400610903,0.018555524118234013,1/2/3,0.0,0.0,feasible,False,0.2864866003287942,0.02494264395268548,feasible,True,0.567810400610903,0.018555524118234013,feasible,False,0.32231639192150585,0.023967664950188063,feasible,False,0.15728371395076646,0.025874803048324117,feasible,True,0.3273663639824591,0.014202145071097462,1,0.29726,,1.895264040887524,1.5200462612826713,1,0.24401,,6.435522103580826,1.998134350848342,1,0.14227,,2.0330495992759166,2.201112115052632,1,0.56909,,-2.0566491420673905,0.0,4,0,0,True,True,0.0,0
1691,CTX,2,2,analyzed,saved,0.52125,0.52127,-2.0000000000020002e-05,0.003836783240934641,missing_class,False,gate_rejected,False,False,False,True,raw_fallback,,,,-2.0000000000020002e-05,0.003836783240934641,feasible,False,0.10939476344336427,0.0017443675636097476,feasible,False,0.10939476344336427,0.0017443675636097476,feasible,False,0.10939476344336427,0.0017443675636097476,feasible,False,0.10939476344336427,0.0017443675636097476,feasible,False,0.10939476344336427,0.0017443675636097476,1,0.24531,,,1.0,0,0.0,,,1.0,0,0.0,,,1.0,1,0.27597,,,1.0,0,0,4,False,False,0.0,0
1689,CTZ,3,3,analyzed,saved,1.17256,1.17255,1.0000000000065512e-05,0.0008528420962914599,missing_class,False,feasible,False,True,True,True,minimax_ratio,0.10986056000326139,0.004030953838119897,3/4,2.220446049250313e-16,1.8936898633323213e-14,feasible,False,0.21778403108178765,0.0015004964570972002,feasible,False,0.21151696781888626,0.0016474388815064301,feasible,False,0.21752728124611004,0.001506516412814607,feasible,False,-0.25744570735627065,0.012643101372362632,feasible,True,0.10986056000326139,0.004030953838119897,0,0.0,,,0.0,1,0.33873,,,0.0,1,0.32128,,,1.0101347459042458,1,0.51258,,,1.6543763734936832,4,0,0,True,True,0.0,0
94,CUI,4,4,analyzed,saved,2.3094099999999997,2.30941,-4.440892098500626e-16,1.9229552563211493e-14,negative_factor,False,feasible,False,True,True,True,minimax_ratio,0.02523075657379179,0.0030257984821119854,1/2/3,0.0,0.0,feasible,False,0.3341162819369745,0.004411268506270559,feasible,False,0.3841077050191779,0.0019533245992433106,feasible,False,0.37204882279524165,0.00280813095215059,feasible,False,-0.5716395058649981,0.010179421875000042,feasible,True,0.02523075657379179,0.0030257984821119854,1,0.25464,,40.32086160409794,1.9923837839871918,1,0.03191,,2008.0544010228175,51.58663751281891,1,0.32115,,-19.387684790382586,0.4841910113529355,1,1.70174,,-38.680856660718746,0.0,4,0,0,True,True,0.0,0
1597,CUL,1,1,analyzed,saved,0.36313,0.36313,0.0,0.0,missing_class,False,gate_rejected,False,False,False,True,raw_fallback,,,,0.0,0.0,feasible,False,0.000836483485726901,7.629076479899336e-06,feasible,False,0.000836483485726901,7.629076479899336e-06,feasible,False,0.0008364834857272248,7.629076479913214e-06,feasible,False,0.000836483485726901,7.629076479899336e-06,feasible,False,0.000836483485726901,7.629076479899336e-06,1,0.36314,,,1.0,0,0.0,,,1.0,0,0.0,,,1.0,0,0.0,,,1.0,0,0,4,False,False,0.0,0
1722,CUO,2,2,analyzed,saved,1.6768200000000002,1.67682,2.220446049250313e-16,1.3242005994980458e-14,missing_class,False,gate_rejected,False,False,False,True,raw_fallback,,,,2.220446049250313e-16,1.3242005994980458e-14,feasible,False,0.24653581550796766,0.019915357421367363,feasible,False,0.24653581550796766,0.019915357421367363,feasible,False,0.24653581550796766,0.019915357421367363,feasible,False,0.24653581550796766,0.019915357421367363,feasible,False,0.246535815507967,0.019915357421367262,1,1.30126,,,1.0,0,0.0,,,1.0,0,0.0,,,1.0,1,0.37557,,,1.0,0,0,4,False,False,0.0,0
254,CUT,7,7,analyzed,saved,2.2187200000000002,2.2187400000000004,-2.0000000000131024e-05,0.0009014125134144163,negative_factor,False,feasible,False,True,True,True,balanced_l2,0.4811109333356993,0.0339594593334461,3/4,4.440892098500626e-16,2.001537854142723e-14,feasible,True,0.4811109333356993,0.0339594593334461,feasible,True,0.4668479870813701,0.034041792254062585,feasible,True,0.48110113556734724,0.03395951589110749,feasible,False,0.201385699144479,0.03557417449049681,feasible,True,0.28352176996170453,0.03092256562081578,4,1.6096300000000001,,-3.738592215320114,0.0,1,0.21289,,142.0424976634776,0.0,1,0.07432,,6.187455975994109,4.8358006745354105,1,0.32193,,-69.77720573661807,5.775316132028295,4,0,0,True,True,0.0,0
1670,CUU,1,1,analyzed,saved,0.6460400000000001,0.64604,1.1102230246251565e-16,1.718505084244252e-14,missing_class,False,gate_rejected,False,False,False,True,raw_fallback,,,,1.1102230246251565e-16,1.718505084244252e-14,feasible,False,0.00016800430772517244,7.0377787278509685e-06,feasible,False,0.00016800430772517244,7.0377787278509685e-06,feasible,False,0.00016800430772517244,7.0377787278509685e-06,feasible,False,0.00016800430772517244,7.0377787278509685e-06,feasible,False,0.00016800430772478814,7.037778727824948e-06,1,0.64605,,,1.0,0,0.0,,,1.0,0,0.0,,,1.0,0,0.0,,,1.0,0,0,4,False,False,0.0,0
1740,CUZ,1,1,analyzed,saved,0.49846,0.49846,0.0,0.0,missing_class,False,gate_rejected,False,False,False,True,raw_fallback,,,,0.0,0.0,feasible,False,-0.0009070043401642741,4.097348774333414e-06,feasible,False,-0.0009070043401642741,4.097348774333414e-06,feasible,False,-0.0009070043401646886,4.097348774319319e-06,feasible,False,-0.0009070043401642741,4.097348774333414e-06,feasible,False,-0.0009070043401646886,4.097348774319319e-06,1,0.49847,,,1.0,0,0.0,,,1.0,0,0.0,,,1.0,0,0.0,,,1.0,0,0,4,False,False,0.0,0
331,CVN,2,2,analyzed,saved,0.14626,0.14629,-3.0000000000002247e-05,0.02050721170278368,missing_class,False,gate_rejected,False,False,False,True,raw_fallback,,,,-3.0000000000002247e-05,0.02050721170278368,feasible,False,0.11468064514644748,0.0013946575082299376,feasible,False,0.11468064514644748,0.0013946575082299376,feasible,False,0.11468064514644748,0.0013946575082299376,feasible,False,0.11468064514644748,0.0013946575082299376,feasible,False,0.11468064514644707,0.0013946575082299311,1,0.05699,,,1.0,1,0.08929,,,1.0,0,0.0,,,1.0,0,0.0,,,1.0,0,0,4,False,False,0.0,0
294,CWM,2,2,analyzed,saved,3.44239,3.4423999999999997,-9.999999999621423e-06,0.0002904950034749426,missing_class,False,gate_rejected,False,False,False,True,raw_fallback,,,,-9.999999999621423e-06,0.0002904950034749426,feasible,False,0.0011713095154571272,0.0018491628552762124,feasible,False,0.001122917959931493,0.001793062728519805,feasible,False,0.0011713095154571272,0.0018491628552762124,feasible,False,0.0011713095154571272,0.0018491628552762124,feasible,False,-0.0004525171977826475,-3.333262252824126e-05,1,0.07425,,,1.0,1,3.36815,,,1.0,0,0.0,,,1.0,0,0.0,,,1.0,0,0,4,False,False,0.0,0
63,CYA,10,10,analyzed,saved,1.1567,1.15669,1.0000000000065512e-05,0.0008645358739217518,missing_class,False,gate_rejected,False,False,False,True,raw_fallback,,,,1.0000000000065512e-05,0.0008645358739217518,feasible,False,-0.2093705727310516,-0.006676419136426939,feasible,False,0.41333175123507965,0.003255426080405359,feasible,False,-0.3906020326078788,-0.010059403066977004,feasible,False,-4.76689154514784,0.0017360842307813217,feasible,False,0.027109870918883814,0.0007042946241049661,2,0.23456,,,1.0,0,0.0,,,1.0,2,0.2826,,,1.0,6,0.6396000000000001,,,1.0,0,0,4,False,False,0.0,0
22,CYP,7,7,analyzed,saved,15.27357,15.27364,-7.000000000090267e-05,0.00045830594410306043,negative_factor,False,feasible,False,True,True,True,improvement_l2,0.4888129209567926,0.14004897360116647,2/3,-3.552713678800501e-15,2.3260425666707485e-14,feasible,False,-5.439236382383551,0.1664277562005771,feasible,True,0.4888129209567926,0.14004897360116647,feasible,False,-4.772148776497547,0.22168565969910325,feasible,False,-2.5743297218944448,0.30280596691067274,feasible,True,0.29327136221324335,0.15406179902842898,1,0.38366,,-368.63880395202153,0.0,1,1.75273,,-17.155547473438553,3.5708745109142295,2,9.63553,,2.1761585893967097,0.9355824039256859,3,3.50172,,47.35060411406128,0.0,4,0,0,True,True,0.0,0
1957,CZK,8,8,analyzed,saved,3.25225,3.2523400000000002,-9.000000000014552e-05,0.0027672383576177618,negative_factor,False,feasible,False,True,True,True,improvement_l2,0.4535262995243803,0.017686355841804554,1/2/3,-8.881784197001252e-16,2.7308904348872663e-14,feasible,False,0.1678227963128947,0.02308244991588851,feasible,True,0.4535262995243803,0.017686355841804554,feasible,False,0.166872583889519,0.023221745335593486,feasible,False,-0.07510930794267145,0.02496685544251969,feasible,True,0.21253736690117914,0.012937969690839563,2,1.37065,,4.361662928768419,0.8345933553055392,1,0.33463,,443.9547639233727,4.759477359612448,4,0.95109,,-0.20089175391358904,0.542181128272928,1,0.59597,,-253.53201527810484,0.0,4,0,0,True,True,0.0,0
1707,CZL,1,1,analyzed,saved,0.2873,0.28731,-1.0000000000010001e-05,0.0034805610664473915,missing_class,False,gate_rejected,False,False,False,True,raw_fallback,,,,-1.0000000000010001e-05,0.0034805610664473915,feasible,False,0.000827183487187577,5.901132950596926e-06,feasible,False,0.000827183487187577,5.901132950596926e-06,feasible,False,0.000827183487187577,5.901132950596926e-06,feasible,False,0.000827183487187577,5.901132950596926e-06,feasible,False,0.000827183487187577,5.901132950596926e-06,1,0.28732,,,1.0,0,0.0,,,1.0,0,0.0,,,1.0,0,0.0,,,1.0,0,0,4,False,False,0.0,0
2311,DAA,1,1,analyzed,saved,0.38899000000000006,0.38898999999999995,1.1102230246251565e-16,2.854117135723686e-14,missing_class,False,gate_rejected,False,False,False,True,raw_fallback,,,,1.1102230246251565e-16,2.854117135723686e-14,feasible,False,0.0014216811005267579,3.2963083959683392e-06,feasible,False,0.0014216811005267579,3.2963083959683392e-06,feasible,False,0.0014216811005267579,3.2963083959683392e-06,feasible,False,0.0014216811005267579,3.2963083959683392e-06,feasible,False,0.0014216811005261093,3.29630839595663e-06,1,0.389,,,1.0,0,0.0,,,1.0,0,0.0,,,1.0,0,0.0,,,1.0,0,0,4,False,False,0.0,0
2091,DAI,53,40,analyzed,saved,77.72544,77.72595,-0.0005099999999913507,0.0006561515169532836,negative_factor,False,feasible,False,True,True,True,improvement_l2,0.3543515628350345,1.212330517992065,3/4,1.4210854715202004e-14,1.8283282115177754e-14,feasible,True,0.3217182970217535,1.1931835254293426,feasible,True,0.3543515628350345,1.212330517992065,feasible,True,0.34137473806248414,1.2047165951677479,feasible,True,0.2648881178440104,1.1436007831206783,feasible,True,0.2415281279611009,1.1461333595221694,22,38.888349999999996,,-6.686188767133971,0.0,8,4.41244,,41.537251584585995,0.0,1,9.16416,,1.4813179316371854,0.8237153149406677,9,25.260869999999997,,5.5771411958567025,2.7780956643305124,4,0,0,True,True,0.0,0
1243,DAJ,25,17,analyzed,saved,2.8368,2.9081200000000003,-0.07132000000000005,2.452443503019134,negative_factor,False,feasible,False,True,True,True,improvement_l2,0.8650346307265544,0.10831206311736914,2/3/4,0.0,0.0,feasible,True,0.7416960953608238,0.10203781620996524,feasible,True,0.8650346307265544,0.10831206311736914,feasible,True,0.7529014009109207,0.10245649627946016,feasible,True,0.6847482545189623,0.10709597274582222,feasible,True,0.7465554507793963,0.09824972671030961,11,1.4749799999999997,,-0.41904156415826377,0.0,2,0.21336,,1.7209084118415967,1.7863156980151453,1,0.38679,,0.9586761729158774,0.9586209178407435,3,0.76177,,3.660042133043722,2.830354771396203,4,0,0,True,True,0.0,0
1209,DAM,2,1,analyzed,saved,0.0184,0.0184,0.0,0.0,missing_class,False,gate_rejected,False,False,False,True,raw_fallback,,,,0.0,0.0,feasible,False,-0.04803152940057094,-3.7002782458755404e-06,feasible,False,-0.04803152940057817,-3.700278245875974e-06,feasible,False,-0.04803152940057817,-3.700278245875974e-06,feasible,False,-0.04803152940057094,-3.7002782458755404e-06,feasible,False,-0.04803152940057094,-3.7002782458755404e-06,0,0.0,,,1.0,1,0.01841,,,1.0,0,0.0,,,1.0,0,0.0,,,1.0,0,0,4,False,False,0.0,0
4,DAN,40,40,analyzed,saved,28.77537,28.77591,-0.0005400000000008731,0.001876569672343544,negative_factor,False,feasible,False,True,True,True,improvement_l2,0.3611655787227646,0.5737244596790275,2/3/4,-3.552713678800501e-15,1.2346138415085745e-14,feasible,False,0.3571663072763705,0.5589171961825422,feasible,True,0.3611655787227646,0.5737244596790275,feasible,False,0.38758610737416554,0.6103376032267375,feasible,True,0.3143287855519684,0.5290798520077096,feasible,True,0.2452577742484744,0.4429815183569067,13,11.716970000000002,,-3.086010492104268,0.0,2,1.64133,,-3.4382124299586367,1.1663815210181738,6,6.453010000000001,,1.618536760123808,0.7587887695671842,19,8.96448,,6.707877054239179,2.450176791697164,4,0,0,True,True,0.0,0
1152,DAU,12,12,analyzed,saved,14.60456,14.60467,-0.00011000000000116472,0.0007531837419206646,negative_factor,False,feasible,False,True,True,True,improvement_l2,0.3806722727816717,0.06812454012217219,1/3/4,0.0,0.0,feasible,False,0.28626792222771397,0.05325061663305964,feasible,True,0.3806722727816717,0.06812454012217219,feasible,False,0.43456029156771114,0.07194485380288607,feasible,False,0.23142098297371932,0.057361484202904614,feasible,True,0.3218754111463134,0.06295262801992599,1,1.78341,,83.44000122792623,1.481551382159801,3,6.87542,,-657.6470523270465,0.0,7,5.27898,,401.6371903038872,0.45220192875884413,1,0.66688,,3399.5882145609794,14.358099087700024,4,0,0,True,True,0.0,0
1224,DAW,2,2,analyzed,saved,0.79481,0.7948299999999998,-1.9999999999797957e-05,0.0025162613388772393,missing_class,False,gate_rejected,False,False,False,True,raw_fallback,,,,-1.9999999999797957e-05,0.0025162613388772393,feasible,False,-0.014066692272228454,-0.0020598388767677587,feasible,False,0.00048059183009181716,0.00013370646729728543,feasible,False,-0.015766352594714678,-0.0023161260270467806,feasible,False,0.01255565937870455,0.0019544730113636314,feasible,False,-0.000426050159401759,-3.0036086728938913e-06,0,0.0,,,1.0,0,0.0,,,1.0,1,0.64375,,,1.0,1,0.15108,,,1.0,0,0,4,False,False,0.0,0
1344,DBD,21,20,analyzed,saved,33.52564,33.52585,-0.0002099999999956026,0.0006263823288465546,feasible,True,feasible,True,True,True,True,balanced_l2,0.9999999999999928,0.4472274999999963,1/2/3/4,-7.105427357601002e-15,2.119387683713016e-14,feasible,True,0.9999999999999928,0.4472274999999963,feasible,True,0.9999999999998695,0.44722749999990546,feasible,True,0.9999999999999998,0.44722749999999994,feasible,True,0.9999999999998024,0.4472274999999426,feasible,True,0.9999999999999978,0.4472274999999985,1,3.39919,,6.5837146245883105,6.583714624588281,1,5.23186,,1.3751827655927502,1.3751827655927495,1,2.30821,,0.8629015535037012,0.8629015535037,17,22.586579999999998,,0.08677714831291672,0.08677714831292133,4,0,0,True,True,0.0,0
1211,DBE,4,3,analyzed,saved,1.7154600000000002,1.71547,-9.999999999843467e-06,0.0005829306254171433,missing_class,False,gate_rejected,False,False,False,True,raw_fallback,,,,-9.999999999843467e-06,0.0005829306254171433,feasible,False,-1.3471758949998822,0.013987633220993521,feasible,False,0.12773478829080917,-0.0019343400364703889,feasible,False,-1.7182171061908444,0.011495807493126682,feasible,False,-1.14982769690477,0.015312977421394133,feasible,False,0.00013766674934910956,5.895241827459652e-06,1,0.40201,,,1.0,0,0.0,,,1.0,0,0.0,,,1.0,2,1.3134599999999998,,,1.0,0,0,4,False,False,0.0,0
324,DCI,1,1,analyzed,saved,0.46373000000000003,0.46374000000000004,-1.0000000000010001e-05,0.0021563807305839478,missing_class,False,gate_rejected,False,False,False,True,raw_fallback,,,,-1.0000000000010001e-05,0.0021563807305839478,feasible,False,0.00010290674547272174,2.370107176141896e-06,feasible,False,0.00010290674547272174,2.370107176141896e-06,feasible,False,0.00010290674547292561,2.370107176154039e-06,feasible,False,0.00010290674547272174,2.370107176141896e-06,feasible,False,0.00010290674547255694,2.3701071761306203e-06,1,0.46374,,,1.0,0,0.0,,,1.0,0,0.0,,,1.0,0,0.0,,,1.0,0,0,4,False,False,0.0,0
806,DCN,4,4,analyzed,saved,2.50269,2.5027,-1.0000000000065512e-05,0.0003995684660592765,singular,False,gate_rejected,False,False,False,True,raw_fallback,,,,-1.0000000000065512e-05,0.0003995684660592765,feasible,False,0.007820998473779223,0.007372994505494362,feasible,False,0.007820998473779223,0.007372994505494362,feasible,False,0.007820998473779223,0.007372994505494362,feasible,False,0.007820998473779223,0.007372994505494362,feasible,False,0.007820998473779331,0.0073729945054944734,1,0.62139,,,1.0,1,0.64002,,,1.0,1,0.9121,,,1.0,1,0.32918,,,1.0,0,0,4,False,False,0.0,0
346,DEN,1,1,analyzed,saved,0.28955000000000003,0.28955,5.551115123125783e-17,1.917152520506228e-14,missing_class,False,gate_rejected,False,False,False,True,raw_fallback,,,,5.551115123125783e-17,1.917152520506228e-14,feasible,False,0.00040887531917540925,3.2575944677653776e-06,feasible,False,0.0004088753191755461,3.2575944677705818e-06,feasible,False,0.00040887531917540925,3.2575944677653776e-06,feasible,False,0.0004088753191755461,3.2575944677705818e-06,feasible,False,0.0004088753191755461,3.2575944677705818e-06,1,0.28955,,,1.0,0,0.0,,,1.0,0,0.0,,,1.0,0,0.0,,,1.0,0,0,4,False,False,0.0,0
2286,DFN,15,9,analyzed,saved,4.8005,4.8004999999999995,8.881784197001252e-16,1.850178980731435e-14,negative_factor,False,feasible,False,True,True,True,minimax_ratio,0.1740330238664512,0.011643526602806542,1/3/4,-8.881784197001252e-16,1.850178980731435e-14,feasible,False,-1.0731093471006936,0.0005243115284321292,feasible,False,0.4239448129556391,0.01739123589198678,feasible,False,-1.4434666333319965,-0.004177491856511048,feasible,False,0.20938966187750652,0.017002339191240088,feasible,True,0.1740330238664512,0.011643526602806542,1,0.79812,,46.943338990383864,2.4120604513443635,1,1.41421,,-34.71248684287583,0.0,1,1.12518,,0.3755482211377663,0.6570103750115834,6,1.4630400000000001,,10.937180112331301,1.4599865596653792,4,0,0,True,True,0.0,0
2259,DGB,5,3,analyzed,saved,4.31008,4.3101,-2.0000000000131024e-05,0.00046402635670010026,missing_class,False,feasible,False,True,True,True,improvement_l2,0.2825070867725116,0.019310180695749427,3/4,0.0,0.0,feasible,True,0.2785197037330036,0.019300637576048364,feasible,True,0.2825070867725116,0.019310180695749427,feasible,True,0.28096864965099694,0.019306627794766596,feasible,False,-0.20279901987802273,0.018123312913075354,feasible,True,0.12393973639303493,0.018797241598134666,0,0.0,,,0.0,1,2.09674,,,0.0,1,0.583,,,0.6598468902338506,1,1.63037,,,2.4076623423046017,4,0,0,True,True,0.0,0
510,DGE,10,10,analyzed,saved,6.15484,6.15495,-0.00011000000000027654,0.001787179424695189,missing_class,False,feasible,False,True,True,True,minimax_ratio,0.15806408516368967,0.043607538123221046,3/4,8.881784197001252e-16,1.4430310883112374e-14,feasible,False,-0.35857826936335063,0.00859299372238928,feasible,False,0.18322145884607427,0.03715393742477832,feasible,False,-0.18115463231575676,0.051496898901076615,feasible,False,0.06489807706746575,0.06750733873483691,feasible,True,0.15806408516368967,0.043607538123221046,1,0.96797,,,0.0,0,0.0,,,0.0,1,4.38399,,,0.9778558422295367,8,0.8029999999999999,,,2.326117687514714,4,0,0,True,True,0.0,0
1029,DGH,20,13,analyzed,saved,12.15201,12.152130000000001,-0.00012000000000078614,0.0009874812070047483,negative_factor,False,feasible,False,True,True,True,improvement_l2,0.7438463471897527,0.15702625981423635,3/4,0.0,0.0,feasible,False,-0.05181643593228566,0.13916835778506162,feasible,True,0.7438463471897527,0.15702625981423635,feasible,False,-3.2451665471316753,0.0068378004590292085,feasible,True,0.5770361736988364,0.151984812883836,feasible,True,0.6579377748565098,0.15535320181288337,4,1.68364,,-2.0056091321188254,0.0,6,3.13197,,0.12030390488343402,0.0,2,7.21703,,0.8006130767011201,0.8756173520920176,1,0.11947,,78.45745310255548,48.81799221891869,4,0,0,True,True,0.0,0
273,DGL,4,1,analyzed,saved,0.18853,0.18855000000000002,-2.0000000000020002e-05,0.010607265977204986,missing_class,False,gate_rejected,False,False,False,True,raw_fallback,,,,-2.0000000000020002e-05,0.010607265977204986,feasible,False,0.0027781622343584604,2.435023569878972e-06,feasible,False,0.0027781622343584604,2.435023569878972e-06,feasible,False,0.0027781622343584604,2.435023569878972e-06,feasible,False,0.0027781622343584604,2.435023569878972e-06,feasible,False,0.0027781622343584604,2.435023569878972e-06,0,0.0,,,1.0,0,0.0,,,1.0,0,0.0,,,1.0,1,0.18854,,,1.0,0,0,4,False,False,0.0,0
1297,DGR,2,2,analyzed,saved,5.99333,5.99334,-9.999999999621423e-06,0.00016685187223854184,missing_class,False,gate_rejected,False,False,False,True,raw_fallback,,,,-9.999999999621423e-06,0.00016685187223854184,feasible,False,-0.8025443685835092,-0.03673360980094325,feasible,False,0.016284395049403176,0.0024746585292031113,feasible,False,-0.8025443685835092,-0.03673360980094325,feasible,False,-0.09066133365796855,0.011517000549258033,feasible,False,-0.00030020534410084266,-9.000035857770206e-06,1,4.79681,,,1.0,0,0.0,,,1.0,0,0.0,,,1.0,1,1.19654,,,1.0,0,0,4,False,False,0.0,0
156,DHF,7,4,analyzed,saved,0.57257,0.5725899999999999,-1.999999999990898e-05,0.0034929006793532865,missing_class,False,gate_rejected,False,False,False,True,raw_fallback,,,,-1.999999999990898e-05,0.0034929006793532865,feasible,False,-5.294991727085253,0.008730859235889274,feasible,False,0.22596242517331314,-0.00039219278119798084,feasible,False,-5.247768595117838,0.00865282578778096,feasible,False,-7.7814143817597445,0.012839526431718078,feasible,False,-0.0006561819755838499,-1.7718861646687928e-05,3,0.46041000000000004,,,1.0,0,0.0,,,1.0,0,0.0,,,1.0,1,0.11219,,,1.0,0,0,4,False,False,0.0,0
1222,DHK,1,1,analyzed,saved,0.8043300000000001,0.8043499999999999,-1.9999999999797957e-05,0.0024864797662457836,missing_class,False,gate_rejected,False,False,False,True,raw_fallback,,,,-1.9999999999797957e-05,0.0024864797662457836,feasible,False,0.00011362860024299168,4.62949073744192e-07,feasible,False,0.00011362860024299168,4.62949073744192e-07,feasible,False,0.00011362860024299168,4.62949073744192e-07,feasible,False,0.00011362860024299168,4.62949073744192e-07,feasible,False,0.00011362860024299168,4.62949073744192e-07,1,0.80434,,,1.0,0,0.0,,,1.0,0,0.0,,,1.0,0,0.0,,,1.0,0,0,4,False,False,0.0,0
306,DHM,3,3,analyzed,saved,1.2072699999999998,1.20731,-4.000000000026205e-05,0.0033131507235309937,missing_class,False,gate_rejected,False,False,False,True,raw_fallback,,,,-4.000000000026205e-05,0.0033131507235309937,feasible,False,-0.1689213100990374,0.020536877044945716,feasible,False,0.05795057328731604,-0.0028696738726097584,feasible,False,-0.5085019799838664,0.016098235657167358,feasible,False,-0.16892131009903516,0.020536877044945744,feasible,False,0.017573386636914375,0.001296072279507142,1,0.09526,,,1.0,1,0.45984,,,1.0,0,0.0,,,1.0,1,0.6522,,,1.0,0,0,4,False,False,0.0,0
1325,DHU,4,4,analyzed,saved,22.06957,22.069760000000002,-0.00019000000000346517,0.0008609065073814357,missing_class,False,feasible,False,True,True,True,minimax_ratio,0.057843409626057225,0.055998802508778034,3/4,0.0,0.0,feasible,False,-0.14155944093577574,0.03640703611502183,feasible,False,0.05973173710201113,0.06435903407381877,feasible,False,-0.05668399094179308,0.10982041603458564,feasible,False,0.08375455065602225,0.1707157368770772,feasible,True,0.057843409626057225,0.055998802508778034,1,2.26799,,,0.0,0,0.0,,,0.0,1,11.213,,,0.967078139106013,2,8.588659999999999,,,1.3070604386972111,4,0,0,True,True,0.0,0
1839,DIE,1,1,analyzed,saved,3.7529900000000005,3.7529999999999997,-9.999999999177334e-06,0.00026645350384165556,missing_class,False,gate_rejected,False,False,False,True,raw_fallback,,,,-9.999999999177334e-06,0.00026645350384165556,feasible,False,-2.0925518022462427e-05,2.9548435131736966e-06,feasible,False,-2.0925518022462427e-05,2.9548435131736966e-06,feasible,False,-2.092551802269974e-05,2.9548435130748174e-06,feasible,False,-2.0925518022462427e-05,2.9548435131736966e-06,feasible,False,-2.0925518022462427e-05,2.9548435131736966e-06,1,3.753,,,1.0,0,0.0,,,1.0,0,0.0,,,1.0,0,0.0,,,1.0,0,0,4,False,False,0.0,0
23,DIL,2,2,analyzed,saved,1.38014,1.38014,0.0,0.0,missing_class,False,gate_rejected,False,False,False,True,raw_fallback,,,,0.0,0.0,feasible,False,-1.02117876792282,-0.016089266293029366,feasible,False,0.050574541198233854,-0.003541508970253307,feasible,False,-0.7801055573377671,-0.0014305024413549389,feasible,False,-0.2437835363794123,0.017199747717250455,feasible,False,0.0001337654454663412,1.2682869884157733e-05,0,0.0,,,1.0,0,0.0,,,1.0,1,1.21874,,,1.0,1,0.16142,,,1.0,0,0,4,False,False,0.0,0
252,DIM,3,3,analyzed,saved,2.1164,2.11643,-2.9999999999752447e-05,0.0014174813246718508,missing_class,False,gate_rejected,False,False,False,True,raw_fallback,,,,-2.9999999999752447e-05,0.0014174813246718508,feasible,False,0.062254703688413356,0.004054776250804051,feasible,False,0.062254703688413356,0.004054776250804051,feasible,False,0.062254703688413356,0.004054776250804051,feasible,False,0.062254703688413356,0.004054776250804051,feasible,False,0.03378473197495804,0.0017958754601888893,1,0.06648,,,1.0,1,1.62301,,,1.0,0,0.0,,,1.0,1,0.42694,,,1.0,0,0,4,False,False,0.0,0
2232,DIS,1,1,analyzed,saved,0.56782,0.56781,9.99999999995449e-06,0.0017611524981868034,missing_class,False,gate_rejected,False,False,False,True,raw_fallback,,,,9.99999999995449e-06,0.0017611524981868034,feasible,False,3.0226078091626358e-05,2.9895104895101554e-06,feasible,False,3.0226078091512042e-05,2.9895104895032165e-06,feasible,False,3.0226078091626358e-05,2.9895104895101554e-06,feasible,False,3.0226078091626358e-05,2.9895104895101554e-06,feasible,False,3.0226078091512042e-05,2.9895104895032165e-06,1,0.56782,,,1.0,0,0.0,,,1.0,0,0.0,,,1.0,0,0.0,,,1.0,0,0,4,False,False,0.0,0
1771,DIT,1,1,analyzed,saved,0.40908000000000005,0.40909,-9.99999999995449e-06,0.0024444498765441563,missing_class,False,gate_rejected,False,False,False,True,raw_fallback,,,,-9.99999999995449e-06,0.0024444498765441563,feasible,False,2.525378819515181e-05,2.3012756867552345e-06,feasible,False,2.525378819512389e-05,2.301275686754367e-06,feasible,False,2.525378819515181e-05,2.3012756867552345e-06,feasible,False,2.525378819515181e-05,2.3012756867552345e-06,feasible,False,2.525378819515181e-05,2.3012756867552345e-06,1,0.40909,,,1.0,0,0.0,,,1.0,0,0.0,,,1.0,0,0.0,,,1.0,0,0,4,False,False,0.0,0
1571,DJE,2,2,analyzed,saved,0.15723,0.15722999999999998,2.7755575615628914e-17,1.7652849720555185e-14,missing_class,False,gate_rejected,False,False,False,True,raw_fallback,,,,2.7755575615628914e-17,1.7652849720555185e-14,feasible,False,0.20057449143250955,0.0008087426835162097,feasible,False,0.16028989573767644,0.0005805217076000364,feasible,False,0.22627294621258864,0.0008191173275797227,feasible,False,0.17626308733527662,0.0007745828395495759,feasible,False,-0.0009598547014587463,-2.559612537224136e-06,1,0.06845,,,1.0,0,0.0,,,1.0,0,0.0,,,1.0,1,0.08879,,,1.0,0,0,4,False,False,0.0,0
965,DLA,1,0,no_valid_locations,saved,,,,,,,,,,,,,,,,,,,,,,,,,,,,,,,,,,,,,,,,,,,,,,,,,,,,,,,,,,,,,,,,
1261,DLH,369,128,analyzed,saved,845.76168,845.76449,-0.002810000000067703,0.00033224379047501777,feasible,True,feasible,True,True,True,True,balanced_l2,0.999999999999996,20.586647499999934,1/2/3/4,-1.1368683772161603e-13,1.3441902452255475e-14,feasible,True,0.999999999999996,20.586647499999934,feasible,True,0.9999999999999886,20.586647499999735,feasible,True,0.9999999999999902,20.58664749999988,feasible,True,0.9999999999998366,20.586647499998328,feasible,True,1.0,20.586647499999998,16,94.27763999999999,,0.5887312274079269,0.5887312274079592,6,99.27822,,6.382161706232722,6.382161706232699,22,149.22051000000005,,0.911827209562766,0.9118272095627634,84,502.94681999999995,,0.040932654891830844,0.04093265489183026,4,0,0,True,True,0.0,0
867,DLN,2,1,analyzed,saved,0.17365,0.17364000000000002,9.999999999982245e-06,0.00575904169545165,missing_class,False,gate_rejected,False,False,False,True,raw_fallback,,,,9.999999999982245e-06,0.00575904169545165,feasible,False,2.7388681884834146e-05,2.2810218978062957e-06,feasible,False,2.7388681884834146e-05,2.2810218978062957e-06,feasible,False,2.7388681884834146e-05,2.2810218978062957e-06,feasible,False,2.7388681884834146e-05,2.2810218978062957e-06,feasible,False,2.7388681884834146e-05,2.2810218978062957e-06,0,0.0,,,1.0,1,0.17365,,,1.0,0,0.0,,,1.0,0,0.0,,,1.0,0,0,4,False,False,0.0,0
47,DMB,1,1,analyzed,saved,0.23106,0.23106,0.0,0.0,missing_class,False,gate_rejected,False,False,False,True,raw_fallback,,,,0.0,0.0,feasible,False,-0.0004243238057672959,3.6688211757325215e-06,feasible,False,-0.00042432380576668953,3.6688211757390267e-06,feasible,False,-0.00042432380576668953,3.6688211757390267e-06,feasible,False,-0.00042432380576668953,3.6688211757390267e-06,feasible,False,-0.00042432380576603034,3.6688211757463993e-06,1,0.23107,,,1.0,0,0.0,,,1.0,0,0.0,,,1.0,0,0.0,,,1.0,0,0,4,False,False,0.0,0
2039,DMI,2,2,analyzed,saved,0.49656,0.49658,-2.0000000000020002e-05,0.004027548431273914,missing_class,False,gate_rejected,False,False,False,True,raw_fallback,,,,-2.0000000000020002e-05,0.004027548431273914,feasible,False,0.07824352855735539,0.0005767136824689815,feasible,False,0.11332095667531397,0.0008347933155123835,feasible,False,0.03827302907525462,0.0002826336317818929,feasible,False,0.14428961071095203,0.0010626429412742516,feasible,False,0.0009216639195541159,7.823671922859918e-06,0,0.0,,,1.0,1,0.40903,,,1.0,1,0.08755,,,1.0,0,0.0,,,1.0,0,0,4,False,False,0.0,0
517,DML,1,1,analyzed,saved,1.35404,1.35403,9.999999999843467e-06,0.0007385360737829639,missing_class,False,gate_rejected,False,False,False,True,raw_fallback,,,,9.999999999843467e-06,0.0007385360737829639,feasible,False,-3.1737561255063256e-05,4.179502465093826e-06,feasible,False,-3.1737561255063256e-05,4.179502465093826e-06,feasible,False,-3.1737561255063256e-05,4.179502465093826e-06,feasible,False,-3.1737561255063256e-05,4.179502465093826e-06,feasible,False,-3.173756125513515e-05,4.17950246509903e-06,1,1.35405,,,1.0,0,0.0,,,1.0,0,0.0,,,1.0,0,0.0,,,1.0,0,0,4,False,False,0.0,0
297,DMS,8,4,analyzed,saved,5.25295,5.252929999999999,2.0000000001019203e-05,0.00038073989185119934,missing_class,False,feasible,False,True,True,True,minimax_ratio,0.023774350014522216,0.0015560848447621206,1/2/4,0.0,0.0,feasible,False,-12.865615797406786,0.04050515994225341,feasible,False,0.40506075025678123,-0.0033570140562585796,feasible,False,-12.693979122790408,0.04068582504668361,feasible,False,-5.93950562940479,0.040507523071939736,feasible,True,0.023774350014522216,0.0015560848447621206,1,1.40307,,,0.9696239837743423,1,1.55463,,,1.0493268908668354,0,0.0,,,0.0,2,2.29526,,,0.9851293784457646,4,0,0,True,True,0.0,0
2193,DNB,1,1,analyzed,saved,0.26395,0.26396000000000003,-1.0000000000010001e-05,0.003788452795881952,missing_class,False,gate_rejected,False,False,False,True,raw_fallback,,,,-1.0000000000010001e-05,0.003788452795881952,feasible,False,0.00017590943621113156,3.334929173918165e-06,feasible,False,0.00017590943621113156,3.334929173918165e-06,feasible,False,0.00017590943621113156,3.334929173918165e-06,feasible,False,0.00017590943621113156,3.334929173918165e-06,feasible,False,0.00017590943621113156,3.334929173918165e-06,1,0.26396,,,1.0,0,0.0,,,1.0,0,0.0,,,1.0,0,0.0,,,1.0,0,0,4,False,False,0.0,0
1324,DOG,3,3,analyzed,saved,1.16243,1.16244,-9.999999999843467e-06,0.0008602594542379364,missing_class,False,feasible,True,True,True,True,absolute_l2,0.8043777592899377,0.01127118271971651,1/3/4,0.0,0.0,feasible,True,0.8013773875626296,0.011134441525344865,feasible,True,0.7929586766938284,0.011171832256950637,feasible,True,0.8027088539822999,0.011148008865513908,feasible,True,0.8043777592899377,0.01127118271971651,feasible,True,0.7252600998409111,0.010582705233168706,1,0.58389,,,0.05956909908644781,0,0.0,,,0.0,1,0.53752,,,0.5396784293124728,1,0.04104,,,20.404890125911617,4,0,0,True,True,0.0,0
1415,DOM,1,1,analyzed,saved,1.27932,1.27934,-1.999999999990898e-05,0.0015633060796902292,missing_class,False,gate_rejected,False,False,False,True,raw_fallback,,,,-1.999999999990898e-05,0.0015633060796902292,feasible,False,-0.0001859503962088479,-2.31145805763399e-06,feasible,False,-0.0001859503962088479,-2.31145805763399e-06,feasible,False,-0.0001859503962088479,-2.31145805763399e-06,feasible,False,-0.0001859503962088479,-2.31145805763399e-06,feasible,False,-0.0001859503962088479,-2.31145805763399e-06,1,1.27934,,,1.0,0,0.0,,,1.0,0,0.0,,,1.0,0,0.0,,,1.0,0,0,4,False,False,0.0,0
1876,DPH,1,1,analyzed,saved,0.12628,0.12629,-1.0000000000010001e-05,0.00791828331618497,missing_class,False,gate_rejected,False,False,False,True,raw_fallback,,,,-1.0000000000010001e-05,0.00791828331618497,feasible,False,0.0016120916703400998,5.1348234685487295e-06,feasible,False,0.0016120916703401323,5.134823468552199e-06,feasible,False,0.0016120916703401323,5.134823468552199e-06,feasible,False,0.0016120916703400998,5.1348234685487295e-06,feasible,False,0.0016120916703401323,5.134823468552199e-06,1,0.12629,,,1.0,0,0.0,,,1.0,0,0.0,,,1.0,0,0.0,,,1.0,0,0,4,False,False,0.0,0
1168,DRE,1,1,analyzed,saved,0.30141,0.30141,0.0,0.0,missing_class,False,gate_rejected,False,False,False,True,raw_fallback,,,,0.0,0.0,feasible,False,0.00029338975747108224,3.533057851248106e-06,feasible,False,0.0002933897574705809,3.533057851234228e-06,feasible,False,0.0002933897574705809,3.533057851234228e-06,feasible,False,0.0002933897574705809,3.533057851234228e-06,feasible,False,0.0002933897574705809,3.533057851234228e-06,1,0.30141,,,1.0,0,0.0,,,1.0,0,0.0,,,1.0,0,0.0,,,1.0,0,0,4,False,False,0.0,0
905,DRG,7,7,analyzed,saved,6.529480000000001,6.52951,-2.999999999886427e-05,0.0004594525469578003,missing_class,False,gate_rejected,False,False,False,True,raw_fallback,,,,-2.999999999886427e-05,0.0004594525469578003,feasible,False,0.2803290906670598,0.05591883199473523,feasible,False,0.18011787668843884,0.017928389948983152,feasible,False,0.2890034635475407,0.05490072630656456,feasible,False,0.1234183961885985,0.0628327409506122,feasible,False,-0.00012680663389354392,-1.3958719839671924e-05,0,0.0,,,1.0,3,0.58589,,,1.0,2,3.89198,,,1.0,2,2.05165,,,1.0,0,0,4,False,False,0.0,0
1295,DRP,1,1,analyzed,saved,6.15605,6.15607,-2.0000000000131024e-05,0.00032488259555416075,missing_class,False,gate_rejected,False,False,False,True,raw_fallback,,,,-2.0000000000131024e-05,0.00032488259555416075,feasible,False,-5.805225649200965e-05,-3.466404472601825e-06,feasible,False,-5.805225649495329e-05,-3.4664044728516252e-06,feasible,False,-5.805225649495329e-05,-3.4664044728516252e-06,feasible,False,-5.805225649495329e-05,-3.4664044728516252e-06,feasible,False,-5.8052256497707364e-05,-3.46640447307367e-06,1,6.15607,,,1.0,0,0.0,,,1.0,0,0.0,,,1.0,0,0.0,,,1.0,0,0,4,False,False,0.0,0
1970,DRU,3,3,analyzed,saved,0.48047000000000006,0.48049000000000003,-1.999999999996449e-05,0.004162417532095255,missing_class,False,feasible,False,True,True,True,improvement_l2,0.48512568399472966,0.007746572937878675,3/4,5.551115123125783e-17,1.1553029455609446e-14,feasible,True,0.4797188005176752,0.007738821164289139,feasible,True,0.48512568399472966,0.007746572937878675,feasible,True,0.47902953729768494,0.007737832977203618,feasible,False,-0.7808564621004355,0.005931551954612247,feasible,True,0.28403796022208294,0.007458276266989315,1,0.23657,,,0.0,0,0.0,,,0.0,1,0.10244,,,1.8108709915713697,1,0.14149,,,2.0845827363027145,4,0,0,True,True,0.0,0
1318,DRW,2,2,analyzed,saved,3.14411,3.14414,-3.0000000000196536e-05,0.0009541559854267474,missing_class,False,feasible,False,True,True,True,target_l2,0.3300929384553891,0.010566244629002946,3/4,-4.440892098500626e-16,1.4124345921303207e-14,feasible,True,0.3201021215924559,0.011121415869772595,feasible,True,0.2903035559580522,0.012777267126319216,feasible,True,0.3300929384553891,0.010566244629002946,feasible,False,0.03208983149542778,0.027125726892966138,feasible,True,0.19806030113673995,0.017903054430238208,0,0.0,,,0.0,0,0.0,,,0.0,1,1.19705,,,0.6358857816281009,1,1.94708,,,1.2238548306380288,4,0,0,True,True,0.0,0
46,DSN,2,2,analyzed,saved,0.6672600000000001,0.66727,-9.99999999995449e-06,0.0014986437274198583,missing_class,False,gate_rejected,False,False,False,True,raw_fallback,,,,-9.99999999995449e-06,0.0014986437274198583,feasible,False,0.2710350409653581,-0.000465119196239718,feasible,False,0.2929311313385639,-0.0005026162077554379,feasible,False,0.2858002748954305,-0.0004904046301811935,feasible,False,-0.8144039348985427,0.0013936929060035857,feasible,False,0.00017402537874079986,-1.2702420434992229e-06,1,0.2754,,,1.0,0,0.0,,,1.0,1,0.39187,,,1.0,0,0.0,,,1.0,0,0,4,False,False,0.0,0
268,DTI,6,6,analyzed,saved,7.8656,7.865679999999999,-7.999999999963592e-05,0.0010170767180922174,negative_factor,False,feasible,False,True,True,True,target_l2,0.9449673015848623,0.18317248317905774,1/3,8.881784197001252e-16,1.1291819902413082e-14,feasible,True,0.9448372854555516,0.1831750132604086,feasible,True,0.9402314054310101,0.18326464253345093,feasible,True,0.9449673015848623,0.18317248317905774,feasible,True,0.9113607017418444,0.18382645920477017,feasible,True,0.9103602387102709,0.18384592796508248,1,1.63496,,4.747320019393437,4.285229677062093,1,1.59996,,-2.1923771153469156,0.0,3,1.89939,,0.45259067087883226,0.45248840281555786,1,2.73137,,1.007563149192265,0.0,4,0,0,True,True,0.0,0
1857,DTM,1,1,analyzed,saved,0.05352,0.05354,-1.9999999999999185e-05,0.03735524841240042,missing_class,False,gate_rejected,False,False,False,True,raw_fallback,,,,-1.9999999999999185e-05,0.03735524841240042,feasible,False,-0.00021764254470705544,-1.7767552931940815e-06,feasible,False,-0.00021764254470696802,-1.7767552931935936e-06,feasible,False,-0.00021764254470696802,-1.7767552931935936e-06,feasible,False,-0.00021764254470696802,-1.7767552931935936e-06,feasible,False,-0.00021764254470696802,-1.7767552931935936e-06,1,0.05353,,,1.0,0,0.0,,,1.0,0,0.0,,,1.0,0,0.0,,,1.0,0,0,4,False,False,0.0,0
24,DUL,11,10,analyzed,saved,8.06917,8.06928,-0.00010999999999938836,0.001363194733599384,negative_factor,False,feasible,False,True,True,True,improvement_l2,0.39726437822759664,0.07908332074010715,3/4,-1.7763568394002505e-15,2.201382080433757e-14,feasible,False,-0.43555797130837126,0.13266184996057873,feasible,True,0.39726437822759664,0.07908332074010715,feasible,False,-0.3539288678654753,0.13855135722305162,feasible,False,-0.21028494730338507,0.13753458842303562,feasible,True,0.2943678801673797,0.08898281449149459,5,2.42074,,-17.326282654475218,0.0,1,0.66496,,151.53066023305908,0.0,1,2.71817,,2.4720375211482732,0.9056966864207421,3,2.2654199999999998,,-25.368145287971128,2.4752014553825137,4,0,0,True,True,0.0,0
1849,DUN,2,2,analyzed,saved,0.7741,0.77413,-2.999999999997449e-05,0.003875318099024,missing_class,False,feasible,False,True,True,True,target_l2,0.2533334855553383,0.004481948286159686,3/4,-1.1102230246251565e-16,1.434155793762232e-14,feasible,True,0.22218190109177416,0.004537201288322076,feasible,True,0.25324453736688307,0.004482106051953405,feasible,True,0.2533334855553383,0.004481948286159686,feasible,False,-0.07826778757142229,0.005070103469166474,feasible,True,0.045790234476727074,0.004850063998349074,0,0.0,,,0.0,0,0.0,,,0.0,1,0.62254,,,0.5733011843015637,1,0.15158,,,2.752310211726385,4,0,0,True,True,0.0,0
835,DWG,1,1,analyzed,saved,0.14688,0.14689,-9.999999999982245e-06,0.0068078153720350235,missing_class,False,gate_rejected,False,False,False,True,raw_fallback,,,,-9.999999999982245e-06,0.0068078153720350235,feasible,False,0.0015153031675734121,4.100987666576716e-06,feasible,False,0.0015153031675719545,4.100987666569777e-06,feasible,False,0.0015153031675734121,4.100987666576716e-06,feasible,False,0.0015153031675734121,4.100987666576716e-06,feasible,False,0.0015153031675734121,4.100987666576716e-06,1,0.14689,,,1.0,0,0.0,,,1.0,0,0.0,,,1.0,0,0.0,,,1.0,0,0,4,False,False,0.0,0
144,DWS,9,9,analyzed,saved,3.0913999999999997,3.09141,-1.0000000000509601e-05,0.00032347698948083885,singular,False,gate_rejected,False,False,False,True,raw_fallback,,,,-1.0000000000509601e-05,0.00032347698948083885,feasible,False,-18.454296785476537,0.025782076888233696,feasible,False,0.2561432093056969,0.0017641206109666463,feasible,False,-18.45600671015022,0.025784271860455996,feasible,False,-16.518842538228316,0.02329760001329021,feasible,False,0.01953589649193155,0.002067845381502717,5,1.8682499999999997,,,1.0,1,0.36135,,,1.0,1,0.11416,,,1.0,2,0.7477,,,1.0,0,0,4,False,False,0.0,0
872,DYG,1,0,no_valid_locations,saved,,,,,,,,,,,,,,,,,,,,,,,,,,,,,,,,,,,,,,,,,,,,,,,,,,,,,,,,,,,,,,,,
882,DYN,2,1,analyzed,saved,0.10934,0.10933999999999999,1.3877787807814457e-17,1.2692324682471609e-14,missing_class,False,gate_rejected,False,False,False,True,raw_fallback,,,,1.3877787807814457e-17,1.2692324682471609e-14,feasible,False,1.9863268205320057e-05,1.1748633879787862e-06,feasible,False,1.9863268205320057e-05,1.1748633879787862e-06,feasible,False,1.9863268205320057e-05,1.1748633879787862e-06,feasible,False,1.9863268205320057e-05,1.1748633879787862e-06,feasible,False,1.9863268205320057e-05,1.1748633879787862e-06,0,0.0,,,1.0,1,0.10934,,,1.0,0,0.0,,,1.0,0,0.0,,,1.0,0,0,4,False,False,0.0,0
855,DZH,1,1,analyzed,saved,0.05699,0.056979999999999996,1.0000000000003062e-05,0.017550017550022924,missing_class,False,gate_rejected,False,False,False,True,raw_fallback,,,,1.0000000000003062e-05,0.017550017550022924,feasible,False,0.00010737548061899227,2.6960784313733235e-06,feasible,False,0.00010737548061899227,2.6960784313733235e-06,feasible,False,0.00010737548061899227,2.6960784313733235e-06,feasible,False,0.00010737548061899227,2.6960784313733235e-06,feasible,False,0.00010737548061899227,2.6960784313733235e-06,1,0.05699,,,1.0,0,0.0,,,1.0,0,0.0,,,1.0,0,0.0,,,1.0,0,0,4,False,False,0.0,0
412,DZK,3,3,analyzed,saved,0.47198,0.47196,2.0000000000020002e-05,0.004237647258246462,missing_class,False,gate_rejected,False,False,False,True,raw_fallback,,,,2.0000000000020002e-05,0.004237647258246462,feasible,False,0.17930357619357296,0.0006140667391139488,feasible,False,0.25084620754180026,0.0006159488827121584,feasible,False,-0.004661586354717886,0.0006092269834821785,feasible,False,-2.954479592316772,0.0005316231692090324,feasible,False,0.0002591374237497604,7.601631107485157e-06,1,0.13937,,,1.0,2,0.33261,,,1.0,0,0.0,,,1.0,0,0.0,,,1.0,0,0,4,False,False,0.0,0
48,EGL,2,2,analyzed,saved,1.45344,1.45346,-1.999999999990898e-05,0.0013760268600380458,missing_class,False,gate_rejected,False,False,False,True,raw_fallback,,,,-1.999999999990898e-05,0.0013760268600380458,feasible,False,0.049131037329325,0.0016811979959725463,feasible,False,0.1372329138332847,0.004697403085443048,feasible,False,0.05150213457792537,0.0017623735154126928,feasible,False,0.13723291383328448,0.004697403085443003,feasible,False,0.0002654530410810694,8.264003204448006e-06,0,0.0,,,1.0,1,1.1022,,,1.0,0,0.0,,,1.0,1,0.35126,,,1.0,0,0,4,False,False,0.0,0
2185,EIC,2,2,analyzed,saved,0.4558,0.45584,-4.0000000000040004e-05,0.00877500877501755,missing_class,False,gate_rejected,False,False,False,True,raw_fallback,,,,-4.0000000000040004e-05,0.00877500877501755,feasible,False,0.2336499607305425,0.001027077471384268,feasible,False,0.2503278929315216,0.0011001224001468152,feasible,False,0.24851031621760267,0.0010921618952120034,feasible,False,-0.38174525389908376,-0.0016559357857373453,feasible,False,0.00011236994872771975,9.112349272935583e-06,0,0.0,,,1.0,0,0.0,,,1.0,1,0.29581,,,1.0,1,0.16002,,,1.0,0,0,4,False,False,0.0,0
966,EJI,1,0,no_valid_locations,saved,,,,,,,,,,,,,,,,,,,,,,,,,,,,,,,,,,,,,,,,,,,,,,,,,,,,,,,,,,,,,,,,
1277,ELA,1,1,analyzed,saved,1.34278,1.3427900000000002,-1.0000000000065512e-05,0.0007447180869730569,missing_class,False,gate_rejected,False,False,False,True,raw_fallback,,,,-1.0000000000065512e-05,0.0007447180869730569,feasible,False,-4.3962629967341994e-05,6.593737197219118e-08,feasible,False,-4.396262996963782e-05,6.593737192014948e-08,feasible,False,-4.396262996963782e-05,6.593737192014948e-08,feasible,False,-4.3962629967341994e-05,6.593737197219118e-08,feasible,False,-4.396262996963782e-05,6.593737192014948e-08,1,1.3428,,,1.0,0,0.0,,,1.0,0,0.0,,,1.0,0,0.0,,,1.0,0,0,4,False,False,0.0,0
2239,ELL,1,1,analyzed,saved,1.16489,1.16489,0.0,0.0,missing_class,False,gate_rejected,False,False,False,True,raw_fallback,,,,0.0,0.0,feasible,False,3.9669565070801066e-05,3.5514442335762147e-06,feasible,False,3.9669565070801066e-05,3.5514442335762147e-06,feasible,False,3.9669565070801066e-05,3.5514442335762147e-06,feasible,False,3.9669565070801066e-05,3.5514442335762147e-06,feasible,False,3.966956507144881e-05,3.551444233629991e-06,1,1.1649,,,1.0,0,0.0,,,1.0,0,0.0,,,1.0,0,0.0,,,1.0,0,0,4,False,False,0.0,0
326,ELY,1,1,analyzed,saved,0.90741,0.9074199999999999,-9.999999999843467e-06,0.0011020255228938606,missing_class,False,gate_rejected,False,False,False,True,raw_fallback,,,,-9.999999999843467e-06,0.0011020255228938606,feasible,False,4.261261686094419e-05,3.971430207271032e-06,feasible,False,4.261261686094419e-05,3.971430207271032e-06,feasible,False,4.261261686082156e-05,3.9714302072467456e-06,feasible,False,4.261261686094419e-05,3.971430207271032e-06,feasible,False,4.261261686094419e-05,3.971430207271032e-06,1,0.90742,,,1.0,0,0.0,,,1.0,0,0.0,,,1.0,0,0.0,,,1.0,0,0,4,False,False,0.0,0
289,ENG,138,132,analyzed,saved,191.32836000000003,191.32970999999998,-0.0013499999999453394,0.0007055882747877156,negative_factor,False,feasible,False,True,True,True,improvement_l2,0.8115971920346556,3.085761609059368,1/2/3,-2.842170943040401e-14,1.485483327728036e-14,feasible,False,0.5586002000694087,3.868755886927747,feasible,True,0.8115971920346556,3.085761609059368,feasible,False,0.552523606600692,3.888057409720156,feasible,False,0.5072920162199573,3.895453452451819,feasible,True,0.7366603531302838,3.027047298835453,19,25.898990000000005,,5.838611305800889,5.00234317558446,78,94.2678,,0.5540718691710989,0.3922979908179351,15,32.73437,,0.5518096424028041,0.7573653198947172,20,38.4286,,-0.7853503559019513,0.0,4,0,0,True,True,0.0,0
1210,ENN,6,6,analyzed,saved,0.8311999999999999,0.8311999999999999,0.0,0.0,singular,False,gate_rejected,False,False,False,True,raw_fallback,,,,0.0,0.0,feasible,False,0.4374578604350676,0.017554217613204463,feasible,False,0.47381795367828994,0.013410388823419191,feasible,False,0.4374578604350676,0.017554217613204463,feasible,False,0.4374578604350676,0.017554217613204463,feasible,False,0.46761295061546165,0.014117550660448931,1,0.17553,,,1.0,1,0.137,,,1.0,1,0.12913,,,1.0,3,0.38954999999999995,,,1.0,0,0,4,False,False,0.0,0
202,EPI,10,10,analyzed,saved,2.98666,2.9867399999999997,-7.999999999963592e-05,0.0026785056616791527,negative_factor,False,feasible,False,True,True,True,target_l2,0.5646395588959027,0.08988522599963264,2/3,-4.440892098500626e-16,1.4868693285992843e-14,feasible,True,0.5447357104015518,0.08644013077228926,feasible,True,0.5248072824128984,0.08340260457867418,feasible,True,0.5646395588959027,0.08988522599963264,feasible,True,0.5335463240706775,0.08485318561169085,feasible,True,0.48380774341251603,0.07659714970554841,5,1.1399499999999998,,1.3639082130649685,0.0,2,0.18091000000000002,,37.196486843387135,12.647989594710278,1,0.98061,,0.6051108191595749,0.7121532318402002,2,0.68527,,-8.596994317960192,0.0,4,0,0,True,True,0.0,0
1841,ERB,1,1,analyzed,saved,0.41293,0.41295000000000004,-2.0000000000020002e-05,0.004843201356101223,missing_class,False,gate_rejected,False,False,False,True,raw_fallback,,,,-2.0000000000020002e-05,0.004843201356101223,feasible,False,0.00010194366358378087,-5.229211809268733e-07,feasible,False,0.00010194366358333552,-5.229211809511594e-07,feasible,False,0.00010194366358333552,-5.229211809511594e-07,feasible,False,0.00010194366358333552,-5.229211809511594e-07,feasible,False,0.00010194366358333552,-5.229211809511594e-07,1,0.41294,,,1.0,0,0.0,,,1.0,0,0.0,,,1.0,0,0.0,,,1.0,0,0,4,False,False,0.0,0
25,ERE,42,36,analyzed,saved,32.70098,32.701190000000004,-0.00021000000000270802,0.0006421784650733138,negative_factor,False,feasible,False,True,True,True,improvement_l2,0.5155797350608555,0.6283031124116155,3/4,0.0,0.0,feasible,True,0.44075159993114776,0.5518137993548714,feasible,True,0.5155797350608555,0.6283031124116155,feasible,True,0.46660001434078535,0.5761519483467207,feasible,True,0.40013819216111773,0.557977871157191,feasible,True,0.5138004046376066,0.6205945247195745,13,14.51005,,-3.374157969067253,0.0,3,1.31872,,27.283247690394216,0.0,3,9.1146,,0.8967000099627216,0.8512940872092809,17,7.757880000000001,,4.8347228657819805,3.2149853696176693,4,0,0,True,True,0.0,0
1830,ERF,1,1,analyzed,saved,1.94055,1.9405999999999999,-4.999999999988347e-05,0.002576522724924429,missing_class,False,gate_rejected,False,False,False,True,raw_fallback,,,,-4.999999999988347e-05,0.002576522724924429,feasible,False,-9.832127462631025e-05,-1.1214109200746378e-05,feasible,False,-9.832127462577692e-05,-1.1214109200661376e-05,feasible,False,-9.832127462631025e-05,-1.1214109200746378e-05,feasible,False,-9.832127462631025e-05,-1.1214109200746378e-05,feasible,False,-9.832127462577692e-05,-1.1214109200661376e-05,1,1.94056,,,1.0,0,0.0,,,1.0,0,0.0,,,1.0,0,0.0,,,1.0,0,0,4,False,False,0.0,0
235,ERM,3,3,analyzed,saved,0.6207499999999999,0.62075,-1.1102230246251565e-16,1.788518767015959e-14,missing_class,False,gate_rejected,False,False,False,True,raw_fallback,,,,-1.1102230246251565e-16,1.788518767015959e-14,feasible,False,0.47259129826882545,0.021135983292834146,feasible,False,0.4822699334707615,0.02160533718563596,feasible,False,0.47425688368859115,0.02121675387507539,feasible,False,0.4523365708421423,0.021381925066045245,feasible,False,0.3239299761813386,0.01392682944262302,1,0.43517,,,1.0,1,0.05237,,,1.0,0,0.0,,,1.0,1,0.13324,,,1.0,0,0,4,False,False,0.0,0
1858,ESS,1,1,analyzed,saved,0.91783,0.9178300000000001,-1.1102230246251565e-16,1.2096172762114513e-14,missing_class,False,gate_rejected,False,False,False,True,raw_fallback,,,,-1.1102230246251565e-16,1.2096172762114513e-14,feasible,False,-4.5012791066396784e-05,3.0482561635125638e-06,feasible,False,-4.5012791066396784e-05,3.0482561635125638e-06,feasible,False,-4.5012791066184125e-05,3.0482561635403194e-06,feasible,False,-4.5012791066396784e-05,3.0482561635125638e-06,feasible,False,-4.5012791066396784e-05,3.0482561635125638e-06,1,0.91784,,,1.0,0,0.0,,,1.0,0,0.0,,,1.0,0,0.0,,,1.0,0,0,4,False,False,0.0,0
1178,ETA,2,2,analyzed,saved,0.54905,0.54909,-3.999999999992898e-05,0.0072847802728020885,missing_class,False,gate_rejected,False,False,False,True,raw_fallback,,,,-3.999999999992898e-05,0.0072847802728020885,feasible,False,0.046138538642003984,0.0064326109762020585,feasible,False,0.046138538642003984,0.0064326109762020585,feasible,False,0.046138538642003984,0.0064326109762020585,feasible,False,0.046138538642003984,0.0064326109762020585,feasible,False,0.046138538642003984,0.0064326109762020585,1,0.24919,,,1.0,0,0.0,,,1.0,0,0.0,,,1.0,1,0.29988,,,1.0,0,0,4,False,False,0.0,0
1213,ETH,45,29,analyzed,saved,13.9574,13.95767,-0.00027000000000043656,0.0019344202864836075,feasible,True,feasible,True,True,True,True,balanced_l2,0.999999999999996,0.2000824999999992,1/2/3/4,3.552713678800501e-15,2.5453486712327348e-14,feasible,True,0.999999999999996,0.2000824999999992,feasible,True,0.9999999999998579,0.2000824999999701,feasible,True,0.9999999999999938,0.2000824999999987,feasible,True,0.999999999999952,0.20008249999998975,feasible,True,0.999999999999995,0.20008249999999891,3,0.68541,,6.749179872183933,6.749179872183902,2,0.8665400000000001,,4.144009105963361,4.144009105963362,2,4.73159,,0.9280871783695744,0.9280871783695751,22,7.67408,,0.1758057136068952,0.17580571360689767,4,0,0,True,True,0.0,0
1702,ETZ,1,1,analyzed,saved,0.37651999999999997,0.37651,9.99999999995449e-06,0.0026559719529240895,missing_class,False,gate_rejected,False,False,False,True,raw_fallback,,,,9.99999999995449e-06,0.0026559719529240895,feasible,False,0.0002684101144523124,3.943448917859225e-06,feasible,False,0.0002684101144515416,3.943448917845564e-06,feasible,False,0.0002684101144523124,3.943448917859225e-06,feasible,False,0.0002684101144523124,3.943448917859225e-06,feasible,False,0.0002684101144515416,3.943448917845564e-06,1,0.37652,,,1.0,0,0.0,,,1.0,0,0.0,,,1.0,0,0.0,,,1.0,0,0,4,False,False,0.0,0
1153,EVR,4,4,analyzed,saved,3.4119900000000003,3.41201,-1.9999999999686935e-05,0.0005861647533180423,missing_class,False,feasible,False,True,True,True,balanced_l2,0.26124318362710497,0.014403035689962748,1/4,0.0,0.0,feasible,True,0.26124318362710497,0.014403035689962748,feasible,True,0.23996102140642017,0.026070920933020936,feasible,False,0.2675120397974744,0.010966153025380015,feasible,False,0.1701416463171458,0.06434919584871115,feasible,True,0.22923686525563894,0.03195040921050128,2,1.54721,,,1.038862220159941,0,0.0,,,0.0,1,1.14688,,,0.0,1,0.71794,,,2.513630200117036,4,0,0,True,True,0.0,0
1894,EVS,1,1,analyzed,saved,0.27945999999999993,0.27948,-2.0000000000075513e-05,0.007156147130412019,missing_class,False,gate_rejected,False,False,False,True,raw_fallback,,,,-2.0000000000075513e-05,0.007156147130412019,feasible,False,-0.0008787143536357159,1.1236933797915266e-06,feasible,False,-0.0008787143536359595,1.1236933797861056e-06,feasible,False,-0.0008787143536357159,1.1236933797915266e-06,feasible,False,-0.0008787143536357159,1.1236933797915266e-06,feasible,False,-0.0008787143536359595,1.1236933797861056e-06,1,0.27949,,,1.0,0,0.0,,,1.0,0,0.0,,,1.0,0,0.0,,,1.0,0,0,4,False,False,0.0,0
343,EWY,1,1,analyzed,saved,1.03105,1.03105,0.0,0.0,missing_class,False,gate_rejected,False,False,False,True,raw_fallback,,,,0.0,0.0,feasible,False,0.00012319510086588754,3.848882365554626e-06,feasible,False,0.00012319510086588754,3.848882365554626e-06,feasible,False,0.000123195100865703,3.8488823655338095e-06,feasible,False,0.00012319510086588754,3.848882365554626e-06,feasible,False,0.000123195100865703,3.8488823655338095e-06,1,1.03106,,,1.0,0,0.0,,,1.0,0,0.0,,,1.0,0,0.0,,,1.0,0,0,4,False,False,0.0,0
1474,FAE,1,1,analyzed,saved,0.27532999999999996,0.27535,-2.0000000000020002e-05,0.007263482840029055,missing_class,False,gate_rejected,False,False,False,True,raw_fallback,,,,-2.0000000000020002e-05,0.007263482840029055,feasible,False,-0.0008468578297881889,7.679812722219403e-08,feasible,False,-0.0008468578297880301,7.679812722913293e-08,feasible,False,-0.0008468578297881889,7.679812722219403e-08,feasible,False,-0.0008468578297880301,7.679812722913293e-08,feasible,False,-0.0008468578297881889,7.679812722219403e-08,1,0.27535,,,1.0,0,0.0,,,1.0,0,0.0,,,1.0,0,0.0,,,1.0,0,0,4,False,False,0.0,0
1912,FAL,2,2,analyzed,saved,3.43308,3.4330700000000003,9.999999999621423e-06,0.00029128447714790034,missing_class,False,gate_rejected,False,False,False,True,raw_fallback,,,,9.999999999621423e-06,0.00029128447714790034,feasible,False,-0.003118936095481135,-0.0003658008778262903,feasible,False,0.3303309111510122,0.042003815028198395,feasible,False,0.11170926198478898,0.01323513172321409,feasible,False,0.28864889467678345,0.04063145956174861,feasible,False,0.000251425515350607,3.340473435279462e-05,0,0.0,,,1.0,0,0.0,,,1.0,1,1.42295,,,1.0,1,2.01014,,,1.0,0,0,4,False,False,0.0,0
2208,FBG,1,1,analyzed,saved,0.8282,0.82822,-1.999999999990898e-05,0.002414817319058823,missing_class,False,gate_rejected,False,False,False,True,raw_fallback,,,,-1.999999999990898e-05,0.002414817319058823,feasible,False,4.3408793988151416e-06,8.402212218275307e-07,feasible,False,4.340879398714866e-06,8.402212217997751e-07,feasible,False,4.340879398714866e-06,8.402212217997751e-07,feasible,False,4.340879398714866e-06,8.402212217997751e-07,feasible,False,4.340879398714866e-06,8.402212217997751e-07,1,0.82822,,,1.0,0,0.0,,,1.0,0,0.0,,,1.0,0,0.0,,,1.0,0,0,4,False,False,0.0,0
1143,FCB,11,11,analyzed,saved,8.73888,8.73899,-0.00010999999999938836,0.0012587266949543182,negative_factor,False,feasible,False,True,True,True,minimax_ratio,0.01688513897973288,0.010319092348479327,1/2/3,-1.2434497875801753e-14,1.4228758558828598e-13,feasible,False,-5.660636283219017,0.06464929830986774,feasible,False,0.46101879003378254,-0.006853030493407323,feasible,False,-5.659612470579302,0.06467090175522654,feasible,False,-5.036379912854798,0.05618444063523669,feasible,True,0.01688513897973288,0.010319092348479327,5,4.23911,,-23.607552631205888,0.7303023970074083,2,1.07356,,110.36288946264928,2.086054313465496,3,2.98923,,29.372864494426853,1.1386136664789985,1,0.43711,,-222.98663285478187,0.0,4,0,0,True,True,0.0,0
327,FCL,1,1,analyzed,saved,0.21458999999999998,0.2146,-1.0000000000037756e-05,0.004659832246056736,missing_class,False,gate_rejected,False,False,False,True,raw_fallback,,,,-1.0000000000037756e-05,0.004659832246056736,feasible,False,0.00036307273560806555,6.079881656799197e-06,feasible,False,0.00036307273560806555,6.079881656799197e-06,feasible,False,0.00036307273560806555,6.079881656799197e-06,feasible,False,0.00036307273560806555,6.079881656799197e-06,feasible,False,0.00036307273560806555,6.079881656799197e-06,1,0.2146,,,1.0,0,0.0,,,1.0,0,0.0,,,1.0,0,0.0,,,1.0,0,0,4,False,False,0.0,0
511,FDL,27,15,analyzed,saved,10.02684,10.026959999999999,-0.00011999999999900979,0.0011967734986377705,feasible,True,feasible,True,True,True,True,balanced_l2,0.9999999999999714,0.1292749999999977,1/2/3/4,0.0,0.0,feasible,True,0.9999999999999714,0.1292749999999977,feasible,True,0.999999999999958,0.12927499999999512,feasible,True,0.9999999999999603,0.1292749999999966,feasible,True,0.9999999999996824,0.12927499999997388,feasible,True,0.9999999999999998,0.12927499999999995,6,1.78933,,0.9784884020977344,0.9784884020977316,2,0.46381,,10.04050899938338,10.040508999382896,5,6.356459999999999,,0.4239772254365476,0.42397722543654753,2,1.41733,,0.6519079844964416,0.6519079844966043,4,0,0,True,True,0.0,0
2252,FEO,1,1,analyzed,saved,0.03073,0.030739999999999996,-9.999999999996123e-06,0.03253090435912858,missing_class,False,gate_rejected,False,False,False,True,raw_fallback,,,,-9.999999999996123e-06,0.03253090435912858,feasible,False,0.00014255035191831103,1.9872418934767724e-06,feasible,False,0.00014255035191831103,1.9872418934767724e-06,feasible,False,0.0001425503519182366,1.9872418934756882e-06,feasible,False,0.00014255035191831103,1.9872418934767724e-06,feasible,False,0.00014255035191831103,1.9872418934767724e-06,1,0.03074,,,1.0,0,0.0,,,1.0,0,0.0,,,1.0,0,0.0,,,1.0,0,0,4,False,False,0.0,0
1476,FER,8,7,analyzed,saved,6.30331,6.30345,-0.000140000000000029,0.002221005957055723,negative_factor,False,feasible,False,True,True,True,minimax_ratio,0.03199254543846545,0.024769958428964428,2/3/4,0.0,0.0,feasible,False,0.2577821030278394,0.09438808788377828,feasible,False,0.22553584505074195,0.08072094577553801,feasible,False,0.26689314183800616,0.09608807433952324,feasible,False,0.006227469221556262,0.02603712364349539,feasible,True,0.03199254543846545,0.024769958428964428,4,2.56156,,-30.347401853218983,0.0,1,1.51108,,-8.893130797607038,0.6854648225744526,1,0.40748,,26.03256618376058,1.7963747556946963,1,1.82328,,47.645543852744304,2.4876296114999317,4,0,0,True,True,0.0,0
1547,FLA,12,12,analyzed,saved,13.771230000000001,13.7715,-0.0002699999999986602,0.0019605707439179477,negative_factor,False,feasible,False,True,True,True,minimax_ratio,0.2561822531662357,0.1771791516999076,2/4,1.7763568394002505e-15,1.2898789815199872e-14,feasible,False,0.204295138438522,0.10716349227187588,feasible,False,0.3086660844137486,0.24800001104789293,feasible,False,0.0033149006188122263,-0.10185728892875523,feasible,False,0.27171328437512754,0.19813648180766746,feasible,True,0.2561822531662357,0.1771791516999076,4,1.15304,,-520.9541369926181,0.0,1,0.67723,,-216.74105617924573,16.08534238878037,3,8.81219,,18.29732585926464,0.0,4,3.12891,,191.76345869389084,0.9197739606464412,4,0,0,True,True,0.0,0
1826,FLD,2,2,analyzed,saved,0.7788600000000001,0.7788900000000001,-2.999999999997449e-05,0.0038516350190623177,missing_class,False,gate_rejected,False,False,False,True,raw_fallback,,,,-2.999999999997449e-05,0.0038516350190623177,feasible,False,0.14644001224545825,-0.00429267445435556,feasible,False,0.12193607514951303,-0.0035708087589298573,feasible,False,0.14437358970024297,-0.004231799357353635,feasible,False,-0.15609533042958934,0.004619766214908004,feasible,False,0.0002155135670062195,1.4978189931653865e-05,0,0.0,,,1.0,0,0.0,,,1.0,1,0.16165,,,1.0,1,0.61724,,,1.0,0,0,4,False,False,0.0,0
2217,FLK,2,2,analyzed,saved,3.6566899999999998,3.65669,-4.440892098500626e-16,1.2144568170943192e-14,missing_class,False,gate_rejected,False,False,False,True,raw_fallback,,,,-4.440892098500626e-16,1.2144568170943192e-14,feasible,False,-0.017327547619919607,-0.019669634738864874,feasible,False,0.027061277614936225,0.03081682241616584,feasible,False,-0.017327547619919607,-0.019669634738864874,feasible,False,0.031446176027422806,0.03580406829753099,feasible,False,-4.4871342321169124e-05,-1.2860972117386543e-05,1,2.35976,,,1.0,0,0.0,,,1.0,1,1.29695,,,1.0,0,0.0,,,1.0,0,0,4,False,False,0.0,0
967,FLN,1,1,analyzed,saved,0.24344999999999997,0.24345999999999998,-1.0000000000010001e-05,0.004107450915965662,missing_class,False,gate_rejected,False,False,False,True,raw_fallback,,,,-1.0000000000010001e-05,0.004107450915965662,feasible,False,0.000415885650241037,4.7917234487159475e-06,feasible,False,0.000415885650241037,4.7917234487159475e-06,feasible,False,0.00041588565024132547,4.791723448722453e-06,feasible,False,0.000415885650241037,4.7917234487159475e-06,feasible,False,0.00041588565024132547,4.791723448722453e-06,1,0.24346,,,1.0,0,0.0,,,1.0,0,0.0,,,1.0,0,0.0,,,1.0,0,0,4,False,False,0.0,0
1477,FLO,5,5,analyzed,saved,28.128079999999997,28.128259999999997,-0.00018000000000029104,0.0006399258254875739,missing_class,False,feasible,False,True,True,True,minimax_ratio,0.17123162354662932,0.40768390182023084,2/4,3.552713678800501e-15,1.2630406853465168e-14,feasible,False,0.18181556863728726,0.7930656965175846,feasible,True,0.17097918488032185,0.39849212451609295,feasible,False,0.1815943807860943,0.7850118214900847,feasible,False,0.17987979098259388,0.7225803094231963,feasible,True,0.17123162354662932,0.40768390182023084,0,0.0,,,0.0,1,1.71501,,,12.573999598701512,1,21.49302,,,0.0,3,4.920109999999999,,,1.3340471961801048,4,0,0,True,True,0.0,0
335,FLY,2,2,analyzed,saved,2.04211,2.04211,0.0,0.0,missing_class,False,gate_rejected,False,False,False,True,raw_fallback,,,,0.0,0.0,feasible,False,-0.3240311024237908,0.0033484318230338865,feasible,False,0.23286707378835206,-0.0023976811894723914,feasible,False,-0.44285816010387696,0.004574497433479149,feasible,False,-3.6987641851391504,0.03816915580568722,feasible,False,1.3731887140143904e-05,4.915326473887288e-06,1,0.9983,,,1.0,0,0.0,,,1.0,1,1.04383,,,1.0,0,0.0,,,1.0,0,0,4,False,False,0.0,0
329,FMA,2,2,analyzed,saved,0.9852899999999999,0.9852900000000001,-2.220446049250313e-16,2.253596453075047e-14,missing_class,False,gate_rejected,False,False,False,True,raw_fallback,,,,-2.220446049250313e-16,2.253596453075047e-14,feasible,False,0.060606653350093166,0.006487116810877592,feasible,False,0.060606653350093166,0.006487116810877592,feasible,False,0.060606653350093166,0.006487116810877592,feasible,False,0.060606653350093166,0.006487116810877592,feasible,False,0.060606653350093166,0.006487116810877592,1,0.54243,,,1.0,1,0.44287,,,1.0,0,0.0,,,1.0,0,0.0,,,1.0,0,0,4,False,False,0.0,0
2024,FMB,1,1,analyzed,saved,0.24184,0.24185,-1.0000000000010001e-05,0.004134794293988009,missing_class,False,gate_rejected,False,False,False,True,raw_fallback,,,,-1.0000000000010001e-05,0.004134794293988009,feasible,False,0.0006320193319522458,-9.856153436313062e-07,feasible,False,0.0006320193319522458,-9.856153436313062e-07,feasible,False,0.0006320193319531911,-9.856153436182957e-07,feasible,False,0.0006320193319526815,-9.856153436256683e-07,feasible,False,0.0006320193319522458,-9.856153436313062e-07,1,0.24185,,,1.0,0,0.0,,,1.0,0,0.0,,,1.0,0,0.0,,,1.0,0,0,4,False,False,0.0,0
1948,FMN,1,1,analyzed,saved,0.63198,0.6319899999999999,-9.99999999995449e-06,0.0015823035174535184,missing_class,False,gate_rejected,False,False,False,True,raw_fallback,,,,-9.99999999995449e-06,0.0015823035174535184,feasible,False,-0.00010740973482099667,-5.317934504804611e-07,feasible,False,-0.00010740973482099667,-5.317934504804611e-07,feasible,False,-0.00010740973482099667,-5.317934504804611e-07,feasible,False,-0.00010740973482099667,-5.317934504804611e-07,feasible,False,-0.00010740973482099667,-5.317934504804611e-07,1,0.63199,,,1.0,0,0.0,,,1.0,0,0.0,,,1.0,0,0.0,,,1.0,0,0,4,False,False,0.0,0
1154,FOI,2,2,analyzed,saved,0.58005,0.5800799999999999,-2.999999999997449e-05,0.005171700455105243,missing_class,False,gate_rejected,False,False,False,True,raw_fallback,,,,-2.999999999997449e-05,0.005171700455105243,feasible,False,0.06559925719235835,0.002744231926418487,feasible,False,0.03560642315391415,0.0015449561443719416,feasible,False,0.10080424483739525,0.004345421767592939,feasible,False,0.03623279685557215,0.0015721070500268226,feasible,False,-4.127742343858675e-05,-2.354124054027018e-07,0,0.0,,,1.0,1,0.46787,,,1.0,0,0.0,,,1.0,1,0.1122,,,1.0,0,0,4,False,False,0.0,0
1141,FRA,163,80,analyzed,saved,186.39659,186.39788000000001,-0.0012900000000115597,0.0006920679570022791,negative_factor,False,feasible,False,True,True,True,improvement_l2,0.6330834563010068,5.575041660989534,1/4,-5.684341886080802e-14,3.0495743224551704e-14,feasible,True,0.6148406891583412,5.689664291455334,feasible,True,0.6330834563010068,5.575041660989534,feasible,True,0.6183428617850999,5.667659502615734,feasible,True,0.5793120136771369,5.912897434145469,feasible,True,0.5955526574536347,5.118826322779923,1,12.21309,,14.328153920145605,11.695905146073168,2,3.0088999999999997,,-4.180853496933803,0.0,26,74.3887,,-0.2912754890998622,0.0,51,96.78685,,0.47169777703641236,0.45000496958102376,4,0,0,True,True,0.0,0
2184,FRE,5,4,analyzed,saved,1.91256,1.91257,-1.0000000000065512e-05,0.0005228566797589375,missing_class,False,feasible,False,True,True,True,minimax_ratio,0.08688663677374817,0.0026237787393948997,2/3,-4.440892098500626e-16,2.3219500977745264e-14,feasible,False,-0.27587986281234317,0.004237414576732906,feasible,False,0.10287227702354557,0.004472843669556796,feasible,False,-0.27587986281234317,0.004237414576732906,feasible,False,0.014521979322861173,0.00889899205777963,feasible,True,0.08688663677374817,0.0026237787393948997,1,0.28873,,,0.0,1,0.55846,,,1.7561375277545606,2,1.06541,,,0.8746024436618489,0,0.0,,,0.0,4,0,0,True,True,0.0,0
1558,FRI,11,11,analyzed,saved,8.19055,8.190660000000001,-0.00011000000000116472,0.0013429931165640462,negative_factor,False,feasible,False,True,True,True,balanced_l2,0.524050351257915,0.17856892071251373,3/4,0.0,0.0,feasible,True,0.524050351257915,0.17856892071251373,feasible,True,0.5203568314615515,0.17823326012146773,feasible,True,0.5168241542865836,0.17791221662531725,feasible,False,-0.7572391467005875,0.0559911426697878,feasible,True,0.45177938996778044,0.17190305457087418,7,6.103000000000001,,-1.3699193357760986,0.0,2,0.6904699999999999,,-10463.937183955748,0.0,1,0.19241,,4.371220020753526,1.7647623357744788,1,1.20475,,6010.276479263439,6.516732452373979,4,0,0,True,True,0.0,0
1478,FRM,1,1,analyzed,saved,0.16010000000000002,0.16011999999999998,-1.999999999996449e-05,0.012490632025958338,missing_class,False,gate_rejected,False,False,False,True,raw_fallback,,,,-1.999999999996449e-05,0.012490632025958338,feasible,False,2.1593360111283398e-05,2.7511032075350217e-07,feasible,False,2.1593360111283398e-05,2.7511032075350217e-07,feasible,False,2.1593360111283398e-05,2.7511032075350217e-07,feasible,False,2.1593360111283398e-05,2.7511032075350217e-07,feasible,False,2.1593360111283398e-05,2.7511032075350217e-07,1,0.16011,,,1.0,0,0.0,,,1.0,0,0.0,,,1.0,0,0.0,,,1.0,0,0,4,False,False,0.0,0
1840,FRN,1,1,analyzed,saved,0.15847,0.15851,-4.000000000001225e-05,0.025235000946320262,missing_class,False,gate_rejected,False,False,False,True,raw_fallback,,,,-4.000000000001225e-05,0.025235000946320262,feasible,False,-0.0002662979590851233,-8.194950341981863e-06,feasible,False,-0.00026629795908494425,-8.194950341972973e-06,feasible,False,-0.00026629795908494425,-8.194950341972973e-06,feasible,False,-0.00026629795908494425,-8.194950341972973e-06,feasible,False,-0.00026629795908494425,-8.194950341972973e-06,1,0.15849,,,1.0,0,0.0,,,1.0,0,0.0,,,1.0,0,0.0,,,1.0,0,0,4,False,False,0.0,0
1200,FRT,2,2,analyzed,saved,2.22375,2.2237400000000003,9.999999999621423e-06,0.00044969285975974806,missing_class,False,feasible,False,True,True,True,target_l2,0.3206728234920483,0.027786894726700904,3/4,0.0,0.0,feasible,True,0.28979069924444667,0.031740109305921,feasible,True,0.2907551481685682,0.03161665039107497,feasible,True,0.3206728234920483,0.027786894726700904,feasible,False,0.11156271547275735,0.05455503804017043,feasible,True,0.20461122248254665,0.042643917175020314,0,0.0,,,0.0,0,0.0,,,0.0,1,1.64042,,,0.538227921644542,1,0.58333,,,2.2985191685480735,4,0,0,True,True,0.0,0
1175,FRZ,5,5,analyzed,saved,6.3562,6.356299999999999,-9.999999999887876e-05,0.0015732422950282203,missing_class,False,feasible,False,True,True,True,minimax_ratio,0.09830633486898507,0.026286691374523358,3/4,8.881784197001252e-16,1.3973198554192303e-14,feasible,False,0.3441369368943396,0.08264990458688487,feasible,False,0.317454409479235,0.08980151670425571,feasible,False,0.4025891265108486,0.10684360385628364,feasible,False,0.31133298026513634,0.08802736692907157,feasible,True,0.09830633486898507,0.026286691374523358,2,1.82928,,,0.0,0,0.0,,,0.0,1,3.22449,,,0.9943539939149312,2,1.3025,,,2.418401320244692,4,0,0,True,True,0.0,0
2233,FUR,1,1,analyzed,saved,0.49605999999999995,0.49607,-1.0000000000065512e-05,0.0020158445380824303,missing_class,False,gate_rejected,False,False,False,True,raw_fallback,,,,-1.0000000000065512e-05,0.0020158445380824303,feasible,False,5.990743184370097e-05,1.3217417907263745e-06,feasible,False,5.990743184370097e-05,1.3217417907263745e-06,feasible,False,5.990743184370097e-05,1.3217417907263745e-06,feasible,False,5.990743184370097e-05,1.3217417907263745e-06,feasible,False,5.990743184393983e-05,1.3217417907367829e-06,1,0.49607,,,1.0,0,0.0,,,1.0,0,0.0,,,1.0,0,0.0,,,1.0,0,0,4,False,False,0.0,0
968,FUT,1,0,no_valid_locations,saved,,,,,,,,,,,,,,,,,,,,,,,,,,,,,,,,,,,,,,,,,,,,,,,,,,,,,,,,,,,,,,,,
969,FUY,3,0,no_valid_locations,saved,,,,,,,,,,,,,,,,,,,,,,,,,,,,,,,,,,,,,,,,,,,,,,,,,,,,,,,,,,,,,,,,
1136,FZA,13,0,no_valid_locations,saved,,,,,,,,,,,,,,,,,,,,,,,,,,,,,,,,,,,,,,,,,,,,,,,,,,,,,,,,,,,,,,,,
879,FZH,1,0,no_valid_locations,saved,,,,,,,,,,,,,,,,,,,,,,,,,,,,,,,,,,,,,,,,,,,,,,,,,,,,,,,,,,,,,,,,
248,GAU,17,17,analyzed,saved,38.016670000000005,38.016980000000004,-0.00030999999999892225,0.0008154251074096948,negative_factor,False,feasible,False,True,True,True,minimax_ratio,0.020178815926967353,0.022070262730105344,1/2/3,-1.4210854715202004e-14,3.7380283008282093e-14,feasible,False,-3.5169998191339773,0.06144055015412389,feasible,False,0.4566968227544382,0.021620611107016477,feasible,False,-3.4873674799244703,0.06116154122263276,feasible,False,-7.845947016061266,0.049887473053129294,feasible,True,0.020178815926967353,0.022070262730105344,10,27.479010000000002,,-8.47271430220817,0.8083446639237772,1,3.52719,,163.65697837468144,4.292629362414257,1,0.79578,,-7.212441393200888,0.8337363228801344,5,6.21487,,-48.379073640595,0.0,4,0,0,True,True,0.0,0
2255,GAZ,3,3,analyzed,saved,5.62348,5.62354,-6.000000000039307e-05,0.0010669435978119311,missing_class,False,feasible,False,True,True,True,improvement_l2,0.2524096739046787,0.0087398738153979,2/3,8.881784197001252e-16,1.5793937976792645e-14,feasible,False,-0.29427965276388757,0.01683425266977581,feasible,True,0.2524096739046787,0.0087398738153979,feasible,False,-0.29557843844724113,0.016853482720297745,feasible,False,-2.6037300344263827,0.05102838345421803,feasible,True,0.04998535961489905,0.011737004012147636,0,0.0,,,0.0,2,0.29416000000000003,,,2.4432218292152452,1,5.32937,,,0.9203359686126092,0,0.0,,,0.0,4,0,0,True,True,0.0,0
1870,GBH,3,3,analyzed,saved,4.19918,4.19919,-9.999999999621423e-06,0.0002381411653109629,missing_class,False,feasible,False,True,True,True,target_l2,0.4802790678732226,0.1270718428637626,3/4,8.881784197001252e-16,2.1151184387944468e-14,feasible,True,0.4697894737395798,0.12696972454864686,feasible,True,0.4689863951174227,0.12696190641624283,feasible,True,0.4802790678732226,0.1270718428637626,feasible,True,0.3185106662281775,0.12549699483775809,feasible,True,0.34099896858959466,0.11528944784393723,1,3.36408,,,0.0,0,0.0,,,0.0,1,0.6344,,,1.2024035616625077,1,0.20072,,,17.11947809917559,4,0,0,True,True,0.0,0
1573,GBS,12,12,analyzed,saved,4.03382,4.03388,-5.9999999999504894e-05,0.0014874017075248865,singular,False,gate_rejected,False,False,False,True,raw_fallback,,,,-5.9999999999504894e-05,0.0014874017075248865,feasible,False,0.3583732409927262,0.08702094887096447,feasible,False,0.4830851388238947,0.0814472675133938,feasible,False,0.39009444849401104,0.09012184344567974,feasible,False,0.45288846703558616,0.09391004891686093,feasible,False,0.48009089334042493,0.08268305360234958,3,0.91376,,,1.0,7,1.6002,,,1.0,1,0.49375,,,1.0,1,1.02618,,,1.0,0,0,4,False,False,0.0,0
1701,GCH,1,1,analyzed,saved,0.33742999999999995,0.33744,-1.0000000000065512e-05,0.0029634898056144833,missing_class,False,gate_rejected,False,False,False,True,raw_fallback,,,,-1.0000000000065512e-05,0.0029634898056144833,feasible,False,3.996284091536434e-05,1.4026983916021023e-06,feasible,False,3.99628409146616e-05,1.4026983915886582e-06,feasible,False,3.996284091536434e-05,1.4026983916021023e-06,feasible,False,3.99628409146616e-05,1.4026983915886582e-06,feasible,False,3.99628409146616e-05,1.4026983915886582e-06,1,0.33744,,,1.0,0,0.0,,,1.0,0,0.0,,,1.0,0,0.0,,,1.0,0,0,4,False,False,0.0,0
1321,GDA,5,5,analyzed,saved,21.53585,21.535899999999998,-4.9999999998107114e-05,0.00023217046883625535,negative_factor,False,feasible,False,True,True,True,minimax_ratio,0.06969166410578452,0.01912753715163868,1/2/4,-3.552713678800501e-15,1.6496704009586325e-14,feasible,False,0.3519194050830202,0.11513116563751416,feasible,False,0.37629261152123283,0.13247807527895927,feasible,False,0.33796930325724084,0.1119022457957271,feasible,False,0.37615549252427605,0.14978022108883288,feasible,True,0.06969166410578452,0.01912753715163868,1,1.50359,,8.663583851496742,1.5344135315299026,1,6.45254,,3.4862720799872626,1.1729029043183152,1,1.87732,,-13.366817829394304,0.0,2,11.70246,,0.949195423434135,0.9964180795770231,4,0,0,True,True,0.0,0
540,GED,1,1,analyzed,saved,0.31454,0.31456,-2.0000000000020002e-05,0.006358087487290184,missing_class,False,gate_rejected,False,False,False,True,raw_fallback,,,,-2.0000000000020002e-05,0.006358087487290184,feasible,False,0.0011720428778710646,1.0676044509714752e-06,feasible,False,0.0011720428778710646,1.0676044509714752e-06,feasible,False,0.0011720428778710646,1.0676044509714752e-06,feasible,False,0.0011720428778710646,1.0676044509714752e-06,feasible,False,0.0011720428778710646,1.0676044509714752e-06,1,0.31455,,,1.0,0,0.0,,,1.0,0,0.0,,,1.0,0,0.0,,,1.0,0,0,4,False,False,0.0,0
1853,GEL,8,8,analyzed,saved,9.846400000000001,9.846449999999999,-4.9999999998107114e-05,0.0005077972263923254,negative_factor,False,feasible,False,True,True,True,improvement_l2,0.8351189770212402,0.10687144631405197,2/3/4,1.7763568394002505e-15,1.8040581523292665e-14,feasible,False,0.6642030933856596,0.10892478726830383,feasible,True,0.8351189770212402,0.10687144631405197,feasible,False,0.670002854761379,0.10928840652145738,feasible,True,0.7255693087007888,0.10728847728286782,feasible,True,0.8097428189342962,0.10687932522083847,1,1.66405,,-0.44828417140092086,0.0,1,1.56699,,0.6008910699074445,0.7063620343307827,4,4.43684,,0.4016468357568662,0.431082233137599,2,2.17858,,3.611850815498191,3.133632567773765,4,0,0,True,True,0.0,0
1480,GEN,19,10,analyzed,saved,23.25737,23.25762,-0.000249999999997641,0.00107491652197276,missing_class,False,feasible,False,True,True,True,minimax_ratio,0.06053088477225697,0.073844066316685,3/4,3.552713678800501e-15,1.5275482524869274e-14,feasible,False,0.2721744677652692,0.4731745640269222,feasible,False,0.15952317261451615,0.23990522542295006,feasible,False,0.3083256842284545,0.48952383809618233,feasible,False,0.22533982107574893,0.35031371451027987,feasible,True,0.06053088477225697,0.073844066316685,5,2.55985,,,0.0,0,0.0,,,0.0,2,17.17931,,,0.9783024568266097,3,3.5183199999999997,,,1.8335445886802255,4,0,0,True,True,0.0,0
391,GEO,44,39,analyzed,saved,36.49058,36.49095,-0.0003699999999966508,0.0010139500341773806,negative_factor,False,feasible,False,True,True,True,absolute_l2,0.5538705182722772,0.6650097140439332,2/3/4,7.105427357601002e-15,1.9471752194999043e-14,feasible,False,0.5070034189526649,0.6303937283498454,feasible,True,0.4992562558639962,0.5397298566325777,feasible,False,0.5167693209355886,0.6397771422948447,feasible,True,0.5538705182722772,0.6650097140439332,feasible,True,0.4455417333757066,0.4387642183509838,27,25.4638,,-1.2448731909924189,0.0,4,1.6978900000000001,,8.298090449996051,9.330002689058428,2,4.3284199999999995,,1.0579194430918444,0.7947168370776754,6,5.0008300000000006,,9.902601685263896,3.4412749850516287,4,0,0,True,True,0.0,0
1574,GFS,7,7,analyzed,saved,4.06653,4.06652,1.0000000000509601e-05,0.0002459105082603701,singular,False,gate_rejected,False,False,False,True,raw_fallback,,,,1.0000000000509601e-05,0.0002459105082603701,feasible,False,0.09311262004173955,0.08445208931620954,feasible,False,0.22914932815045244,0.07026996069050424,feasible,False,0.09311262004173955,0.08445208931620954,feasible,False,0.09311262004173955,0.08445208931620954,feasible,False,0.21197368988405701,0.060987548142022424,2,2.21502,,,1.0,1,1.03022,,,1.0,1,0.38961,,,1.0,3,0.43171,,,1.0,0,0,4,False,False,0.0,0
819,GGX,5,5,analyzed,saved,1.72672,1.72668,4.0000000000040004e-05,0.0023165844279217926,singular,False,gate_rejected,False,False,False,True,raw_fallback,,,,4.0000000000040004e-05,0.0023165844279217926,feasible,False,0.03470017950044915,0.021245791366906477,feasible,False,0.03470017950044915,0.021245791366906477,feasible,False,0.03470017950044915,0.021245791366906477,feasible,False,0.03470017950044915,0.021245791366906477,feasible,False,0.03470017950044915,0.021245791366906477,1,0.64843,,,1.0,2,0.89532,,,1.0,1,0.09048,,,1.0,1,0.09249,,,1.0,0,0,4,False,False,0.0,0
2287,GHA,16,13,analyzed,saved,9.92827,9.928320000000001,-5.000000000165983e-05,0.0005036098756049344,negative_factor,False,feasible,False,True,True,True,improvement_l2,0.653541214244605,0.2007490362408234,1/2/4,0.0,0.0,feasible,False,-3.2862906665269604,0.2137217680679132,feasible,True,0.653541214244605,0.2007490362408234,feasible,False,-3.5870846674509873,0.21448838129806191,feasible,False,-12.997735979392909,0.23387598394892284,feasible,True,0.3871118715515401,0.1756377383210992,4,0.8137,,-27.651490104517325,1.0032851389430053,2,1.9006699999999999,,23.438685671016167,3.513632664703657,2,4.30274,,-7.055489079924564,0.0,5,2.9113,,6.264364403003567,0.8358978203451182,4,0,0,True,True,0.0,0
1307,GHL,2,2,analyzed,saved,3.89323,3.89328,-4.999999999988347e-05,0.0012842641679993083,missing_class,False,gate_rejected,False,False,False,True,raw_fallback,,,,-4.999999999988347e-05,0.0012842641679993083,feasible,False,0.21665008792778045,-0.005668280259709328,feasible,False,0.2155362355844087,-0.004527554805706652,feasible,False,0.1514231503521126,-0.007329934138898417,feasible,False,-0.3700027839173062,0.007784512555216554,feasible,False,0.00028192749323765153,-1.4251154892329712e-06,0,0.0,,,1.0,0,0.0,,,1.0,1,0.93897,,,1.0,1,2.95429,,,1.0,0,0,4,False,False,0.0,0
1332,GHR,9,9,analyzed,saved,16.97938,16.97942,-4.0000000002038405e-05,0.00023557930719682064,negative_factor,False,feasible,False,True,True,True,target_l2,0.40937843159495824,0.06535117540669079,2/3,-7.105427357601002e-15,4.184729135389195e-14,feasible,True,0.40395648741431334,0.06533293496181566,feasible,True,0.4061042873317377,0.06871988177459255,feasible,True,0.40937843159495824,0.06535117540669079,feasible,True,0.23642608936001297,0.06712081181807444,feasible,True,0.282098014786161,0.06849674491875014,3,5.8466000000000005,,-4.397487802322243,0.0,1,0.53087,,83.16053471836261,22.521434647958703,3,6.65944,,3.3301523281482486,0.7543120879962388,2,3.9425600000000003,,-5.994847154338982,0.0,4,0,0,True,True,0.0,0
970,GIL,1,0,no_valid_locations,saved,,,,,,,,,,,,,,,,,,,,,,,,,,,,,,,,,,,,,,,,,,,,,,,,,,,,,,,,,,,,,,,,
1799,GLA,1,1,analyzed,saved,0.9942,0.9942099999999999,-9.99999999995449e-06,0.0010058237193303718,missing_class,False,gate_rejected,False,False,False,True,raw_fallback,,,,-9.99999999995449e-06,0.0010058237193303718,feasible,False,-5.582988640380456e-05,3.096022449961336e-06,feasible,False,-5.582988640380456e-05,3.096022449961336e-06,feasible,False,-5.582988640380456e-05,3.096022449961336e-06,feasible,False,-5.582988640380456e-05,3.096022449961336e-06,feasible,False,-5.582988640359543e-05,3.096022449985622e-06,1,0.99422,,,1.0,0,0.0,,,1.0,0,0.0,,,1.0,0,0.0,,,1.0,0,0,4,False,False,0.0,0
2248,GLH,740,199,analyzed,saved,196.04676,196.04757,-0.0008100000000013097,0.000413165029284122,feasible,True,feasible,True,True,True,True,balanced_l2,0.9999999999999944,4.405537499999971,1/2/3/4,1.4210854715202004e-13,7.248676795739933e-14,feasible,True,0.9999999999999944,4.405537499999971,feasible,True,0.9999999999999831,4.405537499999914,feasible,True,0.9999999999999966,4.4055374999999835,feasible,True,0.9999999999999588,4.40553749999984,feasible,True,1.0,4.405537500000001,11,11.67596,,9.246488701233764,9.24648870123379,11,7.49577,,6.813056776939521,6.81305677693952,4,6.65075,,0.6977507737512857,0.6977507737512855,173,170.22549999999995,,0.19018423407410764,0.1901842340741065,4,0,0,True,True,0.0,0
1351,GLI,8,5,analyzed,saved,1.98677,1.9868,-2.999999999997449e-05,0.0015099657741078365,negative_factor,False,feasible,False,True,True,True,minimax_ratio,0.05065037953147518,0.0049947754924722434,1/2/3,-4.440892098500626e-16,2.2351983584158578e-14,feasible,False,-0.0010690825842071539,0.00842502241080427,feasible,False,0.38271361026495904,0.006417977078007668,feasible,False,0.0333649840183633,0.008271180849713136,feasible,False,-1.249980010681715,0.014073409568874914,feasible,True,0.05065037953147518,0.0049947754924722434,1,0.14001,,66.28965606904738,4.312062206165353,1,0.12118,,135.30720892651257,7.80554588169856,1,1.31582,,-12.173852592443577,0.33216778932362945,2,0.40979999999999994,,-18.725703543383673,0.0,4,0,0,True,True,0.0,0
2040,GLM,12,6,analyzed,saved,3.5286600000000004,3.52866,4.440892098500626e-16,1.25852082617782e-14,missing_class,False,gate_rejected,False,False,False,True,raw_fallback,,,,4.440892098500626e-16,1.25852082617782e-14,feasible,False,0.09572555213878484,-0.015480139650793525,feasible,False,0.07509144265645548,-0.012146583640703867,feasible,False,0.061067390227960164,-0.009880919387111563,feasible,False,-0.33298676858917375,0.05378073805202667,feasible,False,-5.720663491422927e-05,-5.898252274033969e-06,0,0.0,,,1.0,0,0.0,,,1.0,1,1.68457,,,1.0,5,1.84413,,,1.0,0,0,4,False,False,0.0,0
1887,GLN,1,1,analyzed,saved,1.29027,1.29028,-1.0000000000065512e-05,0.0007750255758490803,missing_class,False,gate_rejected,False,False,False,True,raw_fallback,,,,-1.0000000000065512e-05,0.0007750255758490803,feasible,False,9.199958481821692e-05,5.633101180090028e-06,feasible,False,9.199958481821692e-05,5.633101180090028e-06,feasible,False,9.199958481849095e-05,5.633101180142069e-06,feasible,False,9.199958481849095e-05,5.633101180142069e-06,feasible,False,9.199958481821692e-05,5.633101180090028e-06,1,1.29028,,,1.0,0,0.0,,,1.0,0,0.0,,,1.0,0,0.0,,,1.0,0,0,4,False,False,0.0,0
1991,GLO,5,5,analyzed,saved,1.59083,1.5908700000000002,-4.000000000026205e-05,0.0025143474954120726,missing_class,False,gate_rejected,False,False,False,True,raw_fallback,,,,-4.000000000026205e-05,0.0025143474954120726,feasible,False,0.11984113543412342,-0.00581953165982501,feasible,False,0.16146682714467944,-0.00784384321282702,feasible,False,0.13281392090934502,-0.0064504150982244365,feasible,False,-0.16364907718875077,0.007966966269528707,feasible,False,3.807818754150877e-05,6.6469069019067795e-06,2,0.34551,,,1.0,0,0.0,,,1.0,3,1.24536,,,1.0,0,0.0,,,1.0,0,0,4,False,False,0.0,0
320,GLS,1,1,analyzed,saved,0.49145,0.49144999999999994,5.551115123125783e-17,1.1295381265898431e-14,missing_class,False,gate_rejected,False,False,False,True,raw_fallback,,,,5.551115123125783e-17,1.1295381265898431e-14,feasible,False,0.0001940635048833062,5.835733141381846e-06,feasible,False,0.0001940635048833062,5.835733141381846e-06,feasible,False,0.00019406350488304592,5.835733141368836e-06,feasible,False,0.0001940635048833062,5.835733141381846e-06,feasible,False,0.0001940635048833062,5.835733141381846e-06,1,0.49146,,,1.0,0,0.0,,,1.0,0,0.0,,,1.0,0,0.0,,,1.0,0,0,4,False,False,0.0,0
831,GLU,1,1,analyzed,saved,0.19078,0.19079,-9.999999999982245e-06,0.005241364851398001,missing_class,False,gate_rejected,False,False,False,True,raw_fallback,,,,-9.999999999982245e-06,0.005241364851398001,feasible,False,0.001896630955669884,3.913140510622859e-06,feasible,False,0.0018966309556715053,3.913140510629798e-06,feasible,False,0.0018966309556715053,3.913140510629798e-06,feasible,False,0.001896630955669884,3.913140510622859e-06,feasible,False,0.0018966309556715053,3.913140510629798e-06,1,0.19079,,,1.0,0,0.0,,,1.0,0,0.0,,,1.0,0,0.0,,,1.0,0,0,4,False,False,0.0,0
338,GMG,3,3,analyzed,saved,1.01433,1.01433,0.0,0.0,missing_class,False,gate_rejected,False,False,False,True,raw_fallback,,,,0.0,0.0,feasible,False,0.24059574740796535,0.02561621904846129,feasible,False,0.349399630197665,0.020955227854650416,feasible,False,0.24059574740796535,0.02561621904846129,feasible,False,0.24059574740796535,0.02561621904846129,feasible,False,0.2752865318734262,0.024130119134063616,1,0.81821,,,1.0,1,0.10459,,,1.0,0,0.0,,,1.0,1,0.09153,,,1.0,0,0,4,False,False,0.0,0
1855,GMK,3,3,analyzed,saved,3.54533,3.5453499999999996,-1.9999999999686935e-05,0.0005641191983777889,missing_class,False,feasible,False,True,True,True,improvement_l2,0.3865405374214542,0.042595681867231006,3/4,-4.440892098500626e-16,1.2525962453638221e-14,feasible,True,0.381486887326426,0.04282231146641329,feasible,True,0.3865405374214542,0.042595681867231006,feasible,True,0.38082036238904027,0.042852201600586656,feasible,False,-0.30270336016912003,0.07350464178978841,feasible,True,0.22485392106690621,0.049846475327117855,0,0.0,,,0.0,1,2.58276,,,0.0,1,0.90577,,,1.347657245325298,1,0.05681,,,40.913155508891016,4,0,0,True,True,0.0,0
826,GNG,1,1,analyzed,saved,1.70468,1.7046699999999997,1.0000000000287557e-05,0.0005866238040375884,missing_class,False,gate_rejected,False,False,False,True,raw_fallback,,,,1.0000000000287557e-05,0.0005866238040375884,feasible,False,-3.54460767281473e-05,3.606863961459414e-06,feasible,False,-3.54460767281473e-05,3.606863961459414e-06,feasible,False,-3.54460767281473e-05,3.606863961459414e-06,feasible,False,-3.54460767281473e-05,3.606863961459414e-06,feasible,False,-3.54460767278758e-05,3.606863961509721e-06,1,1.70469,,,1.0,0,0.0,,,1.0,0,0.0,,,1.0,0,0.0,,,1.0,0,0,4,False,False,0.0,0
907,GNJ,10,10,analyzed,saved,8.18907,8.18923,-0.0001600000000010482,0.001953785642863226,missing_class,False,feasible,False,True,True,True,minimax_ratio,0.07335567811922275,0.02391474123620918,3/4,0.0,0.0,feasible,False,-0.21170122658188295,-0.09921083446486617,feasible,False,0.2915334787821541,0.11815300338244651,feasible,False,-0.09516182261294127,-0.04887358260779698,feasible,False,0.14528619112284308,0.10869487403058861,feasible,True,0.07335567811922275,0.02391474123620918,5,0.8263199999999999,,,0.0,0,0.0,,,0.0,1,4.04466,,,0.9729886411790892,4,3.3182,,,1.2819500045450576,4,0,0,True,True,0.0,0
877,GNN,3,3,analyzed,saved,0.6704600000000001,0.6704300000000001,2.999999999997449e-05,0.004474740092175841,missing_class,False,gate_rejected,False,False,False,True,raw_fallback,,,,2.999999999997449e-05,0.004474740092175841,feasible,False,0.02364556977290165,0.007656771523178826,feasible,False,0.02364556977290165,0.007656771523178826,feasible,False,0.023645569772901574,0.007656771523178799,feasible,False,0.02364556977290165,0.007656771523178826,feasible,False,0.023645569772901574,0.007656771523178799,1,0.07656,,,1.0,1,0.247,,,1.0,0,0.0,,,1.0,1,0.34691,,,1.0,0,0,4,False,False,0.0,0
1207,GNV,3,3,analyzed,saved,3.66769,3.66774,-4.999999999988347e-05,0.0013632373068942585,missing_class,False,feasible,False,True,True,True,minimax_ratio,0.007313941634678692,0.0021532997069808393,3/4,4.440892098500626e-16,1.2107979569164189e-14,feasible,False,-0.7852258426553198,-0.06562845150505521,feasible,False,0.25924756022310125,0.02376106089026471,feasible,False,-0.23190271061191245,0.007936303347613353,feasible,False,-0.46999505714366246,0.0002650184469244754,feasible,True,0.007313941634678692,0.0021532997069808393,1,0.07951,,,0.0,0,0.0,,,0.0,1,2.80436,,,1.0000598772152058,1,0.78385,,,1.1012307763778304,4,0,0,True,True,0.0,0
1293,GOA,2,2,analyzed,saved,0.26320999999999994,0.26333,-0.0001200000000000645,0.04557019709112691,missing_class,False,gate_rejected,False,False,False,True,raw_fallback,,,,-0.0001200000000000645,0.04557019709112691,feasible,False,0.1037497086290726,0.0067452634914003246,feasible,False,0.11460197351360607,0.007451637308367653,feasible,False,-0.012626592448748647,-0.0008296688265563845,feasible,False,0.03537769549325852,0.002294929813928412,feasible,False,-0.00011439001316405605,-1.5249690354872392e-05,0,0.0,,,1.0,0,0.0,,,1.0,1,0.13342,,,1.0,1,0.12982,,,1.0,0,0,4,False,False,0.0,0
2310,GOB,6,6,analyzed,saved,3.6473400000000002,3.6473799999999996,-3.999999999937387e-05,0.0010966776151476916,missing_class,False,feasible,False,True,True,True,minimax_ratio,0.02292218700112663,0.003548515884650355,3/4,8.881784197001252e-16,2.4351134778940644e-14,feasible,False,-0.21763891388046758,-0.06386537406808238,feasible,False,0.210335771111286,0.013799436240226035,feasible,False,-0.07155458582749832,-0.03863329962415926,feasible,False,-0.1727817880335858,-0.00715586219378813,feasible,True,0.02292218700112663,0.003548515884650355,2,0.36314,,,0.0,0,0.0,,,0.0,1,2.36048,,,1.0969668730977762,3,0.9237899999999999,,,1.14525070324164,4,0,0,True,True,0.0,0
927,GOL,12,11,analyzed,saved,5.69092,5.69093,-9.999999999621423e-06,0.00017571820422358778,singular,False,gate_rejected,False,False,False,True,raw_fallback,,,,-9.999999999621423e-06,0.00017571820422358778,feasible,False,0.24149728383914587,0.1471376207125497,feasible,False,0.24149728383914587,0.1471376207125497,feasible,False,0.24149728383914587,0.1471376207125497,feasible,False,0.24149728383914598,0.1471376207125499,feasible,False,0.22525071437824012,0.13348576794032374,3,4.5481300000000005,,,1.0,1,0.30806,,,1.0,1,0.06813,,,1.0,6,0.76668,,,1.0,0,0,4,False,False,0.0,0
226,GOR,7,5,analyzed,saved,5.076969999999999,5.077,-3.0000000000640625e-05,0.000590900137889317,missing_class,False,feasible,False,True,True,True,balanced_l2,0.42193038189421356,0.08878769149501378,2/3,8.881784197001252e-16,1.7494158355330416e-14,feasible,True,0.42193038189421356,0.08878769149501378,feasible,True,0.418261090995338,0.08882547833487497,feasible,True,0.4189673202426903,0.08881820549327976,feasible,False,-5.213648321899406,0.1400611236667089,feasible,True,0.2402827895388479,0.09065832227155998,0,0.0,,,0.0,2,1.30329,,,3.7233760624056735,1,0.39797,,,0.5635859587380603,2,3.37575,,,0.0,4,0,0,True,True,0.0,0
1872,GOS,1,1,analyzed,saved,4.2457400000000005,4.24575,-9.999999999621423e-06,0.00023552964728543657,missing_class,False,gate_rejected,False,False,False,True,raw_fallback,,,,-9.999999999621423e-06,0.00023552964728543657,feasible,False,2.2895864420811844e-05,5.175372351173824e-06,feasible,False,2.2895864420811844e-05,5.175372351173824e-06,feasible,False,2.2895864420811844e-05,5.175372351173824e-06,feasible,False,2.2895864421091554e-05,5.175372351201579e-06,feasible,False,2.2895864420811844e-05,5.175372351173824e-06,1,4.24576,,,1.0,0,0.0,,,1.0,0,0.0,,,1.0,0,0.0,,,1.0,0,0,4,False,False,0.0,0
1399,GOW,2,2,analyzed,saved,0.28893,0.28894000000000003,-1.0000000000010001e-05,0.003460926143839552,missing_class,False,gate_rejected,False,False,False,True,raw_fallback,,,,-1.0000000000010001e-05,0.003460926143839552,feasible,False,0.04817816102912234,0.0007099974229080371,feasible,False,0.048518070818547615,0.0007149758590575574,feasible,False,-0.030067636356395314,-0.00043601754450670743,feasible,False,-0.030067636356395276,-0.0004360175445067005,feasible,False,4.192442225487923e-05,4.977479732177353e-06,0,0.0,,,1.0,0,0.0,,,1.0,1,0.23291,,,1.0,1,0.05603,,,1.0,0,0,4,False,False,0.0,0
1255,GRA,18,18,analyzed,saved,40.291979999999995,40.292229999999996,-0.0002500000000011937,0.0006204670230493416,negative_factor,False,feasible,False,True,True,True,improvement_l2,0.41497727883158886,0.439510879951311,2/3,0.0,0.0,feasible,False,-0.32321341440199125,0.42906293295806985,feasible,True,0.41497727883158886,0.439510879951311,feasible,False,-0.22271266954821578,0.4986326811454934,feasible,False,0.10026141876171728,0.5744630652643828,feasible,True,0.3111115395641799,0.48404917710031203,3,11.87175,,-1.276573117541293,0.0,1,0.22809,,1026.3120467852789,131.44060967003827,2,9.11992,,-0.9480089929615355,1.1305747778954698,12,19.072400000000002,,-8.913749787109431,0.0,4,0,0,True,True,0.0,0
2180,GRF,1,1,analyzed,saved,0.57908,0.57909,-9.99999999995449e-06,0.0017268472948858537,missing_class,False,gate_rejected,False,False,False,True,raw_fallback,,,,-9.99999999995449e-06,0.0017268472948858537,feasible,False,-6.874148119154615e-06,4.6644055694744155e-07,feasible,False,-6.874148119154615e-06,4.6644055694744155e-07,feasible,False,-6.874148119297493e-06,4.664405569365995e-07,feasible,False,-6.874148119154615e-06,4.6644055694744155e-07,feasible,False,-6.874148118974475e-06,4.664405569600183e-07,1,0.57909,,,1.0,0,0.0,,,1.0,0,0.0,,,1.0,0,0.0,,,1.0,0,0,4,False,False,0.0,0
1904,GRG,48,19,analyzed,saved,12.35929,12.35933,-4.000000000026205e-05,0.00032364213917956757,negative_factor,False,feasible,False,True,True,True,absolute_l2,0.4393813345509917,0.13781575767286477,3/4,0.0,0.0,feasible,False,0.15742027628006838,0.05258522198538185,feasible,True,0.4343020457396951,0.13618848137985018,feasible,False,0.19131119621813672,0.06291454215415879,feasible,True,0.4393813345509917,0.13781575767286477,feasible,True,0.3178539621035234,0.0927392873357446,10,3.95309,,-2.148654446804522,0.0,3,1.2455,,3.8177488111997886,0.0,1,5.74385,,0.9838599818649347,0.969287571186769,5,1.4169800000000001,,7.372535994340615,4.793043545626263,4,0,0,True,True,0.0,0
2234,GRK,1,1,analyzed,saved,0.31062,0.31062,0.0,0.0,missing_class,False,gate_rejected,False,False,False,True,raw_fallback,,,,0.0,0.0,feasible,False,4.2498487548697526e-05,1.900733122553542e-06,feasible,False,4.249848754840377e-05,1.900733122547904e-06,feasible,False,4.249848754799626e-05,1.9007331225418325e-06,feasible,False,4.249848754840377e-05,1.900733122547904e-06,feasible,False,4.2498487548697526e-05,1.900733122553542e-06,1,0.31063,,,1.0,0,0.0,,,1.0,0,0.0,,,1.0,0,0.0,,,1.0,0,0,4,False,False,0.0,0
13,GRL,12,12,analyzed,saved,0.33243,0.33238,4.999999999999449e-05,0.01504302304590965,singular,False,gate_rejected,False,False,False,True,raw_fallback,,,,4.999999999999449e-05,0.01504302304590965,feasible,False,0.5233183615598245,0.033904721236635085,feasible,False,0.5223476047740698,0.03403332723917912,feasible,False,0.5263377154629068,0.034012181186788365,feasible,False,0.4084337175936836,0.03253205587770163,feasible,False,0.40029249210145545,0.02952618389920468,9,0.27019,,,1.0,1,0.00104,,,1.0,1,0.02132,,,1.0,1,0.03988,,,1.0,0,0,4,False,False,0.0,0
26,GRM,17,12,analyzed,saved,9.463619999999999,9.46369,-7.000000000090267e-05,0.0007396691988104288,negative_factor,False,feasible,False,True,True,True,minimax_ratio,0.22780528388880805,0.14115237668762548,1/3/4,0.0,0.0,feasible,False,0.30449293357954077,0.1566507377440555,feasible,False,0.353540734496549,0.182471520001655,feasible,False,0.34478777484570533,0.1755872708656031,feasible,True,0.20852739136901222,0.13481728185185873,feasible,True,0.22780528388880805,0.14115237668762548,8,4.86123,,-8.158998873643117,0.0,1,0.90967,,196.48427469940822,0.0,1,2.75793,,1.5337236347332406,0.6671596499397481,2,0.93494,,-143.1509669673252,8.15407210606338,4,0,0,True,True,0.0,0
78,GRR,1,0,no_valid_locations,saved,,,,,,,,,,,,,,,,,,,,,,,,,,,,,,,,,,,,,,,,,,,,,,,,,,,,,,,,,,,,,,,,
2057,GRS,6,6,analyzed,saved,1.60465,1.60468,-3.0000000000196536e-05,0.001869531620023714,negative_factor,False,feasible,False,True,True,True,improvement_l2,0.3840591652463081,0.0386927297873162,1/2/3,4.440892098500626e-16,2.7674627330686655e-14,feasible,False,0.4580461588683893,0.055571075596590996,feasible,True,0.3840591652463081,0.0386927297873162,feasible,False,0.43286550376847543,0.060972975723426664,feasible,False,0.38699821647928045,0.058215466479690316,feasible,True,0.28684760671205123,0.03511989758784531,1,0.05195,,29.135263345662846,10.577537851191122,1,0.29455,,12.106302086077523,2.1380145139683533,3,1.0107000000000002,,0.5431128680941434,0.4207843832904452,1,0.2475,,-16.258559374566957,0.0,4,0,0,True,True,0.0,0
1393,GRT,5,5,analyzed,saved,1.3888800000000001,1.38888,2.220446049250313e-16,1.5987313873411043e-14,missing_class,False,gate_rejected,False,False,False,True,raw_fallback,,,,2.220446049250313e-16,1.5987313873411043e-14,feasible,False,0.26514511141552527,0.016003403678605987,feasible,False,0.26514511141552527,0.016003403678605987,feasible,False,0.26514511141552527,0.016003403678605987,feasible,False,0.26514511141552527,0.016003403678605987,feasible,False,0.2651451114155257,0.016003403678606032,3,0.88707,,,1.0,1,0.46891,,,1.0,0,0.0,,,1.0,1,0.03293,,,1.0,0,0,4,False,False,0.0,0
2221,GRY,2,2,analyzed,saved,0.996,0.99602,-2.0000000000020002e-05,0.0020079918073954337,missing_class,False,gate_rejected,False,False,False,True,raw_fallback,,,,-2.0000000000020002e-05,0.0020079918073954337,feasible,False,-0.2164883914056778,-0.010692083689276351,feasible,False,0.09874639171663477,0.004861913626649663,feasible,False,-0.25540960030462045,-0.012612494796041328,feasible,False,0.1463792171070134,0.007212164544183877,feasible,False,0.00016491405218352063,-2.1944004076675933e-06,1,0.36226,,,1.0,0,0.0,,,1.0,1,0.63377,,,1.0,0,0.0,,,1.0,0,0,4,False,False,0.0,0
1810,GSW,3,3,analyzed,saved,2.6065400000000003,2.6065699999999996,-2.9999999999308358e-05,0.0011509378224758347,missing_class,False,gate_rejected,False,False,False,True,raw_fallback,,,,-2.9999999999308358e-05,0.0011509378224758347,feasible,False,0.13513673288245745,0.04293073386545916,feasible,False,0.13513673288245737,0.042930733865459175,feasible,False,0.13513673288245745,0.04293073386545916,feasible,False,0.13513673288245737,0.042930733865459175,feasible,False,0.13513673288245745,0.04293073386545916,1,1.27708,,,1.0,1,0.07274,,,1.0,0,0.0,,,1.0,1,1.25674,,,1.0,0,0,4,False,False,0.0,0
1481,GUB,1,1,analyzed,saved,2.2883299999999998,2.28833,-4.440892098500626e-16,1.940669439504191e-14,missing_class,False,gate_rejected,False,False,False,True,raw_fallback,,,,-4.440892098500626e-16,1.940669439504191e-14,feasible,False,7.2063385760639596e-06,2.513546542411149e-06,feasible,False,7.2063385760639596e-06,2.513546542411149e-06,feasible,False,7.2063385761473e-06,2.513546542418088e-06,feasible,False,7.2063385760639596e-06,2.513546542411149e-06,feasible,False,7.2063385761473e-06,2.513546542418088e-06,1,2.28833,,,1.0,0,0.0,,,1.0,0,0.0,,,1.0,0,0.0,,,1.0,0,0,4,False,False,0.0,0
893,GUG,7,7,analyzed,saved,1.5271000000000001,1.5271400000000002,-4.0000000000040004e-05,0.002619275246541902,missing_class,False,gate_rejected,False,False,False,True,raw_fallback,,,,-4.0000000000040004e-05,0.002619275246541902,feasible,False,0.7499999999999936,0.004359999999999958,feasible,False,0.7499999999988133,0.004359999999992953,feasible,False,0.7499999999999922,0.004359999999999933,feasible,False,0.7499999999996462,0.004359999999997997,feasible,False,0.75,0.004359999999999989,2,0.6532,,,1.0,1,0.12775,,,1.0,0,0.0,,,1.0,4,0.74619,,,1.0,0,0,4,False,False,0.0,0
2304,GUR,4,2,analyzed,saved,0.43791,0.43791,0.0,0.0,missing_class,False,gate_rejected,False,False,False,True,raw_fallback,,,,0.0,0.0,feasible,False,0.2271633106914621,0.00018502666091216964,feasible,False,0.2080494197239292,0.0001724775834912734,feasible,False,0.2281498326225339,0.00018861483512126146,feasible,False,-1.6677461833101723,-0.0013768401033857139,feasible,False,-0.0012178541025289248,-3.672019957272517e-07,0,0.0,,,1.0,0,0.0,,,1.0,1,0.06491,,,1.0,1,0.37302,,,1.0,0,0,4,False,False,0.0,0
1326,GWA,3,2,analyzed,saved,7.023429999999999,7.02348,-5.000000000077165e-05,0.0007118978056571906,missing_class,False,gate_rejected,False,False,False,True,raw_fallback,,,,-5.000000000077165e-05,0.0007118978056571906,feasible,False,0.22515940199244472,0.1446662848500685,feasible,False,0.3467231033803722,0.23890003104210472,feasible,False,-0.08041338222198922,-0.05166692713337949,feasible,False,0.24997733046655277,0.2773458374570199,feasible,False,-9.384925202356866e-06,-6.6489244769374345e-06,0,0.0,,,1.0,0,0.0,,,1.0,1,6.77158,,,1.0,1,0.25187,,,1.0,0,0,4,False,False,0.0,0
2299,GWI,6,6,analyzed,saved,4.9717,4.97173,-2.9999999999752447e-05,0.000603411689688548,negative_factor,False,feasible,False,True,True,True,minimax_ratio,0.07665084862433456,0.01282582777046748,3/4,-1.7763568394002505e-15,3.572914939870529e-14,feasible,False,0.2907752449019225,0.02001902692997541,feasible,False,0.29183825750466075,0.0201662278673961,feasible,False,0.2916450699017728,0.020203446928648436,feasible,False,-0.20838242030853427,0.003044788572746364,feasible,True,0.07665084862433456,0.01282582777046748,2,0.23310999999999998,,2.0546432028359507,0.0,1,0.89607,,-159.01421576419236,0.0,2,3.47404,,0.5429160673214928,0.9698053992878286,1,0.36853,,393.705845539078,4.348436595746357,4,0,0,True,True,0.0,0
264,GWL,7,7,analyzed,saved,5.5098899999999995,5.509979999999999,-8.999999999925734e-05,0.0016333997582433579,negative_factor,False,feasible,False,True,True,True,minimax_ratio,0.13161798585189227,0.01034437445857618,2/3/4,-8.881784197001252e-16,1.6119449066968037e-14,feasible,False,-1.2408412654307897,0.0024664501901316546,feasible,False,0.30347826842208325,0.0059905598044658415,feasible,False,-1.163026945694747,0.004362094964906453,feasible,False,-0.25774637416848467,0.028869217141141653,feasible,True,0.13161798585189227,0.01034437445857618,1,1.76824,,-45.28992914958669,0.0,3,1.6459199999999998,,1.3417974287685923,0.8019902106386797,2,1.0752000000000002,,1.8050152010851488,1.0626923388512841,1,1.0206,,79.8001789459914,2.9858084970391436,4,0,0,True,True,0.0,0
337,GWR,1,1,analyzed,saved,0.69886,0.6988800000000001,-2.0000000000020002e-05,0.0028617216117244734,missing_class,False,gate_rejected,False,False,False,True,raw_fallback,,,,-2.0000000000020002e-05,0.0028617216117244734,feasible,False,-7.183260399828802e-05,5.848175293225386e-07,feasible,False,-7.18326039984771e-05,5.848175293086608e-07,feasible,False,-7.183260399828802e-05,5.848175293225386e-07,feasible,False,-7.183260399828802e-05,5.848175293225386e-07,feasible,False,-7.183260399828802e-05,5.848175293225386e-07,1,0.69888,,,1.0,0,0.0,,,1.0,0,0.0,,,1.0,0,0.0,,,1.0,0,0,4,False,False,0.0,0
926,GYE,4,4,analyzed,saved,1.31011,1.31013,-1.999999999990898e-05,0.0015265660659559723,singular,False,gate_rejected,False,False,False,True,raw_fallback,,,,-1.999999999990898e-05,0.0015265660659559723,feasible,False,0.06372281581543562,0.011889523356871275,feasible,False,0.06372281581543562,0.011889523356871275,feasible,False,0.06372281581543562,0.011889523356871275,feasible,False,0.06372281581543562,0.011889523356871275,feasible,False,0.06372281581543562,0.011889523356871275,1,0.19626,,,1.0,1,0.62776,,,1.0,1,0.12235,,,1.0,1,0.36376,,,1.0,0,0,4,False,False,0.0,0
1094,GYO,3,3,analyzed,saved,0.73885,0.73886,-9.99999999995449e-06,0.001353436374949854,missing_class,False,gate_rejected,False,False,False,True,raw_fallback,,,,-9.99999999995449e-06,0.001353436374949854,feasible,False,0.01575789144705045,0.0006742831135612831,feasible,False,0.24795385427791344,0.009273754476424496,feasible,False,-0.22370700730320145,-0.008194396229988528,feasible,False,0.19491981337788356,0.008781789701970518,feasible,False,0.02246158177761387,0.0009225569953305937,1,0.13755,,,1.0,1,0.32393,,,1.0,0,0.0,,,1.0,1,0.2774,,,1.0,0,0,4,False,False,0.0,0
912,GYT,3,3,analyzed,saved,0.25628999999999996,0.25629,-5.551115123125783e-17,2.1659507289109144e-14,missing_class,False,gate_rejected,False,False,False,True,raw_fallback,,,,-5.551115123125783e-17,2.1659507289109144e-14,feasible,False,0.09179554346872808,0.008261486077459215,feasible,False,0.33014725553339014,0.005112943866821129,feasible,False,0.09059562633211414,0.008277336560433184,feasible,False,0.02229021618688176,0.009179626983246945,feasible,False,0.26884987026151547,0.005922660748057054,1,0.18432,,,1.0,1,0.03526,,,1.0,0,0.0,,,1.0,1,0.03673,,,1.0,0,0,4,False,False,0.0,0
884,GZH,1,1,analyzed,saved,0.08067,0.08066,1.0000000000010001e-05,0.012397718819749567,missing_class,False,gate_rejected,False,False,False,True,raw_fallback,,,,1.0000000000010001e-05,0.012397718819749567,feasible,False,8.37334258636575e-05,4.107142857145973e-06,feasible,False,8.37334258636575e-05,4.107142857145973e-06,feasible,False,8.37334258636575e-05,4.107142857145973e-06,feasible,False,8.37334258636575e-05,4.107142857145973e-06,feasible,False,8.37334258636575e-05,4.107142857145973e-06,1,0.08067,,,1.0,0,0.0,,,1.0,0,0.0,,,1.0,0,0.0,,,1.0,0,0,4,False,False,0.0,0
2146,HAB,68,40,analyzed,saved,48.071709999999996,48.07226,-0.0005500000000040473,0.0011441109696195837,negative_factor,False,feasible,False,True,True,True,improvement_l2,0.6397529245926123,0.8040465659617897,2/3/4,-7.105427357601002e-15,1.4780722515648322e-14,feasible,True,0.4695802766640025,0.8454137508014175,feasible,True,0.6397529245926123,0.8040465659617897,feasible,True,0.4671170461662873,0.846012791793108,feasible,True,0.47233550494526716,0.8451128527049709,feasible,True,0.4298240293041658,0.829317148487511,16,10.68077,,-25.160594833847203,0.0,9,8.55045,,106.76812519727005,4.016326461827871,5,15.47496,,1.2661154408808524,0.7704419458343936,10,13.365960000000003,,-46.06490713856386,0.1352706342719554,4,0,0,True,True,0.0,0
2235,HAC,1,1,analyzed,saved,0.85091,0.85092,-9.99999999995449e-06,0.001175198608559499,missing_class,False,gate_rejected,False,False,False,True,raw_fallback,,,,-9.99999999995449e-06,0.001175198608559499,feasible,False,-3.218606441771379e-05,3.0579406693322445e-06,feasible,False,-3.218606441771379e-05,3.0579406693322445e-06,feasible,False,-3.218606441758431e-05,3.0579406693348465e-06,feasible,False,-3.218606441771379e-05,3.0579406693322445e-06,feasible,False,-3.218606441758431e-05,3.0579406693348465e-06,1,0.85093,,,1.0,0,0.0,,,1.0,0,0.0,,,1.0,0,0.0,,,1.0,0,0,4,False,False,0.0,0
1313,HAD,3,3,analyzed,saved,1.40828,1.40836,-8.000000000008001e-05,0.005680365815564203,missing_class,False,feasible,False,True,True,True,minimax_ratio,0.014758881778809801,0.004419389124163939,3/4,-8.881784197001252e-16,6.306472916726726e-14,feasible,False,0.0020726013909710544,0.009757502912371513,feasible,False,0.059185567571064704,-0.014274404229115035,feasible,False,-0.04026318744884807,0.027571491822559312,feasible,False,-0.13198466945329623,0.06616591767429725,feasible,True,0.014758881778809801,0.004419389124163939,0,0.0,,,0.0,1,0.16725,,,0.0,1,1.04955,,,1.004567291016886,1,0.19152,,,1.8483659757704487,4,0,0,True,True,0.0,0
2228,HAG,1,1,analyzed,saved,0.19458999999999999,0.19461,-2.0000000000020002e-05,0.010276964184790094,missing_class,False,gate_rejected,False,False,False,True,raw_fallback,,,,-2.0000000000020002e-05,0.010276964184790094,feasible,False,9.700329725960318e-05,4.6935328185723074e-07,feasible,False,9.700329725957185e-05,4.693532818511592e-07,feasible,False,9.700329725957185e-05,4.693532818511592e-07,feasible,False,9.700329725957185e-05,4.693532818511592e-07,feasible,False,9.700329725957185e-05,4.693532818511592e-07,1,0.1946,,,1.0,0,0.0,,,1.0,0,0.0,,,1.0,0,0.0,,,1.0,0,0,4,False,False,0.0,0
1560,HAI,6,6,analyzed,saved,2.51842,2.5185,-8.000000000008001e-05,0.0031764939448115947,missing_class,False,feasible,False,True,True,True,minimax_ratio,0.06572226217522668,0.025975902769169987,3/4,4.440892098500626e-16,1.7633083575543485e-14,feasible,False,0.13592466551813348,0.03694955662576703,feasible,False,0.2338798258938462,0.05226136893196391,feasible,False,-0.4636100964237472,-0.05676642230463566,feasible,False,-0.050072797607854484,0.007875455436096204,feasible,True,0.06572226217522668,0.025975902769169987,4,0.68243,,,0.0,0,0.0,,,0.0,1,1.34853,,,0.9554734401903175,1,0.48754,,,2.5228425239979595,4,0,0,True,True,0.0,0
1960,HAL,41,41,analyzed,saved,19.15851,19.15886,-0.00035000000000096065,0.0018268310327491336,negative_factor,False,feasible,False,True,True,True,improvement_l2,0.717051627226485,0.4789530153655724,1/2/3,0.0,0.0,feasible,True,0.6822863492023097,0.4774707345375112,feasible,True,0.717051627226485,0.4789530153655724,feasible,True,0.6101930461703633,0.4944533796901088,feasible,True,0.6091117652284415,0.516403097801689,feasible,True,0.5650035491309191,0.4238696170616304,1,1.51454,,11.92432025877059,7.0913078371160125,4,0.7642100000000001,,14.223942887718618,9.38258038479385,1,2.08204,,0.7782957077632864,0.599463488719542,35,14.798060000000001,,-0.7698252189815331,0.0,4,0,0,True,True,0.0,0
1815,HAM,1,1,analyzed,saved,3.3332,3.3332500000000005,-5.000000000032756e-05,0.0015000375009473503,missing_class,False,gate_rejected,False,False,False,True,raw_fallback,,,,-5.000000000032756e-05,0.0015000375009473503,feasible,False,-1.2822336987774145e-05,-6.054307969405315e-06,feasible,False,-1.2822336987774145e-05,-6.054307969405315e-06,feasible,False,-1.2822336987475295e-05,-6.054307969266537e-06,feasible,False,-1.2822336987774145e-05,-6.054307969405315e-06,feasible,False,-1.2822336987774145e-05,-6.054307969405315e-06,1,3.33322,,,1.0,0,0.0,,,1.0,0,0.0,,,1.0,0,0.0,,,1.0,0,0,4,False,False,0.0,0
2008,HAW,4,4,analyzed,saved,1.6309,1.63088,1.999999999990898e-05,0.001226331796325234,singular,False,gate_rejected,False,False,False,True,raw_fallback,,,,1.999999999990898e-05,0.001226331796325234,feasible,False,-0.17203587986563515,0.0353522222222222,feasible,False,0.3054242236962797,0.027053130732942993,feasible,False,-0.17203587986563795,0.035352222222222215,feasible,False,-0.17203587986563515,0.0353522222222222,feasible,False,0.1280653539218105,0.030135938020322176,1,0.64411,,,1.0,1,0.10698,,,1.0,1,0.43689,,,1.0,1,0.44294,,,1.0,0,0,4,False,False,0.0,0
1566,HBG,1,1,analyzed,saved,0.6196200000000001,0.61964,-1.999999999990898e-05,0.0032276805887142502,missing_class,False,gate_rejected,False,False,False,True,raw_fallback,,,,-1.999999999990898e-05,0.0032276805887142502,feasible,False,-0.0002732994363074539,1.060781141702747e-06,feasible,False,-0.0002732994363074539,1.060781141702747e-06,feasible,False,-0.0002732994363074539,1.060781141702747e-06,feasible,False,-0.0002732994363074539,1.060781141702747e-06,feasible,False,-0.0002732994363076393,1.0607811416745577e-06,1,0.61964,,,1.0,0,0.0,,,1.0,0,0.0,,,1.0,0,0.0,,,1.0,0,0,4,False,False,0.0,0
518,HBN,5,5,analyzed,saved,3.3117799999999997,3.31182,-4.000000000026205e-05,0.0012077951096455136,negative_factor,False,feasible,False,True,True,True,target_l2,0.5305685201773158,0.040173188959519546,3/4,0.0,0.0,feasible,True,0.5219018061640762,0.03913173006032064,feasible,True,0.5046144719264354,0.03890436821755978,feasible,True,0.5305685201773158,0.040173188959519546,feasible,True,0.34068455137100223,0.02979294056175494,feasible,True,0.3544089630547798,0.030555760331029098,1,0.94236,,52.89693683813158,0.0,1,0.20073,,-317.2197708157111,0.0,2,2.11469,,0.48459500885922774,0.47553292422668836,1,0.05405,,298.133574442092,42.66142789280547,4,0,0,True,True,0.0,0
2201,HBR,1,1,analyzed,saved,0.50541,0.50541,0.0,0.0,missing_class,False,gate_rejected,False,False,False,True,raw_fallback,,,,0.0,0.0,feasible,False,-0.0004244767855211766,1.680981595069981e-06,feasible,False,-0.0004244767855211568,1.6809815950786546e-06,feasible,False,-0.0004244767855211766,1.680981595069981e-06,feasible,False,-0.0004244767855211568,1.6809815950786546e-06,feasible,False,-0.0004244767855211766,1.680981595069981e-06,1,0.50541,,,1.0,0,0.0,,,1.0,0,0.0,,,1.0,0,0.0,,,1.0,0,0,4,False,False,0.0,0
1816,HBS,2,2,analyzed,saved,1.8291600000000001,1.82919,-2.999999999997449e-05,0.0016400701950029517,missing_class,False,gate_rejected,False,False,False,True,raw_fallback,,,,-2.999999999997449e-05,0.0016400701950029517,feasible,False,0.06674587757471892,0.032842757000759684,feasible,False,0.022465686334987103,0.009139897464293445,feasible,False,0.09296769160594846,0.03782299148297878,feasible,False,0.0477175524033227,0.01941338749910307,feasible,False,-2.9421799030772443e-07,-1.8060790323015663e-07,0,0.0,,,1.0,0,0.0,,,1.0,1,1.58651,,,1.0,1,0.24268,,,1.0,0,0,4,False,False,0.0,0
93,HCH,1,1,analyzed,saved,0.55322,0.55322,0.0,0.0,missing_class,False,gate_rejected,False,False,False,True,raw_fallback,,,,0.0,0.0,feasible,False,-0.0009314835483983054,3.016112956835725e-06,feasible,False,-0.0009314835483995187,3.016112956821847e-06,feasible,False,-0.0009314835483983054,3.016112956835725e-06,feasible,False,-0.0009314835483983054,3.016112956835725e-06,feasible,False,-0.0009314835483995187,3.016112956821847e-06,1,0.55324,,,1.0,0,0.0,,,1.0,0,0.0,,,1.0,0,0.0,,,1.0,0,0,4,False,False,0.0,0
28,HCI,1,1,analyzed,saved,0.93944,0.93944,0.0,0.0,missing_class,False,gate_rejected,False,False,False,True,raw_fallback,,,,0.0,0.0,feasible,False,-9.805401184819107e-05,2.0123417214393605e-06,feasible,False,-9.805401184843232e-05,2.0123417214176764e-06,feasible,False,-9.805401184843232e-05,2.0123417214176764e-06,feasible,False,-9.805401184819107e-05,2.0123417214393605e-06,feasible,False,-9.805401184843232e-05,2.0123417214176764e-06,1,0.93945,,,1.0,0,0.0,,,1.0,0,0.0,,,1.0,0,0.0,,,1.0,0,0,4,False,False,0.0,0
1025,HCN,21,18,analyzed,saved,6.127689999999999,6.127730000000001,-4.0000000001150227e-05,0.0006527702754715078,negative_factor,False,feasible,False,True,True,True,improvement_l2,0.41563335430096837,0.08621148451198135,3/4,8.881784197001252e-16,1.4494411791970684e-14,feasible,True,0.39770201864423815,0.0863371037171229,feasible,True,0.41563335430096837,0.08621148451198135,feasible,True,0.40619607247193734,0.08627759803886852,feasible,False,-0.4771285892862164,0.09246578970602576,feasible,True,0.20399797582053375,0.08769411071080357,11,4.638959999999999,,22.54456614498311,0.0,1,0.20781,,-1127.401647859224,0.0,2,0.90566,,0.7858098031468979,0.7818689922750488,4,0.37538,,359.9358097961932,14.436252219110749,4,0,0,True,True,0.0,0
1871,HDH,3,3,analyzed,saved,1.8830399999999998,1.8830799999999999,-4.0000000000040004e-05,0.002124179535656478,missing_class,False,gate_rejected,False,False,False,True,raw_fallback,,,,-4.0000000000040004e-05,0.002124179535656478,feasible,False,-0.4205926579269687,0.014530945065029981,feasible,False,0.10352287857729903,-0.005730862052893538,feasible,False,-0.4032111570428338,0.01449386825197738,feasible,False,-0.8744845866128705,0.015499150647399379,feasible,False,-0.0005784582944199906,-2.5136237043612425e-05,1,0.14022,,,1.0,0,0.0,,,1.0,1,1.19054,,,1.0,1,0.55232,,,1.0,0,0,4,False,False,0.0,0
1925,HDN,11,11,analyzed,saved,5.3816299999999995,5.381730000000001,-0.0001000000000015433,0.0018581385539880907,missing_class,False,feasible,False,True,True,True,minimax_ratio,0.02824322408637695,0.009250882457521425,3/4,0.0,0.0,feasible,False,0.029695606556046764,0.014965868347411398,feasible,False,0.06390832362397303,0.027327004574962704,feasible,False,0.11161380658702352,0.05330298106578882,feasible,False,0.08739394442442298,0.03923020840999865,feasible,True,0.02824322408637695,0.009250882457521425,5,0.6614399999999999,,,0.0,0,0.0,,,0.0,1,2.85242,,,1.023175478741968,5,1.86787,,,1.318690895469115,4,0,0,True,True,0.0,0
519,HDR,1,1,analyzed,saved,0.22021000000000002,0.22021999999999997,-9.99999999995449e-06,0.0045409136318020574,missing_class,False,gate_rejected,False,False,False,True,raw_fallback,,,,-9.99999999995449e-06,0.0045409136318020574,feasible,False,0.00020979493688363357,3.561987237918167e-06,feasible,False,0.00020979493688371212,3.5619872379242384e-06,feasible,False,0.00020979493688385732,3.56198723793031e-06,feasible,False,0.00020979493688371212,3.5619872379242384e-06,feasible,False,0.00020979493688371212,3.5619872379242384e-06,1,0.22022,,,1.0,0,0.0,,,1.0,0,0.0,,,1.0,0,0.0,,,1.0,0,0,4,False,False,0.0,0
1225,HDY,3,3,analyzed,saved,0.34442999999999996,0.34446,-3.0000000000030003e-05,0.00870928409685595,missing_class,False,gate_rejected,False,False,False,True,raw_fallback,,,,-3.0000000000030003e-05,0.00870928409685595,feasible,False,0.7139846673655268,0.00651572443875637,feasible,False,0.7146500104584843,0.006481021457758349,feasible,False,0.712218486376242,0.006500467930023042,feasible,False,0.716842938485989,0.006540414568803118,feasible,False,0.7137543307545874,0.00646328986683786,1,0.10363,,,1.0,0,0.0,,,1.0,0,0.0,,,1.0,2,0.24081999999999998,,,1.0,0,0,4,False,False,0.0,0
2240,HEH,1,1,analyzed,saved,0.57933,0.5793499999999999,-1.999999999990898e-05,0.0034521446448449095,missing_class,False,gate_rejected,False,False,False,True,raw_fallback,,,,-1.999999999990898e-05,0.0034521446448449095,feasible,False,0.0001282368760011328,2.2818846466456794e-06,feasible,False,0.0001282368760011328,2.2818846466456794e-06,feasible,False,0.00012823687600087492,2.2818846466335363e-06,feasible,False,0.0001282368760011328,2.2818846466456794e-06,feasible,False,0.00012823687600087492,2.2818846466335363e-06,1,0.57935,,,1.0,0,0.0,,,1.0,0,0.0,,,1.0,0,0.0,,,1.0,0,0,4,False,False,0.0,0
1753,HEL,6,6,analyzed,saved,15.032499999999999,15.03255,-5.000000000165983e-05,0.0003326115662456458,negative_factor,False,feasible,False,True,True,True,improvement_l2,0.5215157711953166,0.1390881671510361,1/2/4,1.3677947663381929e-13,9.098887190384818e-13,feasible,True,0.4982966076611741,0.14279566788645853,feasible,True,0.5215157711953166,0.1390881671510361,feasible,True,0.4982921695714493,0.14279565756698376,feasible,False,-0.8514426274788895,0.13965724557152365,feasible,True,0.26838013208493416,0.14226106462478122,2,10.193549999999998,,65.7273199467075,0.09025877553204134,1,1.48513,,-458.48873412630365,6.696954181266268,1,0.92529,,-527.881958261514,0.0,2,2.4286,,211.80812765236922,1.7156196977892457,4,0,0,True,True,0.0,0
1832,HES,8,8,analyzed,saved,6.55688,6.55696,-8.00000000005241e-05,0.001220077596943158,negative_factor,False,feasible,False,True,True,True,target_l2,0.5766359836882414,0.12047712303148471,2/3/4,0.0,0.0,feasible,True,0.5579625123563546,0.11647417933715763,feasible,True,0.5548906001270828,0.1222773412658219,feasible,True,0.5766359836882414,0.12047712303148471,feasible,True,0.3988316392637242,0.11254807221040172,feasible,True,0.42031801245569966,0.0851843472019844,2,0.60133,,-16.031564401061893,0.0,1,1.01915,,1.4235785901919422,1.839998480178783,4,4.74267,,0.18789167346584285,0.0832419898484265,1,0.19381,,71.48686139418943,22.118109355421964,4,0,0,True,True,0.0,0
923,HEZ,2,2,analyzed,saved,0.87294,0.8730100000000001,-7.00000000000145e-05,0.008018235759042222,missing_class,False,gate_rejected,False,False,False,True,raw_fallback,,,,-7.00000000000145e-05,0.008018235759042222,feasible,False,0.2704780700865358,0.028567302214375978,feasible,False,0.32031911068830987,0.029128336422421193,feasible,False,-0.1961255355418016,-0.0007490784586175192,feasible,False,0.2561562011254532,0.028406088517525054,feasible,False,0.0014144158448206985,0.00011644428258456713,0,0.0,,,1.0,0,0.0,,,1.0,1,0.29091,,,1.0,1,0.58205,,,1.0,0,0,4,False,False,0.0,0
2207,HHB,2,2,analyzed,saved,1.30889,1.3089,-9.999999999843467e-06,0.0007640003055881631,missing_class,False,gate_rejected,False,False,False,True,raw_fallback,,,,-9.999999999843467e-06,0.0007640003055881631,feasible,False,0.24441757267821113,0.008849975738227319,feasible,False,0.25755773461100123,0.009064050864856562,feasible,False,0.27081602954802064,0.009280050574909528,feasible,False,0.12133465359824389,0.006844749956176951,feasible,False,4.46822637149244e-05,4.648852688089733e-06,0,0.0,,,1.0,0,0.0,,,1.0,1,1.12594,,,1.0,1,0.18296,,,1.0,0,0,4,False,False,0.0,0
2117,HHP,2,2,analyzed,saved,0.9551799999999999,0.9551700000000001,9.999999999843467e-06,0.0010469340536075741,missing_class,False,gate_rejected,False,False,False,True,raw_fallback,,,,9.999999999843467e-06,0.0010469340536075741,feasible,False,0.0443207638793067,0.00887252269793935,feasible,False,0.044320763879306724,0.00887252269793937,feasible,False,0.0443207638793067,0.00887252269793935,feasible,False,0.0443207638793067,0.00887252269793935,feasible,False,0.0443207638793067,0.00887252269793935,1,0.55903,,,1.0,1,0.39617,,,1.0,0,0.0,,,1.0,0,0.0,,,1.0,0,0,4,False,False,0.0,0
971,HIJ,1,1,analyzed,saved,0.14381,0.14382,-1.0000000000010001e-05,0.006953135864281741,missing_class,False,gate_rejected,False,False,False,True,raw_fallback,,,,-1.0000000000010001e-05,0.006953135864281741,feasible,False,0.0006103610399646798,5.6910161360724555e-06,feasible,False,0.0006103610399646798,5.6910161360724555e-06,feasible,False,0.0006103610399646798,5.6910161360724555e-06,feasible,False,0.0006103610399646798,5.6910161360724555e-06,feasible,False,0.0006103610399642688,5.691016136065517e-06,1,0.14382,,,1.0,0,0.0,,,1.0,0,0.0,,,1.0,0,0.0,,,1.0,0,0,4,False,False,0.0,0
972,HIY,7,7,analyzed,saved,4.60694,4.60697,-2.9999999999752447e-05,0.0006511872228330648,singular,False,gate_rejected,False,False,False,True,raw_fallback,,,,-2.9999999999752447e-05,0.0006511872228330648,feasible,False,0.048837201582427936,0.039401119613750285,feasible,False,0.06623496962977667,0.03511538980882123,feasible,False,0.048837201582427936,0.039401119613750285,feasible,False,0.048837201582427936,0.039401119613750285,feasible,False,0.048837201582427936,0.039401119613750285,4,2.1606199999999998,,,1.0,1,0.32529,,,1.0,1,0.57783,,,1.0,1,1.54327,,,1.0,0,0,4,False,False,0.0,0
1693,HJZ,1,1,analyzed,saved,1.2514100000000001,1.2514299999999998,-1.9999999999686935e-05,0.0015981716915598107,missing_class,False,gate_rejected,False,False,False,True,raw_fallback,,,,-1.9999999999686935e-05,0.0015981716915598107,feasible,False,0.000382975033378876,4.719752657255348e-06,feasible,False,0.000382975033378876,4.719752657255348e-06,feasible,False,0.00038297503337905405,4.719752657259251e-06,feasible,False,0.000382975033378876,4.719752657255348e-06,feasible,False,0.00038297503337905405,4.719752657259251e-06,1,1.25143,,,1.0,0,0.0,,,1.0,0,0.0,,,1.0,0,0.0,,,1.0,0,0,4,False,False,0.0,0
49,HKK,2,2,analyzed,saved,0.83781,0.83781,0.0,0.0,missing_class,False,gate_rejected,False,False,False,True,raw_fallback,,,,0.0,0.0,feasible,False,0.3143047334656968,0.039510518134715025,feasible,False,0.34288665365874477,0.03621782633794145,feasible,False,0.3143047334656968,0.039510518134715025,feasible,False,0.3143047334656968,0.039510518134715025,feasible,False,0.3143047334656968,0.039510518134715025,1,0.66462,,,1.0,0,0.0,,,1.0,0,0.0,,,1.0,1,0.1732,,,1.0,0,0,4,False,False,0.0,0
2115,HKM,3,3,analyzed,saved,0.52845,0.52842,2.999999999997449e-05,0.005677302146015384,missing_class,False,gate_rejected,False,False,False,True,raw_fallback,,,,2.999999999997449e-05,0.005677302146015384,feasible,False,0.13528029051003815,0.004948387719298227,feasible,False,0.13528029051003815,0.004948387719298227,feasible,False,0.13528029051003815,0.004948387719298227,feasible,False,0.13528029051003815,0.004948387719298227,feasible,False,0.13528029051003826,0.0049483877192982376,1,0.1015,,,1.0,1,0.26756,,,1.0,0,0.0,,,1.0,1,0.15941,,,1.0,0,0,4,False,False,0.0,0
758,HKZ,1,1,analyzed,saved,0.08908999999999999,0.08909,-1.3877787807814457e-17,1.5577267715584753e-14,missing_class,False,gate_rejected,False,False,False,True,raw_fallback,,,,-1.3877787807814457e-17,1.5577267715584753e-14,feasible,False,0.0011381656463191683,2.6202953787544947e-06,feasible,False,0.0011381656463191683,2.6202953787544947e-06,feasible,False,0.0011381656463185434,2.620295378751242e-06,feasible,False,0.0011381656463185434,2.620295378751242e-06,feasible,False,0.0011381656463185434,2.620295378751242e-06,1,0.0891,,,1.0,0,0.0,,,1.0,0,0.0,,,1.0,0,0.0,,,1.0,0,0,4,False,False,0.0,0
2241,HLF,1,1,analyzed,saved,0.28091999999999995,0.28093,-1.0000000000065512e-05,0.003559605595723316,missing_class,False,gate_rejected,False,False,False,True,raw_fallback,,,,-1.0000000000065512e-05,0.003559605595723316,feasible,False,0.00036830296522567314,3.6961828672760905e-06,feasible,False,0.00036830296522567314,3.6961828672760905e-06,feasible,False,0.00036830296522567314,3.6961828672760905e-06,feasible,False,0.00036830296522567314,3.6961828672760905e-06,feasible,False,0.0003683029652258213,3.696182867282162e-06,1,0.28093,,,1.0,0,0.0,,,1.0,0,0.0,,,1.0,0,0.0,,,1.0,0,0,4,False,False,0.0,0
1935,HLG,31,29,analyzed,saved,17.06353,17.063760000000002,-0.00023000000000195087,0.0013478858118137554,negative_factor,False,feasible,False,True,True,True,improvement_l2,0.38885047504449993,0.14920137676547224,2/3/4,0.0,0.0,feasible,True,0.2160871461809541,0.15308674212054385,feasible,True,0.38885047504449993,0.14920137676547224,feasible,True,0.2577162551132776,0.1671896561459223,feasible,False,-0.0635574180957473,0.13003598130135757,feasible,True,0.15428169868727892,0.1496937152926141,20,8.904230000000002,,-5.486282043899007,0.0,3,0.62168,,32.0950141744877,19.00129974465868,2,3.16577,,1.7722407405334495,0.6913329435741593,4,4.37206,,9.22935644219227,0.7003287345303986,4,0,0,True,True,0.0,0
513,HLL,4,4,analyzed,saved,1.30564,1.30567,-3.0000000000196536e-05,0.0022976709275848058,negative_factor,False,feasible,False,True,True,True,improvement_l2,0.5506001337443417,0.023140352179839185,2/3/4,0.0,0.0,feasible,True,0.4599059386302312,0.02003980401467893,feasible,True,0.5506001337443417,0.023140352179839185,feasible,True,0.515528473271604,0.02175853186459987,feasible,False,-0.29101754785389816,0.01333608041949576,feasible,True,0.27223789538918713,0.017991274024025915,1,0.27267,,-7.467680948248986,0.0,1,0.20125,,0.45133586899896894,1.5307204191476056,1,0.47833,,0.5409073264900964,0.5494291469696606,1,0.35342,,8.466653885464352,2.079021921223044,4,0,0,True,True,0.0,0
973,HLN,5,5,analyzed,saved,3.76808,3.7681,-2.0000000000131024e-05,0.0005307714763443386,singular,False,gate_rejected,False,False,False,True,raw_fallback,,,,-2.0000000000131024e-05,0.0005307714763443386,feasible,False,0.061750163525492716,0.029050819020582,feasible,False,0.061750163525492716,0.029050819020582,feasible,False,0.061750163525492716,0.029050819020582,feasible,False,0.061750163525492716,0.029050819020582,feasible,False,0.017020929260735413,0.01009092963169321,2,1.8072700000000002,,,1.0,1,0.1612,,,1.0,1,1.21787,,,1.0,1,0.58178,,,1.0,0,0,4,False,False,0.0,0
27,HMD,8,7,analyzed,saved,6.566410000000001,6.566450000000001,-3.999999999937387e-05,0.0006091571549219725,negative_factor,False,feasible,False,True,True,True,minimax_ratio,0.21581912105373052,0.11017599518336103,3/4,8.881784197001252e-16,1.3526005980402273e-14,feasible,False,0.21217777523999734,0.0877077441250993,feasible,False,0.3055522489058571,0.13592564189682785,feasible,False,0.2806220599212015,0.11840714393272853,feasible,True,0.18022102543058655,0.09996083376071761,feasible,True,0.21581912105373052,0.11017599518336103,2,1.2392400000000001,,-14.357511835477057,0.0,1,1.12327,,4.9331298230371114,0.0,1,3.00241,,1.124681893293787,0.905653829928069,3,1.2015500000000001,,12.850630420509965,3.2018722146523206,4,0,0,True,True,0.0,0
1835,HNA,1,1,analyzed,saved,1.36926,1.3692499999999999,1.0000000000065512e-05,0.0007303268212572951,missing_class,False,gate_rejected,False,False,False,True,raw_fallback,,,,1.0000000000065512e-05,0.0007303268212572951,feasible,False,3.10884849682112e-05,3.721689830682093e-06,feasible,False,3.10884849682112e-05,3.721689830682093e-06,feasible,False,3.10884849682112e-05,3.721689830682093e-06,feasible,False,3.10884849682112e-05,3.721689830682093e-06,feasible,False,3.10884849682112e-05,3.721689830682093e-06,1,1.36926,,,1.0,0,0.0,,,1.0,0,0.0,,,1.0,0,0.0,,,1.0,0,0,4,False,False,0.0,0
1794,HNB,6,6,analyzed,saved,7.16698,7.167050000000001,-7.000000000090267e-05,0.0009766919443969647,negative_factor,False,feasible,False,True,True,True,target_l2,0.404010584048604,0.06767732153065087,3/4,-8.881784197001252e-16,1.2392524395673606e-14,feasible,True,0.3982836113810481,0.06762080210814564,feasible,True,0.3758377832166351,0.06739928450728766,feasible,True,0.404010584048604,0.06767732153065087,feasible,True,0.24822392196285445,0.06613986488712059,feasible,True,0.18656764897173508,0.04760825421688503,2,0.29238,,12.363155387146934,0.0,1,1.88215,,-9.82331048134538,0.0,2,4.370979999999999,,0.443776003878849,0.43980163531378647,1,0.62152,,32.34191688247962,8.438386448466268,4,0,0,True,True,0.0,0
974,HNC,1,0,no_valid_locations,saved,,,,,,,,,,,,,,,,,,,,,,,,,,,,,,,,,,,,,,,,,,,,,,,,,,,,,,,,,,,,,,,,
67,HNK,5,5,analyzed,saved,6.372129999999999,6.37213,-8.881784197001252e-16,1.3938485556636873e-14,negative_factor,False,feasible,False,True,True,True,minimax_ratio,0.004498902083924111,0.0008445114046800577,2/3/4,8.881784197001252e-16,1.3938485556636873e-14,feasible,False,0.22941146648577676,-0.006590554417616686,feasible,False,0.2531163427625563,0.0032669989480285707,feasible,False,0.15073396598877134,-0.027714203973506733,feasible,False,-0.09292881452294821,0.0063945631529871115,feasible,True,0.004498902083924111,0.0008445114046800577,1,0.16778,,-223.1642092353414,0.0,1,3.93066,,14.862226941998822,1.0621368019593547,1,0.35751,,3.21064619290096,1.00843743905763,2,1.91621,,-8.219083515530691,0.9584931164890165,4,0,0,True,True,0.0,0
1294,HNV,1,1,analyzed,saved,5.776020000000001,5.7760299999999996,-9.999999998733244e-06,0.00017312929466663514,missing_class,False,gate_rejected,False,False,False,True,raw_fallback,,,,-9.999999998733244e-06,0.00017312929466663514,feasible,False,-3.934404510459877e-05,5.106736183306537e-06,feasible,False,-3.934404510459877e-05,5.106736183306537e-06,feasible,False,-3.934404510459877e-05,5.106736183306537e-06,feasible,False,-3.934404510459877e-05,5.106736183306537e-06,feasible,False,-3.934404510459877e-05,5.106736183306537e-06,1,5.77604,,,1.0,0,0.0,,,1.0,0,0.0,,,1.0,0,0.0,,,1.0,0,0,4,False,False,0.0,0
520,HNY,1,1,analyzed,saved,0.35124,0.35125,-1.0000000000010001e-05,0.002846975088970819,missing_class,False,gate_rejected,False,False,False,True,raw_fallback,,,,-1.0000000000010001e-05,0.002846975088970819,feasible,False,-0.0645995954815277,1.7514571842248625e-06,feasible,False,-0.0645995954815277,1.7514571842248625e-06,feasible,False,-0.0645995954815277,1.7514571842248625e-06,feasible,False,-0.0645995954815426,1.751457184210551e-06,feasible,False,-0.0645995954815426,1.751457184210551e-06,1,0.35125,,,1.0,0,0.0,,,1.0,0,0.0,,,1.0,0,0.0,,,1.0,0,0,4,False,False,0.0,0
1348,HNZ,3,3,analyzed,saved,1.49898,1.499,-2.0000000000131024e-05,0.0013342228152188808,missing_class,False,gate_rejected,False,False,False,True,raw_fallback,,,,-2.0000000000131024e-05,0.0013342228152188808,feasible,False,-0.33693879990489495,0.005810000337311605,feasible,False,0.11356541443725734,-0.00044398044871521436,feasible,False,-0.5214004951289317,0.00837073087203841,feasible,False,-0.5114169675894279,0.008232137741450232,feasible,False,0.028685133912563478,0.000734342920110799,1,0.75597,,,1.0,1,0.70915,,,1.0,0,0.0,,,1.0,1,0.03387,,,1.0,0,0,4,False,False,0.0,0
2242,HOH,1,1,analyzed,saved,0.52618,0.52618,0.0,0.0,missing_class,False,gate_rejected,False,False,False,True,raw_fallback,,,,0.0,0.0,feasible,False,0.00015974305062014602,4.443735257383431e-06,feasible,False,0.0001597430506203216,4.44373525739384e-06,feasible,False,0.0001597430506203216,4.44373525739384e-06,feasible,False,0.00015974305062014602,4.443735257383431e-06,feasible,False,0.0001597430506203216,4.44373525739384e-06,1,0.52619,,,1.0,0,0.0,,,1.0,0,0.0,,,1.0,0,0.0,,,1.0,0,0,4,False,False,0.0,0
1544,HOL,8,8,analyzed,saved,5.050719999999999,5.0508999999999995,-0.00018000000000029104,0.0035637213169987737,missing_class,False,gate_rejected,False,False,False,True,raw_fallback,,,,-0.00018000000000029104,0.0035637213169987737,feasible,False,0.0679604527269074,0.12266056428656591,feasible,False,0.010918121252825541,0.020965824185949028,feasible,False,0.0679604527269074,0.12266056428656591,feasible,False,0.03472894088488521,0.06413279780759715,feasible,False,-7.291310450217435e-08,1.0368833049279047e-05,2,0.29484,,,1.0,0,0.0,,,1.0,3,1.3070899999999999,,,1.0,3,3.4489300000000003,,,1.0,0,0,4,False,False,0.0,0
903,HOR,5,5,analyzed,saved,2.85853,2.8585999999999996,-6.99999999995704e-05,0.002448751136905143,negative_factor,False,feasible,False,True,True,True,improvement_l2,0.6219742847672699,0.01769497330913457,2/3/4,0.0,0.0,feasible,True,0.48412568375304654,0.014296771611600693,feasible,True,0.6219742847672699,0.01769497330913457,feasible,True,0.4869475948224907,0.014345817088947811,feasible,True,0.4602265839623187,0.016039833506920464,feasible,True,0.2770253610478699,0.01166468911072014,1,1.01605,,-2.619272303620759,0.0,1,0.34579,,4.653308616486843,3.489681357579493,2,1.45708,,0.6291790654399326,0.6397320308275541,1,0.03967,,75.45537467489028,18.138290126192732,4,0,0,True,True,0.0,0
975,HOT,1,1,analyzed,saved,0.36101,0.361,1.0000000000010001e-05,0.002770083102495845,missing_class,False,gate_rejected,False,False,False,True,raw_fallback,,,,1.0000000000010001e-05,0.002770083102495845,feasible,False,0.00013651424170680807,4.285728651308267e-06,feasible,False,0.0001365142417064643,4.285728651295256e-06,feasible,False,0.0001365142417064643,4.285728651295256e-06,feasible,False,0.0001365142417064643,4.285728651295256e-06,feasible,False,0.00013651424170680807,4.285728651308267e-06,1,0.36101,,,1.0,0,0.0,,,1.0,0,0.0,,,1.0,0,0.0,,,1.0,0,0,4,False,False,0.0,0
1863,HOX,1,1,analyzed,saved,0.8440699999999999,0.84407,-1.1102230246251565e-16,1.3153210333564237e-14,missing_class,False,gate_rejected,False,False,False,True,raw_fallback,,,,-1.1102230246251565e-16,1.3153210333564237e-14,feasible,False,3.524749374890072e-05,2.4307634730498517e-06,feasible,False,3.524749374890072e-05,2.4307634730498517e-06,feasible,False,3.524749374880413e-05,2.4307634730325045e-06,feasible,False,3.524749374890072e-05,2.4307634730498517e-06,feasible,False,3.524749374889796e-05,2.4307634730446476e-06,1,0.84408,,,1.0,0,0.0,,,1.0,0,0.0,,,1.0,0,0.0,,,1.0,0,0,4,False,False,0.0,0
1874,HOY,1,1,analyzed,saved,0.13643,0.13645,-1.9999999999992246e-05,0.014657383657011542,missing_class,False,gate_rejected,False,False,False,True,raw_fallback,,,,-1.9999999999992246e-05,0.014657383657011542,feasible,False,3.212078905229847e-05,1.1453995970491654e-06,feasible,False,3.212078905227615e-05,1.1453995970439612e-06,feasible,False,3.212078905229847e-05,1.1453995970491654e-06,feasible,False,3.212078905229847e-05,1.1453995970491654e-06,feasible,False,3.212078905229847e-05,1.1453995970491654e-06,1,0.13644,,,1.0,0,0.0,,,1.0,0,0.0,,,1.0,0,0.0,,,1.0,0,0,4,False,False,0.0,0
1791,HPL,3,3,analyzed,saved,3.75028,3.7502999999999997,-1.9999999999686935e-05,0.0005332906700713792,missing_class,False,feasible,False,True,True,True,minimax_ratio,0.00846014133509117,0.0035675208822218696,3/4,0.0,0.0,feasible,False,0.18196475381216967,0.021395077385806482,feasible,False,0.16025789241627847,0.02432260216505941,feasible,False,0.08660101062639819,0.014251606002727013,feasible,False,-0.07085363595097469,-0.007276934208161875,feasible,True,0.00846014133509117,0.0035675208822218696,1,0.18072,,,0.0,0,0.0,,,0.0,1,1.75234,,,1.000246144010176,1,1.81724,,,1.0991988284894336,4,0,0,True,True,0.0,0
794,HQG,2,2,analyzed,saved,0.7232799999999999,0.72329,-1.0000000000065512e-05,0.0013825713061241705,missing_class,False,feasible,False,True,True,True,improvement_l2,0.2580840490197375,0.005051007304621966,1/3,0.0,0.0,feasible,True,0.19649547776616846,0.005297151618490863,feasible,True,0.2580840490197375,0.005051007304621966,feasible,True,0.19137368822322273,0.005317621315175953,feasible,False,-0.8834731519152738,0.009613344248750419,feasible,True,0.0761909060640366,0.005777959756335063,1,0.62928,,,0.9618768706396652,0,0.0,,,0.0,1,0.09401,,,1.25496935960982,0,0.0,,,0.0,4,0,0,True,True,0.0,0
141,HRB,7,7,analyzed,saved,4.928979999999999,4.92899,-1.0000000000509601e-05,0.00020288132052427783,singular,False,gate_rejected,False,False,False,True,raw_fallback,,,,-1.0000000000509601e-05,0.00020288132052427783,feasible,False,0.33893783589052806,0.10906210108817388,feasible,False,0.41149834378428884,0.08908149618385995,feasible,False,0.33893783589052806,0.10906210108817388,feasible,False,0.33893783589052806,0.10906210108817388,feasible,False,0.381996615488771,0.09720523172785886,2,1.09586,,,1.0,2,0.34206,,,1.0,1,2.96194,,,1.0,2,0.52916,,,1.0,0,0,4,False,False,0.0,0
105,HRC,3,3,analyzed,saved,1.48548,1.4855,-2.0000000000131024e-05,0.001346348030974825,missing_class,False,gate_rejected,False,False,False,True,raw_fallback,,,,-2.0000000000131024e-05,0.001346348030974825,feasible,False,0.17125658773511726,0.0015538745237159575,feasible,False,0.18209814677721647,0.0013186061890587293,feasible,False,0.1951238558876644,0.001513526326120679,feasible,False,-2.271727131265499,0.005683797947975694,feasible,False,0.00474654265603426,0.0005832709539478646,0,0.0,,,1.0,1,0.46268,,,1.0,1,0.94573,,,1.0,1,0.0771,,,1.0,0,0,4,False,False,0.0,0
1227,HRL,1,1,analyzed,saved,0.47682,0.47682,0.0,0.0,missing_class,False,gate_rejected,False,False,False,True,raw_fallback,,,,0.0,0.0,feasible,False,0.00011402196146694772,5.025734967835371e-06,feasible,False,0.0001140219614669686,5.02573496784578e-06,feasible,False,0.0001140219614669686,5.02573496784578e-06,feasible,False,0.0001140219614669686,5.02573496784578e-06,feasible,False,0.0001140219614669686,5.02573496784578e-06,1,0.47683,,,1.0,0,0.0,,,1.0,0,0.0,,,1.0,0,0.0,,,1.0,0,0,4,False,False,0.0,0
1555,HRN,1,1,analyzed,saved,1.5627099999999998,1.5627199999999999,-1.0000000000065512e-05,0.0006399099006901757,missing_class,False,gate_rejected,False,False,False,True,raw_fallback,,,,-1.0000000000065512e-05,0.0006399099006901757,feasible,False,9.168812778635549e-06,9.956762365773142e-07,feasible,False,9.168812778635549e-06,9.956762365773142e-07,feasible,False,9.168812778635549e-06,9.956762365773142e-07,feasible,False,9.168812778777093e-06,9.95676236622417e-07,feasible,False,9.168812778777093e-06,9.95676236622417e-07,1,1.56272,,,1.0,0,0.0,,,1.0,0,0.0,,,1.0,0,0.0,,,1.0,0,0,4,False,False,0.0,0
976,HRO,1,1,analyzed,saved,0.14912999999999998,0.14912,9.999999999982245e-06,0.006706008583679081,missing_class,False,gate_rejected,False,False,False,True,raw_fallback,,,,9.999999999982245e-06,0.006706008583679081,feasible,False,0.0003648228925268698,3.934540389970978e-06,feasible,False,0.0003648228925268698,3.934540389970978e-06,feasible,False,0.00036482289252681764,3.934540389970761e-06,feasible,False,0.0003648228925268698,3.934540389970978e-06,feasible,False,0.0003648228925268698,3.934540389970978e-06,1,0.14913,,,1.0,0,0.0,,,1.0,0,0.0,,,1.0,0,0.0,,,1.0,0,0,4,False,False,0.0,0
386,HSC,3,3,analyzed,saved,0.8262499999999999,0.82626,-1.0000000000065512e-05,0.0012102727954960318,missing_class,False,feasible,True,True,True,True,balanced_l2,0.852489693936064,0.016165275911287885,1/3/4,0.0,0.0,feasible,True,0.852489693936064,0.016165275911287885,feasible,True,0.8461664197397641,0.014884759602607498,feasible,True,0.8524894999006112,0.01616540837969458,feasible,True,0.8380606677309489,0.01608001192821803,feasible,True,0.8185311965713584,0.015185295037470192,1,0.33346,,,0.4237190888971377,0,0.0,,,0.0,1,0.08683,,,2.1657683334774087,1,0.40598,,,1.2238929009863488,4,0,0,True,True,0.0,0
2118,HSE,10,6,analyzed,saved,3.62918,3.6292299999999997,-4.999999999988347e-05,0.0013777027082847732,negative_factor,False,feasible,False,True,True,True,minimax_ratio,0.01155446316020134,0.002828959141131404,2/3/4,-4.440892098500626e-16,1.2236458142638044e-14,feasible,False,0.12318442984609852,-0.017494163335715254,feasible,False,0.12489264384998972,0.005331607508883521,feasible,False,0.14334088036760897,-0.018570316488371305,feasible,False,-0.22739695911150395,0.0063373800037520335,feasible,True,0.01155446316020134,0.002828959141131404,1,0.0824,,-86.37679399540211,0.0,2,1.32162,,1.8114163011571112,1.0101023503185598,2,1.9321100000000002,,-1.0590382626385613,0.9765334761341582,1,0.29312,,35.47848352338071,1.3900156817200862,4,0,0,True,True,0.0,0
1831,HSF,1,1,analyzed,saved,1.14282,1.14282,0.0,0.0,missing_class,False,gate_rejected,False,False,False,True,raw_fallback,,,,0.0,0.0,feasible,False,6.193996634717064e-05,4.055509527707557e-06,feasible,False,6.19399663472869e-05,4.055509527731843e-06,feasible,False,6.19399663472869e-05,4.055509527731843e-06,feasible,False,6.19399663472869e-05,4.055509527731843e-06,feasible,False,6.19399663472869e-05,4.055509527731843e-06,1,1.14283,,,1.0,0,0.0,,,1.0,0,0.0,,,1.0,0,0.0,,,1.0,0,0,4,False,False,0.0,0
2119,HSI,4,4,analyzed,saved,2.63806,2.63808,-2.0000000000131024e-05,0.0007581271227609103,singular,False,gate_rejected,False,False,False,True,raw_fallback,,,,-2.0000000000131024e-05,0.0007581271227609103,feasible,False,0.17590092065545265,0.04862642623046762,feasible,False,0.17590092065545293,0.048626426230467715,feasible,False,0.17590092065545265,0.04862642623046762,feasible,False,0.17590092065545265,0.04862642623046762,feasible,False,0.09211003350346009,0.020821763540290663,1,0.66017,,,1.0,1,0.74657,,,1.0,1,1.08451,,,1.0,1,0.14683,,,1.0,0,0,4,False,False,0.0,0
1262,HSL,47,47,analyzed,saved,132.14330999999999,132.14408,-0.0007700000000170348,0.0005826973104031863,negative_factor,False,feasible,False,True,True,True,improvement_l2,0.7839096587348159,1.0498840690933562,1/2/3,5.684341886080802e-14,4.301624322543092e-14,feasible,False,0.27345361163591553,0.8881015967512937,feasible,True,0.7839096587348159,1.0498840690933562,feasible,False,-0.18616678251775295,0.7434572306228036,feasible,True,0.7230450305404812,1.0263999251545768,feasible,True,0.5759492015274804,0.9735033486958649,1,8.91556,,8.411142114509891,5.304440600600937,1,9.1797,,12.32540753425826,7.5432587927240045,4,16.6629,,0.9474987588973377,0.9366378841488591,41,97.38575,,-0.7370431144210225,0.0,4,0,0,True,True,0.0,0
29,HSN,2,2,analyzed,saved,0.88678,0.8868,-2.0000000000020002e-05,0.0022552999548962564,missing_class,False,gate_rejected,False,False,False,True,raw_fallback,,,,-2.0000000000020002e-05,0.0022552999548962564,feasible,False,-0.017910762656510912,-0.00047374477105857496,feasible,False,-0.0006373997632563648,1.8251718757550384e-05,feasible,False,-0.018600167529608948,-0.0004933810619026507,feasible,False,0.008198465381077904,0.0002699233047924179,feasible,False,-0.0012824658513636625,-1.2167228452281825e-07,0,0.0,,,1.0,1,0.13457,,,1.0,1,0.75223,,,1.0,0,0.0,,,1.0,0,0,4,False,False,0.0,0
1883,HSP,1,1,analyzed,saved,1.3890699999999998,1.3890799999999999,-1.0000000000065512e-05,0.0007199009416351479,missing_class,False,gate_rejected,False,False,False,True,raw_fallback,,,,-1.0000000000065512e-05,0.0007199009416351479,feasible,False,9.640410567310312e-06,9.874307626348e-07,feasible,False,9.640410567439945e-06,9.874307626764334e-07,feasible,False,9.640410567310312e-06,9.874307626348e-07,feasible,False,9.64041056727725e-06,9.874307626313306e-07,feasible,False,9.640410567439945e-06,9.874307626764334e-07,1,1.38908,,,1.0,0,0.0,,,1.0,0,0.0,,,1.0,0,0.0,,,1.0,0,0,4,False,False,0.0,0
1636,HST,1,1,analyzed,saved,1.0464799999999999,1.0464600000000002,1.9999999999686935e-05,0.001911205397214125,missing_class,False,gate_rejected,False,False,False,True,raw_fallback,,,,1.9999999999686935e-05,0.001911205397214125,feasible,False,-0.00018289998962928332,4.6778333107925715e-06,feasible,False,-0.0001828999896296458,4.677833310769153e-06,feasible,False,-0.0001828999896296458,4.677833310769153e-06,feasible,False,-0.0001828999896296458,4.677833310769153e-06,feasible,False,-0.0001828999896296458,4.677833310769153e-06,1,1.04648,,,1.0,0,0.0,,,1.0,0,0.0,,,1.0,0,0.0,,,1.0,0,0,4,False,False,0.0,0
385,HTN,3,3,analyzed,saved,0.48353,0.48356000000000005,-3.0000000000030003e-05,0.006203987095713045,missing_class,False,feasible,True,True,True,True,target_l2,0.8298159199644239,0.009964835886966023,3/4,-5.551115123125783e-17,1.1479682196885149e-14,feasible,True,0.829758947395923,0.009964333757818031,feasible,True,0.8195480515389761,0.009874339773488972,feasible,True,0.8298159199644239,0.009964835886966023,feasible,True,0.8162162799545606,0.009844975121850504,feasible,True,0.7007104764787755,0.008607427661304866,1,0.24126,,,0.0,0,0.0,,,0.0,1,0.20078,,,0.5607652000545374,1,0.04152,,,8.932553273564915,4,0,0,True,True,0.0,0
1792,HTR,4,4,analyzed,saved,12.214419999999999,12.214450000000001,-3.0000000002416982e-05,0.00024561073157135184,missing_class,False,feasible,False,True,True,True,improvement_l2,0.47949896746541987,0.10872050937786074,1/4,1.7763568394002505e-15,1.454307676072398e-14,feasible,False,0.2645085668223787,0.06576624462612907,feasible,True,0.47949896746541987,0.10872050937786074,feasible,False,0.2645085668223787,0.06576624462612907,feasible,True,0.47701980510638126,0.11043994203921864,feasible,True,0.3013012567367707,0.07393830264897293,1,2.40119,,,3.548493953774805,0,0.0,,,0.0,2,2.05809,,,0.0,1,7.75519,,,0.4763022688355888,4,0,0,True,True,0.0,0
403,HTY,1,0,no_valid_locations,saved,,,,,,,,,,,,,,,,,,,,,,,,,,,,,,,,,,,,,,,,,,,,,,,,,,,,,,,,,,,,,,,,
1713,HTZ,1,1,analyzed,saved,0.78827,0.78827,0.0,0.0,missing_class,False,gate_rejected,False,False,False,True,raw_fallback,,,,0.0,0.0,feasible,False,0.0001117360288146117,2.5562531079355647e-06,feasible,False,0.0001117360288146117,2.5562531079355647e-06,feasible,False,0.0001117360288138563,2.5562531079086764e-06,feasible,False,0.0001117360288138563,2.5562531079086764e-06,feasible,False,0.0001117360288138563,2.5562531079086764e-06,1,0.78827,,,1.0,0,0.0,,,1.0,0,0.0,,,1.0,0,0.0,,,1.0,0,0,4,False,False,0.0,0
977,HUI,2,2,analyzed,saved,0.77988,0.77989,-9.99999999995449e-06,0.0012822321096506546,missing_class,False,gate_rejected,False,False,False,True,raw_fallback,,,,-9.99999999995449e-06,0.0012822321096506546,feasible,False,-0.053709062255766424,0.0012883969308291488,feasible,False,0.09688009707012384,-0.0023239275929862347,feasible,False,-0.053709062255766424,0.0012883969308291488,feasible,False,-0.05370906225576698,0.0012883969308291297,feasible,False,1.1594072174090497e-06,-9.310174393581394e-10,1,0.03019,,,1.0,0,0.0,,,1.0,0,0.0,,,1.0,1,0.74971,,,1.0,0,0,4,False,False,0.0,0
381,HUN,189,187,analyzed,saved,235.69849,235.70026,-0.001769999999993388,0.0007509537749315118,feasible,True,feasible,True,True,True,True,balanced_l2,0.9999999999999976,5.536887499999985,1/2/3/4,2.842170943040401e-14,1.2058412421948117e-14,feasible,True,0.9999999999999976,5.536887499999985,feasible,True,0.9999999999999907,5.5368874999999385,feasible,True,0.9999999999999983,5.536887499999988,feasible,True,0.9999999999999942,5.536887499999975,feasible,True,0.9999999999999991,5.536887499999994,11,5.3417200000000005,,29.215323723533473,29.215323723533395,3,1.08446,,26.400107066553385,26.400107066553378,14,27.371540000000007,,0.8150447996384523,0.8150447996384523,159,201.9026,,0.14213542764148684,0.14213542764148893,4,0,0,True,True,0.0,0
978,HUR,3,1,analyzed,saved,0.028310000000000002,0.02833,-1.9999999999999185e-05,0.07059654076949941,missing_class,False,gate_rejected,False,False,False,True,raw_fallback,,,,-1.9999999999999185e-05,0.07059654076949941,feasible,False,0.0002655377061234665,-3.1003822984431405e-07,feasible,False,0.0002655377061234973,-3.100382298434467e-07,feasible,False,0.000265537706123559,-3.1003822984171196e-07,feasible,False,0.0002655377061234973,-3.100382298434467e-07,feasible,False,0.0002655377061234973,-3.100382298434467e-07,0,0.0,,,1.0,0,0.0,,,1.0,1,0.02831,,,1.0,0,0.0,,,1.0,0,0,4,False,False,0.0,0
140,HUT,5,5,analyzed,saved,1.0164799999999998,1.01648,-2.220446049250313e-16,2.1844463730228957e-14,singular,False,gate_rejected,False,False,False,True,raw_fallback,,,,-2.220446049250313e-16,2.1844463730228957e-14,feasible,False,0.6412089391018247,0.013735109492642608,feasible,False,0.6889541578784788,0.013520066655901592,feasible,False,0.6412390809378805,0.013735451934925499,feasible,False,0.6619925252428079,0.013819301579291903,feasible,False,0.6798008053205178,0.013621655561456994,2,0.41726,,,1.0,1,0.20371,,,1.0,1,0.26267,,,1.0,1,0.13287,,,1.0,0,0,4,False,False,0.0,0
1669,HUX,1,1,analyzed,saved,0.59355,0.59357,-2.0000000000020002e-05,0.003369442525737487,missing_class,False,gate_rejected,False,False,False,True,raw_fallback,,,,-2.0000000000020002e-05,0.003369442525737487,feasible,False,0.00011333015310043646,3.520861776159026e-06,feasible,False,0.00011333015310043646,3.520861776159026e-06,feasible,False,0.00011333015310053742,3.5208617761624955e-06,feasible,False,0.00011333015310043646,3.520861776159026e-06,feasible,False,0.00011333015310043646,3.520861776159026e-06,1,0.59357,,,1.0,0,0.0,,,1.0,0,0.0,,,1.0,0,0.0,,,1.0,0,0,4,False,False,0.0,0
1804,HVB,2,2,analyzed,saved,1.17221,1.17223,-2.0000000000131024e-05,0.0017061498170266095,missing_class,False,gate_rejected,False,False,False,True,raw_fallback,,,,-2.0000000000131024e-05,0.0017061498170266095,feasible,False,-0.696703571749616,0.011453507089003959,feasible,False,0.08419952044242154,-0.0016589037713808513,feasible,False,-0.9247381417792813,0.010067743807658389,feasible,False,-0.6935363850832232,0.011472754043476151,feasible,False,0.00036997232646823503,1.1432276130776686e-05,1,0.09267,,,1.0,0,0.0,,,1.0,0,0.0,,,1.0,1,1.07955,,,1.0,0,0,4,False,False,0.0,0
1603,HYC,1,1,analyzed,saved,1.2287299999999999,1.22872,9.999999999843467e-06,0.0008138550686766282,missing_class,False,gate_rejected,False,False,False,True,raw_fallback,,,,9.999999999843467e-06,0.0008138550686766282,feasible,False,4.2324249194457024e-05,4.3538386703088905e-06,feasible,False,4.2324249194333974e-05,4.353838670301952e-06,feasible,False,4.2324249194333974e-05,4.353838670301952e-06,feasible,False,4.2324249194333974e-05,4.353838670301952e-06,feasible,False,4.2324249194457024e-05,4.3538386703088905e-06,1,1.22874,,,1.0,0,0.0,,,1.0,0,0.0,,,1.0,0,0.0,,,1.0,0,0,4,False,False,0.0,0
322,HYM,2,2,analyzed,saved,1.11217,1.1121599999999998,1.0000000000287557e-05,0.0008991512012918607,missing_class,False,gate_rejected,False,False,False,True,raw_fallback,,,,1.0000000000287557e-05,0.0008991512012918607,feasible,False,0.41862162921943946,0.030955647051858964,feasible,False,0.41862162921943946,0.030955647051858964,feasible,False,0.41862162921943946,0.030955647051858964,feasible,False,0.41862162921943946,0.030955647051858964,feasible,False,0.41862162921943946,0.030955647051858964,1,0.66605,,,1.0,1,0.44613,,,1.0,0,0.0,,,1.0,0,0.0,,,1.0,0,0,4,False,False,0.0,0
404,HYT,3,0,no_valid_locations,saved,,,,,,,,,,,,,,,,,,,,,,,,,,,,,,,,,,,,,,,,,,,,,,,,,,,,,,,,,,,,,,,,
887,HZH,1,0,no_valid_locations,saved,,,,,,,,,,,,,,,,,,,,,,,,,,,,,,,,,,,,,,,,,,,,,,,,,,,,,,,,,,,,,,,,
50,HZN,1,1,analyzed,saved,0.24597000000000002,0.24598,-9.999999999982245e-06,0.004065371168380456,missing_class,False,gate_rejected,False,False,False,True,raw_fallback,,,,-9.999999999982245e-06,0.004065371168380456,feasible,False,0.0003228062859115334,1.8762980545069044e-06,feasible,False,0.0003228062859115334,1.8762980545069044e-06,feasible,False,0.0003228062859114675,1.8762980545017002e-06,feasible,False,0.0003228062859115334,1.8762980545069044e-06,feasible,False,0.0003228062859115334,1.8762980545069044e-06,1,0.24598,,,1.0,0,0.0,,,1.0,0,0.0,,,1.0,0,0.0,,,1.0,0,0,4,False,False,0.0,0
1910,HZP,22,19,analyzed,saved,9.69492,9.695079999999999,-0.00015999999999927184,0.0016503216064155412,negative_factor,False,feasible,False,True,True,True,minimax_ratio,0.048961397522783584,0.018052975419882877,1/3/4,1.7763568394002505e-15,1.832225045487248e-14,feasible,False,0.0023946406780644275,0.14826773813636474,feasible,False,0.05395802839320507,0.03105351884832358,feasible,False,-0.00955142149784588,0.1468017846649758,feasible,False,0.1018960973497781,0.16047799651843647,feasible,True,0.048961397522783584,0.018052975419882877,6,2.96108,,1.347831109810254,1.0179779945675937,3,1.3688,,-19.27103338334986,0.0,9,4.38574,,-3.2625496650690744,0.7903178737293708,1,0.97947,,47.363621450475726,3.2818607036931713,4,0,0,True,True,0.0,0
51,HZR,4,3,analyzed,saved,0.48363999999999996,0.48365,-1.0000000000065512e-05,0.0020676108756467514,missing_class,False,feasible,False,True,True,True,improvement_l2,0.30416670835947995,0.003405338040945604,3/4,5.551115123125783e-17,1.147754600046683e-14,feasible,False,-0.21035268042824146,0.0037054158274182434,feasible,True,0.30416670835947995,0.003405338040945604,feasible,False,-0.2305823746780507,0.0037172141813846616,feasible,False,-6.567484235831491,0.007413019480519467,feasible,True,0.07835711105596527,0.0035370346214822065,0,0.0,,,0.0,1,0.07559,,,0.0,1,0.1004,,,1.0350130035501894,1,0.30767,,,1.2341558783628257,4,0,0,True,True,0.0,0
387,IAS,11,11,analyzed,saved,2.33021,2.33036,-0.0001500000000000945,0.006436773717369612,negative_factor,False,feasible,False,True,True,True,improvement_l2,0.4389041002998499,0.07527107119241325,2/3,4.440892098500626e-16,1.9056678360856802e-14,feasible,False,0.4012677620802681,0.06814472184327336,feasible,True,0.4389041002998499,0.07527107119241325,feasible,False,0.44431235658938756,0.07540300112785833,feasible,True,0.40742468301135537,0.07063158647942881,feasible,True,0.3256181926673626,0.058574820691944446,5,0.72419,,-5.817763290470707,0.0,2,0.26113,,16.492059894227207,7.614079189317479,1,0.85549,,0.12125879674575991,0.39971258407945853,3,0.48951,,4.357542300037521,0.0,4,0,0,True,True,0.0,0
1437,IBL,6,6,analyzed,saved,4.25036,4.2504100000000005,-5.000000000077165e-05,0.001176357104391615,singular,False,gate_rejected,False,False,False,True,raw_fallback,,,,-5.000000000077165e-05,0.001176357104391615,feasible,False,-0.07469242631931364,0.017056643077623612,feasible,False,0.27144142459807163,0.013858906945979119,feasible,False,-0.08592979195369185,0.01716045878365259,feasible,False,-0.29311112442036347,0.019074490684534276,feasible,False,0.06941700908883354,0.015725296989125948,2,0.71914,,,1.0,1,0.07784,,,1.0,1,0.43193,,,1.0,2,3.0214899999999996,,,1.0,0,0,4,False,False,0.0,0
12,ICE,21,21,analyzed,saved,9.84727,9.84736,-9.000000000014552e-05,0.000913950541060198,negative_factor,False,feasible,False,True,True,True,improvement_l2,0.9656490399244114,0.5430790268934742,1/2/3,0.0,0.0,feasible,True,0.9397714267580699,0.5425567233505393,feasible,True,0.9656490399244114,0.5430790268934742,feasible,True,0.8097643065021379,0.5389727899147265,feasible,True,0.6950063135765243,0.5427707767793247,feasible,True,0.9339044038683839,0.5426889365828272,1,0.83983,,10.565107615854425,9.931902021632085,1,0.32078,,0.6706941834571766,0.6061673782781907,1,1.31192,,0.9969615878779114,0.9998267431923505,18,7.374829999999999,,-0.07440425024713344,0.0,4,0,0,True,True,0.0,0
65,ICM,3,3,analyzed,saved,7.8829400000000005,7.8829199999999995,2.0000000001019203e-05,0.00025371309110100323,missing_class,False,gate_rejected,False,False,False,True,raw_fallback,,,,2.0000000001019203e-05,0.00025371309110100323,feasible,False,-0.1748343489125516,-0.03792410726554096,feasible,False,0.28898984067991457,0.005152385012316546,feasible,False,-0.17474834288392554,-0.0379792478136296,feasible,False,-1.8557374284934451,0.0022943315273277545,feasible,False,0.0016106490182797087,0.0006766670203629727,0,0.0,,,1.0,1,0.46642,,,1.0,1,1.52123,,,1.0,1,5.8953,,,1.0,0,0,4,False,False,0.0,0
1299,IDR,1,1,analyzed,saved,5.77366,5.7737099999999995,-4.999999999988347e-05,0.0008659943086833851,missing_class,False,gate_rejected,False,False,False,True,raw_fallback,,,,-4.999999999988347e-05,0.0008659943086833851,feasible,False,-0.00011292643810900283,-7.581705694370555e-06,feasible,False,-0.00011292643810900283,-7.581705694370555e-06,feasible,False,-0.00011292643810900283,-7.581705694370555e-06,feasible,False,-0.00011292643810900283,-7.581705694370555e-06,feasible,False,-0.00011292643810900283,-7.581705694370555e-06,1,5.77368,,,1.0,0,0.0,,,1.0,0,0.0,,,1.0,0,0.0,,,1.0,0,0,4,False,False,0.0,0
1226,IFA,37,37,analyzed,saved,17.54258,17.54278,-0.00019999999999953388,0.0011400701599149842,singular,False,gate_rejected,False,False,False,True,raw_fallback,,,,-0.00019999999999953388,0.0011400701599149842,feasible,False,0.6249947430924923,0.33055832707758626,feasible,False,0.6297943775705693,0.32174044081905834,feasible,False,0.6220822724418642,0.33590911681914926,feasible,False,0.6237618346320875,0.332823425934738,feasible,False,0.6264252831556261,0.32793013953067973,1,1.87361,,,1.0,14,5.527769999999999,,,1.0,2,0.59801,,,1.0,20,9.54348,,,1.0,0,0,4,False,False,0.0,0
2268,IFE,1,0,no_valid_locations,saved,,,,,,,,,,,,,,,,,,,,,,,,,,,,,,,,,,,,,,,,,,,,,,,,,,,,,,,,,,,,,,,,
521,IHB,3,3,analyzed,saved,1.02491,1.02495,-4.0000000000040004e-05,0.0039026293965598326,missing_class,False,gate_rejected,False,False,False,True,raw_fallback,,,,-4.0000000000040004e-05,0.0039026293965598326,feasible,False,0.11375940174572619,0.006001623791436431,feasible,False,0.11375940174572656,0.0060016237914364175,feasible,False,0.11375940174572656,0.0060016237914364175,feasible,False,0.11375940174572619,0.006001623791436431,feasible,False,0.11375940174572619,0.006001623791436431,1,0.04047,,,1.0,1,0.20411,,,1.0,0,0.0,,,1.0,1,0.78036,,,1.0,0,0,4,False,False,0.0,0
2270,IJB,4,4,analyzed,saved,9.33144,9.331439999999999,1.7763568394002505e-15,1.9036256348433367e-14,missing_class,False,gate_rejected,False,False,False,True,raw_fallback,,,,1.7763568394002505e-15,1.9036256348433367e-14,feasible,False,0.7499999999999667,0.030259999999998843,feasible,False,0.7499999999998257,0.030259999999994208,feasible,False,0.7499999999999831,0.030259999999999537,feasible,False,0.7499999999996779,0.030259999999988685,feasible,False,0.7499999999999954,0.03025999999999998,2,3.87439,,,1.0,1,2.14729,,,1.0,0,0.0,,,1.0,1,3.30978,,,1.0,0,0,4,False,False,0.0,0
2274,IJE,1,1,analyzed,saved,0.33802,0.33801,1.0000000000010001e-05,0.0029584923523002286,missing_class,False,gate_rejected,False,False,False,True,raw_fallback,,,,1.0000000000010001e-05,0.0029584923523002286,feasible,False,0.000231283855126861,4.969818488800674e-06,feasible,False,0.0002312838551274128,4.969818488814552e-06,feasible,False,0.0002312838551274128,4.969818488814552e-06,feasible,False,0.0002312838551274128,4.969818488814552e-06,feasible,False,0.0002312838551274128,4.969818488814552e-06,1,0.33802,,,1.0,0,0.0,,,1.0,0,0.0,,,1.0,0,0.0,,,1.0,0,0,4,False,False,0.0,0
1181,IJO,1,1,analyzed,saved,0.6224,0.6224000000000001,-1.1102230246251565e-16,1.7837773531895186e-14,missing_class,False,gate_rejected,False,False,False,True,raw_fallback,,,,-1.1102230246251565e-16,1.7837773531895186e-14,feasible,False,0.0001400626730679423,6.210236109125723e-06,feasible,False,0.00014006267306787367,6.210236109127024e-06,feasible,False,0.0001400626730679423,6.210236109125723e-06,feasible,False,0.0001400626730679423,6.210236109125723e-06,feasible,False,0.0001400626730679423,6.210236109125723e-06,1,0.62241,,,1.0,0,0.0,,,1.0,0,0.0,,,1.0,0,0.0,,,1.0,0,0,4,False,False,0.0,0
2276,IJS,1,1,analyzed,saved,0.9266,0.92659,9.99999999995449e-06,0.001079225979122858,missing_class,False,gate_rejected,False,False,False,True,raw_fallback,,,,9.99999999995449e-06,0.001079225979122858,feasible,False,5.7123883964395614e-05,5.171440766378252e-06,feasible,False,5.7123883964395614e-05,5.171440766378252e-06,feasible,False,5.71238839645416e-05,5.1714407664060075e-06,feasible,False,5.71238839645416e-05,5.1714407664060075e-06,feasible,False,5.71238839645416e-05,5.1714407664060075e-06,1,0.92661,,,1.0,0,0.0,,,1.0,0,0.0,,,1.0,0,0.0,,,1.0,0,0,4,False,False,0.0,0
979,ILU,1,1,analyzed,saved,0.062400000000000004,0.06241,-9.999999999996123e-06,0.016023073225438427,missing_class,False,gate_rejected,False,False,False,True,raw_fallback,,,,-9.999999999996123e-06,0.016023073225438427,feasible,False,0.0007203513391643796,2.8370514064038734e-06,feasible,False,0.0007203513391643796,2.8370514064038734e-06,feasible,False,0.0007203513391643796,2.8370514064038734e-06,feasible,False,0.0007203513391643796,2.8370514064038734e-06,feasible,False,0.0007203513391643796,2.8370514064038734e-06,1,0.06241,,,1.0,0,0.0,,,1.0,0,0.0,,,1.0,0,0.0,,,1.0,0,0,4,False,False,0.0,0
323,IMA,1,1,analyzed,saved,0.39256,0.39255999999999996,5.551115123125783e-17,1.4140806814565375e-14,missing_class,False,gate_rejected,False,False,False,True,raw_fallback,,,,5.551115123125783e-17,1.4140806814565375e-14,feasible,False,4.47055082500857e-05,1.4788312462966913e-06,feasible,False,4.47055082500857e-05,1.4788312462966913e-06,feasible,False,4.4705508249802846e-05,1.4788312462836808e-06,feasible,False,4.47055082500857e-05,1.4788312462966913e-06,feasible,False,4.4705508249802846e-05,1.4788312462836808e-06,1,0.39256,,,1.0,0,0.0,,,1.0,0,0.0,,,1.0,0,0.0,,,1.0,0,0,4,False,False,0.0,0
980,IMN,2,2,analyzed,saved,0.1515,0.15150999999999998,-9.999999999982245e-06,0.006600224407618142,missing_class,False,gate_rejected,False,False,False,True,raw_fallback,,,,-9.999999999982245e-06,0.006600224407618142,feasible,False,0.2532772830800677,0.002770601116990013,feasible,False,0.2532772830800677,0.002770601116990013,feasible,False,0.2532772830800678,0.002770601116990014,feasible,False,0.2532772830800677,0.002770601116990013,feasible,False,0.2532772830800678,0.002770601116990014,1,0.05149,,,1.0,0,0.0,,,1.0,0,0.0,,,1.0,1,0.10002,,,1.0,0,0,4,False,False,0.0,0
1482,IMO,1,1,analyzed,saved,1.18488,1.1849,-2.0000000000131024e-05,0.0016879061524289831,missing_class,False,gate_rejected,False,False,False,True,raw_fallback,,,,-2.0000000000131024e-05,0.0016879061524289831,feasible,False,-2.9799552405327826e-06,-1.8389341229010925e-06,feasible,False,-2.9799552405327826e-06,-1.8389341229010925e-06,feasible,False,-2.9799552405327826e-06,-1.8389341229010925e-06,feasible,False,-2.9799552405327826e-06,-1.8389341229010925e-06,feasible,False,-2.9799552405327826e-06,-1.8389341229010925e-06,1,1.18489,,,1.0,0,0.0,,,1.0,0,0.0,,,1.0,0,0.0,,,1.0,0,0,4,False,False,0.0,0
30,INA,2,2,analyzed,saved,1.5479800000000001,1.54799,-9.999999999843467e-06,0.0006459990051514201,missing_class,False,gate_rejected,False,False,False,True,raw_fallback,,,,-9.999999999843467e-06,0.0006459990051514201,feasible,False,-1.31905822184,-0.011750238968704193,feasible,False,0.24255570977249197,0.002164185219262354,feasible,False,-1.2059610181235065,-0.01074251072350398,feasible,False,-1.006999653091276,-0.006225837183828513,feasible,False,0.00012690080671388923,4.0755948238629935e-06,0,0.0,,,1.0,0,0.0,,,1.0,1,0.42783,,,1.0,1,1.12017,,,1.0,0,0,4,False,False,0.0,0
537,INH,3,3,analyzed,saved,0.64735,0.64734,9.99999999995449e-06,0.0015447832669006224,missing_class,False,gate_rejected,False,False,False,True,raw_fallback,,,,9.99999999995449e-06,0.0015447832669006224,feasible,False,-0.341009372900216,-7.132843362135308e-06,feasible,False,0.25963499526620715,0.0008078566293976651,feasible,False,-0.30092893418714356,4.723452402688455e-05,feasible,False,-0.4681785367221216,1.9894777057024096e-05,feasible,False,0.01897501727801467,0.0005473079123083403,1,0.04909,,,1.0,1,0.28146,,,1.0,0,0.0,,,1.0,1,0.31682,,,1.0,0,0,4,False,False,0.0,0
316,INI,1,1,analyzed,saved,0.12028,0.12029,-9.999999999996123e-06,0.008313242996089553,missing_class,False,gate_rejected,False,False,False,True,raw_fallback,,,,-9.999999999996123e-06,0.008313242996089553,feasible,False,0.0003787200574189907,2.2938803894247736e-06,feasible,False,0.0003787200574189907,2.2938803894247736e-06,feasible,False,0.00037872005741923287,2.2938803894278093e-06,feasible,False,0.0003787200574189907,2.2938803894247736e-06,feasible,False,0.00037872005741923287,2.2938803894278093e-06,1,0.12029,,,1.0,0,0.0,,,1.0,0,0.0,,,1.0,0,0.0,,,1.0,0,0,4,False,False,0.0,0
1900,INJ,51,49,analyzed,saved,43.4995,43.4999,-0.00039999999999906777,0.0009195423437733599,negative_factor,False,feasible,False,True,True,True,target_l2,0.7173321695706736,0.9358240785940048,1/3/4,7.105427357601002e-15,1.633435331483751e-14,feasible,True,0.7136520300713443,0.9312510949432953,feasible,True,0.7084024899258508,0.9130042659850128,feasible,True,0.7173321695706736,0.9358240785940048,feasible,True,0.7166689361731873,0.9341995601365745,feasible,True,0.4996466447216733,0.5443246852134376,14,6.07024,,6.70955899486186,3.944236653920413,19,18.464380000000002,,-1.4101462721069826,0.0,3,5.367100000000001,,0.11951231707287775,0.33020424884011595,13,13.59813,,2.071342434969254,1.3078625981223677,4,0,0,True,True,0.0,0
1958,INO,2,2,analyzed,saved,2.2595199999999998,2.25956,-4.000000000026205e-05,0.0017702561560773802,missing_class,False,gate_rejected,False,False,False,True,raw_fallback,,,,-4.000000000026205e-05,0.0017702561560773802,feasible,False,-0.008190954631114902,-0.0022257398400346556,feasible,False,0.036974256321220346,0.010053310478201804,feasible,False,-0.008190954631114902,-0.0022257398400346556,feasible,False,0.13314542042633992,0.0466424238874658,feasible,False,-4.985617056954573e-06,-2.2326859174318092e-07,1,2.18935,,,1.0,0,0.0,,,1.0,1,0.0702,,,1.0,0,0.0,,,1.0,0,0,4,False,False,0.0,0
1374,INR,6,6,analyzed,saved,3.36757,3.3675800000000002,-1.0000000000065512e-05,0.00029694914449146005,negative_factor,False,feasible,False,True,True,True,minimax_ratio,0.10037267015711897,0.016559605029518393,3/4,0.0,0.0,feasible,False,0.31195393472191746,0.035710374930500215,feasible,False,0.3396345528382461,0.03748449200513809,feasible,False,0.34089015517051235,0.037564966564169515,feasible,False,0.24356063989721893,0.03132688495100225,feasible,True,0.10037267015711897,0.016559605029518393,2,0.40942999999999996,,-103.23724827784199,0.0,1,0.08908,,328.2762005354872,0.0,2,2.1684200000000002,,13.364164719417817,1.0677171522243638,1,0.70069,,-17.964031073531466,1.5017854687772996,4,0,0,True,True,0.0,0
574,IRD,1,0,no_valid_locations,saved,,,,,,,,,,,,,,,,,,,,,,,,,,,,,,,,,,,,,,,,,,,,,,,,,,,,,,,,,,,,,,,,
177,ISL,1,1,analyzed,saved,0.41263000000000005,0.41263,5.551115123125783e-17,1.3453009047150675e-14,missing_class,False,gate_rejected,False,False,False,True,raw_fallback,,,,5.551115123125783e-17,1.3453009047150675e-14,feasible,False,0.0006252289660134975,8.380281690156116e-06,feasible,False,0.0006252289660129574,8.380281690143106e-06,feasible,False,0.0006252289660134975,8.380281690156116e-06,feasible,False,0.0006252289660134975,8.380281690156116e-06,feasible,False,0.0006252289660129574,8.380281690143106e-06,1,0.41264,,,1.0,0,0.0,,,1.0,0,0.0,,,1.0,0,0.0,,,1.0,0,0,4,False,False,0.0,0
2271,ISO,1,1,analyzed,saved,0.62612,0.62613,-9.99999999995449e-06,0.0015971124207360278,missing_class,False,gate_rejected,False,False,False,True,raw_fallback,,,,-9.99999999995449e-06,0.0015971124207360278,feasible,False,9.288289032904296e-05,3.937157819574114e-06,feasible,False,9.288289032904296e-05,3.937157819574114e-06,feasible,False,9.288289032904296e-05,3.937157819574114e-06,feasible,False,9.288289032904296e-05,3.937157819574114e-06,feasible,False,9.288289032904296e-05,3.937157819574114e-06,1,0.62613,,,1.0,0,0.0,,,1.0,0,0.0,,,1.0,0,0.0,,,1.0,0,0,4,False,False,0.0,0
981,ITU,1,1,analyzed,saved,0.055029999999999996,0.05505,-2.0000000000006124e-05,0.03633060853770413,missing_class,False,gate_rejected,False,False,False,True,raw_fallback,,,,-2.0000000000006124e-05,0.03633060853770413,feasible,False,-5.3906982682233514e-05,-2.012826073487196e-06,feasible,False,-5.3906982682233514e-05,-2.012826073487196e-06,feasible,False,-5.3906982682101214e-05,-2.012826073485678e-06,feasible,False,-5.3906982682233514e-05,-2.012826073487196e-06,feasible,False,-5.3906982682233514e-05,-2.012826073487196e-06,1,0.05504,,,1.0,0,0.0,,,1.0,0,0.0,,,1.0,0,0.0,,,1.0,0,0,4,False,False,0.0,0
1748,ITZ,7,6,analyzed,saved,4.0243400000000005,4.024419999999999,-7.999999999874774e-05,0.001987864089701069,negative_factor,False,feasible,False,True,True,True,balanced_l2,0.46012508922530954,0.16129400741108807,2/3/4,0.0,0.0,feasible,True,0.46012508922530954,0.16129400741108807,feasible,False,0.6538988731324002,0.23064212009635346,feasible,False,0.49007666934724653,0.17215778314241664,feasible,False,0.6200030268934598,0.2372515766798683,feasible,True,0.12906347196537274,0.038773272163568545,3,2.15017,,-6.768336973246268,0.0,1,0.38256,,3.4717499357463644,2.07050350994248,1,1.12913,,1.4907785529995279,1.1885716293556918,1,0.36256,,42.93312342439986,5.213496255563533,4,0,0,True,True,0.0,0
321,IVG,1,1,analyzed,saved,0.73041,0.73041,0.0,0.0,missing_class,False,gate_rejected,False,False,False,True,raw_fallback,,,,0.0,0.0,feasible,False,4.355255770748847e-05,4.265763650281723e-06,feasible,False,4.355255770748847e-05,4.265763650281723e-06,feasible,False,4.355255770748847e-05,4.265763650281723e-06,feasible,False,4.355255770748847e-05,4.265763650281723e-06,feasible,False,4.355255770748847e-05,4.265763650281723e-06,1,0.73042,,,1.0,0,0.0,,,1.0,0,0.0,,,1.0,0,0.0,,,1.0,0,0,4,False,False,0.0,0
1739,IXA,1,1,analyzed,saved,1.7079700000000002,1.70796,1.0000000000287557e-05,0.0005854938054923744,missing_class,False,gate_rejected,False,False,False,True,raw_fallback,,,,1.0000000000287557e-05,0.0005854938054923744,feasible,False,-0.00010286833678096423,5.267851860578376e-06,feasible,False,-0.00010286833678096423,5.267851860578376e-06,feasible,False,-0.00010286833678096423,5.267851860578376e-06,feasible,False,-0.00010286833678096423,5.267851860578376e-06,feasible,False,-0.00010286833678061379,5.267851860630418e-06,1,1.70798,,,1.0,0,0.0,,,1.0,0,0.0,,,1.0,0,0.0,,,1.0,0,0,4,False,False,0.0,0
1616,IXL,1,1,analyzed,saved,0.5587999999999999,0.55879,9.999999999843467e-06,0.001789581059046058,missing_class,False,gate_rejected,False,False,False,True,raw_fallback,,,,9.999999999843467e-06,0.001789581059046058,feasible,False,7.9919516494224e-05,5.636779144568144e-06,feasible,False,7.9919516494224e-05,5.636779144568144e-06,feasible,False,7.9919516494224e-05,5.636779144568144e-06,feasible,False,7.9919516494224e-05,5.636779144568144e-06,feasible,False,7.9919516494224e-05,5.636779144568144e-06,1,0.5588,,,1.0,0,0.0,,,1.0,0,0.0,,,1.0,0,0.0,,,1.0,0,0,4,False,False,0.0,0
1695,IXT,1,1,analyzed,saved,1.45907,1.45908,-9.999999999843467e-06,0.0006853633796531696,missing_class,False,gate_rejected,False,False,False,True,raw_fallback,,,,-9.999999999843467e-06,0.0006853633796531696,feasible,False,2.0477918456690338e-05,4.662924937316737e-07,feasible,False,2.0477918456690338e-05,4.662924937316737e-07,feasible,False,2.0477918456690338e-05,4.662924937316737e-07,feasible,False,2.0477918456690338e-05,4.662924937316737e-07,feasible,False,2.0477918456341848e-05,4.6629249367616254e-07,1,1.45908,,,1.0,0,0.0,,,1.0,0,0.0,,,1.0,0,0.0,,,1.0,0,0,4,False,False,0.0,0
2272,IYA,1,1,analyzed,saved,0.25675,0.25673999999999997,1.0000000000010001e-05,0.0038949910415245004,missing_class,False,gate_rejected,False,False,False,True,raw_fallback,,,,1.0000000000010001e-05,0.0038949910415245004,feasible,False,0.0001962250749814245,3.0956175298632333e-06,feasible,False,0.00019622507498167645,3.095617529869088e-06,feasible,False,0.0001962250749814245,3.0956175298632333e-06,feasible,False,0.00019622507498167645,3.095617529869088e-06,feasible,False,0.00019622507498167645,3.095617529869088e-06,1,0.25675,,,1.0,0,0.0,,,1.0,0,0.0,,,1.0,0,0.0,,,1.0,0,0,4,False,False,0.0,0
1731,IZC,1,1,analyzed,saved,0.53874,0.53875,-9.99999999995449e-06,0.0018561484918709033,missing_class,False,gate_rejected,False,False,False,True,raw_fallback,,,,-9.99999999995449e-06,0.0018561484918709033,feasible,False,0.0001672401192886854,4.958498146778387e-06,feasible,False,0.0001672401192886854,4.958498146778387e-06,feasible,False,0.0001672401192886854,4.958498146778387e-06,feasible,False,0.0001672401192886854,4.958498146778387e-06,feasible,False,0.0001672401192890965,4.958498146804408e-06,1,0.53875,,,1.0,0,0.0,,,1.0,0,0.0,,,1.0,0,0.0,,,1.0,0,0,4,False,False,0.0,0
1744,IZO,1,1,analyzed,saved,4.57576,4.57575,9.999999999621423e-06,0.00021854340817617707,missing_class,False,gate_rejected,False,False,False,True,raw_fallback,,,,9.999999999621423e-06,0.00021854340817617707,feasible,False,-0.00023162324197114635,5.483250699107878e-06,feasible,False,-0.00023162324197114635,5.483250699107878e-06,feasible,False,-0.00023162324197073894,5.483250699081857e-06,feasible,False,-0.00023162324197114635,5.483250699107878e-06,feasible,False,-0.00023162324197114635,5.483250699107878e-06,1,4.57577,,,1.0,0,0.0,,,1.0,0,0.0,,,1.0,0,0.0,,,1.0,0,0,4,False,False,0.0,0
512,JAL,59,18,analyzed,saved,25.82416,25.82427,-0.00010999999999938836,0.00042595589342656493,negative_factor,False,feasible,False,True,True,True,minimax_ratio,0.0652429936060574,0.07392150101971573,3/4,3.552713678800501e-15,1.3757266628642363e-14,feasible,False,-1.22634081839947,-0.22088816987766624,feasible,False,0.12728424368458527,0.03427007835726725,feasible,False,-1.078749049352471,-0.12576742701640353,feasible,False,-0.23152836515279596,0.26359218891464936,feasible,True,0.0652429936060574,0.07392150101971573,6,2.9605,,-16.539622268961203,0.0,1,0.91986,,-7.8565341530822765,0.0,3,17.14191,,1.509240588542407,1.0246712115075722,8,4.80208,,11.691919414755764,1.719943411374442,4,0,0,True,True,0.0,0
610,JAP,339,339,analyzed,saved,860.71673,860.72038,-0.0036499999999932697,0.00042406338746077676,feasible,True,feasible,True,True,True,True,balanced_l2,0.9999999999997147,4.709197499999963,1/2/3/4,0.0,0.0,feasible,True,0.9999999999997147,4.709197499999963,feasible,True,0.999999999997837,4.70919749998489,feasible,True,0.9999999999996418,4.709197499999961,feasible,True,0.9999999999910483,4.70919749999886,feasible,True,0.9999999999999999,4.70919749999999,87,175.44871000000003,,1.3314481621871173,1.3314481621871166,87,191.76243000000005,,1.302112419702782,1.3021124197027625,45,188.05505999999994,,0.5942815553112925,0.5942815553112918,120,305.45409,,0.869732708136693,0.8697327081367057,4,0,0,True,True,0.0,0
1973,JAW,3,3,analyzed,saved,4.27024,4.27027,-2.9999999999752447e-05,0.0007025316900278541,missing_class,False,feasible,False,True,True,True,target_l2,0.45230290194357803,0.0786478261309414,3/4,-8.881784197001252e-16,2.0799116208111555e-14,feasible,True,0.4499655623129229,0.07853144578161166,feasible,True,0.44810182769636353,0.07843864707880935,feasible,True,0.45230290194357803,0.0786478261309414,feasible,False,-0.34022015817963563,0.05477671334693032,feasible,True,0.2918738282771588,0.07382091307200586,1,3.08415,,,0.0,0,0.0,,,0.0,1,0.31104,,,1.510159467681314,1,0.87509,,,4.342981758932144,4,0,0,True,True,0.0,0
270,JBL,2,2,analyzed,saved,1.7953700000000001,1.79539,-1.999999999990898e-05,0.001113964096932086,missing_class,False,gate_rejected,False,False,False,True,raw_fallback,,,,-1.999999999990898e-05,0.001113964096932086,feasible,False,0.027088490901044558,0.004493848184121584,feasible,False,0.027088490901044558,0.004493848184121584,feasible,False,0.027088490901044558,0.004493848184121584,feasible,False,0.027088490901044558,0.004493848184121584,feasible,False,0.00020606068783234494,1.8857916286078857e-05,0,0.0,,,1.0,1,1.42387,,,1.0,0,0.0,,,1.0,1,0.37153,,,1.0,0,0,4,False,False,0.0,0
1895,JEV,1,1,analyzed,saved,0.15803999999999999,0.15806,-2.0000000000020002e-05,0.012653422750866759,missing_class,False,gate_rejected,False,False,False,True,raw_fallback,,,,-2.0000000000020002e-05,0.012653422750866759,feasible,False,6.777305129833364e-05,-8.196156975719127e-07,feasible,False,6.777305129849673e-05,-8.196156975667085e-07,feasible,False,6.777305129849673e-05,-8.196156975667085e-07,feasible,False,6.777305129849673e-05,-8.196156975667085e-07,feasible,False,6.777305129849673e-05,-8.196156975667085e-07,1,0.15805,,,1.0,0,0.0,,,1.0,0,0.0,,,1.0,0,0.0,,,1.0,0,0,4,False,False,0.0,0
1345,JFN,4,4,analyzed,saved,4.85262,4.85264,-2.0000000000131024e-05,0.000412146790203498,missing_class,False,feasible,False,True,True,True,target_l2,0.8910816503215553,0.08847248870986339,2/3/4,-8.881784197001252e-16,1.8302994240251188e-14,feasible,True,0.8907519352333007,0.08847223076586364,feasible,True,0.8761160150596574,0.0884468309948564,feasible,True,0.8910816503215553,0.08847248870986339,feasible,True,0.8669071128687265,0.08843577871768579,feasible,True,0.794167435730284,0.07548379136817104,0,0.0,,,0.0,1,3.10995,,,0.0861017162298851,2,1.449,,,0.5855121239770891,1,0.2937,,,12.721640494411483,4,0,0,True,True,0.0,0
1320,JHI,3,3,analyzed,saved,1.3152399999999997,1.31529,-5.000000000032756e-05,0.0038014430277982466,missing_class,False,feasible,False,True,True,True,improvement_l2,0.4079748804544344,0.001699506332811717,2/4,2.220446049250313e-16,1.6881798304938933e-14,feasible,False,-1.1875121518641871,-0.0010591856855488666,feasible,True,0.4079748804544344,0.001699506332811717,feasible,False,-2.001860510264201,-0.002461648960063143,feasible,False,-0.6891515015305795,0.0012321656321799862,feasible,True,0.37539489770004164,0.0016324385019176922,0,0.0,,,0.0,1,0.13547,,,1.5952749540795867,1,0.48199,,,0.0,1,0.69784,,,1.5751008363006593,4,0,0,True,True,0.0,0
982,JHT,1,1,analyzed,saved,0.21402,0.21402000000000002,-2.7755575615628914e-17,1.2968683121030238e-14,missing_class,False,gate_rejected,False,False,False,True,raw_fallback,,,,-2.7755575615628914e-17,1.2968683121030238e-14,feasible,False,0.00031435447079873624,2.489203276249182e-06,feasible,False,0.0003143544707983103,2.489203276242677e-06,feasible,False,0.00031435447079792124,2.4892032762361717e-06,feasible,False,0.0003143544707983103,2.489203276242677e-06,feasible,False,0.0003143544707983103,2.489203276242677e-06,1,0.21402,,,1.0,0,0.0,,,1.0,0,0.0,,,1.0,0,0.0,,,1.0,0,0,4,False,False,0.0,0
924,JIZ,1,1,analyzed,saved,0.30073,0.30072,1.0000000000010001e-05,0.0033253524873669863,missing_class,False,gate_rejected,False,False,False,True,raw_fallback,,,,1.0000000000010001e-05,0.0033253524873669863,feasible,False,0.00015882727604895323,5.880193617122109e-06,feasible,False,0.00015882727604870573,5.880193617109099e-06,feasible,False,0.00015882727604895323,5.880193617122109e-06,feasible,False,0.00015882727604870573,5.880193617109099e-06,feasible,False,0.00015882727604895323,5.880193617122109e-06,1,0.30073,,,1.0,0,0.0,,,1.0,0,0.0,,,1.0,0,0.0,,,1.0,0,0,4,False,False,0.0,0
1327,JJK,2,2,analyzed,saved,18.859049999999996,18.8591,-5.000000000521254e-05,0.00026512399852173505,missing_class,False,gate_rejected,False,False,False,True,raw_fallback,,,,-5.000000000521254e-05,0.00026512399852173505,feasible,False,0.3975199383853488,0.6545902386191856,feasible,False,0.3975199383853488,0.6545902386191856,feasible,False,0.39751993838534877,0.6545902386191857,feasible,False,0.3975199383853488,0.6545902386191856,feasible,False,2.1224685047688388e-05,3.458879025486361e-05,0,0.0,,,1.0,1,12.14818,,,1.0,1,6.71087,,,1.0,0,0.0,,,1.0,0,0,4,False,False,0.0,0
1929,JKR,15,13,analyzed,saved,5.99516,5.99523,-7.00000000000145e-05,0.001167594904616078,negative_factor,False,feasible,False,True,True,True,minimax_ratio,0.01592240641265764,0.009731061395456514,2/3/4,8.881784197001252e-16,1.4814751389023027e-14,feasible,False,0.21721787326770015,0.1185959023676798,feasible,False,0.45380146448642844,0.198703289593043,feasible,False,0.3646883889933694,0.19304566184302693,feasible,False,0.2200904030208848,0.16848272231805728,feasible,True,0.01592240641265764,0.009731061395456514,4,0.59937,,-62.24898422550056,0.0,2,0.9109499999999999,,-4.536736147704276,0.9115321250683666,1,2.00907,,1.332493903523808,1.0053303405171605,6,2.47586,,18.07956617207561,1.2702650154346111,4,0,0,True,True,0.0,0
52,JLM,6,4,analyzed,saved,3.2684800000000003,3.26853,-4.999999999988347e-05,0.001529739668899581,missing_class,False,gate_rejected,False,False,False,True,raw_fallback,,,,-4.999999999988347e-05,0.001529739668899581,feasible,False,-0.4609785539720678,-0.1057683779829697,feasible,False,0.041971466167413596,0.007802568282916242,feasible,False,-0.26586486057143266,-0.06282856163086867,feasible,False,0.029219515414192113,0.005431961450388184,feasible,False,-1.6085562127939156e-06,-2.8946391932016535e-07,0,0.0,,,1.0,0,0.0,,,1.0,1,2.92732,,,1.0,3,0.34118,,,1.0,0,0,4,False,False,0.0,0
1424,JLO,5,4,analyzed,saved,2.2916499999999997,2.29166,-1.0000000000065512e-05,0.0004363649057916756,missing_class,False,gate_rejected,False,False,False,True,raw_fallback,,,,-1.0000000000065512e-05,0.0004363649057916756,feasible,False,0.7499999999999988,0.07216749999999988,feasible,False,0.7499999999999984,0.07216749999999986,feasible,False,0.7499999999999986,0.07216749999999986,feasible,False,0.7499999999999636,0.07216749999999802,feasible,False,0.7499999999999994,0.07216749999999993,1,0.55292,,,1.0,1,0.37873,,,1.0,0,0.0,,,1.0,2,1.36003,,,1.0,0,0,4,False,False,0.0,0
1300,JLR,7,7,analyzed,saved,43.72118,43.72126,-8.000000000407681e-05,0.00018297734329723528,negative_factor,False,feasible,False,True,True,True,target_l2,0.6561717719584675,0.7197658687215024,1/3,-7.105427357601002e-15,1.6251652760238387e-14,feasible,True,0.6542121948218995,0.721127741511419,feasible,True,0.634235611390285,0.7350111273211983,feasible,True,0.6561717719584675,0.7197658687215024,feasible,True,0.4866845243334662,0.837556623916008,feasible,True,0.5662195102334106,0.7311878977414936,1,5.05113,,13.713835129842993,7.927515841546438,2,25.96201,,-1.194411208888045,0.0,1,2.83965,,0.7725645338048148,1.2953304303059074,3,9.86847,,0.3309842771922732,0.0,4,0,0,True,True,0.0,0
1311,JLW,2,2,analyzed,saved,5.57228,5.5723199999999995,-3.999999999937387e-05,0.0007178338645191568,missing_class,False,gate_rejected,False,False,False,True,raw_fallback,,,,-3.999999999937387e-05,0.0007178338645191568,feasible,False,-0.3287297169329938,0.12108157021276882,feasible,False,0.08735905594714796,-0.03215805374578776,feasible,False,-0.44427653680010654,0.16363583358181188,feasible,False,-0.44427653680010654,0.16363583358181188,feasible,False,0.0002875973673368234,-9.086414599334888e-05,1,1.38131,,,1.0,0,0.0,,,1.0,0,0.0,,,1.0,1,4.19099,,,1.0,0,0,4,False,False,0.0,0
1945,JLY,9,9,analyzed,saved,13.2318,13.23192,-0.00012000000000078614,0.0009068978651683667,negative_factor,False,feasible,False,True,True,True,minimax_ratio,0.015094606301391707,0.006022579505197127,1/3/4,-1.7763568394002505e-15,1.3424785211823003e-14,feasible,False,0.2930829499782055,0.06669051978385618,feasible,False,0.29535333038693967,0.06667247410305269,feasible,False,0.29696134936721513,0.06665969307431728,feasible,False,0.12488255847397307,0.07904379827352043,feasible,True,0.015094606301391707,0.006022579505197127,1,1.31869,,-23.233995010968858,0.6330266132626354,3,5.049259999999999,,-64.87471317386498,0.0,4,6.51306,,3.5185791912752893,1.0379536473583797,1,0.35089,,993.2365577036559,16.064108691714242,4,0,0,True,True,0.0,0
1368,JMB,12,11,analyzed,saved,7.719679999999999,7.719719999999999,-3.999999999937387e-05,0.0005181535081502163,negative_factor,False,feasible,False,True,True,True,minimax_ratio,0.10792738996718473,0.04369508689788801,1/3/4,8.881784197001252e-16,1.1505319100953472e-14,feasible,False,0.3074199503986426,0.13974518399361902,feasible,False,0.3027317765999162,0.12850035762010686,feasible,False,0.33317370914597616,0.1424995106904153,feasible,False,0.10988345993709532,0.11861894628177382,feasible,True,0.10792738996718473,0.04369508689788801,1,0.03255,,85.42210918096518,10.136628890791258,3,2.00543,,-8.261268249812549,0.0,5,5.07088,,0.56308065932869,0.9528081155271044,2,0.61091,,30.528412804342587,4.187150908471244,4,0,0,True,True,0.0,0
1309,JNG,6,6,analyzed,saved,15.15855,15.158710000000001,-0.0001600000000010482,0.0010554987858534676,missing_class,False,feasible,False,True,True,True,improvement_l2,0.7025754137532255,0.1830335076161049,2/3/4,-3.552713678800501e-15,2.3436781090214803e-14,feasible,True,0.6971423538126088,0.19241925192083426,feasible,True,0.7025754137532255,0.1830335076161049,feasible,True,0.6885259928624707,0.19228163254714697,feasible,True,0.5394684188839364,0.18990090475580584,feasible,True,0.6280332711333162,0.18687489223544515,0,0.0,,,0.0,1,3.24024,,,3.5515484754851214,1,1.92313,,,1.2272986803761021,4,9.99528,,,0.12911644734391264,4,0,0,True,True,0.0,0
255,JNT,5,2,analyzed,saved,0.8499599999999999,0.8499699999999999,-9.99999999995449e-06,0.0011765121121868408,missing_class,False,gate_rejected,False,False,False,True,raw_fallback,,,,-9.99999999995449e-06,0.0011765121121868408,feasible,False,-0.1236397282618002,0.001281103591021646,feasible,False,-2.912469429343465e-05,-3.644051799421436e-05,feasible,False,-0.08191968519632106,0.0012674362735960159,feasible,False,-0.401016117763097,0.0013719709747328853,feasible,False,-0.000828766842504442,-3.261274705962901e-07,0,0.0,,,1.0,0,0.0,,,1.0,1,0.58582,,,1.0,1,0.26416,,,1.0,0,0,4,False,False,0.0,0
2256,JOL,22,12,analyzed,saved,2.5765200000000004,2.57655,-2.9999999999752447e-05,0.0011643476742059127,negative_factor,False,feasible,False,True,True,True,minimax_ratio,0.14934848868180595,0.020306138477999468,1/3/4,0.0,0.0,feasible,False,0.23606586806812802,0.030357788681002425,feasible,False,0.2295657185422585,0.031237714335851,feasible,False,0.2891766397180193,0.03870466441631656,feasible,False,0.23774449180953888,0.032352273895573734,feasible,True,0.14934848868180595,0.020306138477999468,5,1.13949,,-5.744213768036854,0.0,2,0.17522,,-27.318651842092972,0.0,1,1.07142,,0.5927891712051234,0.9363000854039087,4,0.1905,,69.66863347353518,8.257632772927733,4,0,0,True,True,0.0,0
1288,JPO,10,6,analyzed,saved,8.53031,8.53037,-5.9999999999504894e-05,0.0007033692559584743,negative_factor,False,feasible,False,True,True,True,absolute_l2,0.24828127550557902,0.01848936089034231,1/4,0.0,0.0,feasible,False,0.21522917300421543,0.003897350646146377,feasible,True,0.2464984083521363,0.017457451380921245,feasible,False,0.20352742220688602,0.0023743322622426684,feasible,True,0.24828127550557902,0.01848936089034231,feasible,True,0.2463577396405697,0.017376033435191708,1,4.21269,,2.599042905640512,1.3951646810553409,2,1.9913600000000002,,-4.00896151826797,0.0,2,0.97882,,-3.032091612207634,0.0,1,1.34753,,6.332050155189685,1.9687573949078625,4,0,0,True,True,0.0,0
1240,JRN,3,3,analyzed,saved,3.10482,3.10482,0.0,0.0,missing_class,False,gate_rejected,False,False,False,True,raw_fallback,,,,0.0,0.0,feasible,False,0.29550958091946194,0.09495517652322452,feasible,False,0.29550958091946194,0.09495517652322452,feasible,False,0.29550958091946194,0.09495517652322452,feasible,False,0.29550958091946194,0.09495517652322452,feasible,False,0.29550958091946194,0.09495517652322452,1,1.00467,,,1.0,1,1.78048,,,1.0,0,0.0,,,1.0,1,0.31968,,,1.0,0,0,4,False,False,0.0,0
135,JRW,25,21,analyzed,saved,13.18148,13.18169,-0.0002099999999991553,0.0015931189399777672,negative_factor,False,feasible,False,True,True,True,improvement_l2,0.3635095921727093,0.1983150870922558,3/4,-1.7763568394002505e-15,1.3475941547709364e-14,feasible,False,-0.6224837961127567,0.2355933760454244,feasible,True,0.3635095921727093,0.1983150870922558,feasible,False,-0.42666691824322167,0.30103419433034667,feasible,False,-0.13534193788760565,0.3128531831720027,feasible,True,0.2728803422741709,0.2191238871199095,6,1.70516,,-9.692858214990151,0.0,4,1.61939,,-4.806762364686151,0.0,3,5.95768,,-0.3997261831694408,0.7227758209074897,8,3.8993599999999997,,10.226022850441609,2.2761258904483532,4,0,0,True,True,0.0,0
798,JSI,1,1,analyzed,saved,0.36062,0.36062,0.0,0.0,missing_class,False,gate_rejected,False,False,False,True,raw_fallback,,,,0.0,0.0,feasible,False,8.2758509237529e-06,1.720430107522708e-06,feasible,False,8.275850923816538e-06,1.7204301075365858e-06,feasible,False,8.2758509237529e-06,1.720430107522708e-06,feasible,False,8.2758509237529e-06,1.720430107522708e-06,feasible,False,8.275850923816538e-06,1.7204301075365858e-06,1,0.36062,,,1.0,0,0.0,,,1.0,0,0.0,,,1.0,0,0.0,,,1.0,0,0,4,False,False,0.0,0
1913,JSK,2,2,analyzed,saved,1.53279,1.53278,1.0000000000065512e-05,0.0006524093477254082,missing_class,False,feasible,False,True,True,True,improvement_l2,0.378109796858005,0.013669509156749624,3/4,-2.220446049250313e-16,1.448639758641366e-14,feasible,False,0.25053712006266693,0.01660740512293671,feasible,True,0.378109796858005,0.013669509156749624,feasible,False,0.2827775846321338,0.01696529073235666,feasible,False,-0.1682949000315611,0.011958155964847724,feasible,True,0.3309768835928715,0.015697064497680532,0,0.0,,,0.0,0,0.0,,,0.0,1,1.22823,,,0.6961441295739125,1,0.30457,,,2.2251936971003876,4,0,0,True,True,0.0,0
1314,JSL,4,4,analyzed,saved,5.34492,5.34498,-5.9999999999504894e-05,0.0011225486344103232,negative_factor,False,feasible,False,True,True,True,minimax_ratio,0.09846527137680683,0.002595262386653375,1/2/4,8.881784197001252e-16,1.6617057869255363e-14,feasible,False,-2.349723213727263,-0.07733793374566234,feasible,False,0.605934181331679,0.017294013767756113,feasible,False,-2.624598124123473,-0.08658661312842933,feasible,False,0.5345356046388577,0.017339101391802197,feasible,True,0.09846527137680683,0.002595262386653375,1,3.02443,,1.0795214074730914,1.0083091340800938,1,1.17217,,2.2365786644530723,1.1177066644157776,1,0.36529,,-9.090008607919804,0.0,1,0.7831,,3.548614172564117,1.258155202513808,4,0,0,True,True,0.0,0
1852,JUL,3,3,analyzed,saved,3.68895,3.6889899999999995,-3.999999999937387e-05,0.0010843076289004272,missing_class,False,feasible,False,True,True,True,improvement_l2,0.27563147591464476,0.029977457461075115,3/4,8.881784197001252e-16,2.407646590801616e-14,feasible,True,0.22955880391503108,0.0309843325405387,feasible,True,0.27563147591464476,0.029977457461075115,feasible,True,0.25067603923755255,0.03052283514803693,feasible,False,-0.4210421602190254,0.0452026070410284,feasible,True,0.06103601586490005,0.03466724017851659,1,1.77582,,,0.0,0,0.0,,,0.0,1,0.68295,,,2.4289606387171694,1,1.23023,,,1.6501802773039047,4,0,0,True,True,0.0,0
1908,JUR,4,4,analyzed,saved,2.14014,2.14018,-3.999999999981796e-05,0.0018690016727479911,missing_class,False,gate_rejected,False,False,False,True,raw_fallback,,,,-3.999999999981796e-05,0.0018690016727479911,feasible,False,0.44441944778249476,0.05798004550050568,feasible,False,0.4902734131358688,0.05085621814821077,feasible,False,0.44441944778249476,0.05798004550050568,feasible,False,0.44441944778249476,0.05798004550050568,feasible,False,0.4706172488157504,0.05390998067334334,1,0.71224,,,1.0,2,1.19848,,,1.0,0,0.0,,,1.0,1,0.22946,,,1.0,0,0,4,False,False,0.0,0
953,JUS,1,1,analyzed,saved,0.26501,0.26501,0.0,0.0,missing_class,False,gate_rejected,False,False,False,True,raw_fallback,,,,0.0,0.0,feasible,False,0.0002634755778805013,5.049371026639993e-06,feasible,False,0.0002634755778805013,5.049371026639993e-06,feasible,False,0.0002634755778805013,5.049371026639993e-06,feasible,False,0.0002634755778805013,5.049371026639993e-06,feasible,False,0.0002634755778805013,5.049371026639993e-06,1,0.26502,,,1.0,0,0.0,,,1.0,0,0.0,,,1.0,0,0.0,,,1.0,0,0,4,False,False,0.0,0
1623,JUX,1,1,analyzed,saved,1.65698,1.65698,0.0,0.0,missing_class,False,gate_rejected,False,False,False,True,raw_fallback,,,,0.0,0.0,feasible,False,2.9548156806629244e-05,4.508280814941035e-06,feasible,False,2.954815680642106e-05,4.508280814888993e-06,feasible,False,2.9548156806212873e-05,4.508280814836951e-06,feasible,False,2.9548156806629244e-05,4.508280814941035e-06,feasible,False,2.9548156806629244e-05,4.508280814941035e-06,1,1.65699,,,1.0,0,0.0,,,1.0,0,0.0,,,1.0,0,0.0,,,1.0,0,0,4,False,False,0.0,0
1296,JWR,1,1,analyzed,saved,1.04749,1.0475,-1.0000000000065512e-05,0.0009546539379537481,missing_class,False,gate_rejected,False,False,False,True,raw_fallback,,,,-1.0000000000065512e-05,0.0009546539379537481,feasible,False,-5.658410110538689e-05,-4.890072445411231e-07,feasible,False,-5.658410110538689e-05,-4.890072445411231e-07,feasible,False,-5.65841011056437e-05,-4.890072445445925e-07,feasible,False,-5.658410110538689e-05,-4.890072445411231e-07,feasible,False,-5.658410110538689e-05,-4.890072445411231e-07,1,1.0475,,,1.0,0,0.0,,,1.0,0,0.0,,,1.0,0,0.0,,,1.0,0,0,4,False,False,0.0,0
2288,KAB,16,16,analyzed,saved,2.43088,2.4309499999999997,-6.99999999995704e-05,0.0028795326929624394,singular,False,gate_rejected,False,False,False,True,raw_fallback,,,,-6.99999999995704e-05,0.0028795326929624394,feasible,False,-34.28739849971865,0.018404175016367395,feasible,False,0.425815852283867,0.055562343911969105,feasible,False,-87.30516612948846,-0.03834778049717476,feasible,False,-2.3659318646958116,0.05302317899388937,feasible,False,0.2753055280374531,0.05542545097826631,2,0.27993,,,1.0,5,1.0695800000000002,,,1.0,1,0.00149,,,1.0,8,1.07992,,,1.0,0,0,4,False,False,0.0,0
414,KAI,1,1,analyzed,saved,0.28734,0.28734,0.0,0.0,missing_class,False,gate_rejected,False,False,False,True,raw_fallback,,,,0.0,0.0,feasible,False,0.00018326381823611536,1.8018243158723479e-06,feasible,False,0.00018326381823648494,1.8018243158853583e-06,feasible,False,0.00018326381823645572,1.801824315884491e-06,feasible,False,0.00018326381823648494,1.8018243158853583e-06,feasible,False,0.00018326381823611536,1.8018243158723479e-06,1,0.28734,,,1.0,0,0.0,,,1.0,0,0.0,,,1.0,0,0.0,,,1.0,0,0,4,False,False,0.0,0
2122,KAL,1,1,analyzed,saved,0.26550999999999997,0.26552000000000003,-1.0000000000065512e-05,0.0037661946369635093,missing_class,False,gate_rejected,False,False,False,True,raw_fallback,,,,-1.0000000000065512e-05,0.0037661946369635093,feasible,False,0.0005893008728166772,3.5136962775252382e-06,feasible,False,0.0005893008728166772,3.5136962775252382e-06,feasible,False,0.0005893008728168866,3.5136962775312013e-06,feasible,False,0.0005893008728168866,3.5136962775312013e-06,feasible,False,0.0005893008728166772,3.5136962775252382e-06,1,0.26552,,,1.0,0,0.0,,,1.0,0,0.0,,,1.0,0,0.0,,,1.0,0,0,4,False,False,0.0,0
1442,KAM,2,2,analyzed,saved,0.1588,0.15882999999999997,-2.999999999997449e-05,0.01888811937289838,missing_class,False,gate_rejected,False,False,False,True,raw_fallback,,,,-2.999999999997449e-05,0.01888811937289838,feasible,False,-1.428796732436638,0.0002343337638394602,feasible,False,0.18024517525078806,-2.2873908642595704e-05,feasible,False,-1.594082024804273,0.0002607548565047848,feasible,False,-2.1677113967871002,0.00032251198092040235,feasible,False,0.0037164214411056586,5.3444675703695835e-06,1,0.10762,,,1.0,0,0.0,,,1.0,0,0.0,,,1.0,1,0.05119,,,1.0,0,0,4,False,False,0.0,0
2305,KAN,4,3,analyzed,saved,2.4895300000000002,2.48957,-3.999999999981796e-05,0.0016067031655995997,missing_class,False,gate_rejected,False,False,False,True,raw_fallback,,,,-3.999999999981796e-05,0.0016067031655995997,feasible,False,-72.28622362515384,-0.03736140285010005,feasible,False,0.24621056066953476,-0.0001948326796954794,feasible,False,-62.78503676396966,-0.00855923481320519,feasible,False,-31.80414116237486,0.026241947800919475,feasible,False,5.034847398449363e-05,8.21293893325456e-06,0,0.0,,,1.0,0,0.0,,,1.0,1,2.35917,,,1.0,2,0.13039,,,1.0,0,0,4,False,False,0.0,0
1764,KAQ,2,2,analyzed,saved,1.9447999999999999,1.94479,9.999999999843467e-06,0.0005141943345987725,missing_class,False,gate_rejected,False,False,False,True,raw_fallback,,,,9.999999999843467e-06,0.0005141943345987725,feasible,False,0.24569788952651467,0.042226685825720964,feasible,False,0.24569788952651467,0.042226685825720964,feasible,False,0.24569788952651467,0.042226685825720964,feasible,False,0.24569788952651467,0.042226685825720964,feasible,False,0.24569788952651475,0.04222668582572101,1,1.29996,,,1.0,0,0.0,,,1.0,0,0.0,,,1.0,1,0.64484,,,1.0,0,0,4,False,False,0.0,0
31,KAR,33,26,analyzed,saved,16.80564,16.80583,-0.00018999999999991246,0.0011305600496965189,negative_factor,False,feasible,False,True,True,True,minimax_ratio,0.07780069099234221,0.09233297737034346,1/2/3/4,-3.552713678800501e-15,2.113976922770551e-14,feasible,False,0.09663168864125121,0.16746626917029123,feasible,False,0.15113162514226455,0.20195073765181015,feasible,False,0.169688040364615,0.2551416739081902,feasible,False,0.17522271501883724,0.23988055527545804,feasible,True,0.07780069099234221,0.09233297737034346,13,5.989040000000001,,-11.871369990538117,0.0,2,0.8257899999999999,,53.267429690204445,5.051288468365243,1,6.27297,,1.3323405133946429,1.02560998496048,10,3.71809,,9.563542695995164,1.6676990062230317,4,0,0,True,True,0.0,0
2036,KAS,4,4,analyzed,saved,1.13137,1.13142,-5.0000000000105516e-05,0.004419225398181534,missing_class,False,gate_rejected,False,False,False,True,raw_fallback,,,,-5.0000000000105516e-05,0.004419225398181534,feasible,False,0.5209487613648298,0.03805625793196864,feasible,False,0.5391501644225701,0.039168400613831506,feasible,False,0.48516044691997695,0.03642279010907071,feasible,False,0.49119842967130056,0.03805173131959305,feasible,False,0.00038693008812672934,3.130007446645877e-05,1,0.30861,,,1.0,0,0.0,,,1.0,1,0.68868,,,1.0,2,0.13411,,,1.0,0,0,4,False,False,0.0,0
2013,KAU,1,1,analyzed,saved,0.45738999999999996,0.45739,-5.551115123125783e-17,1.2136503034884415e-14,missing_class,False,gate_rejected,False,False,False,True,raw_fallback,,,,-5.551115123125783e-17,1.2136503034884415e-14,feasible,False,-2.920705625926559e-05,-1.8625000000049852e-06,feasible,False,-2.920705625926559e-05,-1.8625000000049852e-06,feasible,False,-2.9207056259376403e-05,-1.8625000000015157e-06,feasible,False,-2.920705625926559e-05,-1.8625000000049852e-06,feasible,False,-2.920705625898382e-05,-1.8624999999945768e-06,1,0.4574,,,1.0,0,0.0,,,1.0,0,0.0,,,1.0,0,0.0,,,1.0,0,0,4,False,False,0.0,0
32,KBD,5,5,analyzed,saved,7.344939999999999,7.344970000000001,-3.0000000001528804e-05,0.000408442784674802,missing_class,False,feasible,False,True,True,True,minimax_ratio,0.0002885045752759323,5.7136595842700866e-05,1/3/4,-1.7763568394002505e-15,2.4184671134126488e-14,feasible,False,0.22477527010156229,0.049489965240141875,feasible,False,0.19235901833258107,0.04240646815414702,feasible,False,0.22500663090395062,0.04954052147289856,feasible,False,0.025846882462826314,0.03827703295243817,feasible,True,0.0002885045752759323,5.7136595842700866e-05,1,0.11299,,,0.977167150780403,0,0.0,,,0.0,1,0.44348,,,1.0001291534066437,3,6.788500000000001,,,1.0003670018298105,4,0,0,True,True,0.0,0
2312,KBO,32,22,analyzed,saved,10.28024,10.28032,-8.00000000005241e-05,0.0007781858930512289,negative_factor,False,feasible,False,True,True,True,minimax_ratio,0.1582706427840358,0.05768936239586733,1/2/3/4,0.0,0.0,feasible,False,-0.11727887234401096,0.1353301252077378,feasible,False,0.26900515490185917,0.035959276059953096,feasible,False,-0.03872925650697634,0.14944061195318742,feasible,False,-0.14324040240881356,0.13782303390162465,feasible,True,0.1582706427840358,0.05768936239586733,7,3.6731799999999994,,-5.321246070173894,0.0,2,0.77364,,31.814427057458186,5.875716391752014,2,1.1141299999999998,,0.6601463870510332,0.9461652865617929,11,4.71946,,0.9487338962040257,0.9916942560500663,4,0,0,True,True,0.0,0
2283,KBR,1,1,analyzed,saved,0.23464000000000002,0.23464000000000002,0.0,0.0,missing_class,False,gate_rejected,False,False,False,True,raw_fallback,,,,0.0,0.0,feasible,False,-0.001038127723951717,-3.4376544226655953e-06,feasible,False,-0.001038127723951717,-3.4376544226655953e-06,feasible,False,-0.0010381277239511783,-3.437654422664728e-06,feasible,False,-0.0010381277239511783,-3.437654422664728e-06,feasible,False,-0.0010381277239511783,-3.437654422664728e-06,1,0.23465,,,1.0,0,0.0,,,1.0,0,0.0,,,1.0,0,0.0,,,1.0,0,0,4,False,False,0.0,0
2050,KCH,15,15,analyzed,saved,5.13018,5.1302200000000004,-4.000000000026205e-05,0.0007796936583667377,negative_factor,False,feasible,False,True,True,True,minimax_ratio,0.029435175716779824,0.017537429268061164,1/3/4,2.6645352591003757e-15,5.1938031100038113e-14,feasible,False,0.4574837463607788,0.19737319047621715,feasible,False,0.4712493583991887,0.19667900167369415,feasible,False,0.3612407107160775,0.20222664976876262,feasible,False,-0.10834043183259219,0.22590725111970694,feasible,True,0.029435175716779824,0.017537429268061164,1,0.23023,,215.02051980565727,2.7174354714308038,1,0.3417,,-217.2759115616245,0.0,4,1.04005,,0.721760328100857,0.4470945268309584,9,3.5182500000000005,,8.276267302578217,1.1481394979257793,4,0,0,True,True,0.0,0
409,KCN,2,2,analyzed,saved,5.61459,5.61459,0.0,0.0,missing_class,False,gate_rejected,False,False,False,True,raw_fallback,,,,0.0,0.0,feasible,False,-0.8297369399255428,0.045515947405091524,feasible,False,0.2691316005849591,0.011127812715200157,feasible,False,-0.8297679826357125,0.04551691885969145,feasible,False,-0.9873712676782275,0.04626520870010994,feasible,False,0.14511615996072544,0.015008768005658278,1,4.97101,,,1.0,0,0.0,,,1.0,0,0.0,,,1.0,1,0.64358,,,1.0,0,0,4,False,False,0.0,0
405,KDA,2,0,no_valid_locations,saved,,,,,,,,,,,,,,,,,,,,,,,,,,,,,,,,,,,,,,,,,,,,,,,,,,,,,,,,,,,,,,,,
1274,KDU,2,2,analyzed,saved,3.4032599999999995,3.40328,-2.0000000000575113e-05,0.0005876683670040406,missing_class,False,gate_rejected,False,False,False,True,raw_fallback,,,,-2.0000000000575113e-05,0.0005876683670040406,feasible,False,0.17120311462168614,-0.004770695239564229,feasible,False,0.1679472404558575,-0.0046807637306877144,feasible,False,0.16792173983371372,-0.0046800593701044405,feasible,False,-1.5242858995860251,0.039798340896097545,feasible,False,-0.0003929463089041368,-3.098728687914989e-05,0,0.0,,,1.0,0,0.0,,,1.0,1,1.07492,,,1.0,1,2.32836,,,1.0,0,0,4,False,False,0.0,0
2100,KED,3,3,analyzed,saved,1.3049199999999999,1.3049300000000001,-1.0000000000287557e-05,0.0007663246304619829,missing_class,False,gate_rejected,False,False,False,True,raw_fallback,,,,-1.0000000000287557e-05,0.0007663246304619829,feasible,False,-1.283163730693931,0.0014130143977886048,feasible,False,0.2143414960184992,-0.000898203027549364,feasible,False,-1.2880058472925697,0.0014125247846971476,feasible,False,-0.3735077939994162,0.0015049947221558672,feasible,False,-0.00021247029452777774,-5.095533963982504e-06,1,0.06737,,,1.0,0,0.0,,,1.0,1,0.94155,,,1.0,1,0.29603,,,1.0,0,0,4,False,False,0.0,0
319,KEE,2,2,analyzed,saved,1.25487,1.25487,0.0,0.0,missing_class,False,gate_rejected,False,False,False,True,raw_fallback,,,,0.0,0.0,feasible,False,0.2527872379404568,0.03681032481450945,feasible,False,0.2527872379404568,0.03681032481450945,feasible,False,0.2527872379404568,0.03681032481450945,feasible,False,0.2527872379404568,0.03681032481450945,feasible,False,0.25278723794045677,0.03681032481450944,1,0.8673,,,1.0,0,0.0,,,1.0,0,0.0,,,1.0,1,0.38759,,,1.0,0,0,4,False,False,0.0,0
524,KEL,6,6,analyzed,saved,2.48562,2.48564,-2.0000000000131024e-05,0.0008046217473218578,negative_factor,False,feasible,False,True,True,True,target_l2,0.6027812855317871,0.03487185195846622,3/4,0.0,0.0,feasible,True,0.5964675032382023,0.0348014822096303,feasible,True,0.600805008836515,0.034849825526731576,feasible,True,0.6027812855317871,0.03487185195846622,feasible,False,0.21732525940318637,0.02769428359846396,feasible,True,0.5420629041326732,0.03384503202068748,3,1.50058,,-155.5804493580861,0.0,1,0.2062,,718.1249959560222,0.0,1,0.49819,,0.5548647561084661,0.5470330486845907,1,0.2807,,312.0331212619779,7.883989099298623,4,0,0,True,True,0.0,0
179,KER,1,1,analyzed,saved,0.76178,0.76178,0.0,0.0,missing_class,False,gate_rejected,False,False,False,True,raw_fallback,,,,0.0,0.0,feasible,False,2.8832669669254705e-05,4.328358208981198e-06,feasible,False,2.8832669669254705e-05,4.328358208981198e-06,feasible,False,2.8832669669254705e-05,4.328358208981198e-06,feasible,False,2.8832669669254705e-05,4.328358208981198e-06,feasible,False,2.8832669669254705e-05,4.328358208981198e-06,1,0.76179,,,1.0,0,0.0,,,1.0,0,0.0,,,1.0,0,0.0,,,1.0,0,0,4,False,False,0.0,0
2280,KET,1,1,analyzed,saved,0.26977,0.26977,0.0,0.0,missing_class,False,gate_rejected,False,False,False,True,raw_fallback,,,,0.0,0.0,feasible,False,0.000939812540088973,5.704808650973479e-06,feasible,False,0.0009398125400883117,5.704808650966757e-06,feasible,False,0.000939812540088973,5.704808650973479e-06,feasible,False,0.000939812540088973,5.704808650973479e-06,feasible,False,0.000939812540089502,5.704808650979333e-06,1,0.26978,,,1.0,0,0.0,,,1.0,0,0.0,,,1.0,0,0.0,,,1.0,0,0,4,False,False,0.0,0
1363,KGR,2,2,analyzed,saved,1.32044,1.32046,-1.999999999990898e-05,0.0015146236917368933,missing_class,False,gate_rejected,False,False,False,True,raw_fallback,,,,-1.999999999990898e-05,0.0015146236917368933,feasible,False,-0.06567860671841237,0.00795917073755481,feasible,False,0.2184522736135581,0.003739934000726802,feasible,False,-0.06978577992843223,0.008010444951121166,feasible,False,-0.3629768882581315,0.01167066153696586,feasible,False,0.0019036709403755037,1.0848855778945472e-05,0,0.0,,,1.0,1,1.08095,,,1.0,0,0.0,,,1.0,1,0.23951,,,1.0,0,0,4,False,False,0.0,0
1021,KHD,16,6,analyzed,saved,2.02371,2.02368,2.9999999999752447e-05,0.0014824478178245791,singular,False,gate_rejected,False,False,False,True,raw_fallback,,,,2.9999999999752447e-05,0.0014824478178245791,feasible,False,0.5942183315096919,0.04668449568077442,feasible,False,0.5905472197741068,0.0467321995491849,feasible,False,0.5942951828469467,0.04668349704430029,feasible,False,0.5875331074012331,0.04677136610971657,feasible,False,0.50575920304309,0.040412082735026104,1,0.02462,,,1.0,2,1.5938400000000001,,,1.0,1,0.09801,,,1.0,2,0.30726,,,1.0,0,0,4,False,False,0.0,0
1934,KHF,3,3,analyzed,saved,2.31474,2.31476,-2.0000000000131024e-05,0.0008640204600101532,missing_class,False,gate_rejected,False,False,False,True,raw_fallback,,,,-2.0000000000131024e-05,0.0008640204600101532,feasible,False,-0.028302822987418208,0.02592569408740352,feasible,False,0.21022214355890242,0.008925803098040357,feasible,False,-0.028302822987418208,0.02592569408740352,feasible,False,-0.028302822987418208,0.02592569408740352,feasible,False,0.15509631538968882,0.01285467093583574,1,0.13622,,,1.0,1,1.3002,,,1.0,0,0.0,,,1.0,1,0.87834,,,1.0,0,0,4,False,False,0.0,0
922,KHG,4,4,analyzed,saved,1.93046,1.9304299999999999,3.0000000000196536e-05,0.0015540579042076915,missing_class,False,gate_rejected,False,False,False,True,raw_fallback,,,,3.0000000000196536e-05,0.0015540579042076915,feasible,False,0.19703104046093528,0.052973854948805535,feasible,False,0.19703104046093528,0.052973854948805535,feasible,False,0.19703104046093528,0.052973854948805535,feasible,False,0.19703104046093528,0.052973854948805535,feasible,False,0.19703104046093528,0.052973854948805535,2,1.0754199999999998,,,1.0,1,0.64375,,,1.0,0,0.0,,,1.0,1,0.21129,,,1.0,0,0,4,False,False,0.0,0
2089,KHM,82,61,analyzed,saved,87.05453999999999,87.05518,-0.0006400000000041928,0.0007351659028264519,negative_factor,False,feasible,False,True,True,True,improvement_l2,0.4764057231488486,1.3762585768589113,2/3,0.0,0.0,feasible,True,0.3673557235597048,1.2219276496874165,feasible,True,0.4764057231488486,1.3762585768589113,feasible,True,0.40703527459757216,1.2770631135947956,feasible,False,-0.48932168616235394,0.8522376863376779,feasible,True,0.1679330675816246,1.1147750709171684,39,51.599019999999996,,-4.959219935732394,0.0,6,7.178390000000001,,-2.2314759100570987,10.866613500159458,4,10.59537,,1.2297823336890068,0.8541422969173484,12,17.682380000000002,,19.563789998400825,0.0,4,0,0,True,True,0.0,0
1906,KHN,13,13,analyzed,saved,4.00023,4.00024,-9.999999999621423e-06,0.00024998500089048217,singular,False,gate_rejected,False,False,False,True,raw_fallback,,,,-9.999999999621423e-06,0.00024998500089048217,feasible,False,0.16594676333139968,0.05015723744599747,feasible,False,0.16594676333139968,0.05015723744599747,feasible,False,0.16594676333139968,0.05015723744599747,feasible,False,0.1659467633313998,0.05015723744599755,feasible,False,0.10789176310943416,0.03483208438287158,6,1.70798,,,1.0,3,0.37998,,,1.0,1,0.9215,,,1.0,3,0.9908300000000001,,,1.0,0,0,4,False,False,0.0,0
1331,KHR,2,2,analyzed,saved,3.16861,3.1686900000000007,-8.00000000005241e-05,0.0025247026373840316,missing_class,False,feasible,False,True,True,True,absolute_l2,0.556055956350467,0.025559964998181754,1,0.0,0.0,feasible,True,0.5560559563504684,0.025559964998181944,feasible,True,0.5560559563504684,0.025559964998181944,feasible,True,0.5560559563504684,0.025559964998181944,feasible,True,0.556055956350467,0.025559964998181754,feasible,True,0.5560559563504684,0.025559964998181944,1,1.34127,,,2.3624408613994707,0,0.0,,,0.0,0,0.0,,,0.0,1,1.82738,,,0.0,4,0,0,True,True,0.0,0
265,KHS,18,15,analyzed,saved,13.82825,13.828350000000002,-0.0001000000000015433,0.0007231520752768283,negative_factor,False,feasible,False,True,True,True,improvement_l2,0.6214928455403083,0.11568677787359766,1/2/3,-1.7763568394002505e-15,1.2845761348246537e-14,feasible,False,0.4516256922279925,0.14536991441739647,feasible,True,0.6214928455403083,0.11568677787359766,feasible,False,0.37207309418322543,0.13823296684964426,feasible,False,0.4785208520408142,0.13875240045210913,feasible,True,0.5968818671833138,0.1283478912118602,2,0.23476999999999998,,4.486435896602737,3.936690078191094,1,1.61097,,10.78685143462443,5.976099909917487,8,10.978200000000001,,0.4994122763017713,0.29847635490042324,4,1.00443,,-10.040184611322864,0.0,4,0,0,True,True,0.0,0
1932,KHT,23,23,analyzed,saved,11.477640000000001,11.47768,-3.999999999848569e-05,0.0003485024848095233,singular,False,gate_rejected,False,False,False,True,raw_fallback,,,,-3.999999999848569e-05,0.0003485024848095233,feasible,False,0.7499999999999698,0.07813499999999973,feasible,False,0.7499999999999876,0.07813499999999807,feasible,False,0.7499999999999805,0.07813499999999918,feasible,False,0.7499999999992406,0.07813499999998963,feasible,False,0.75,0.07813499999999995,16,8.63297,,,1.0,4,1.04953,,,1.0,1,0.30912,,,1.0,2,1.4861,,,1.0,0,0,4,False,False,0.0,0
1901,KHU,6,6,analyzed,saved,4.45881,4.4588,9.999999999621423e-06,0.00022427558983631072,negative_factor,False,feasible,False,True,True,True,improvement_l2,0.2603400458775409,0.008335989202368665,1/3/4,0.0,0.0,feasible,False,-2.2634100665219052,0.030585020480368583,feasible,True,0.2603400458775409,0.008335989202368665,feasible,False,-3.0059357370701045,0.02115588297274649,feasible,False,-1.5675544574786242,0.02830436606576687,feasible,True,0.041044191303630066,0.008253398114349386,2,0.32145999999999997,,5.59151035789776,1.1351937541898809,1,0.37516,,-86.22466567891034,0.0,2,2.7766599999999997,,0.3866655097253958,0.9551841898460183,1,0.98557,,34.43302866406652,1.462713346067646,4,0,0,True,True,0.0,0
1920,KHZ,6,4,analyzed,saved,1.5956299999999999,1.5956599999999999,-2.999999999997449e-05,0.0018800997706262296,missing_class,False,gate_rejected,False,False,False,True,raw_fallback,,,,-2.999999999997449e-05,0.0018800997706262296,feasible,False,0.7499999999999966,0.02327749999999992,feasible,False,0.7499999999999678,0.023277499999999025,feasible,False,0.7499999999999996,0.023277499999999986,feasible,False,0.7499999999999549,0.023277499999999,feasible,False,0.7499999999999998,0.023277499999999993,2,0.7540899999999999,,,1.0,1,0.70746,,,1.0,0,0.0,,,1.0,1,0.13411,,,1.0,0,0,4,False,False,0.0,0
1761,KIC,4,3,analyzed,saved,1.97508,1.9751,-2.0000000000131024e-05,0.0010126069566164257,missing_class,False,gate_rejected,False,False,False,True,raw_fallback,,,,-2.0000000000131024e-05,0.0010126069566164257,feasible,False,0.04985135972960811,-0.012411557669564546,feasible,False,0.18642118192314697,0.004876368182682063,feasible,False,0.16761611965781942,0.00017391946224139948,feasible,False,-0.3059401592057329,-0.007976657705236208,feasible,False,5.915800214307514e-05,1.141287873889646e-05,0,0.0,,,1.0,0,0.0,,,1.0,1,0.84481,,,1.0,2,1.13031,,,1.0,0,0,4,False,False,0.0,0
298,KID,3,3,analyzed,saved,2.67239,2.6723900000000005,-4.440892098500626e-16,1.6617679674376214e-14,missing_class,False,feasible,False,True,True,True,absolute_l2,0.7880838570854451,0.05586626217569212,2/3,0.0,0.0,feasible,True,0.7114633021867626,0.04605277238650185,feasible,True,0.7635131966722937,0.05234458406611383,feasible,True,0.6995781277073664,0.0446160878294471,feasible,True,0.7880838570854451,0.05586626217569212,feasible,True,0.7622554015466261,0.052192541297526956,0,0.0,,,0.0,1,0.06884,,,35.04144231423585,2,2.60358,,,0.09982107446059862,0,0.0,,,0.0,4,0,0,True,True,0.0,0
1961,KIE,79,79,analyzed,saved,41.31993,41.32056,-0.0006300000000010186,0.0015246647189704559,missing_class,False,feasible,False,True,True,True,balanced_l2,0.5237267012298723,1.5479696038753261,1,0.0,0.0,feasible,True,0.5237267012298723,1.5479696038753261,feasible,True,0.5237267012298723,1.5479696038753261,feasible,True,0.5237267012298723,1.5479696038753261,feasible,True,0.5237267012298723,1.5479696038753261,feasible,True,0.4763292796375135,1.3881842004648697,6,1.9097499999999998,,,21.636003851718016,0,0.0,,,0.0,4,2.28162,,,0.0,69,37.129259999999995,,,0.0,4,0,0,True,True,0.0,0
58,KIL,3,3,analyzed,saved,2.1652199999999997,2.16527,-5.000000000032756e-05,0.002309180841203525,missing_class,False,gate_rejected,False,False,False,True,raw_fallback,,,,-5.000000000032756e-05,0.002309180841203525,feasible,False,-1.9545989866102365,0.04497235791676933,feasible,False,0.20000837557267162,-0.0016380855555150203,feasible,False,-1.9545989866102365,0.04497235791676933,feasible,False,-1.9545989866102365,0.04497235791676933,feasible,False,0.02001613242478111,0.002255671804617082,1,1.44712,,,1.0,1,0.14202,,,1.0,0,0.0,,,1.0,1,0.57612,,,1.0,0,0,4,False,False,0.0,0
1435,KIM,5,2,analyzed,saved,0.37283,0.37282999999999994,5.551115123125783e-17,1.4889132106122853e-14,missing_class,False,gate_rejected,False,False,False,True,raw_fallback,,,,5.551115123125783e-17,1.4889132106122853e-14,feasible,False,-0.5208885407505758,0.0008469668257387718,feasible,False,0.25735554177260916,0.0005868435770260191,feasible,False,-0.5224750984967886,0.0008474971228068515,feasible,False,-0.8569884834052359,0.0009593061431056654,feasible,False,0.06941497609530402,0.0006496615432743484,1,0.16496,,,1.0,1,0.20788,,,1.0,0,0.0,,,1.0,0,0.0,,,1.0,0,0,4,False,False,0.0,0
406,KIP,1,0,no_valid_locations,saved,,,,,,,,,,,,,,,,,,,,,,,,,,,,,,,,,,,,,,,,,,,,,,,,,,,,,,,,,,,,,,,,
2243,KIR,2,2,analyzed,saved,1.0465099999999998,1.0465200000000001,-1.0000000000287557e-05,0.0009555479111997435,missing_class,False,gate_rejected,False,False,False,True,raw_fallback,,,,-1.0000000000287557e-05,0.0009555479111997435,feasible,False,0.1448387980163794,0.0027529978965049953,feasible,False,0.07099138780096542,0.0014138284333631611,feasible,False,0.14704918600759767,0.00292194035500685,feasible,False,-0.020465272397926504,-0.00039961979695434663,feasible,False,0.00012102879327942576,8.575641002702555e-06,0,0.0,,,1.0,0,0.0,,,1.0,1,0.95137,,,1.0,1,0.09516,,,1.0,0,0,4,False,False,0.0,0
595,KIT,4,1,analyzed,saved,0.01434,0.014339999999999999,1.734723475976807e-18,1.2097095369433802e-14,missing_class,False,gate_rejected,False,False,False,True,raw_fallback,,,,1.734723475976807e-18,1.2097095369433802e-14,feasible,False,-0.030257169573416516,1.1777417083854066e-06,feasible,False,-0.030257169573416516,1.1777417083854066e-06,feasible,False,-0.030257169573415347,1.1777417083858437e-06,feasible,False,-0.030257169573415347,1.1777417083858437e-06,feasible,False,-0.030257169573415347,1.1777417083858437e-06,0,0.0,,,1.0,0,0.0,,,1.0,0,0.0,,,1.0,1,0.01435,,,1.0,0,0,4,False,False,0.0,0
1336,KJA,5,5,analyzed,saved,6.95076,6.9507699999999994,-9.999999999621423e-06,0.00014386895264296507,missing_class,False,feasible,False,True,True,True,improvement_l2,0.7792198571394903,0.07642657987050623,2/3/4,-8.881784197001252e-16,1.2778129900717839e-14,feasible,True,0.771706403850093,0.07505941525550529,feasible,True,0.7792198571394903,0.07642657987050623,feasible,True,0.7760519109297501,0.07574571385490378,feasible,True,0.6878040374828127,0.07550406052080393,feasible,True,0.5500892877845124,0.056399252469610195,0,0.0,,,0.0,1,0.44324,,,8.016902958851148,2,2.19329,,,0.5427329880201524,2,4.31429,,,0.5115491046379311,4,0,0,True,True,0.0,0
1091,KKA,11,10,analyzed,saved,3.02651,3.02651,0.0,0.0,negative_factor,False,feasible,False,True,True,True,minimax_ratio,0.10927909897471458,0.015120690256050784,3/4,-4.440892098500626e-16,1.4673310507814698e-14,feasible,False,0.3127099855623725,0.0510562076811515,feasible,False,0.4544249642496122,0.048203172164294275,feasible,False,0.23881238823430248,0.04953136133169522,feasible,False,0.28256290141964685,0.049880435309444554,feasible,True,0.10927909897471458,0.015120690256050784,2,0.22644999999999998,,-25.315212236596572,0.0,1,0.45171,,-13.410637981255094,0.0,1,0.51084,,0.7244657797875277,0.947919323443017,6,1.83759,,7.861934973704603,1.383440642655124,4,0,0,True,True,0.0,0
123,KKE,3,2,analyzed,saved,1.8858300000000001,1.88585,-1.999999999990898e-05,0.0010605297345976075,missing_class,False,gate_rejected,False,False,False,True,raw_fallback,,,,-1.999999999990898e-05,0.0010605297345976075,feasible,False,0.19519121015018034,-0.0014068041610561608,feasible,False,0.2176796333408188,-0.001570409612499206,feasible,False,0.19462034279603024,-0.0014026510459000645,feasible,False,-0.2660704643499587,0.0019489190859786343,feasible,False,5.926933268328972e-05,1.279956116920656e-05,0,0.0,,,1.0,0,0.0,,,1.0,1,0.92615,,,1.0,1,0.95971,,,1.0,0,0,4,False,False,0.0,0
1382,KKG,2,2,analyzed,saved,0.37204000000000004,0.37202,2.0000000000020002e-05,0.005376055050809096,missing_class,False,gate_rejected,False,False,False,True,raw_fallback,,,,2.0000000000020002e-05,0.005376055050809096,feasible,False,0.15089487016197287,0.007301488426341292,feasible,False,0.1508948701619728,0.00730148842634128,feasible,False,0.15089487016197287,0.007301488426341292,feasible,False,0.15089487016197287,0.007301488426341292,feasible,False,0.15089487016197287,0.007301488426341292,1,0.28813,,,1.0,0,0.0,,,1.0,0,0.0,,,1.0,1,0.08392,,,1.0,0,0,4,False,False,0.0,0
525,KKL,4,4,analyzed,saved,2.46368,2.4637000000000002,-2.0000000000131024e-05,0.0008117871494147431,missing_class,False,feasible,False,True,True,True,minimax_ratio,0.06218927134410907,0.0022757687109702177,3/4,-4.440892098500626e-16,1.8025295687383307e-14,feasible,False,-1.8232723158403072,-0.00511738994723368,feasible,False,0.2660708381028892,0.006811343903795352,feasible,False,-2.100058385566246,-0.006697650879097274,feasible,False,-0.35092048657519886,0.0032887414597743865,feasible,True,0.06218927134410907,0.0022757687109702177,1,0.21989,,,0.0,0,0.0,,,0.0,2,2.17353,,,0.9811522442357807,1,0.07029,,,4.710138466556614,4,0,0,True,True,0.0,0
263,KKR,6,6,analyzed,saved,14.78803,14.788070000000001,-4.0000000002038405e-05,0.0002704883057899942,negative_factor,False,feasible,False,True,True,True,improvement_l2,0.33897501282435316,0.04847457072589222,2/3/4,-1.7763568394002505e-15,1.201209379858393e-14,feasible,False,0.3091898937089126,0.044974552855807814,feasible,True,0.33897501282435316,0.04847457072589222,feasible,False,0.32195947861342156,0.045973197192390625,feasible,False,0.192461299055019,0.0757898159655149,feasible,True,0.2969188552747132,0.055856099474125606,1,0.3149,,-41.95065834772939,0.0,1,1.87257,,12.070513157833835,4.136627245376946,2,3.44274,,1.5640150805197528,0.14809177421656983,2,9.15786,,0.0012239120465569475,0.7132735452698209,4,0,0,True,True,0.0,0
1921,KLA,2,2,analyzed,saved,0.28714,0.28714,0.0,0.0,missing_class,False,gate_rejected,False,False,False,True,raw_fallback,,,,0.0,0.0,feasible,False,0.15462664841416937,0.002759544303797465,feasible,False,0.15462664841416937,0.002759544303797465,feasible,False,0.15462664841416937,0.002759544303797465,feasible,False,0.15462664841416937,0.002759544303797465,feasible,False,0.15462664841416937,0.002759544303797465,1,0.14605,,,1.0,0,0.0,,,1.0,0,0.0,,,1.0,1,0.1411,,,1.0,0,0,4,False,False,0.0,0
151,KLB,5,5,analyzed,saved,3.8141999999999996,3.81423,-3.0000000000196536e-05,0.0007865283425539765,negative_factor,False,feasible,False,True,True,True,minimax_ratio,0.024247329861084906,0.0064212606406933714,2/3/4,-8.881784197001252e-16,2.328591667781244e-14,feasible,False,-15.242379132773479,0.013443978300333115,feasible,False,0.3567179452330529,-0.003556477425169624,feasible,False,-13.257833040002932,0.03762310786294161,feasible,False,-8.390132656953261,0.041200629108521514,feasible,True,0.024247329861084906,0.0064212606406933714,1,0.1526,,-40.19892767243951,0.0,1,0.33959,,-24.134317348822705,0.38825403456799634,1,2.60789,,0.6001335114019524,0.9903022963744594,2,0.71415,,23.215257037396146,1.539945412181157,4,0,0,True,True,0.0,0
1860,KLE,2,2,analyzed,saved,4.94532,4.94535,-3.0000000000640625e-05,0.0006066304710615148,missing_class,False,gate_rejected,False,False,False,True,raw_fallback,,,,-3.0000000000640625e-05,0.0006066304710615148,feasible,False,0.013122723316940978,0.003985494835530401,feasible,False,0.013122723316940896,0.0039854948355304565,feasible,False,0.013122723316940978,0.003985494835530401,feasible,False,0.013122723316940978,0.003985494835530401,feasible,False,0.013122723316940896,0.0039854948355304565,1,0.17263,,,1.0,0,0.0,,,1.0,0,0.0,,,1.0,1,4.7727,,,1.0,0,0,4,False,False,0.0,0
1339,KLH,4,4,analyzed,saved,5.69841,5.69844,-2.9999999999752447e-05,0.0005264598732241183,missing_class,False,feasible,False,True,True,True,minimax_ratio,0.1370536417272839,0.010475407557852635,1/4,0.0,0.0,feasible,False,0.2938879712119712,0.02670822080121141,feasible,False,0.4260029630281261,0.03790089432673606,feasible,False,0.28283215783921783,0.025771581378695632,feasible,False,0.410248703857631,0.03656620643773987,feasible,True,0.1370536417272839,0.010475407557852635,1,0.18674,,,1.302316671627663,0,0.0,,,0.0,2,2.5251099999999997,,,0.0,1,2.98662,,,1.8265572132928112,4,0,0,True,True,0.0,0
1316,KLI,1,1,analyzed,saved,1.3163500000000001,1.31636,-9.999999999843467e-06,0.0007596706068129894,missing_class,False,gate_rejected,False,False,False,True,raw_fallback,,,,-9.999999999843467e-06,0.0007596706068129894,feasible,False,3.3440292245583654e-05,2.3038160287605636e-06,feasible,False,3.3440292245583654e-05,2.3038160287605636e-06,feasible,False,3.3440292245583654e-05,2.3038160287605636e-06,feasible,False,3.3440292245824395e-05,2.3038160288126053e-06,feasible,False,3.3440292245583654e-05,2.3038160287605636e-06,1,1.31636,,,1.0,0,0.0,,,1.0,0,0.0,,,1.0,0,0.0,,,1.0,0,0,4,False,False,0.0,0
2037,KLN,2,2,analyzed,saved,1.0072,1.00722,-1.999999999990898e-05,0.0019856635094526497,missing_class,False,gate_rejected,False,False,False,True,raw_fallback,,,,-1.999999999990898e-05,0.0019856635094526497,feasible,False,0.26691242982541935,0.006280092168605467,feasible,False,0.4241650322556367,0.007214099250763488,feasible,False,0.15877992890924414,0.005731631546285075,feasible,False,0.2030920614668424,0.005956387836881987,feasible,False,0.002159163247335717,5.202163156918776e-05,1,0.70303,,,1.0,0,0.0,,,1.0,1,0.30421,,,1.0,0,0.0,,,1.0,0,0,4,False,False,0.0,0
522,KLR,4,4,analyzed,saved,1.23606,1.2360600000000002,-2.220446049250313e-16,1.7963901827179207e-14,negative_factor,False,feasible,False,True,True,True,improvement_l2,0.26504975767106237,0.005187423732297341,3/4,0.0,0.0,feasible,True,0.06266207231926046,0.006124439740939996,feasible,True,0.26504975767106237,0.005187423732297341,feasible,True,0.11176352544550011,0.0058971094686117945,feasible,False,-1.2920638092436032,0.012396559688062345,feasible,True,0.06335275982752298,0.006121241990784956,1,0.20453,,137.64466208010327,0.0,1,0.20899,,-113.40549163163072,0.0,1,0.39044,,-41.44494350336515,1.1295110213017465,1,0.43213,,30.00453818779012,1.8397802953798645,4,0,0,True,True,0.0,0
1406,KLS,1,1,analyzed,saved,0.33805,0.33804,1.0000000000010001e-05,0.0029582297952934562,missing_class,False,gate_rejected,False,False,False,True,raw_fallback,,,,1.0000000000010001e-05,0.0029582297952934562,feasible,False,0.0008774668034572664,5.680709834696325e-06,feasible,False,0.0008774668034597652,5.68070983471107e-06,feasible,False,0.0008774668034597652,5.68070983471107e-06,feasible,False,0.0008774668034597652,5.68070983471107e-06,feasible,False,0.0008774668034602678,5.680709834711504e-06,1,0.33805,,,1.0,0,0.0,,,1.0,0,0.0,,,1.0,0,0.0,,,1.0,0,0,4,False,False,0.0,0
1270,KLT,2,2,analyzed,saved,9.722109999999999,9.722130000000002,-2.000000000279556e-05,0.00020571623710848914,missing_class,False,feasible,False,True,True,True,absolute_l2,0.8613660351697652,0.16207228930833795,3/4,1.7763568394002505e-15,1.8271272235613494e-14,feasible,True,0.7854666270345331,0.12525180502331884,feasible,True,0.8422987387218935,0.14700323902486498,feasible,True,0.7739024739695745,0.12082584046370598,feasible,True,0.8613660351697652,0.16207228930833795,feasible,True,0.8281779615743963,0.14159877413600128,0,0.0,,,0.0,0,0.0,,,0.0,1,9.63163,,,0.03602979601637876,1,0.09049,,,103.59365336382315,4,0,0,True,True,0.0,0
1358,KLU,2,2,analyzed,saved,0.93842,0.9384100000000001,9.99999999995449e-06,0.0010656322929161548,missing_class,False,gate_rejected,False,False,False,True,raw_fallback,,,,9.99999999995449e-06,0.0010656322929161548,feasible,False,0.11051588300023174,0.01309666975690154,feasible,False,0.11051588300023174,0.01309666975690154,feasible,False,0.11051588300023174,0.01309666975690154,feasible,False,0.11051588300023174,0.01309666975690154,feasible,False,0.11051588300023174,0.01309666975690154,1,0.79488,,,1.0,0,0.0,,,1.0,0,0.0,,,1.0,1,0.14354,,,1.0,0,0,4,False,False,0.0,0
1919,KLW,4,4,analyzed,saved,1.38018,1.3801899999999998,-9.999999999843467e-06,0.000724537925926392,singular,False,gate_rejected,False,False,False,True,raw_fallback,,,,-9.999999999843467e-06,0.000724537925926392,feasible,False,-0.21430625511637091,0.019103992445633083,feasible,False,0.3035257437020157,0.009104377453817026,feasible,False,-0.21445274543285686,0.01910682125259803,feasible,False,-0.2718488174676419,0.020215170338208965,feasible,False,0.21052967106639897,0.010900181738274298,1,1.00908,,,1.0,1,0.09976,,,1.0,1,0.16082,,,1.0,1,0.11054,,,1.0,0,0,4,False,False,0.0,0
251,KMA,14,14,analyzed,saved,13.72257,13.72276,-0.00018999999999991246,0.00138456112327194,negative_factor,False,feasible,False,True,True,True,minimax_ratio,0.10952451549909373,0.04026905305505893,1/2/3/4,-3.552713678800501e-15,2.5889206535715127e-14,feasible,False,0.06992504671661608,-0.03778954458851769,feasible,False,0.4307234928698797,0.05934818532715777,feasible,False,0.10207631958896429,-0.022432544805589344,feasible,False,-0.09898060786548417,0.029330208792645723,feasible,True,0.10952451549909373,0.04026905305505893,9,4.77457,,-8.217404591166243,0.0,2,0.42234,,23.105920957169126,3.4170425844658325,1,4.92158,,0.8428131170121838,0.9829226963476386,2,3.60424,,10.834682348641373,2.064788022167079,4,0,0,True,True,0.0,0
1440,KML,1,1,analyzed,saved,0.08708,0.08708999999999999,-9.999999999982245e-06,0.011482374555037601,missing_class,False,gate_rejected,False,False,False,True,raw_fallback,,,,-9.999999999982245e-06,0.011482374555037601,feasible,False,-0.00046110778823874927,-1.9576897246461255e-06,feasible,False,-0.000461107788238081,-1.9576897246430898e-06,feasible,False,-0.00046110778823874927,-1.9576897246461255e-06,feasible,False,-0.00046110778823874927,-1.9576897246461255e-06,feasible,False,-0.00046110778823874927,-1.9576897246461255e-06,1,0.08708,,,1.0,0,0.0,,,1.0,0,0.0,,,1.0,0,0.0,,,1.0,0,0,4,False,False,0.0,0
1812,KMM,3,3,analyzed,saved,3.0207,3.0207099999999993,-9.999999999177334e-06,0.00033104799862209,missing_class,False,gate_rejected,False,False,False,True,raw_fallback,,,,-9.999999999177334e-06,0.00033104799862209,feasible,False,0.11380960995938999,-0.012742881966277354,feasible,False,0.08940225627688793,-0.0032678204830899745,feasible,False,0.1182378342540005,-0.013372300647133583,feasible,False,-0.21555781641675503,0.03338891627813387,feasible,False,6.656298079111117e-05,6.163318956350916e-06,1,2.27084,,,1.0,1,0.06067,,,1.0,1,0.68921,,,1.0,0,0.0,,,1.0,0,0,4,False,False,0.0,0
266,KMN,8,8,analyzed,saved,9.44659,9.44666,-6.999999999912632e-05,0.0007410026400773006,missing_class,False,feasible,False,True,True,True,absolute_l2,0.7060830622635116,0.19150289698238415,1/4,0.0,0.0,feasible,True,0.4653267667717127,0.11142539506718512,feasible,True,0.7034149943863154,0.1858076470670551,feasible,False,0.02040833094366891,-0.01862740687271456,feasible,True,0.7060830622635116,0.19150289698238415,feasible,True,0.44896705919410157,0.1066433369683206,1,1.10646,,,5.512343540018589,0,0.0,,,0.0,3,4.12256,,,0.0,4,4.21766,,,0.793663862005046,4,0,0,True,True,0.0,0
2195,KMP,1,1,analyzed,saved,1.51872,1.51874,-1.999999999990898e-05,0.0013168810987995957,missing_class,False,gate_rejected,False,False,False,True,raw_fallback,,,,-1.999999999990898e-05,0.0013168810987995957,feasible,False,1.4641375046125384e-05,8.772015496344432e-07,feasible,False,1.4641375046125384e-05,8.772015496344432e-07,feasible,False,1.4641375046093422e-05,8.772015496205654e-07,feasible,False,1.4641375046125384e-05,8.772015496344432e-07,feasible,False,1.4641375046125384e-05,8.772015496344432e-07,1,1.51874,,,1.0,0,0.0,,,1.0,0,0.0,,,1.0,0,0.0,,,1.0,0,0,4,False,False,0.0,0
87,KNA,3,3,analyzed,saved,3.5932299999999997,3.59324,-1.0000000000509601e-05,0.0002783003640310583,missing_class,False,gate_rejected,False,False,False,True,raw_fallback,,,,-1.0000000000509601e-05,0.0002783003640310583,feasible,False,0.23379970789222332,0.0013638484867757768,feasible,False,0.22422569143346502,0.004398171051935334,feasible,False,0.2544150831215414,-0.0026049578576558974,feasible,False,-0.16238103855044694,0.004243819988801566,feasible,False,3.8655758884311316e-05,5.336392931104203e-06,1,1.64436,,,1.0,1,0.09932,,,1.0,1,1.84958,,,1.0,0,0.0,,,1.0,0,0,4,False,False,0.0,0
2260,KNG,1,1,analyzed,saved,2.4760100000000005,2.47601,4.440892098500626e-16,1.7935679171330594e-14,missing_class,False,gate_rejected,False,False,False,True,raw_fallback,,,,4.440892098500626e-16,1.7935679171330594e-14,feasible,False,-8.24155038664625e-05,1.6620423591504063e-06,feasible,False,-8.241550386629494e-05,1.6620423592059175e-06,feasible,False,-8.241550386629494e-05,1.6620423592059175e-06,feasible,False,-8.241550386233372e-05,1.6620423592822453e-06,feasible,False,-8.241550386629494e-05,1.6620423592059175e-06,1,2.47602,,,1.0,0,0.0,,,1.0,0,0.0,,,1.0,0,0.0,,,1.0,0,0,4,False,False,0.0,0
220,KNI,2,2,analyzed,saved,1.5298100000000001,1.52984,-2.999999999997449e-05,0.0019609893845091314,missing_class,False,feasible,False,True,True,True,improvement_l2,0.25048873060872134,0.0027762054603794016,3/4,-2.220446049250313e-16,1.4514237104862684e-14,feasible,False,-11.579306965637665,0.03719634574908422,feasible,True,0.25048873060872134,0.0027762054603794016,feasible,False,-11.467944622122229,0.03804958824141746,feasible,False,-7.967607956961284,0.030938473653244102,feasible,True,0.01955509194029774,0.0035675827481120234,0,0.0,,,0.0,0,0.0,,,0.0,1,1.39501,,,0.9932115057956105,1,0.13481,,,1.0702576405752515,4,0,0,True,True,0.0,0
1286,KNK,2,2,analyzed,saved,0.48294,0.48294,0.0,0.0,missing_class,False,feasible,False,True,True,True,balanced_l2,0.32024326977480716,0.007606048113007251,1/3,1.1102230246251565e-16,2.2988839703175483e-14,feasible,True,0.32024326977480716,0.007606048113007251,feasible,True,0.29673652266872047,0.008364476494315603,feasible,True,0.3188935380522056,0.007649596241591505,feasible,False,0.16298725788416196,0.012679800853485065,feasible,True,0.21769102193961792,0.010914823035124603,1,0.39081,,,0.46634350433479566,0,0.0,,,0.0,1,0.09214,,,3.2630804856702773,0,0.0,,,0.0,4,0,0,True,True,0.0,0
1403,KNW,4,3,analyzed,saved,0.72411,0.72412,-9.99999999995449e-06,0.0013809865768041887,missing_class,False,gate_rejected,False,False,False,True,raw_fallback,,,,-9.99999999995449e-06,0.0013809865768041887,feasible,False,0.639895564482263,0.017999407515568402,feasible,False,0.6592010375829412,0.01882322596402081,feasible,False,0.6399661763107904,0.018002420719477812,feasible,False,0.6578716345414098,0.018783471241522597,feasible,False,0.6437881000275116,0.018165512877333402,1,0.4202,,,1.0,1,0.25357,,,1.0,1,0.05036,,,1.0,0,0.0,,,1.0,0,0,4,False,False,0.0,0
2197,KNZ,1,1,analyzed,saved,0.20589,0.20593,-4.000000000001225e-05,0.019424076142384426,missing_class,False,gate_rejected,False,False,False,True,raw_fallback,,,,-4.000000000001225e-05,0.019424076142384426,feasible,False,9.36605469186813e-05,6.483998812902014e-07,feasible,False,9.36605469186813e-05,6.483998812902014e-07,feasible,False,9.36605469186813e-05,6.483998812902014e-07,feasible,False,9.36605469186813e-05,6.483998812902014e-07,feasible,False,9.36605469186813e-05,6.483998812902014e-07,1,0.20591,,,1.0,0,0.0,,,1.0,0,0.0,,,1.0,0,0.0,,,1.0,0,0,4,False,False,0.0,0
1848,KOL,8,8,analyzed,saved,9.8669,9.86701,-0.00011000000000116472,0.0011148260719424092,negative_factor,False,feasible,False,True,True,True,minimax_ratio,0.3207818967315862,0.16950986446123156,3/4,-1.7763568394002505e-15,1.8002990160142235e-14,feasible,False,0.040173091958686506,0.07077835011771319,feasible,False,0.37988151460430386,0.13356908253809296,feasible,False,0.15308572572235893,0.11050638120720355,feasible,False,0.2847837643791401,0.15696187971192807,feasible,True,0.3207818967315862,0.16950986446123156,3,1.8582500000000002,,61.770703170555805,0.0,1,0.38303,,-806.7116427227701,0.0,1,3.47737,,78.6180083695685,1.2251537939353876,3,4.14834,,-16.70634751560339,1.3515432761063688,4,0,0,True,True,0.0,0
606,KOR,133,126,analyzed,saved,259.27566,259.27693,-0.0012699999999767897,0.0004898237571606505,negative_factor,False,feasible,False,True,True,True,improvement_l2,0.4023940802894733,2.224458479414909,2/3/4,-5.684341886080802e-14,2.1923824406902696e-14,feasible,False,0.3301117277947044,2.0659156551796007,feasible,True,0.4023940802894733,2.224458479414909,feasible,False,0.3513231465003363,2.344341411187063,feasible,True,0.22665970701107396,1.9233052336355954,feasible,True,0.17743466799755392,1.6810325146914566,86,157.5447,,-5.284899252321948,0.0,9,10.71424,,-7.473889538213895,3.4137305973548924,8,48.35741,,-1.025352744289764,0.6089496217503018,23,42.660360000000004,,28.63415473747382,4.5300339101319675,4,0,0,True,True,0.0,0
2060,KOS,9,8,analyzed,saved,2.7144700000000004,2.7144700000000004,0.0,0.0,negative_factor,False,feasible,False,True,True,True,absolute_l2,0.5901768882096872,0.08208513308869127,2,-4.440892098500626e-16,1.6360070652836928e-14,feasible,True,0.5901768882096872,0.08208513308869127,feasible,True,0.5901768882096872,0.08208513308869127,feasible,True,0.5901768882096872,0.08208513308869127,feasible,True,0.5901768882096872,0.08208513308869127,feasible,True,0.5901768882096872,0.08208513308869127,1,0.40662,,-6.1049575510660095,0.0,1,0.54118,,12.048821911748277,5.015755018175062,3,0.94279,,-1.0926136619579225,0.0,3,0.82395,,-0.3563484089957324,0.0,4,0,0,True,True,0.0,0
1757,KOW,4,4,analyzed,saved,2.10582,2.10582,0.0,0.0,missing_class,False,feasible,False,True,True,True,improvement_l2,0.33482796177872454,0.013408551407286265,3/4,-4.440892098500626e-16,2.1088659517435612e-14,feasible,True,0.1082146498292341,0.0141668247838348,feasible,True,0.33482796177872454,0.013408551407286265,feasible,True,0.14512865934240313,0.014043306397405003,feasible,False,-2.174783949971087,0.021805992324495198,feasible,True,0.12827160967540396,0.014099711962725452,1,0.60166,,,0.0,0,0.0,,,0.0,1,0.92788,,,0.9095295613411926,2,0.57631,,,2.1895122739266353,4,0,0,True,True,0.0,0
1282,KPL,10,10,analyzed,saved,17.15782,17.15797,-0.00014999999999787406,0.0008742292940124856,negative_factor,False,feasible,False,True,True,True,improvement_l2,0.49951727795306483,0.05345319475517653,1/3/4,0.0,0.0,feasible,True,0.4815575613047499,0.0576542308868396,feasible,True,0.49951727795306483,0.05345319475517653,feasible,True,0.4564272576587961,0.0597885320251019,feasible,False,0.3339643469042572,0.05929321882308315,feasible,True,0.2515201472735159,0.03633057085541237,1,6.05957,,7.078506587054227,2.4106627491287598,6,8.23584,,-2.976279857902521,0.0,1,0.26875,,0.594234348900577,0.3939745765379012,2,2.5937699999999997,,-0.5328989949625526,0.9424409753329024,4,0,0,True,True,0.0,0
33,KRD,18,13,analyzed,saved,20.34881,20.34894,-0.0001299999999986312,0.0006388539157254935,negative_factor,False,feasible,False,True,True,True,minimax_ratio,0.3476858904768487,0.19973600722954432,3/4,0.0,0.0,feasible,False,0.15719701546537324,0.2518566950337635,feasible,True,0.34468689685676135,0.20299476064329203,feasible,False,0.21277131427786833,0.2746363029638064,feasible,False,0.28162267998470614,0.2715213259018685,feasible,True,0.3476858904768487,0.19973600722954432,8,6.42323,,1.8319947909094634,0.0,2,0.37316,,-289.6131329009583,0.0,2,5.91979,,1.1247879656849766,0.8315994129936651,1,7.63274,,14.411495408581349,2.0210323866811084,4,0,0,True,True,0.0,0
1030,KRG,5,5,analyzed,saved,2.03301,2.0330399999999997,-2.9999999999752447e-05,0.001475622712772619,negative_factor,False,feasible,False,True,True,True,improvement_l2,0.6221692641830265,0.030666455184205296,1/3/4,0.0,0.0,feasible,False,-0.2732627577911695,0.02893875418168951,feasible,True,0.6221692641830265,0.030666455184205296,feasible,False,-1.1248983696587183,0.01744281018941342,feasible,False,-0.14837256484157077,0.029303866091715133,feasible,True,0.1359910466852963,0.00880832089176008,2,0.28226,,4.9134724376541055,1.418807660529037,1,0.58766,,-6.339129561349967,0.0,1,0.98156,,0.32413323619342144,0.21060649904853412,1,0.18156,,22.323190989752874,7.852701657008887,4,0,0,True,True,0.0,0
526,KRI,2,2,analyzed,saved,0.8293499999999999,0.82935,-1.1102230246251565e-16,1.3386664552060728e-14,missing_class,False,gate_rejected,False,False,False,True,raw_fallback,,,,-1.1102230246251565e-16,1.3386664552060728e-14,feasible,False,0.2645589551031367,0.021346457800511486,feasible,False,0.2645589551031367,0.021346457800511486,feasible,False,0.2645589551031367,0.021346457800511486,feasible,False,0.2645589551031367,0.021346457800511486,feasible,False,0.2645589551031366,0.021346457800511462,1,0.73414,,,1.0,0,0.0,,,1.0,0,0.0,,,1.0,1,0.09521,,,1.0,0,0,4,False,False,0.0,0
88,KRK,3,3,analyzed,saved,1.08711,1.08712,-1.0000000000065512e-05,0.0009198616528134438,missing_class,False,gate_rejected,False,False,False,True,raw_fallback,,,,-1.0000000000065512e-05,0.0009198616528134438,feasible,False,0.023067508100801506,-0.000654629637547189,feasible,False,0.02857286943937616,0.0013651476976072798,feasible,False,0.01543915570882895,-0.0034532785033216905,feasible,False,0.0406568523127753,0.005798454291866503,feasible,False,0.027566274377255826,0.0009958535192389588,1,0.26924,,,1.0,0,0.0,,,1.0,1,0.5922,,,1.0,1,0.22569,,,1.0,0,0,4,False,False,0.0,0
1899,KRM,30,30,analyzed,saved,24.96765,24.96785,-0.00019999999999953388,0.0008010301247385495,singular,False,gate_rejected,False,False,False,True,raw_fallback,,,,-0.00019999999999953388,0.0008010301247385495,feasible,False,0.7499999999999774,0.06804499999999758,feasible,False,0.7499999999999623,0.06804499999999658,feasible,False,0.7499999999999867,0.06804499999999858,feasible,False,0.7499999999998659,0.06804499999999059,feasible,False,0.75,0.06804499999999991,18,11.924299999999999,,,1.0,6,2.06855,,,1.0,2,3.51452,,,1.0,4,7.46041,,,1.0,0,0,4,False,False,0.0,0
1380,KRP,8,7,analyzed,saved,3.15694,3.1569599999999998,-1.9999999999686935e-05,0.0006335208554966467,missing_class,False,gate_rejected,False,False,False,True,raw_fallback,,,,-1.9999999999686935e-05,0.0006335208554966467,feasible,False,0.7499999999999856,0.029779999999999807,feasible,False,0.7499999999996525,0.029779999999982126,feasible,False,0.7499999999999716,0.02977999999999964,feasible,False,0.7499999999999805,0.029779999999999515,feasible,False,0.7499999999999976,0.029779999999999862,3,0.26256,,,1.0,3,1.85463,,,1.0,0,0.0,,,1.0,1,1.0398,,,1.0,0,0,4,False,False,0.0,0
1902,KRT,33,33,analyzed,saved,15.260359999999999,15.26052,-0.0001600000000010482,0.0010484570643795113,feasible,True,feasible,True,True,True,True,balanced_l2,0.9999999999999784,0.25796999999999365,1/2/3/4,8.881784197001252e-15,5.820105865987039e-14,feasible,True,0.9999999999999784,0.25796999999999365,feasible,True,0.9999999999999801,0.2579699999999948,feasible,True,0.9999999999999832,0.25796999999999726,feasible,True,0.9999999999997496,0.25796999999997344,feasible,True,0.9999999999999988,0.25796999999999964,22,9.80691,,0.08819829228356862,0.08819829228358687,3,0.69547,,12.138252563415387,12.138252563415122,1,1.25409,,1.067340639903585,1.0673406399035819,7,3.50414,,1.3169492676033385,1.3169492676033436,4,0,0,True,True,0.0,0
1927,KSA,3,3,analyzed,saved,0.86557,0.86559,-2.0000000000020002e-05,0.0023105627375570423,missing_class,False,gate_rejected,False,False,False,True,raw_fallback,,,,-2.0000000000020002e-05,0.0023105627375570423,feasible,False,0.057329697715055646,0.007126819302571325,feasible,False,0.05401345581553478,0.0054985559031024075,feasible,False,0.056620637945378346,0.0067786733874112895,feasible,False,0.057329697715055646,0.007126819302571325,feasible,False,0.050095137160814096,0.003574674881678841,1,0.07196,,,1.0,1,0.60771,,,1.0,0,0.0,,,1.0,1,0.18593,,,1.0,0,0,4,False,False,0.0,0
1352,KSH,9,9,analyzed,saved,10.74918,10.749310000000001,-0.00013000000000040757,0.0012093799509029653,missing_class,False,gate_rejected,False,False,False,True,raw_fallback,,,,-0.00013000000000040757,0.0012093799509029653,feasible,False,0.4582766595855863,0.16751114132885273,feasible,False,0.4443198656275708,0.15915862479841278,feasible,False,0.464321139445359,0.17172714148955973,feasible,False,0.4648136522629045,0.18556392220498524,feasible,False,-7.251161155259189e-05,-2.388001524541994e-05,0,0.0,,,1.0,1,0.04427,,,1.0,1,1.93274,,,1.0,7,8.772260000000001,,,1.0,0,0,4,False,False,0.0,0
1359,KSW,4,4,analyzed,saved,1.38449,1.38452,-2.999999999997449e-05,0.0021668159362070965,negative_factor,False,feasible,False,True,True,True,improvement_l2,0.5829487672272469,0.020579775169870116,2/3/4,2.220446049250313e-16,1.6037659616692523e-14,feasible,True,0.47552526043510657,0.020565094271545032,feasible,True,0.5829487672272469,0.020579775169870116,feasible,True,0.46787263858427014,0.020576095024430113,feasible,False,-0.11611473002754913,0.020229733355864532,feasible,True,0.11254371267596439,0.006946671293445024,1,0.44648,,-10.915582282770261,0.0,1,0.06276,,196.4994494496207,10.773165683071914,1,0.09815,,3.273890344808805,3.562604717138862,1,0.77712,,-8.231760898917171,0.4614406351951121,4,0,0,True,True,0.0,0
2125,KTG,2,2,analyzed,saved,0.4815,0.48150000000000004,-5.551115123125783e-17,1.1528795686657907e-14,missing_class,False,gate_rejected,False,False,False,True,raw_fallback,,,,-5.551115123125783e-17,1.1528795686657907e-14,feasible,False,0.055532208687891056,-2.700755959365213e-05,feasible,False,0.2371072656701563,-0.00013163491980758366,feasible,False,0.0876372317151508,-4.5507147944465025e-05,feasible,False,-2.2756252074844663,0.0013162542889820772,feasible,False,0.00020203316187275344,4.874849266201832e-06,0,0.0,,,1.0,1,0.22878,,,1.0,1,0.25274,,,1.0,0,0.0,,,1.0,0,0,4,False,False,0.0,0
1362,KTL,1,1,analyzed,saved,0.98709,0.9871,-9.99999999995449e-06,0.0010130685847385768,missing_class,False,gate_rejected,False,False,False,True,raw_fallback,,,,-9.99999999995449e-06,0.0010130685847385768,feasible,False,-0.00017945862750439547,-2.639610909927273e-08,feasible,False,-0.0001794586275043864,-2.6396109097971687e-08,feasible,False,-0.00017945862750439547,-2.639610909927273e-08,feasible,False,-0.00017945862750439547,-2.639610909927273e-08,feasible,False,-0.0001794586275043864,-2.6396109097971687e-08,1,0.9871,,,1.0,0,0.0,,,1.0,0,0.0,,,1.0,0,0.0,,,1.0,0,0,4,False,False,0.0,0
1273,KTN,1,1,analyzed,saved,7.23377,7.233779999999999,-9.999999999621423e-06,0.00013824031142254013,missing_class,False,gate_rejected,False,False,False,True,raw_fallback,,,,-9.999999999621423e-06,0.00013824031142254013,feasible,False,-7.322852726615734e-05,3.3039083371291106e-06,feasible,False,-7.322852726615734e-05,3.3039083371291106e-06,feasible,False,-7.322852726523578e-05,3.303908337339012e-06,feasible,False,-7.322852726523578e-05,3.303908337339012e-06,feasible,False,-7.322852726523578e-05,3.303908337339012e-06,1,7.23379,,,1.0,0,0.0,,,1.0,0,0.0,,,1.0,0,0.0,,,1.0,0,0,4,False,False,0.0,0
2306,KTS,4,4,analyzed,saved,1.24202,1.2421200000000001,-0.00010000000000021103,0.008050751940248206,missing_class,False,gate_rejected,False,False,False,True,raw_fallback,,,,-0.00010000000000021103,0.008050751940248206,feasible,False,-0.23810775082783686,-0.011122887198295552,feasible,False,0.2523687513486998,0.011897403948541434,feasible,False,0.23596039163750301,0.011666076964363822,feasible,False,-0.591005390302511,7.41615235472573e-06,feasible,False,0.0007754400840694532,3.2164814655986224e-05,0,0.0,,,1.0,0,0.0,,,1.0,1,0.55449,,,1.0,3,0.6875600000000001,,,1.0,0,0,4,False,False,0.0,0
1944,KTT,4,4,analyzed,saved,1.00046,1.00049,-3.0000000000196536e-05,0.0029985307199668697,singular,False,gate_rejected,False,False,False,True,raw_fallback,,,,-3.0000000000196536e-05,0.0029985307199668697,feasible,False,0.18805287683562677,0.011122795068146688,feasible,False,0.2592407259681512,0.010081650139415595,feasible,False,0.18805287683562677,0.011122795068146688,feasible,False,0.18805287683562677,0.011122795068146688,feasible,False,0.18805287683562677,0.011122795068146688,1,0.10192,,,1.0,1,0.1859,,,1.0,1,0.20394,,,1.0,1,0.50872,,,1.0,0,0,4,False,False,0.0,0
267,KTU,6,6,analyzed,saved,9.62083,9.62084,-9.999999999621423e-06,0.00010394102801440856,missing_class,False,gate_rejected,False,False,False,True,raw_fallback,,,,-9.999999999621423e-06,0.00010394102801440856,feasible,False,0.4994744282884661,0.04035122572729835,feasible,False,0.5280461250046488,0.044887888212405774,feasible,False,0.5000858423167508,0.040420058472810036,feasible,False,0.3001389594228112,0.04474125936094067,feasible,False,-0.00022322080724641882,-2.0346843668571715e-05,0,0.0,,,1.0,1,2.64941,,,1.0,1,1.33173,,,1.0,4,5.63973,,,1.0,0,0,4,False,False,0.0,0
523,KTW,3,3,analyzed,saved,1.11033,1.1103299999999998,2.220446049250313e-16,1.999807308863413e-14,missing_class,False,feasible,False,True,True,True,target_l2,0.4357437005454482,0.008580401478740937,3/4,2.220446049250313e-16,1.999807308863413e-14,feasible,True,0.4307963301021511,0.008752153422533868,feasible,True,0.4161714034643058,0.00925986951266038,feasible,True,0.4357437005454482,0.008580401478740937,feasible,False,-0.5733827189270956,0.013138778103807189,feasible,True,0.36792754970016645,0.010934693695530654,1,0.52476,,,0.0,0,0.0,,,0.0,1,0.26818,,,1.7016309141983064,1,0.31741,,,2.060274853133404,4,0,0,True,True,0.0,0
1787,KTZ,2,2,analyzed,saved,3.57806,3.5780699999999994,-9.999999999621423e-06,0.00027948027846356907,missing_class,False,gate_rejected,False,False,False,True,raw_fallback,,,,-9.999999999621423e-06,0.00027948027846356907,feasible,False,0.1564356491021339,-0.017348892884565308,feasible,False,0.11145925642286336,-0.012360669417830233,feasible,False,0.16875986152947112,-0.018715741624024437,feasible,False,-0.36513774616231576,0.04049755710611924,feasible,False,2.6427093722007534e-06,7.153649182363442e-07,1,2.14828,,,1.0,0,0.0,,,1.0,1,1.42979,,,1.0,0,0.0,,,1.0,0,0,4,False,False,0.0,0
240,KUR,2,2,analyzed,saved,1.5767900000000001,1.57681,-1.999999999990898e-05,0.0012683836353085648,missing_class,False,gate_rejected,False,False,False,True,raw_fallback,,,,-1.999999999990898e-05,0.0012683836353085648,feasible,False,0.2912829141832457,0.027650839645805773,feasible,False,0.29379671784240735,0.02788944480840788,feasible,False,0.29767203484090116,0.028257282065383034,feasible,False,0.29209649025046563,0.029846588515546654,feasible,False,-4.771113489769724e-05,-1.6744921445960292e-06,1,0.08103,,,1.0,0,0.0,,,1.0,0,0.0,,,1.0,1,1.49578,,,1.0,0,0,4,False,False,0.0,0
463,KUS,4,4,analyzed,saved,4.58024,4.58028,-4.000000000026205e-05,0.000873309055347316,missing_class,False,feasible,False,True,True,True,improvement_l2,0.30206665496602625,0.05031711122831216,3/4,-8.881784197001252e-16,1.9391356417077673e-14,feasible,False,-0.19084888648458115,0.01798621420429715,feasible,True,0.30206665496602625,0.05031711122831216,feasible,False,-0.10000384360078732,0.02394484500334755,feasible,False,-0.7750629193280947,0.006847478889889083,feasible,True,0.07523717427059445,0.0354391048242277,1,0.86723,,,0.0,0,0.0,,,0.0,1,2.12796,,,1.0830870635848249,2,1.5850899999999999,,,1.435551499476266,4,0,0,True,True,0.0,0
1303,KUT,7,5,analyzed,saved,17.78064,17.78074,-0.00010000000000331966,0.0005624062890707566,missing_class,False,feasible,False,True,True,True,target_l2,0.5603480358368841,0.4982225747546413,1/2/4,0.0,0.0,feasible,True,0.5484654428136061,0.5075831570962547,feasible,True,0.5432576193407275,0.5901074448961356,feasible,True,0.5603480358368841,0.4982225747546413,feasible,True,0.5325322652889903,0.615276343653758,feasible,True,0.5312843289545552,0.6005581725008178,1,1.43765,,,8.91412483192936,1,1.43767,,,2.189478255772665,0,0.0,,,0.0,3,14.905380000000001,,,0.1219371783394001,4,0,0,True,True,0.0,0
1275,KYA,1,1,analyzed,saved,7.04042,7.04044,-2.0000000000131024e-05,0.0002840731545206127,missing_class,False,gate_rejected,False,False,False,True,raw_fallback,,,,-2.0000000000131024e-05,0.0002840731545206127,feasible,False,-0.0002368484808730537,-3.170580141169735e-06,feasible,False,-0.0002368484808730537,-3.170580141169735e-06,feasible,False,-0.0002368484808730537,-3.170580141169735e-06,feasible,False,-0.0002368484808730537,-3.170580141169735e-06,feasible,False,-0.0002368484808730537,-3.170580141169735e-06,1,7.04043,,,1.0,0,0.0,,,1.0,0,0.0,,,1.0,0,0.0,,,1.0,0,0,4,False,False,0.0,0
2177,KYB,2,2,analyzed,saved,0.41703999999999997,0.41706,-2.0000000000020002e-05,0.004795473073423489,missing_class,False,gate_rejected,False,False,False,True,raw_fallback,,,,-2.0000000000020002e-05,0.004795473073423489,feasible,False,0.054382015384455674,-0.004647020604382568,feasible,False,0.061336165298882805,-0.005246275579659053,feasible,False,0.0003576840064303634,8.379374427682526e-06,feasible,False,-0.11170360528307677,0.009664956521739137,feasible,False,0.00024123277862898474,1.8414242599331158e-05,0,0.0,,,1.0,0,0.0,,,1.0,1,0.1612,,,1.0,1,0.25585,,,1.0,0,0,4,False,False,0.0,0
2051,KZK,1,1,analyzed,saved,0.53914,0.53915,-1.0000000000065512e-05,0.0018547713994371718,missing_class,False,gate_rejected,False,False,False,True,raw_fallback,,,,-1.0000000000065512e-05,0.0018547713994371718,feasible,False,0.00010480915780560604,-1.4408044967349765e-06,feasible,False,0.00010480915780560604,-1.4408044967349765e-06,feasible,False,0.00010480915780605019,-1.4408044967202313e-06,feasible,False,0.00010480915780560604,-1.4408044967349765e-06,feasible,False,0.00010480915780549573,-1.4408044967453848e-06,1,0.53915,,,1.0,0,0.0,,,1.0,0,0.0,,,1.0,0,0.0,,,1.0,0,0,4,False,False,0.0,0
1763,LAC,2,2,analyzed,saved,5.5020299999999995,5.5020500000000006,-2.0000000001019203e-05,0.00036350087696438967,missing_class,False,gate_rejected,False,False,False,True,raw_fallback,,,,-2.0000000001019203e-05,0.00036350087696438967,feasible,False,0.1614286014745179,-0.00045477526741781286,feasible,False,0.24591789557669697,-0.0006965617374543515,feasible,False,0.1563749751621557,-0.00044031309821751475,feasible,False,-4.766392758560459,0.013647372753397367,feasible,False,1.4163699767193534e-05,7.1510338587842115e-06,0,0.0,,,1.0,1,1.57703,,,1.0,0,0.0,,,1.0,1,3.92502,,,1.0,0,0,4,False,False,0.0,0
983,LAL,3,2,analyzed,saved,0.86385,0.86385,0.0,0.0,missing_class,False,gate_rejected,False,False,False,True,raw_fallback,,,,0.0,0.0,feasible,False,-0.11863961818709254,0.012116562896216645,feasible,False,0.2703255548524908,0.004686381817275343,feasible,False,-0.11680843829384593,0.012081582905363984,feasible,False,-1.8178888799359252,0.019726390967340572,feasible,False,0.0003602924523859592,2.3901659576161267e-05,0,0.0,,,1.0,1,0.00034,,,1.0,1,0.86353,,,1.0,0,0.0,,,1.0,0,0,4,False,False,0.0,0
542,LAM,1,1,analyzed,saved,0.34756,0.34756000000000004,-5.551115123125783e-17,1.5971674309833645e-14,missing_class,False,gate_rejected,False,False,False,True,raw_fallback,,,,-5.551115123125783e-17,1.5971674309833645e-14,feasible,False,0.0022642822822039853,3.5850340136022243e-06,feasible,False,0.0022642822822028456,3.585034013589214e-06,feasible,False,0.0022642822822039853,3.5850340136022243e-06,feasible,False,0.0022642822822028456,3.585034013589214e-06,feasible,False,0.0022642822822039853,3.5850340136022243e-06,1,0.34757,,,1.0,0,0.0,,,1.0,0,0.0,,,1.0,0,0.0,,,1.0,0,0,4,False,False,0.0,0
308,LAN,7,5,analyzed,saved,2.6088400000000003,2.60888,-3.999999999981796e-05,0.0015332249854273848,missing_class,False,gate_rejected,False,False,False,True,raw_fallback,,,,-3.999999999981796e-05,0.0015332249854273848,feasible,False,0.4898711301925201,0.03378166786256615,feasible,False,0.50049633750827,0.03330578180215602,feasible,False,0.4922956426545855,0.03359756758291934,feasible,False,0.48837451648757907,0.03401378875314056,feasible,False,0.00046923205310102654,2.441986144089553e-05,1,0.30653,,,1.0,0,0.0,,,1.0,2,1.11084,,,1.0,2,1.19151,,,1.0,0,0,4,False,False,0.0,0
1814,LAU,1,1,analyzed,saved,3.51982,3.51981,1.0000000000065512e-05,0.00028410624437300627,missing_class,False,gate_rejected,False,False,False,True,raw_fallback,,,,1.0000000000065512e-05,0.00028410624437300627,feasible,False,-2.7150225690209688e-05,2.0374402922625906e-06,feasible,False,-2.7150225690209688e-05,2.0374402922625906e-06,feasible,False,-2.7150225690209688e-05,2.0374402922625906e-06,feasible,False,-2.7150225690209688e-05,2.0374402922625906e-06,feasible,False,-2.7150225690209688e-05,2.0374402922625906e-06,1,3.51982,,,1.0,0,0.0,,,1.0,0,0.0,,,1.0,0,0.0,,,1.0,0,0,4,False,False,0.0,0
2094,LAV,9,8,analyzed,saved,5.59376,5.593859999999999,-9.999999999976694e-05,0.001787674342936129,negative_factor,False,feasible,False,True,True,True,improvement_l2,0.3716685242805894,0.04872487781941215,2/3,0.0,0.0,feasible,True,0.3348287754710162,0.04604481818894787,feasible,True,0.3716685242805894,0.04872487781941215,feasible,True,0.3572761781218821,0.0476778471752293,feasible,True,0.2535263007825093,0.04102840423467413,feasible,True,0.17987550916093026,0.03614559723485669,5,1.9938099999999999,,-447.15726882818984,0.0,1,0.7804,,-3164.4323609650196,6.284414549516814,1,1.2512,,169.79016868226617,0.5510440964917817,1,1.56842,,2011.094717085009,0.0,4,0,0,True,True,0.0,0
1774,LBB,1,1,analyzed,saved,0.3028,0.3028,0.0,0.0,missing_class,False,gate_rejected,False,False,False,True,raw_fallback,,,,0.0,0.0,feasible,False,2.1920504021406703e-05,3.214152468598158e-06,feasible,False,2.1920504021406703e-05,3.214152468598158e-06,feasible,False,2.1920504021406703e-05,3.214152468598158e-06,feasible,False,2.1920504021406703e-05,3.214152468598158e-06,feasible,False,2.1920504021406703e-05,3.214152468598158e-06,1,0.3028,,,1.0,0,0.0,,,1.0,0,0.0,,,1.0,0,0.0,,,1.0,0,0,4,False,False,0.0,0
809,LBO,1,1,analyzed,saved,0.30187,0.30186,1.0000000000010001e-05,0.0033127940104717415,missing_class,False,gate_rejected,False,False,False,True,raw_fallback,,,,1.0000000000010001e-05,0.0033127940104717415,feasible,False,1.4890029126038529e-05,2.3066298342616642e-06,feasible,False,1.4890029125948238e-05,2.3066298342477864e-06,feasible,False,1.4890029126038529e-05,2.3066298342616642e-06,feasible,False,1.4890029126038529e-05,2.3066298342616642e-06,feasible,False,1.4890029125948238e-05,2.3066298342477864e-06,1,0.30187,,,1.0,0,0.0,,,1.0,0,0.0,,,1.0,0,0.0,,,1.0,0,0,4,False,False,0.0,0
2153,LBV,17,17,analyzed,saved,11.422070000000001,11.4222,-0.0001299999999986312,0.0011381345099773354,negative_factor,False,gate_rejected,False,False,False,True,raw_fallback,,,,-0.0001299999999986312,0.0011381345099773354,feasible,False,-10.192185578992794,0.11391486629527989,feasible,False,0.3851154660567075,-0.0066341977167282615,feasible,False,-10.166658840956604,0.11445940130610888,feasible,False,-8.507125634046416,0.09796918554296324,feasible,False,0.0008466249476115034,0.00043192435394472095,5,4.919180000000001,,0.03085170469885273,1.0,1,0.48136,,-942.5518500574673,1.0,10,5.1412,,0.46044372256353094,1.0,1,0.88051,,525.3944083431437,1.0,0,0,4,False,False,0.0,0
1483,LCA,2,2,analyzed,saved,1.43434,1.43435,-1.0000000000065512e-05,0.0006971799072796397,missing_class,False,feasible,False,True,True,True,target_l2,0.26249742641974994,0.012061148033032786,3/4,-2.220446049250313e-16,1.548050370725634e-14,feasible,True,0.2340805028122851,0.012805392785358407,feasible,True,0.2562709946686337,0.012224219490749096,feasible,True,0.26249742641974994,0.012061148033032786,feasible,False,-0.03628681386630798,0.01988636535712399,feasible,True,0.0757372726677166,0.016952432758060968,0,0.0,,,0.0,0,0.0,,,0.0,1,0.82117,,,0.5569722606571512,1,0.61318,,,1.593271715567505,4,0,0,True,True,0.0,0
1922,LCK,11,9,analyzed,saved,5.096659999999999,5.09675,-9.00000000010337e-05,0.0017658311669403776,negative_factor,False,feasible,False,True,True,True,minimax_ratio,0.2575561281957702,0.03299938840095592,1/3/4,0.0,0.0,feasible,False,0.5243212591033002,0.061583739758719606,feasible,False,0.47699474574299394,0.05050836241895269,feasible,False,0.4634604495904543,0.056343320038827714,feasible,False,0.44781656497886113,0.05767278917793721,feasible,True,0.2575561281957702,0.03299938840095592,1,0.24723,,13.06146360414332,3.441650029968084,3,1.45354,,-11.333095619669885,0.0,4,1.9932800000000002,,0.03994378918492097,0.5407367630377742,1,1.40271,,13.018471259306793,2.2584557852576443,4,0,0,True,True,0.0,0
2169,LCU,1,1,analyzed,saved,0.6040399999999999,0.60404,-1.1102230246251565e-16,1.8379958688582817e-14,missing_class,False,gate_rejected,False,False,False,True,raw_fallback,,,,-1.1102230246251565e-16,1.8379958688582817e-14,feasible,False,4.811623821940386e-05,3.4553436898923824e-06,feasible,False,4.81162382194233e-05,3.4553436898893466e-06,feasible,False,4.81162382194233e-05,3.4553436898893466e-06,feasible,False,4.811623821940386e-05,3.4553436898923824e-06,feasible,False,4.81162382194233e-05,3.4553436898893466e-06,1,0.60405,,,1.0,0,0.0,,,1.0,0,0.0,,,1.0,0,0.0,,,1.0,0,0,4,False,False,0.0,0
1954,LCZ,4,4,analyzed,saved,2.88904,2.88908,-3.999999999981796e-05,0.0013845237930350826,missing_class,False,gate_rejected,False,False,False,True,raw_fallback,,,,-3.999999999981796e-05,0.0013845237930350826,feasible,False,0.20351816837981077,0.002374513038785546,feasible,False,0.22310610902299075,0.001509589885982177,feasible,False,0.20677182252765447,0.0023895318339432385,feasible,False,0.06136907016852838,0.00171835596403753,feasible,False,2.1199473335404575e-05,6.630790908731393e-06,0,0.0,,,1.0,1,0.42574,,,1.0,1,0.45688,,,1.0,2,2.00646,,,1.0,0,0,4,False,False,0.0,0
2219,LDA,1,1,analyzed,saved,0.72001,0.72005,-3.999999999992898e-05,0.005555169779866535,missing_class,False,gate_rejected,False,False,False,True,raw_fallback,,,,-3.999999999992898e-05,0.005555169779866535,feasible,False,-5.88841788095271e-05,-3.2778093698865307e-06,feasible,False,-5.88841788095271e-05,-3.2778093698865307e-06,feasible,False,-5.8884178809976815e-05,-3.2778093699177557e-06,feasible,False,-5.88841788095271e-05,-3.2778093698865307e-06,feasible,False,-5.88841788095271e-05,-3.2778093698865307e-06,1,0.72003,,,1.0,0,0.0,,,1.0,0,0.0,,,1.0,0,0.0,,,1.0,0,0,4,False,False,0.0,0
317,LEI,1,1,analyzed,saved,0.10137,0.10136999999999999,1.3877787807814457e-17,1.3690231634422864e-14,missing_class,False,gate_rejected,False,False,False,True,raw_fallback,,,,1.3877787807814457e-17,1.3690231634422864e-14,feasible,False,0.0003326531378107149,3.887918122817951e-06,feasible,False,0.0003326531378107149,3.887918122817951e-06,feasible,False,0.0003326531378107149,3.887918122817951e-06,feasible,False,0.0003326531378107149,3.887918122817951e-06,feasible,False,0.0003326531378107149,3.887918122817951e-06,1,0.10137,,,1.0,0,0.0,,,1.0,0,0.0,,,1.0,0,0.0,,,1.0,0,0,4,False,False,0.0,0
415,LEK,2,2,analyzed,saved,0.37231000000000003,0.37229999999999996,1.0000000000065512e-05,0.002686005909230597,missing_class,False,gate_rejected,False,False,False,True,raw_fallback,,,,1.0000000000065512e-05,0.002686005909230597,feasible,False,0.09189188008383087,0.003736547619047616,feasible,False,0.09189188008383134,0.003736547619047643,feasible,False,0.09189188008383087,0.003736547619047616,feasible,False,0.09189188008383087,0.003736547619047616,feasible,False,0.09189188008383087,0.003736547619047616,0,0.0,,,1.0,1,0.22295,,,1.0,0,0.0,,,1.0,1,0.14936,,,1.0,0,0,4,False,False,0.0,0
2246,LEU,1,1,analyzed,saved,0.9716400000000001,0.97166,-1.999999999990898e-05,0.002058333161796202,missing_class,False,gate_rejected,False,False,False,True,raw_fallback,,,,-1.999999999990898e-05,0.002058333161796202,feasible,False,3.428647031930483e-05,9.165941689754167e-07,feasible,False,3.4286470319183396e-05,9.165941689502632e-07,feasible,False,3.4286470319349455e-05,9.165941689563348e-07,feasible,False,3.4286470319183396e-05,9.165941689502632e-07,feasible,False,3.428647031930483e-05,9.165941689754167e-07,1,0.97166,,,1.0,0,0.0,,,1.0,0,0.0,,,1.0,0,0.0,,,1.0,0,0,4,False,False,0.0,0
1974,LGC,3,3,analyzed,saved,5.148110000000001,5.14813,-1.9999999999242846e-05,0.00038849057811754647,missing_class,False,feasible,False,True,True,True,minimax_ratio,0.21470882184048512,0.018455115396885824,1/3,0.0,0.0,feasible,False,0.2838727012649773,0.05082144650315884,feasible,False,0.5189796115252363,0.056676087534430576,feasible,False,0.2688649275107788,0.05046287628430571,feasible,False,0.08998061643393337,0.05270003875641572,feasible,True,0.21470882184048512,0.018455115396885824,1,1.01696,,,1.8691976643696377,0,0.0,,,0.0,1,3.40003,,,0.9550520456136558,1,0.73115,,,0.0,4,0,0,True,True,0.0,0
1377,LGE,2,2,analyzed,saved,2.0711600000000003,2.07117,-9.999999999621423e-06,0.0004828188897879664,missing_class,False,gate_rejected,False,False,False,True,raw_fallback,,,,-9.999999999621423e-06,0.0004828188897879664,feasible,False,0.0448605842321549,0.0005573908548899033,feasible,False,0.0448605842321549,0.0005573908548899033,feasible,False,0.044860584232155006,0.0005573908548899484,feasible,False,0.0448605842321549,0.0005573908548899033,feasible,False,0.044860584232155006,0.0005573908548899484,1,0.16711,,,1.0,0,0.0,,,1.0,0,0.0,,,1.0,1,1.90405,,,1.0,0,0,4,False,False,0.0,0
2099,LGK,9,9,analyzed,saved,2.98386,2.9838599999999995,4.440892098500626e-16,1.4883044440760045e-14,negative_factor,False,feasible,False,True,True,True,minimax_ratio,0.06636062022582428,0.007399727059101434,1/3/4,-1.3322676295501878e-15,4.464913332228013e-14,feasible,False,-1.7652803407875757,0.029767561447736686,feasible,False,0.46382040237667754,0.003626883607916593,feasible,False,-1.7298977697469178,0.02980214714008253,feasible,False,-4.824869939797265,0.02677687927107078,feasible,True,0.06636062022582428,0.007399727059101434,4,1.41343,,0.2715427633069047,0.7744971832905705,1,0.19532,,-148.08869903311,0.0,3,0.93913,,0.8044710488804565,0.9880668816283292,1,0.43602,,70.57005722558831,2.204394100661135,4,0,0,True,True,0.0,0
847,LGQ,1,1,analyzed,saved,1.04522,1.04521,1.0000000000065512e-05,0.0009567455343964862,missing_class,False,gate_rejected,False,False,False,True,raw_fallback,,,,1.0000000000065512e-05,0.0009567455343964862,feasible,False,8.817689862825795e-06,4.525316455714079e-06,feasible,False,8.817689862825795e-06,4.525316455714079e-06,feasible,False,8.817689862825795e-06,4.525316455714079e-06,feasible,False,8.817689862825795e-06,4.525316455714079e-06,feasible,False,8.817689862825795e-06,4.525316455714079e-06,1,1.04522,,,1.0,0,0.0,,,1.0,0,0.0,,,1.0,0,0.0,,,1.0,0,0,4,False,False,0.0,0
904,LGT,8,8,analyzed,saved,2.3348299999999997,2.33484,-1.0000000000065512e-05,0.0004282948724565928,singular,False,gate_rejected,False,False,False,True,raw_fallback,,,,-1.0000000000065512e-05,0.0004282948724565928,feasible,False,-0.13160119909914503,0.021717412362392663,feasible,False,0.40890726275920364,0.01335593963353033,feasible,False,-0.13151060274143644,0.02171818753924306,feasible,False,-0.07862235194061629,0.022170719503218292,feasible,False,0.3713493709898985,0.014847908606090705,5,1.69152,,,1.0,1,0.29612,,,1.0,1,0.04437,,,1.0,1,0.30284,,,1.0,0,0,4,False,False,0.0,0
919,LGZ,2,2,analyzed,saved,0.9799599999999999,0.97997,-1.0000000000065512e-05,0.0010204394012128446,missing_class,False,gate_rejected,False,False,False,True,raw_fallback,,,,-1.0000000000065512e-05,0.0010204394012128446,feasible,False,-0.002401001490593955,-0.0003664150983712835,feasible,False,0.23791913818085905,0.03526140104092376,feasible,False,0.2624700993052817,0.03913716820476601,feasible,False,0.11301564676256715,0.033860080792115166,feasible,False,0.00015109529008545424,1.193702391043272e-05,0,0.0,,,1.0,0,0.0,,,1.0,1,0.57917,,,1.0,1,0.40082,,,1.0,0,0,4,False,False,0.0,0
1946,LHJ,1,1,analyzed,saved,0.48162999999999995,0.48164,-1.0000000000065512e-05,0.0020762395150040512,missing_class,False,gate_rejected,False,False,False,True,raw_fallback,,,,-1.0000000000065512e-05,0.0020762395150040512,feasible,False,-0.0001565114610407548,-6.798713783773974e-07,feasible,False,-0.0001565114610407548,-6.798713783773974e-07,feasible,False,-0.0001565114610407548,-6.798713783773974e-07,feasible,False,-0.0001565114610407548,-6.798713783773974e-07,feasible,False,-0.00015651146104022132,-6.798713783635196e-07,1,0.48164,,,1.0,0,0.0,,,1.0,0,0.0,,,1.0,0,0.0,,,1.0,0,0,4,False,False,0.0,0
1357,LHL,2,2,analyzed,saved,0.50557,0.50559,-2.0000000000020002e-05,0.003955774441745288,missing_class,False,feasible,False,True,True,True,improvement_l2,0.26540106796374957,0.004319193071590857,1/3,0.0,0.0,feasible,True,0.12440166605210147,0.005624967152064572,feasible,True,0.26540106796374957,0.004319193071590857,feasible,True,0.11858128912980935,0.0056788687801613905,feasible,False,0.10513012072869726,0.00580343801103844,feasible,True,0.11664018309277203,0.005696845068828185,1,0.41775,,,0.40651376245927756,0,0.0,,,0.0,1,0.08785,,,3.8216613357351523,0,0.0,,,0.0,4,0,0,True,True,0.0,0
2010,LHN,1,1,analyzed,saved,0.43362999999999996,0.43362999999999996,0.0,0.0,missing_class,False,gate_rejected,False,False,False,True,raw_fallback,,,,0.0,0.0,feasible,False,-5.23393581501589e-05,-1.5625000000032974e-06,feasible,False,-5.23393581501589e-05,-1.5625000000032974e-06,feasible,False,-5.23393581501589e-05,-1.5625000000032974e-06,feasible,False,-5.23393581501589e-05,-1.5625000000032974e-06,feasible,False,-5.233935815002827e-05,-1.5625000000032974e-06,1,0.43363,,,1.0,0,0.0,,,1.0,0,0.0,,,1.0,0,0.0,,,1.0,0,0,4,False,False,0.0,0
2230,LIC,1,1,analyzed,saved,0.66828,0.6683,-2.0000000000020002e-05,0.002992667963492444,missing_class,False,gate_rejected,False,False,False,True,raw_fallback,,,,-2.0000000000020002e-05,0.002992667963492444,feasible,False,4.6155380222058856e-05,-1.9052756901703077e-06,feasible,False,4.61553802221165e-05,-1.905275690149491e-06,feasible,False,4.61553802221165e-05,-1.905275690149491e-06,feasible,False,4.61553802221165e-05,-1.905275690149491e-06,feasible,False,4.6155380222058856e-05,-1.9052756901703077e-06,1,0.66829,,,1.0,0,0.0,,,1.0,0,0.0,,,1.0,0,0.0,,,1.0,0,0,4,False,False,0.0,0
1549,LIE,3,2,analyzed,saved,4.2296499999999995,4.22971,-6.000000000039307e-05,0.0014185369682648001,missing_class,False,gate_rejected,False,False,False,True,raw_fallback,,,,-6.000000000039307e-05,0.0014185369682648001,feasible,False,0.07835415011818293,0.06191302908912273,feasible,False,0.012394953242097889,0.009780947632065343,feasible,False,0.07216867891662351,0.056842798248239776,feasible,False,0.03888808259783714,0.030639873222279207,feasible,False,-3.677284843262776e-05,-6.96552829972108e-06,0,0.0,,,1.0,0,0.0,,,1.0,1,3.47877,,,1.0,1,0.75092,,,1.0,0,0,4,False,False,0.0,0
2098,LIG,15,14,analyzed,saved,3.67367,3.67372,-4.999999999988347e-05,0.0013610182594177964,negative_factor,False,feasible,False,True,True,True,target_l2,0.3916115334161929,0.05999308689276987,3/4,-4.440892098500626e-16,1.208827046835531e-14,feasible,True,0.37930657999250955,0.05994643840779715,feasible,True,0.38314877007035075,0.05996100427732434,feasible,True,0.3916115334161929,0.05999308689276987,feasible,False,0.05913053747362837,0.05873264045230776,feasible,True,0.20199873987329622,0.05697748386017429,6,1.85503,,-5.118010912821996,0.0,1,0.27046,,365.89977507759295,0.0,4,0.9636100000000001,,0.5973994636967895,0.5853259411057544,3,0.58468,,-147.71862060993038,5.318321125505481,4,0,0,True,True,0.0,0
1551,LIM,1,1,analyzed,saved,1.48222,1.4822400000000002,-2.0000000000131024e-05,0.0013493091537221382,missing_class,False,gate_rejected,False,False,False,True,raw_fallback,,,,-2.0000000000131024e-05,0.0013493091537221382,feasible,False,5.971220516153677e-05,3.6738917328967696e-06,feasible,False,5.971220516104881e-05,3.673891732842993e-06,feasible,False,5.971220516104881e-05,3.673891732842993e-06,feasible,False,5.971220516153677e-05,3.6738917328967696e-06,feasible,False,5.971220516104881e-05,3.673891732842993e-06,1,1.48224,,,1.0,0,0.0,,,1.0,0,0.0,,,1.0,0,0.0,,,1.0,0,0,4,False,False,0.0,0
862,LIN,4,4,analyzed,saved,0.60496,0.60495,1.0000000000065512e-05,0.0016530291759757852,singular,False,gate_rejected,False,False,False,True,raw_fallback,,,,1.0000000000065512e-05,0.0016530291759757852,feasible,False,0.02299240155096941,0.006555437062937063,feasible,False,0.02299240155096941,0.006555437062937063,feasible,False,0.02299240155096932,0.006555437062937035,feasible,False,0.02299240155096941,0.006555437062937063,feasible,False,0.02299240155096941,0.006555437062937063,1,0.06643,,,1.0,1,0.19037,,,1.0,1,0.13377,,,1.0,1,0.21439,,,1.0,0,0,4,False,False,0.0,0
245,LIT,103,74,analyzed,saved,27.21318,27.21382,-0.0006399999999970873,0.0023517462818416794,negative_factor,False,feasible,False,True,True,True,improvement_l2,0.4277783515107893,0.40147186194292606,3/4,0.0,0.0,feasible,False,0.14151901231339842,0.49972715700110704,feasible,True,0.4277783515107893,0.40147186194292606,feasible,False,0.14179812385726395,0.5021880379910307,feasible,False,0.07514901478646115,0.4240385587710491,feasible,True,0.2110154032588885,0.41160684239788015,49,14.918779999999998,,-9.974018606370631,0.0,6,3.6763100000000004,,-38.639804738968756,0.0,5,3.8898400000000004,,8.236489891992262,1.0042587632812907,14,4.72879,,60.48603004424094,4.928687845214162,4,0,0,True,True,0.0,0
233,LIV,30,24,analyzed,saved,13.365410000000002,13.36556,-0.00014999999999787406,0.0011222874312626935,negative_factor,False,feasible,False,True,True,True,balanced_l2,0.8218040259184658,0.47404854620032716,1/2/3,3.552713678800501e-15,2.658110605766239e-14,feasible,True,0.8218040259184658,0.47404854620032716,feasible,True,0.8212146745512872,0.4753058604833519,feasible,True,0.8095809404392172,0.4741810404634521,feasible,True,0.6928842281437928,0.4838650851209321,feasible,True,0.7068302746220979,0.4832236031305349,2,0.14053,,52.293958124770896,47.96536757635698,4,2.74254,,3.2114728820561096,1.7866129299020161,6,4.35308,,0.40444021971375194,0.3960872604695218,12,6.129440000000001,,-0.7427165170591361,0.0,4,0,0,True,True,0.0,0
934,LJG,8,6,analyzed,saved,4.21819,4.21819,0.0,0.0,singular,False,gate_rejected,False,False,False,True,raw_fallback,,,,0.0,0.0,feasible,False,0.1263412218129326,0.08635678435505792,feasible,False,0.4187355966383315,0.08580218465548392,feasible,False,0.08198115470790181,0.08644092441385422,feasible,False,-0.05398111677267013,0.08669881116342507,feasible,False,0.29044203267643487,0.08604552576651946,1,2.44562,,,1.0,3,0.84926,,,1.0,1,0.41447,,,1.0,1,0.50885,,,1.0,0,0,4,False,False,0.0,0
817,LLN,1,1,analyzed,saved,0.59816,0.59815,1.0000000000065512e-05,0.0016718214494801493,missing_class,False,gate_rejected,False,False,False,True,raw_fallback,,,,1.0000000000065512e-05,0.0016718214494801493,feasible,False,1.560661842259349e-05,4.685792349745643e-06,feasible,False,1.560661842259349e-05,4.685792349745643e-06,feasible,False,1.560661842259349e-05,4.685792349745643e-06,feasible,False,1.560661842259349e-05,4.685792349745643e-06,feasible,False,1.5606618422504455e-05,4.685792349717888e-06,1,0.59816,,,1.0,0,0.0,,,1.0,0,0.0,,,1.0,0,0.0,,,1.0,0,0,4,False,False,0.0,0
801,LLS,7,7,analyzed,saved,1.3133400000000002,1.3133,4.000000000026205e-05,0.003045762582826624,missing_class,False,gate_rejected,False,False,False,True,raw_fallback,,,,4.000000000026205e-05,0.003045762582826624,feasible,False,0.14958281302614418,0.025167278305791407,feasible,False,0.2686436750845078,0.025977166543584562,feasible,False,-0.3188166141001092,0.021981082774696736,feasible,False,-0.9197739811258517,0.01789318777246894,feasible,False,0.02445514664345727,0.008253250220977407,1,0.26098,,,1.0,4,0.65733,,,1.0,0,0.0,,,1.0,2,0.39503,,,1.0,0,0,4,False,False,0.0,0
985,LLU,1,0,no_valid_locations,saved,,,,,,,,,,,,,,,,,,,,,,,,,,,,,,,,,,,,,,,,,,,,,,,,,,,,,,,,,,,,,,,,
933,LMN,9,9,analyzed,saved,2.63698,2.63701,-3.0000000000196536e-05,0.0011376521135754714,negative_factor,False,feasible,False,True,True,True,target_l2,0.3642039088816692,0.01978179841661612,3/4,0.0,0.0,feasible,True,0.3586731013596335,0.01969343702199055,feasible,False,0.40347201963759205,0.01279827827374875,feasible,True,0.3642039088816692,0.01978179841661612,feasible,False,-1.9229638623904757,0.011788750694369618,feasible,True,0.2840008412868489,0.018500456609350725,3,1.22326,,-7.458179745405103,0.0,1,0.25833,,-55.85106092840802,0.0,3,0.82036,,3.923962791773711,1.1417100372742197,2,0.33511,,68.53975286122339,5.073758818007862,4,0,0,True,True,0.0,0
2093,LNA,21,19,analyzed,saved,7.86228,7.862480000000001,-0.00020000000000042206,0.0025437266613132503,negative_factor,False,feasible,False,True,True,True,improvement_l2,0.5577629592490367,0.26450489906438773,3/4,0.0,0.0,feasible,True,0.5348382851673403,0.2596203429037509,feasible,True,0.5577629592490367,0.26450489906438773,feasible,True,0.548310843113267,0.26220920995627184,feasible,False,0.11463944961116736,0.23112414115408947,feasible,True,0.4575916529196974,0.2569589348954576,9,4.97866,,-1.4478573882211727,0.0,2,0.5832,,0.22825730443920866,0.0,1,0.32512,,3.3372211360176265,1.6099194676293416,7,1.97545,,7.012266711005817,3.715005424536217,4,0,0,True,True,0.0,0
889,LNG,17,2,analyzed,saved,1.1777600000000001,1.17781,-4.999999999988347e-05,0.004245166877500061,missing_class,False,gate_rejected,False,False,False,True,raw_fallback,,,,-4.999999999988347e-05,0.004245166877500061,feasible,False,-0.9114454857945515,-0.013756624558447204,feasible,False,0.015816076784361165,-0.0002974368555307841,feasible,False,-0.7295823796021155,-0.010062028391320957,feasible,False,-0.05005329991320391,0.0009395804121390934,feasible,False,1.5175703229567273e-06,-4.4174476529577206e-07,1,0.02973,,,1.0,0,0.0,,,1.0,1,1.14806,,,1.0,0,0.0,,,1.0,0,0,4,False,False,0.0,0
1389,LNK,1,1,analyzed,saved,1.14716,1.14716,0.0,0.0,missing_class,False,gate_rejected,False,False,False,True,raw_fallback,,,,0.0,0.0,feasible,False,0.0004829179582355366,2.84830448740378e-06,feasible,False,0.0004829179582338774,2.8483044874558217e-06,feasible,False,0.0004829179582355366,2.84830448740378e-06,feasible,False,0.0004829179582338774,2.8483044874558217e-06,feasible,False,0.0004829179582338774,2.8483044874558217e-06,1,1.14716,,,1.0,0,0.0,,,1.0,0,0.0,,,1.0,0,0.0,,,1.0,0,0,4,False,False,0.0,0
1845,LNN,1,1,analyzed,saved,2.38513,2.3851400000000003,-1.0000000000065512e-05,0.00041926260094021783,missing_class,False,gate_rejected,False,False,False,True,raw_fallback,,,,-1.0000000000065512e-05,0.00041926260094021783,feasible,False,1.4634090412605768e-05,5.677012019020267e-07,feasible,False,1.4634090412605768e-05,5.677012019020267e-07,feasible,False,1.4634090412605768e-05,5.677012019020267e-07,feasible,False,1.4634090412605768e-05,5.677012019020267e-07,feasible,False,1.4634090412605768e-05,5.677012019020267e-07,1,2.38513,,,1.0,0,0.0,,,1.0,0,0.0,,,1.0,0,0.0,,,1.0,0,0,4,False,False,0.0,0
1436,LNO,3,3,analyzed,saved,0.21627000000000002,0.21629,-1.9999999999992246e-05,0.009246844514305906,missing_class,False,gate_rejected,False,False,False,True,raw_fallback,,,,-1.9999999999992246e-05,0.009246844514305906,feasible,False,0.6464406474018104,0.001423974935368813,feasible,False,0.6624243525396132,0.0013123202572144664,feasible,False,0.6464401203212036,0.0014239786173070794,feasible,False,0.6374093026567527,0.0014283910414824514,feasible,False,0.6601925390505342,0.001327910660983532,1,0.12227,,,1.0,1,0.04616,,,1.0,0,0.0,,,1.0,1,0.04787,,,1.0,0,0,4,False,False,0.0,0
328,LOI,7,5,analyzed,saved,0.40776,0.4078,-3.999999999998449e-05,0.009808729769491048,missing_class,False,gate_rejected,False,False,False,True,raw_fallback,,,,-3.999999999998449e-05,0.009808729769491048,feasible,False,0.5691539485810672,0.01563865286441362,feasible,False,0.5666270175256507,0.015539021427149885,feasible,False,0.5698689228345772,0.01566684275599419,feasible,False,0.5968865328242692,0.016771223035751626,feasible,False,0.4117889773424209,0.009434091712709165,3,0.13344,,,1.0,1,0.03801,,,1.0,0,0.0,,,1.0,1,0.23635,,,1.0,0,0,4,False,False,0.0,0
1423,LOL,1,1,analyzed,saved,0.6500400000000001,0.65004,1.1102230246251565e-16,1.7079303190959888e-14,missing_class,False,gate_rejected,False,False,False,True,raw_fallback,,,,1.1102230246251565e-16,1.7079303190959888e-14,feasible,False,0.0006264724610618147,4.884511548871977e-06,feasible,False,0.0006264724610618147,4.884511548871977e-06,feasible,False,0.0006264724610618147,4.884511548871977e-06,feasible,False,0.0006264724610618147,4.884511548871977e-06,feasible,False,0.0006264724610618147,4.884511548871977e-06,1,0.65005,,,1.0,0,0.0,,,1.0,0,0.0,,,1.0,0,0.0,,,1.0,0,0,4,False,False,0.0,0
1553,LOO,3,3,analyzed,saved,2.1187,2.11874,-3.999999999981796e-05,0.0018879145152221584,missing_class,False,feasible,False,True,True,True,improvement_l2,0.6402314872115649,0.05418869668353513,2/4,4.440892098500626e-16,2.09600616333322e-14,feasible,False,0.19309874692258325,0.011509297357113157,feasible,True,0.6402314872115649,0.05418869668353513,feasible,False,-0.2241928835113108,-0.027796816616431366,feasible,True,0.5896264489812957,0.05324788633028813,feasible,True,0.4994318441825956,0.040363850759612796,0,0.0,,,0.0,1,0.83761,,,1.469396259703993,1,1.20689,,,0.0,1,0.07424,,,11.959019781588228,4,0,0,True,True,0.0,0
1166,LOR,11,10,analyzed,saved,10.46392,10.46402,-9.999999999976694e-05,0.0009556556657935185,negative_factor,False,feasible,False,True,True,True,target_l2,0.4278215153154269,0.11914576456023812,3/4,1.7763568394002505e-15,1.697585478047873e-14,feasible,True,0.42679215133550175,0.1192293693325174,feasible,True,0.40929738315783937,0.10896611713938358,feasible,True,0.4278215153154269,0.11914576456023812,feasible,False,0.1193881585497421,0.14419667080780812,feasible,True,0.34044684440740375,0.1214501823607677,3,4.76034,,-1.9374972592498285,0.0,1,0.29159,,25.61059452246213,0.0,5,5.122249999999999,,1.0522990248556512,0.5569337719818978,1,0.28986,,23.55892863396387,26.2575245311284,4,0,0,True,True,0.0,0
885,LPG,1,1,analyzed,saved,0.14877,0.14875,2.0000000000020002e-05,0.01344537815127395,missing_class,False,gate_rejected,False,False,False,True,raw_fallback,,,,2.0000000000020002e-05,0.01344537815127395,feasible,False,5.6870808935100934e-05,4.679487179488212e-06,feasible,False,5.6870808935100934e-05,4.679487179488212e-06,feasible,False,5.6870808935100934e-05,4.679487179488212e-06,feasible,False,5.6870808935100934e-05,4.679487179488212e-06,feasible,False,5.6870808935100934e-05,4.679487179488212e-06,1,0.14877,,,1.0,0,0.0,,,1.0,0,0.0,,,1.0,0,0.0,,,1.0,0,0,4,False,False,0.0,0
1862,LPP,2,2,analyzed,saved,4.665419999999999,4.66543,-1.0000000000509601e-05,0.00021434251506312606,missing_class,False,feasible,False,True,True,True,absolute_l2,0.06728125109257443,0.004094653407183433,4,8.881784197001252e-16,1.903743962936161e-14,feasible,True,0.06728125109257443,0.004094653407183433,feasible,True,0.06728125109257443,0.004094653407183433,feasible,True,0.06728125109257443,0.004094653407183433,feasible,True,0.06728125109257443,0.004094653407183433,feasible,True,0.06728125109257659,0.004094653407183579,0,0.0,,,0.0,0,0.0,,,0.0,1,0.07824,,,0.0,1,4.58721,,,1.0170509286321385,4,0,0,True,True,0.0,0
1418,LRT,2,2,analyzed,saved,0.6027699999999999,0.6027699999999999,0.0,0.0,missing_class,False,gate_rejected,False,False,False,True,raw_fallback,,,,0.0,0.0,feasible,False,-0.1046600284877863,0.0024196073878749837,feasible,False,0.012371080563853096,-0.0002825623670791458,feasible,False,-0.0826502304149618,0.0019114159236822865,feasible,False,-0.08838333817332561,0.0020437895336744612,feasible,False,8.46822798508803e-05,1.1223224822901057e-06,1,0.43123,,,1.0,0,0.0,,,1.0,0,0.0,,,1.0,1,0.17155,,,1.0,0,0,4,False,False,0.0,0
2176,LSA,1,1,analyzed,saved,0.18837,0.18837,0.0,0.0,missing_class,False,gate_rejected,False,False,False,True,raw_fallback,,,,0.0,0.0,feasible,False,-0.00028970894146256173,2.964946768561818e-06,feasible,False,-0.00028970894146256173,2.964946768561818e-06,feasible,False,-0.00028970894146252465,2.9649467685626853e-06,feasible,False,-0.00028970894146256173,2.964946768561818e-06,feasible,False,-0.00028970894146252465,2.9649467685626853e-06,1,0.18838,,,1.0,0,0.0,,,1.0,0,0.0,,,1.0,0,0.0,,,1.0,0,0,4,False,False,0.0,0
1923,LST,7,7,analyzed,saved,5.42107,5.421099999999999,-2.999999999886427e-05,0.0005533932227567149,missing_class,False,gate_rejected,False,False,False,True,raw_fallback,,,,-2.999999999886427e-05,0.0005533932227567149,feasible,False,0.03673357687885179,0.05841358374209536,feasible,False,0.07746827074403463,0.01129698913724958,feasible,False,0.045484372779594856,0.048291801452785346,feasible,False,0.02018384518055133,0.077556160382748,feasible,False,0.07425812555927183,0.01501006747272797,3,1.73383,,,1.0,3,2.5536499999999998,,,1.0,0,0.0,,,1.0,1,1.13362,,,1.0,0,0,4,False,False,0.0,0
910,LTN,3,3,analyzed,saved,0.89628,0.89629,-1.0000000000065512e-05,0.0011157103169806104,missing_class,False,feasible,False,True,True,True,minimax_ratio,0.015328595876965313,0.00261852117395865,1/4,0.0,0.0,feasible,False,0.09653294465328344,-0.0007642395979999255,feasible,False,0.16163800664016004,-0.00347634619159854,feasible,False,0.14352641499765445,-0.002721864656443745,feasible,False,-0.3348837934780134,0.003649941540036207,feasible,True,0.015328595876965313,0.00261852117395865,1,0.18975,,,0.19296295245940254,0,0.0,,,0.0,1,0.2153,,,0.0,1,0.49127,,,1.7498691842296283,4,0,0,True,True,0.0,0
883,LTU,1,1,analyzed,saved,0.11007,0.11008,-9.999999999996123e-06,0.009084302325577874,missing_class,False,gate_rejected,False,False,False,True,raw_fallback,,,,-9.999999999996123e-06,0.009084302325577874,feasible,False,1.8917530226471e-05,9.153005464529462e-07,feasible,False,1.8917530226471e-05,9.153005464529462e-07,feasible,False,1.8917530226471e-05,9.153005464529462e-07,feasible,False,1.8917530226356516e-05,9.153005464460073e-07,feasible,False,1.8917530226356516e-05,9.153005464460073e-07,1,0.11007,,,1.0,0,0.0,,,1.0,0,0.0,,,1.0,0,0.0,,,1.0,0,0,4,False,False,0.0,0
1773,LUB,1,1,analyzed,saved,1.85269,1.85271,-2.0000000000131024e-05,0.0010794997598183754,missing_class,False,gate_rejected,False,False,False,True,raw_fallback,,,,-2.0000000000131024e-05,0.0010794997598183754,feasible,False,1.8835791620286302e-05,2.604298873519484e-06,feasible,False,1.8835791620286302e-05,2.604298873519484e-06,feasible,False,1.8835791620286302e-05,2.604298873519484e-06,feasible,False,1.8835791620286302e-05,2.604298873519484e-06,feasible,False,1.8835791620286302e-05,2.604298873519484e-06,1,1.8527,,,1.0,0,0.0,,,1.0,0,0.0,,,1.0,0,0.0,,,1.0,0,0,4,False,False,0.0,0
1485,LUC,3,2,analyzed,saved,6.747450000000001,6.74752,-6.999999999912632e-05,0.0010374181921524697,missing_class,False,gate_rejected,False,False,False,True,raw_fallback,,,,-6.999999999912632e-05,0.0010374181921524697,feasible,False,0.0028791659623988927,0.06619881247794382,feasible,False,9.520702682400779e-05,0.002152504408089312,feasible,False,0.0011715072464758489,0.026913306215406163,feasible,False,0.0038911834818201527,0.08948075999257524,feasible,False,1.6510253596033392e-06,2.038065919918175e-07,0,0.0,,,1.0,0,0.0,,,1.0,1,6.26168,,,1.0,1,0.4858,,,1.0,0,0,4,False,False,0.0,0
1868,LUN,11,11,analyzed,saved,9.642249999999999,9.642409999999998,-0.00015999999999927184,0.0016593362032860236,negative_factor,False,feasible,False,True,True,True,improvement_l2,0.4509722391225497,0.19287058784867347,3/4,0.0,0.0,feasible,False,-0.48962759870740347,0.23040207063851298,feasible,True,0.4509722391225497,0.19287058784867347,feasible,False,-0.3167342875982406,0.2668729507722081,feasible,False,-0.0396844649188319,0.27595723901033226,feasible,True,0.36104410692668765,0.2080988060465177,4,1.65545,,-19.876930438913476,0.0,4,1.8220399999999999,,14.476776727147096,0.0,1,4.335,,0.5609377939707982,0.8093600078211216,2,1.82989,,7.5080105970379325,3.3519911528983917,4,0,0,True,True,0.0,0
74,LUP,3,3,analyzed,saved,1.04609,1.04615,-5.999999999994898e-05,0.005735315203359842,missing_class,False,gate_rejected,False,False,False,True,raw_fallback,,,,-5.999999999994898e-05,0.005735315203359842,feasible,False,0.03644463858947242,0.0009121983054277832,feasible,False,0.13895681681362812,0.0034640527882836072,feasible,False,0.04657981085918849,0.0011644950104538025,feasible,False,0.06243881889578755,0.0015592762106283915,feasible,False,0.00022509150462823424,1.0578466725677874e-05,0,0.0,,,1.0,0,0.0,,,1.0,1,0.63886,,,1.0,2,0.40728,,,1.0,0,0,4,False,False,0.0,0
257,LUR,6,5,analyzed,saved,2.45537,2.4553599999999998,1.0000000000065512e-05,0.0004072722533585915,missing_class,False,gate_rejected,False,False,False,True,raw_fallback,,,,1.0000000000065512e-05,0.0004072722533585915,feasible,False,0.27128614748068086,0.020584084177985303,feasible,False,0.27128614748068086,0.020584084177985303,feasible,False,0.27128614748068086,0.020584084177985303,feasible,False,0.27128614748068086,0.020584084177985303,feasible,False,0.16765273745177797,0.014117566456716784,2,0.6479,,,1.0,1,1.35009,,,1.0,0,0.0,,,1.0,2,0.45740000000000003,,,1.0,0,0,4,False,False,0.0,0
1396,LUW,17,6,analyzed,saved,2.8017999999999996,2.8018,-4.440892098500626e-16,1.5850139547792942e-14,missing_class,False,gate_rejected,False,False,False,True,raw_fallback,,,,-4.440892098500626e-16,1.5850139547792942e-14,feasible,False,0.44022237180386353,0.010207256762139807,feasible,False,0.4241495748559936,0.010523885052837176,feasible,False,0.44050456307723357,0.010201697696046542,feasible,False,0.41044535457169024,0.010793853239334586,feasible,False,0.39397684068361744,0.011118277010730239,1,0.16184,,,1.0,1,0.05841,,,1.0,0,0.0,,,1.0,4,2.58158,,,1.0,0,0,4,False,False,0.0,0
1548,LUX,10,8,analyzed,saved,3.2687699999999995,3.26887,-0.00010000000000065512,0.0030591611168585818,missing_class,False,feasible,False,True,True,True,improvement_l2,0.34909272094942434,0.07239807107159615,3/4,4.440892098500626e-16,1.3585404431808624e-14,feasible,False,0.3503341931394247,0.06932780062252059,feasible,True,0.34909272094942434,0.07239807107159615,feasible,False,0.3737907786607659,0.07394775126124135,feasible,True,0.18723207905980982,0.0556376736897185,feasible,True,0.23342476334062134,0.06042084849764996,6,1.83496,,,0.0,0,0.0,,,0.0,1,0.43882,,,1.0942443438712512,1,0.99508,,,2.8024523228286107,4,0,0,True,True,0.0,0
271,LWA,13,6,analyzed,saved,5.76046,5.760469999999999,-9.999999998733244e-06,0.00017359694606053404,negative_factor,False,feasible,False,True,True,True,improvement_l2,0.5305925426366113,0.0298146440626566,1/2/3,8.881784197001252e-16,1.541850612363445e-14,feasible,False,0.29326319144028623,0.03625095679643932,feasible,True,0.5305925426366113,0.0298146440626566,feasible,False,0.2932643570667289,0.03625097325496304,feasible,False,-0.22654023724608024,0.02891138661925665,feasible,True,0.13917844840343113,0.027088753968351354,2,1.02884,,6.625019735801159,0.5125147335055039,1,0.12477,,796.5250869257995,35.84941731668101,2,0.21415,,3.4527844421595137,3.5481721115659015,1,4.39274,,-23.034549691140796,0.0,4,0,0,True,True,0.0,0
818,LXG,1,1,analyzed,saved,0.61019,0.6102000000000001,-1.0000000000065512e-05,0.0016388069485521978,missing_class,False,gate_rejected,False,False,False,True,raw_fallback,,,,-1.0000000000065512e-05,0.0016388069485521978,feasible,False,5.088596602638856e-06,1.2362637362428597e-06,feasible,False,5.088596602638856e-06,1.2362637362428597e-06,feasible,False,5.088596602638856e-06,1.2362637362428597e-06,feasible,False,5.088596602638856e-06,1.2362637362428597e-06,feasible,False,5.088596602638856e-06,1.2362637362428597e-06,1,0.61019,,,1.0,0,0.0,,,1.0,0,0.0,,,1.0,0,0.0,,,1.0,0,0,4,False,False,0.0,0
880,LZI,3,3,analyzed,saved,0.46131,0.46131,0.0,0.0,missing_class,False,gate_rejected,False,False,False,True,raw_fallback,,,,0.0,0.0,feasible,False,0.005768046509281775,0.0010339051094890583,feasible,False,0.005768046509281799,0.0010339051094890653,feasible,False,0.005768046509281775,0.0010339051094890583,feasible,False,0.005768046509281775,0.0010339051094890583,feasible,False,0.005768046509281775,0.0010339051094890583,1,0.21224,,,1.0,1,0.06763,,,1.0,0,0.0,,,1.0,1,0.18144,,,1.0,0,0,4,False,False,0.0,0
878,LZO,1,1,analyzed,saved,0.06486,0.06485,9.999999999996123e-06,0.015420200462600033,missing_class,False,gate_rejected,False,False,False,True,raw_fallback,,,,9.999999999996123e-06,0.015420200462600033,feasible,False,6.36378504999686e-05,2.1739130434761736e-06,feasible,False,6.363785050001997e-05,2.1739130434779083e-06,feasible,False,6.363785050001997e-05,2.1739130434779083e-06,feasible,False,6.36378504999686e-05,2.1739130434761736e-06,feasible,False,6.363785050001997e-05,2.1739130434779083e-06,1,0.06486,,,1.0,0,0.0,,,1.0,0,0.0,,,1.0,0,0.0,,,1.0,0,0,4,False,False,0.0,0
1265,MAB,26,22,analyzed,saved,111.12781,111.12817000000001,-0.00036000000001479293,0.0003239502639292926,negative_factor,False,feasible,False,True,True,True,improvement_l2,0.24086571214377325,0.4103556251340068,2/3/4,0.0,0.0,feasible,False,0.1520075032813303,0.6597474165724888,feasible,True,0.24086571214377325,0.4103556251340068,feasible,False,0.17295025298542382,0.7198584112250233,feasible,False,0.1562710626164153,0.6251502280207775,feasible,True,0.1568355916764586,0.39419863434657776,13,54.953869999999995,,-5.375748871178847,0.0,2,14.26027,,21.61420680275968,2.1887365910158594,2,28.73186,,0.7908674719315552,0.9421176006725014,5,13.18204,,5.734991507745483,4.009037363532211,4,0,0,True,True,0.0,0
339,MAC,5,4,analyzed,saved,2.38518,2.38519,-1.0000000000065512e-05,0.0004192538120680328,missing_class,False,feasible,False,True,True,True,target_l2,0.4407977178219217,0.0459177278050892,3/4,0.0,0.0,feasible,True,0.42591827181968533,0.04594045337086093,feasible,True,0.40876049058037095,0.04596665866681028,feasible,True,0.4407977178219217,0.0459177278050892,feasible,True,0.331866593719225,0.04608409968647567,feasible,True,0.331866593719225,0.04608409968647567,2,0.6769799999999999,,,0.0,0,0.0,,,0.0,1,1.27282,,,0.4753559313750015,1,0.4354,,,4.088431829149798,4,0,0,True,True,0.0,0
1777,MAG,8,8,analyzed,saved,3.54576,3.54591,-0.0001500000000000945,0.004230225809456373,negative_factor,False,feasible,False,True,True,True,minimax_ratio,0.006623454375491509,0.00391697099266633,2/3/4,-1.3322676295501878e-15,3.757195274415278e-14,feasible,False,0.20112665939725996,0.03394422323017607,feasible,False,0.2465495891544949,0.03749834972880495,feasible,False,-0.5723223626354651,-0.026574454874405046,feasible,False,-0.43350535450555056,-0.015712689468875995,feasible,True,0.006623454375491509,0.00391697099266633,1,0.23848,,-150.85514224272768,0.0,1,2.13919,,8.04399154148252,1.0446554878174226,1,0.20655,,-50.50715108989697,0.6741200271849834,5,0.9616199999999999,,34.053559701147584,1.2186701915586227,4,0,0,True,True,0.0,0
986,MAH,1,1,analyzed,saved,0.39382,0.39383,-1.0000000000010001e-05,0.0025391666455094842,missing_class,False,gate_rejected,False,False,False,True,raw_fallback,,,,-1.0000000000010001e-05,0.0025391666455094842,feasible,False,-0.0008515472986727485,4.472215709262891e-06,feasible,False,-0.0008515472986727485,4.472215709262891e-06,feasible,False,-0.0008515472986722022,4.472215709276986e-06,feasible,False,-0.0008515472986727485,4.472215709262891e-06,feasible,False,-0.0008515472986727485,4.472215709262891e-06,1,0.39384,,,1.0,0,0.0,,,1.0,0,0.0,,,1.0,0,0.0,,,1.0,0,0,4,False,False,0.0,0
1788,MAI,7,6,analyzed,saved,4.31539,4.315529999999999,-0.0001399999999991408,0.0032440974804749554,negative_factor,False,feasible,False,True,True,True,minimax_ratio,0.10850388730303095,0.023460398393995177,1/2/3,-1.7763568394002505e-15,4.1161962479701235e-14,feasible,False,-7.970676375429767,0.025067101518185822,feasible,False,0.38974161978451516,0.02494825231771737,feasible,False,-123.85650711489296,-0.9567584557009122,feasible,False,-4.156939231247593,0.02378126950262889,feasible,True,0.10850388730303095,0.023460398393995177,1,0.63983,,37.28007230459251,4.929940569137937,3,1.3110400000000002,,-3.17003541907695,0.5485571152684443,1,0.57914,,-1.1895334473984431,0.7631309474168333,1,1.78545,,-8.229090298947769,0.0,4,0,0,True,True,0.0,0
1365,MAJ,32,32,analyzed,saved,66.33485,66.33534999999999,-0.0004999999999881766,0.0007537459288119783,missing_class,False,gate_rejected,False,False,False,True,raw_fallback,,,,-0.0004999999999881766,0.0007537459288119783,feasible,False,0.2223905776312012,0.16995602186895675,feasible,False,0.21736560329743781,0.17768031296188114,feasible,False,0.2279955556376809,0.08386531805678654,feasible,False,-0.2555231718683687,-0.04282951428404147,feasible,False,-3.0362292407523327e-05,-0.00010381422472705015,26,46.91642999999999,,,1.0,0,0.0,,,1.0,4,8.58624,,,1.0,2,10.83258,,,1.0,0,0,4,False,False,0.0,0
1237,MAK,16,16,analyzed,saved,15.81029,15.81047,-0.00018000000000029104,0.0011384860791633078,negative_factor,False,feasible,False,True,True,True,minimax_ratio,0.07751100640913686,0.05257232925256822,1/2/3,1.7763568394002505e-15,1.1235319629335817e-14,feasible,False,-0.5369378057650203,0.07681942126654251,feasible,False,0.39099661885392545,0.033252933855123123,feasible,False,-0.5290115993480904,0.0778055130954281,feasible,False,-2.583896352501491,0.04641424250829734,feasible,True,0.07751100640913686,0.05257232925256822,6,9.012229999999999,,-9.035071458988975,0.29751506174184883,3,1.74364,,80.7005007228987,5.426914368629231,1,3.72779,,0.853029972484006,0.9835454019359982,6,1.32683,,-35.16333874414114,0.0,4,0,0,True,True,0.0,0
2289,MAL,21,21,analyzed,saved,36.813970000000005,36.81418,-0.0002099999999956026,0.0005704323714275385,negative_factor,False,feasible,False,True,True,True,minimax_ratio,0.023981148464051166,0.07231717524862324,2/3/4,7.105427357601002e-15,1.9300789417558675e-14,feasible,False,-0.018084752630621564,-0.20404906809766632,feasible,False,0.1398915262364655,0.3056786107663919,feasible,False,0.09436549465516245,0.10633621011684136,feasible,False,0.06392128127994426,0.1726997250801523,feasible,True,0.023981148464051166,0.07231717524862324,6,4.70993,,-40.743231744515434,0.0,3,3.5237000000000003,,57.31277694588207,2.3470941567018,3,21.91537,,-1.8985847783789844,0.9306025731372127,9,6.665209999999999,,10.257270780155611,1.222625165215753,4,0,0,True,True,0.0,0
1137,MAM,143,53,analyzed,saved,164.32333,164.3245,-0.0011700000000018917,0.0007120058177580895,negative_factor,False,feasible,False,True,True,True,improvement_l2,0.32656825630967024,0.4367343716837686,1/3/4,0.0,0.0,feasible,False,-0.9023684099653991,1.0557137279545468,feasible,True,0.32656825630967024,0.4367343716837686,feasible,False,-0.7856179772903198,1.1658200920002404,feasible,False,-0.4563558380312727,1.3419831925011372,feasible,True,0.14675445796491698,0.45322075547815643,5,15.73893,,4.389319937853663,1.3551760764086231,23,58.807900000000004,,-5.808569230875781,0.0,10,58.152420000000006,,0.8109276218846468,0.990483738071813,15,31.62474,,12.321780906584507,2.7002937220116943,4,0,0,True,True,0.0,0
1486,MAN,8,8,analyzed,saved,6.96889,6.96903,-0.000140000000000029,0.0020088878940114907,negative_factor,False,feasible,False,True,True,True,absolute_l2,0.21036142962858212,0.08199818486865668,3/4,-8.881784197001252e-16,1.274464910755335e-14,feasible,False,0.4361549438712172,0.11806850855101024,feasible,False,0.46301097696784715,0.11423132756323509,feasible,False,0.44501202654531924,0.12349104390675006,feasible,True,0.21036142962858212,0.08199818486865668,feasible,True,0.19596516888315355,0.07942119176023762,5,3.0860200000000004,,-6.748862655165548,0.0,1,1.362,,-10.01226246175017,0.0,1,0.16928,,65.54922539381,6.369028789786697,1,2.35168,,12.900030656053595,2.504953854244114,4,0,0,True,True,0.0,0
895,MAR,16,12,analyzed,saved,4.9607,4.9607399999999995,-3.999999999937387e-05,0.0008063313134607714,missing_class,False,gate_rejected,False,False,False,True,raw_fallback,,,,-3.999999999937387e-05,0.0008063313134607714,feasible,False,0.1865201516697622,0.01336390903572672,feasible,False,0.5138814266019928,0.023668150039457173,feasible,False,-0.19548984365761132,0.001039010282446906,feasible,False,-1.339174711535465,0.013272120742800916,feasible,False,0.0017169780684786543,2.566969159560617e-05,2,0.18495,,,1.0,0,0.0,,,1.0,1,0.25494,,,1.0,9,4.520860000000001,,,1.0,0,0,4,False,False,0.0,0
1607,MAT,4,4,analyzed,saved,8.88535,8.88537,-1.9999999999242846e-05,0.00022508910714177176,negative_factor,False,feasible,False,True,True,True,improvement_l2,0.28797343573276146,0.036152445068376685,3/4,0.0,0.0,feasible,True,0.28312053701579476,0.03619178076873841,feasible,True,0.28797343573276146,0.036152445068376685,feasible,True,0.2863755135041121,0.036165397201452634,feasible,False,-0.5769872514337195,0.043163478349549894,feasible,True,0.03608494325137672,0.023871353358359187,1,0.98085,,-38.47787464719773,0.0,1,5.53032,,39.54915839821059,0.0,1,0.55125,,-296.90302711670176,8.176005243132654,1,1.82299,,-4.620061432622823,2.4016852708178527,4,0,0,True,True,0.0,0
1330,MAU,1,1,analyzed,saved,3.80292,3.80291,1.0000000000065512e-05,0.00026295652539937874,missing_class,False,gate_rejected,False,False,False,True,raw_fallback,,,,1.0000000000065512e-05,0.00026295652539937874,feasible,False,5.621566772051238e-05,4.849533793004068e-06,feasible,False,5.621566772051238e-05,4.849533793004068e-06,feasible,False,5.621566772051238e-05,4.849533793004068e-06,feasible,False,5.621566772121034e-05,4.849533793109886e-06,feasible,False,5.621566772121034e-05,4.849533793109886e-06,1,3.80292,,,1.0,0,0.0,,,1.0,0,0.0,,,1.0,0,0.0,,,1.0,0,0,4,False,False,0.0,0
539,MBA,1,1,analyzed,saved,0.51884,0.51885,-1.0000000000065512e-05,0.0019273393080978148,missing_class,False,gate_rejected,False,False,False,True,raw_fallback,,,,-1.0000000000065512e-05,0.0019273393080978148,feasible,False,2.402981914312779e-05,9.425147803939632e-07,feasible,False,2.402981914312779e-05,9.425147803939632e-07,feasible,False,2.402981914312779e-05,9.425147803939632e-07,feasible,False,2.402981914312779e-05,9.425147803939632e-07,feasible,False,2.402981914312779e-05,9.425147803939632e-07,1,0.51885,,,1.0,0,0.0,,,1.0,0,0.0,,,1.0,0,0.0,,,1.0,0,0,4,False,False,0.0,0
578,MBD,1,0,no_valid_locations,saved,,,,,,,,,,,,,,,,,,,,,,,,,,,,,,,,,,,,,,,,,,,,,,,,,,,,,,,,,,,,,,,,
1534,MBT,1,1,analyzed,saved,0.31705,0.31705,0.0,0.0,missing_class,False,gate_rejected,False,False,False,True,raw_fallback,,,,0.0,0.0,feasible,False,-0.00023140805984876847,-2.1372712778119918e-06,feasible,False,-0.00023140805984867496,-2.137271277807655e-06,feasible,False,-0.00023140805984867496,-2.137271277807655e-06,feasible,False,-0.00023140805984867496,-2.137271277807655e-06,feasible,False,-0.00023140805984867496,-2.137271277807655e-06,1,0.31705,,,1.0,0,0.0,,,1.0,0,0.0,,,1.0,0,0.0,,,1.0,0,0,4,False,False,0.0,0
2160,MBZ,2,2,analyzed,saved,2.03316,2.0332,-3.999999999981796e-05,0.001967342120785853,missing_class,False,gate_rejected,False,False,False,True,raw_fallback,,,,-3.999999999981796e-05,0.001967342120785853,feasible,False,0.09419626667100801,0.020096529478984375,feasible,False,0.09419626667100801,0.020096529478984375,feasible,False,0.09419626667100801,0.020096529478984375,feasible,False,0.09419626667100801,0.020096529478984375,feasible,False,0.09419626667100801,0.020096529478984375,1,1.82177,,,1.0,0,0.0,,,1.0,0,0.0,,,1.0,1,0.21141,,,1.0,0,0,4,False,False,0.0,0
1637,MCC,1,1,analyzed,saved,0.30258999999999997,0.30258999999999997,0.0,0.0,missing_class,False,gate_rejected,False,False,False,True,raw_fallback,,,,0.0,0.0,feasible,False,0.0002736733237900032,7.658634538144048e-06,feasible,False,0.0002736733237900032,7.658634538144048e-06,feasible,False,0.0002736733237900032,7.658634538144048e-06,feasible,False,0.0002736733237900032,7.658634538144048e-06,feasible,False,0.0002736733237900032,7.658634538144048e-06,1,0.3026,,,1.0,0,0.0,,,1.0,0,0.0,,,1.0,0,0.0,,,1.0,0,0,4,False,False,0.0,0
915,MCI,2,1,analyzed,saved,2.5675299999999996,2.56751,1.9999999999686935e-05,0.0007789648336203923,missing_class,False,gate_rejected,False,False,False,True,raw_fallback,,,,1.9999999999686935e-05,0.0007789648336203923,feasible,False,2.3844405991610438e-05,7.083011135174122e-06,feasible,False,2.3844405991632363e-05,7.083011135170653e-06,feasible,False,2.3844405991632363e-05,7.083011135170653e-06,feasible,False,2.3844405991610438e-05,7.083011135174122e-06,feasible,False,2.3844405991632363e-05,7.083011135170653e-06,0,0.0,,,1.0,0,0.0,,,1.0,1,2.56753,,,1.0,0,0.0,,,1.0,0,0,4,False,False,0.0,0
303,MCM,4,4,analyzed,saved,1.87685,1.87682,2.999999999997449e-05,0.0015984484393801479,missing_class,False,gate_rejected,False,False,False,True,raw_fallback,,,,2.999999999997449e-05,0.0015984484393801479,feasible,False,0.3845421130759023,0.09741339041095891,feasible,False,0.3845421130759023,0.09741339041095891,feasible,False,0.3845421130759023,0.09741339041095891,feasible,False,0.3845421130759023,0.09741339041095891,feasible,False,0.3845421130759023,0.09741339041095891,2,0.69133,,,1.0,1,0.47732,,,1.0,0,0.0,,,1.0,1,0.7082,,,1.0,0,0,4,False,False,0.0,0
150,MDA,12,12,analyzed,saved,6.99635,6.9964200000000005,-7.000000000090267e-05,0.0010005116902773515,negative_factor,False,feasible,False,True,True,True,improvement_l2,0.5190321713706075,0.06922525755565276,2/3/4,0.0,0.0,feasible,False,0.570704828206787,0.09172967779703649,feasible,True,0.5190321713706075,0.06922525755565276,feasible,False,0.4919549346927756,0.08740635974012054,feasible,False,0.5789336363830707,0.09158446221754857,feasible,True,0.4060578037968555,0.06304056490618117,3,2.7704,,-2.4633452940690415,0.0,1,0.35718,,12.994658223772667,4.312878048218138,1,1.30161,,0.6248131276696299,0.7640875967708589,7,2.56722,,3.258739172741893,1.7377711341189452,4,0,0,True,True,0.0,0
1232,MDI,1,1,analyzed,saved,2.2298,2.22983,-3.0000000000196536e-05,0.0013453940435009186,missing_class,False,gate_rejected,False,False,False,True,raw_fallback,,,,-3.0000000000196536e-05,0.0013453940435009186,feasible,False,-5.8031498665294615e-06,-1.7485425788110742e-06,feasible,False,-5.8031498665294615e-06,-1.7485425788110742e-06,feasible,False,-5.8031498665294615e-06,-1.7485425788110742e-06,feasible,False,-5.8031498665294615e-06,-1.7485425788110742e-06,feasible,False,-5.8031498665294615e-06,-1.7485425788110742e-06,1,2.22981,,,1.0,0,0.0,,,1.0,0,0.0,,,1.0,0,0.0,,,1.0,0,0,4,False,False,0.0,0
1199,MDM,2,2,analyzed,saved,1.09781,1.09785,-4.0000000000040004e-05,0.0036434849933998275,missing_class,False,gate_rejected,False,False,False,True,raw_fallback,,,,-4.0000000000040004e-05,0.0036434849933998275,feasible,False,0.303129409655986,0.06585720591896747,feasible,False,0.4874660162946356,0.062489390572875864,feasible,False,-0.012617054387457752,0.060395823632130426,feasible,False,0.05164512351953579,0.061507349365912,feasible,False,0.00017311774066853681,1.9159046063288096e-05,1,0.1925,,,1.0,0,0.0,,,1.0,1,0.90533,,,1.0,0,0.0,,,1.0,0,0,4,False,False,0.0,0
1781,MDN,1,1,analyzed,saved,3.4361699999999997,3.4361699999999997,0.0,0.0,missing_class,False,gate_rejected,False,False,False,True,raw_fallback,,,,0.0,0.0,feasible,False,-4.0616724599101205e-05,8.31175629323333e-07,feasible,False,-4.0616724599101205e-05,8.31175629323333e-07,feasible,False,-4.0616724599101205e-05,8.31175629323333e-07,feasible,False,-4.0616724599101205e-05,8.31175629323333e-07,feasible,False,-4.0616724598882515e-05,8.311756294083344e-07,1,3.43617,,,1.0,0,0.0,,,1.0,0,0.0,,,1.0,0,0.0,,,1.0,0,0,4,False,False,0.0,0
2218,MDS,1,1,analyzed,saved,0.11296,0.11298,-1.9999999999992246e-05,0.0177022481855127,missing_class,False,gate_rejected,False,False,False,True,raw_fallback,,,,-1.9999999999992246e-05,0.0177022481855127,feasible,False,0.0003111358146936719,3.6823289070542307e-06,feasible,False,0.00031113581469357924,3.6823289070503275e-06,feasible,False,0.0003111358146936719,3.6823289070542307e-06,feasible,False,0.0003111358146936719,3.6823289070542307e-06,feasible,False,0.00031113581469357924,3.6823289070503275e-06,1,0.11298,,,1.0,0,0.0,,,1.0,0,0.0,,,1.0,0,0.0,,,1.0,0,0,4,False,False,0.0,0
1431,MDY,8,8,analyzed,saved,3.4547,3.45472,-2.0000000000131024e-05,0.0005789181178252079,singular,False,gate_rejected,False,False,False,True,raw_fallback,,,,-2.0000000000131024e-05,0.0005789181178252079,feasible,False,0.2149931487875258,0.03413990799239306,feasible,False,0.21216941890422564,0.035274703887574074,feasible,False,0.21499045156396113,0.03414099194813685,feasible,False,0.21008385085327314,0.03611284852645744,feasible,False,0.2119435160530136,0.03536548935178614,4,2.11231,,,1.0,1,1.10643,,,1.0,1,0.03659,,,1.0,2,0.1994,,,1.0,0,0,4,False,False,0.0,0
137,MEC,22,19,analyzed,saved,13.19869,13.19889,-0.00020000000000131024,0.0015152789363447247,negative_factor,False,feasible,False,True,True,True,minimax_ratio,0.07619802200336362,0.04165246347750923,3/4,0.0,0.0,feasible,False,0.19236454688236299,0.04774583630840218,feasible,False,0.36036096295142606,0.12240895576781957,feasible,False,0.23584130097001696,0.08511234121271971,feasible,False,0.31184166624218423,0.10422981540157977,feasible,True,0.07619802200336362,0.04165246347750923,12,4.48661,,-23.317095932429996,0.0,1,0.09059,,-388.3214414533839,0.0,2,5.45012,,0.7839289187212103,0.9836019603456431,4,3.17149,,46.89394362585648,2.4714066855408983,4,0,0,True,True,0.0,0
1215,MED,6,6,analyzed,saved,3.13403,3.1340700000000004,-4.000000000026205e-05,0.0012762956794284124,singular,False,gate_rejected,False,False,False,True,raw_fallback,,,,-4.000000000026205e-05,0.0012762956794284124,feasible,False,-7.3313996274666815,0.0341066569254597,feasible,False,0.5282712925899107,0.031242843197749892,feasible,False,-16.737660634506163,0.029014091785756202,feasible,False,-8.445920426062628,0.034512752803429914,feasible,False,0.4207395168716296,0.031282024351591706,1,0.49754,,,1.0,1,0.74249,,,1.0,1,0.26674,,,1.0,3,1.6273,,,1.0,0,0,4,False,False,0.0,0
1797,MEI,14,14,analyzed,saved,4.94161,4.94168,-7.00000000000145e-05,0.001416522316297585,negative_factor,False,feasible,False,True,True,True,minimax_ratio,0.025967719669664935,0.013718771295564217,2/3/4,0.0,0.0,feasible,False,-1.37434166085427,0.14069677301753294,feasible,False,0.1637918766455896,-0.00230875609517385,feasible,False,-1.1979974226505956,0.17254989264272233,feasible,False,-0.8926595557741503,0.13581159528432668,feasible,True,0.025967719669664935,0.013718771295564217,4,5.44184,,-3.4050049951103936,0.0,4,1.1889699999999999,,10.397358859358576,0.3830795142889585,2,2.74007,,0.07844572124976022,0.8161082528899857,4,2.94768,,3.695686054704669,0.7633014906553939,4,0,0,True,True,0.0,0
2194,MEM,1,1,analyzed,saved,0.66505,0.6650699999999999,-1.999999999990898e-05,0.003007202249373597,missing_class,False,gate_rejected,False,False,False,True,raw_fallback,,,,-1.999999999990898e-05,0.003007202249373597,feasible,False,2.1910665892581417e-05,2.1845205939573925e-06,feasible,False,2.1910665892581417e-05,2.1845205939573925e-06,feasible,False,2.1910665892242183e-05,2.1845205939435147e-06,feasible,False,2.1910665892242183e-05,2.1845205939435147e-06,feasible,False,2.1910665892242183e-05,2.1845205939435147e-06,1,0.66507,,,1.0,0,0.0,,,1.0,0,0.0,,,1.0,0,0.0,,,1.0,0,0,4,False,False,0.0,0
34,MEN,8,7,analyzed,saved,6.50704,6.507109999999999,-6.999999999912632e-05,0.0010757463758738722,negative_factor,False,feasible,False,True,True,True,minimax_ratio,0.21188926272301473,0.04080503182436748,3/4,-8.881784197001252e-16,1.3649353087624543e-14,feasible,False,0.5020236653329896,0.1002477487922971,feasible,False,0.43342767198810483,0.08356739623533646,feasible,False,0.5020236653329896,0.1002477487922971,feasible,False,0.5018079820085235,0.09784686374623597,feasible,True,0.21188926272301473,0.04080503182436748,1,0.62735,,4.099724492341758,0.0,1,1.52078,,-18.870939934201324,0.0,1,1.28097,,-1.7618764763990213,0.6504077188617758,4,3.07802,,11.33530931303258,1.8433567214636715,4,0,0,True,True,0.0,0
1602,MET,4,4,analyzed,saved,6.59221,6.5922,9.999999999621423e-06,0.00015169442674101851,negative_factor,False,feasible,False,True,True,True,improvement_l2,0.2928854275174692,0.03610132483046395,3/4,0.0,0.0,feasible,True,0.09545258361110766,0.044629758632495596,feasible,True,0.2928854275174692,0.03610132483046395,feasible,True,0.14327703086996996,0.042563903608093694,feasible,False,-1.2389778292581468,0.10227265742481235,feasible,True,0.07642863118166812,0.03558552848195337,1,1.36549,,-30.422341224238625,0.0,1,0.36898,,213.10201211598323,0.0,1,3.69841,,7.446995069953363,1.0422385110664745,1,1.15936,,-50.06230638544405,2.3612596445582907,4,0,0,True,True,0.0,0
1298,MEW,6,6,analyzed,saved,24.697509999999998,24.697640000000003,-0.00013000000000573664,0.0005263660819646598,missing_class,False,gate_rejected,False,False,False,True,raw_fallback,,,,-0.00013000000000573664,0.0005263660819646598,feasible,False,0.20369762587706683,0.013278285641302484,feasible,False,0.24711807144127435,0.01610920414180292,feasible,False,0.1277024511200163,0.008323565730601126,feasible,False,-0.6305005328048654,-0.022632312531269835,feasible,False,-2.676912606750301e-05,-4.101292401692547e-06,0,0.0,,,1.0,0,0.0,,,1.0,1,0.55294,,,1.0,5,24.14464,,,1.0,0,0,4,False,False,0.0,0
1487,MFA,3,3,analyzed,saved,8.92211,8.92215,-4.000000000026205e-05,0.00044832243349710607,missing_class,False,feasible,False,True,True,True,target_l2,0.456993001828274,0.12874563583229218,2/4,0.0,0.0,feasible,True,0.45006525612446624,0.1343444943403489,feasible,True,0.4184785242118847,0.15987222735359802,feasible,True,0.456993001828274,0.12874563583229218,feasible,False,0.31110471080013147,0.24664948715292156,feasible,True,0.3934685239193885,0.18008478406554523,0,0.0,,,0.0,1,1.69083,,,3.7619195907484007,1,5.0105,,,0.0,1,2.22082,,,1.153339055267941,4,0,0,True,True,0.0,0
1820,MFE,1,1,analyzed,saved,4.846710000000001,4.8467199999999995,-9.999999998733244e-06,0.00020632510231111443,missing_class,False,gate_rejected,False,False,False,True,raw_fallback,,,,-9.999999998733244e-06,0.00020632510231111443,feasible,False,1.5798971867397034e-06,1.3606969317611628e-06,feasible,False,1.5798971867397034e-06,1.3606969317611628e-06,feasible,False,1.579897186561818e-06,1.3606969316605488e-06,feasible,False,1.5798971867397034e-06,1.3606969317611628e-06,feasible,False,1.5798971867397034e-06,1.3606969317611628e-06,1,4.84672,,,1.0,0,0.0,,,1.0,0,0.0,,,1.0,0,0.0,,,1.0,0,0,4,False,False,0.0,0
2161,MFK,1,1,analyzed,saved,0.85556,0.85557,-1.0000000000065512e-05,0.0011688114356587435,missing_class,False,gate_rejected,False,False,False,True,raw_fallback,,,,-1.0000000000065512e-05,0.0011688114356587435,feasible,False,0.0001269392377695149,3.97159679947634e-06,feasible,False,0.00012693923776975507,3.971596799483279e-06,feasible,False,0.0001269392377695149,3.97159679947634e-06,feasible,False,0.0001269392377695149,3.97159679947634e-06,feasible,False,0.0001269392377695149,3.97159679947634e-06,1,0.85557,,,1.0,0,0.0,,,1.0,0,0.0,,,1.0,0,0.0,,,1.0,0,0,4,False,False,0.0,0
1434,MGD,5,3,analyzed,saved,0.49075,0.49075,0.0,0.0,missing_class,False,gate_rejected,False,False,False,True,raw_fallback,,,,0.0,0.0,feasible,False,0.3378684729249704,0.004076713458592691,feasible,False,0.3853963893144847,0.003668684914310565,feasible,False,0.3378487262379099,0.004076882984475345,feasible,False,0.3428103774563242,0.004034287064483909,feasible,False,0.35017683714891323,0.003971045793811608,2,0.38373,,,1.0,1,0.10703,,,1.0,0,0.0,,,1.0,0,0.0,,,1.0,0,0,4,False,False,0.0,0
901,MGG,5,5,analyzed,saved,0.6361300000000001,0.63617,-3.999999999992898e-05,0.006287627520934495,singular,False,gate_rejected,False,False,False,True,raw_fallback,,,,-3.999999999992898e-05,0.006287627520934495,feasible,False,0.75,0.010045000000000005,feasible,False,0.7499999999999966,0.010044999999999967,feasible,False,0.7499999999999989,0.010044999999999988,feasible,False,0.749999999999992,0.01004499999999993,feasible,False,0.7499999999999998,0.010045000000000004,1,0.07107,,,1.0,1,0.29374,,,1.0,1,0.03142,,,1.0,2,0.23995,,,1.0,0,0,4,False,False,0.0,0
786,MGK,4,3,analyzed,saved,0.62665,0.62663,2.0000000000020002e-05,0.0031916761087116803,missing_class,False,gate_rejected,False,False,False,True,raw_fallback,,,,2.0000000000020002e-05,0.0031916761087116803,feasible,False,0.03287181146414109,0.008730106382978713,feasible,False,0.03287181146414109,0.008730106382978713,feasible,False,0.03287181146414109,0.008730106382978713,feasible,False,0.03287181146414109,0.008730106382978713,feasible,False,0.032871811464141185,0.00873010638297874,1,0.27319,,,1.0,1,0.26008,,,1.0,0,0.0,,,1.0,1,0.09338,,,1.0,0,0,4,False,False,0.0,0
783,MGN,3,2,analyzed,saved,0.33825,0.33824,1.0000000000010001e-05,0.002956480605490185,missing_class,False,gate_rejected,False,False,False,True,raw_fallback,,,,1.0000000000010001e-05,0.002956480605490185,feasible,False,0.0028395915068275927,0.00056031690140846,feasible,False,0.0028395915068275927,0.00056031690140846,feasible,False,0.0028395915068275927,0.00056031690140846,feasible,False,0.0028395915068275927,0.00056031690140846,feasible,False,0.0028395915068275927,0.00056031690140846,1,0.17095,,,1.0,0,0.0,,,1.0,0,0.0,,,1.0,1,0.1673,,,1.0,0,0,4,False,False,0.0,0
2121,MGT,3,3,analyzed,saved,1.37064,1.37064,0.0,0.0,missing_class,False,gate_rejected,False,False,False,True,raw_fallback,,,,0.0,0.0,feasible,False,-0.18103785315610044,0.006693509498528774,feasible,False,0.18485590394327278,0.004681640845205046,feasible,False,-0.13740142771697786,0.006453574395016655,feasible,False,-0.31735543728964605,0.007443052416640436,feasible,False,0.05918322015354503,0.005372652725538801,1,1.14863,,,1.0,1,0.15026,,,1.0,0,0.0,,,1.0,1,0.07176,,,1.0,0,0,4,False,False,0.0,0
784,MHA,3,3,analyzed,saved,1.3556499999999998,1.35564,9.999999999843467e-06,0.0007376589654955201,missing_class,False,gate_rejected,False,False,False,True,raw_fallback,,,,9.999999999843467e-06,0.0007376589654955201,feasible,False,-0.7590824264559495,-0.010766477596233042,feasible,False,0.18840206657364492,0.004292014544851513,feasible,False,-1.1369288813487162,-0.01677163959455366,feasible,False,-0.2373910546419682,-0.0024751699491673447,feasible,False,0.008838215472195658,0.0014381833101173927,1,1.0729,,,1.0,1,0.09911,,,1.0,0,0.0,,,1.0,1,0.18365,,,1.0,0,0,4,False,False,0.0,0
1709,MHC,1,1,analyzed,saved,0.19343,0.19343,0.0,0.0,missing_class,False,gate_rejected,False,False,False,True,raw_fallback,,,,0.0,0.0,feasible,False,0.00019440470212382928,3.8720130932914584e-06,feasible,False,0.00019440470212382928,3.8720130932914584e-06,feasible,False,0.00019440470212402205,3.872013093297964e-06,feasible,False,0.00019440470212382928,3.8720130932914584e-06,feasible,False,0.00019440470212382928,3.8720130932914584e-06,1,0.19344,,,1.0,0,0.0,,,1.0,0,0.0,,,1.0,0,0.0,,,1.0,0,0,4,False,False,0.0,0
780,MHK,3,3,analyzed,saved,0.37059,0.37058,9.99999999995449e-06,0.002698472664459628,missing_class,False,gate_rejected,False,False,False,True,raw_fallback,,,,9.99999999995449e-06,0.002698472664459628,feasible,False,0.036732878040270714,0.005928541666666655,feasible,False,0.036732878040270714,0.005928541666666655,feasible,False,0.036732878040270714,0.005928541666666655,feasible,False,0.036732878040270714,0.005928541666666655,feasible,False,0.036732878040270714,0.005928541666666655,0,0.0,,,1.0,2,0.22532,,,1.0,0,0.0,,,1.0,1,0.14527,,,1.0,0,0,4,False,False,0.0,0
573,MHL,1,0,no_valid_locations,saved,,,,,,,,,,,,,,,,,,,,,,,,,,,,,,,,,,,,,,,,,,,,,,,,,,,,,,,,,,,,,,,,
781,MHN,3,3,analyzed,saved,0.78918,0.78914,4.0000000000040004e-05,0.005068809083310946,missing_class,False,gate_rejected,False,False,False,True,raw_fallback,,,,4.0000000000040004e-05,0.005068809083310946,feasible,False,0.011069607557062228,0.004426540540540563,feasible,False,0.011069607557062228,0.004426540540540563,feasible,False,0.011069607557062228,0.004426540540540563,feasible,False,0.011069607557062228,0.004426540540540563,feasible,False,0.011069607557062164,0.004426540540540536,1,0.26573,,,1.0,1,0.31067,,,1.0,0,0.0,,,1.0,1,0.21278,,,1.0,0,0,4,False,False,0.0,0
1629,MHT,1,1,analyzed,saved,0.39210999999999996,0.39212,-1.0000000000065512e-05,0.0025502397225506254,missing_class,False,gate_rejected,False,False,False,True,raw_fallback,,,,-1.0000000000065512e-05,0.0025502397225506254,feasible,False,0.0002013210662027505,4.834350152517659e-06,feasible,False,0.0002013210662027505,4.834350152517659e-06,feasible,False,0.0002013210662027505,4.834350152517659e-06,feasible,False,0.0002013210662027505,4.834350152517659e-06,feasible,False,0.00020132106620246508,4.834350152504649e-06,1,0.39212,,,1.0,0,0.0,,,1.0,0,0.0,,,1.0,0,0.0,,,1.0,0,0,4,False,False,0.0,0
808,MHU,3,1,analyzed,saved,0.55512,0.55511,9.99999999995449e-06,0.0018014447586882762,missing_class,False,gate_rejected,False,False,False,True,raw_fallback,,,,9.99999999995449e-06,0.0018014447586882762,feasible,False,1.937802527980166e-05,3.5773480662956714e-06,feasible,False,1.937802527991442e-05,3.577348066316488e-06,feasible,False,1.937802527991442e-05,3.577348066316488e-06,feasible,False,1.937802527991442e-05,3.577348066316488e-06,feasible,False,1.937802527980166e-05,3.5773480662956714e-06,0,0.0,,,1.0,1,0.55512,,,1.0,0,0.0,,,1.0,0,0.0,,,1.0,0,0,4,False,False,0.0,0
987,MIC,1,0,no_valid_locations,saved,,,,,,,,,,,,,,,,,,,,,,,,,,,,,,,,,,,,,,,,,,,,,,,,,,,,,,,,,,,,,,,,
1172,MIE,9,9,analyzed,saved,19.330769999999998,19.330880000000004,-0.00011000000000649379,0.0005690377262002235,negative_factor,False,feasible,False,True,True,True,improvement_l2,0.5170964050285606,0.12125386696798846,2/3/4,-3.552713678800501e-15,1.8378437395506566e-14,feasible,False,0.4606365085888551,0.2013216904926077,feasible,True,0.5170964050285606,0.12125386696798846,feasible,False,0.45596094061604703,0.20094516223352832,feasible,False,0.49236613842738897,0.20415996627628177,feasible,True,0.5147850764074254,0.1234376890964252,1,0.7892,,-16.180076759562702,0.0,1,0.43211,,67.98513355498254,8.751176258761946,4,14.342229999999999,,-0.3806112996133907,0.5387207404015981,3,3.76734,,2.171734314515042,2.076490100456818,4,0,0,True,True,0.0,0
1905,MIH,23,23,analyzed,saved,12.11008,12.110280000000001,-0.00020000000000131024,0.0016514894783713524,negative_factor,False,feasible,False,True,True,True,improvement_l2,0.4502977553538058,0.13371147997398974,2/3,0.0,0.0,feasible,False,0.4869598264571824,0.1368259373020757,feasible,True,0.4502977553538058,0.13371147997398974,feasible,False,0.49595311348431437,0.1400174781120032,feasible,True,0.36681995199631967,0.11769703216003516,feasible,True,0.4368777104255941,0.13113696794181043,18,5.991250000000001,,-0.872850651977908,0.0,2,1.3690799999999999,,58.57897171550009,7.637899607902043,1,1.85764,,0.867995448816551,0.8899631778783863,2,2.89224,,-22.291560281869735,0.0,4,0,0,True,True,0.0,0
1653,MIT,2,2,analyzed,saved,0.55603,0.55601,2.0000000000020002e-05,0.0035970576068811715,missing_class,False,gate_rejected,False,False,False,True,raw_fallback,,,,2.0000000000020002e-05,0.0035970576068811715,feasible,False,0.09649994580494414,0.00017755126508394326,feasible,False,0.11428884840378323,0.00020810423943248097,feasible,False,0.09652650636723488,0.00017759688364719917,feasible,False,0.0038706315161127864,1.845763647677877e-05,feasible,False,0.0007730619582305171,1.3137467752521049e-05,0,0.0,,,1.0,0,0.0,,,1.0,1,0.26814,,,1.0,1,0.2879,,,1.0,0,0,4,False,False,0.0,0
1620,MIX,8,8,analyzed,saved,5.76943,5.76946,-2.9999999999752447e-05,0.000519979339483287,negative_factor,False,feasible,False,True,True,True,improvement_l2,0.517634222351451,0.03309540907321781,2/3/4,1.7763568394002505e-15,3.078896186818611e-14,feasible,True,0.4936141225635414,0.030044940156429778,feasible,True,0.517634222351451,0.03309540907321781,feasible,True,0.4999858016462458,0.030579093948342465,feasible,False,-0.02569006050862413,0.032986105505163996,feasible,True,0.21849920265612502,0.027746321721488856,4,2.86804,,-23.490904089674128,0.0,1,0.40209,,582.0206848563583,4.452426239103415,1,0.14653,,2.780672659586261,2.7629706331185258,2,2.35283,,-68.55288635542064,1.5191251042612826,4,0,0,True,True,0.0,0
1343,MJU,3,3,analyzed,saved,8.33994,8.33996,-1.9999999999242846e-05,0.00023980930363266546,missing_class,False,feasible,False,True,True,True,improvement_l2,0.4373209350735808,0.02516021195343525,1/3/4,0.0,0.0,feasible,False,0.17553598284488722,0.05276677490002798,feasible,True,0.4373209350735808,0.02516021195343525,feasible,False,0.17603661245563298,0.05277265762278589,feasible,False,0.19147133100780747,0.055325585366927624,feasible,True,0.3991301940085783,0.032547083188374085,1,6.47672,,,0.8363476290565048,0,0.0,,,0.0,1,0.57666,,,0.798586983250376,1,1.2866,,,1.9140655669694682,4,0,0,True,True,0.0,0
2114,MKA,5,5,analyzed,saved,1.90042,1.9004,1.999999999990898e-05,0.0010524100189385909,singular,False,gate_rejected,False,False,False,True,raw_fallback,,,,1.999999999990898e-05,0.0010524100189385909,feasible,False,0.42031979307562395,0.0695644585987262,feasible,False,0.42031979307562395,0.0695644585987262,feasible,False,0.42031979307562395,0.0695644585987262,feasible,False,0.42031979307562395,0.0695644585987262,feasible,False,0.42031979307562384,0.06956445859872615,2,0.71893,,,1.0,1,0.47813,,,1.0,1,0.10336,,,1.0,1,0.60002,,,1.0,0,0,4,False,False,0.0,0
1402,MKG,1,1,analyzed,saved,0.34095000000000003,0.34095,5.551115123125783e-17,1.628131726976326e-14,missing_class,False,gate_rejected,False,False,False,True,raw_fallback,,,,5.551115123125783e-17,1.628131726976326e-14,feasible,False,0.0017425303565606932,4.134794091752679e-06,feasible,False,0.0017425303565606932,4.134794091752679e-06,feasible,False,0.0017425303565606932,4.134794091752679e-06,feasible,False,0.0017425303565606932,4.134794091752679e-06,feasible,False,0.0017425303565626645,4.134794091753546e-06,1,0.34095,,,1.0,0,0.0,,,1.0,0,0.0,,,1.0,0,0.0,,,1.0,0,0,4,False,False,0.0,0
1807,MKL,9,9,analyzed,saved,10.57435,10.57453,-0.00017999999999851468,0.0017022033130410024,negative_factor,False,feasible,False,True,True,True,improvement_l2,0.7657645867650731,0.16032136604908961,2/3/4,0.0,0.0,feasible,True,0.7097653636626098,0.1581937251498747,feasible,True,0.7657645867650731,0.16032136604908961,feasible,True,0.715788468007724,0.15948458491171238,feasible,True,0.7470337915520944,0.1633967117323424,feasible,True,0.6235068089386169,0.13989092898226177,1,4.49245,,-16.336586906408595,0.0,1,1.91355,,41.71818511250914,2.3777170374105814,2,2.27934,,-0.4719146183987815,0.6654906460794353,5,1.88915,,2.758565740241307,2.386080021176228,4,0,0,True,True,0.0,0
2116,MKN,3,3,analyzed,saved,1.8533899999999999,1.8534100000000002,-2.000000000035307e-05,0.001079092051966541,missing_class,False,gate_rejected,False,False,False,True,raw_fallback,,,,-2.000000000035307e-05,0.001079092051966541,feasible,False,-2.3098686306693494,0.026839971544501164,feasible,False,0.2740354200644133,0.010091071805168599,feasible,False,-2.3098686306693494,0.026839971544501164,feasible,False,-2.3098686306693494,0.026839971544501164,feasible,False,0.0577950947654436,0.011492744412556849,1,0.42441,,,1.0,1,0.40488,,,1.0,0,0.0,,,1.0,1,1.02412,,,1.0,0,0,4,False,False,0.0,0
1916,MKR,16,16,analyzed,saved,4.082409999999999,4.0825499999999995,-0.000140000000000029,0.003429229280719869,negative_factor,False,feasible,False,True,True,True,minimax_ratio,0.15166074878983316,0.018774528558639883,1/3/4,0.0,0.0,feasible,False,0.24413335947209594,0.053014876552024005,feasible,False,0.33167691724725074,0.013990484429882053,feasible,False,0.2446550827185315,0.053031246982945514,feasible,False,0.0867598556257806,0.051079694090867586,feasible,True,0.15166074878983316,0.018774528558639883,6,1.2566000000000002,,0.16456194405030516,0.8739613553361685,8,2.3209400000000002,,-5.575464657141796,0.0,1,0.24081,,0.3633473566129956,0.903489602807977,1,0.26417,,63.324306316810734,10.472794636037525,4,0,0,True,True,0.0,0
527,MKW,1,1,analyzed,saved,0.30676,0.30676000000000003,-5.551115123125783e-17,1.8095954893486056e-14,missing_class,False,gate_rejected,False,False,False,True,raw_fallback,,,,-5.551115123125783e-17,1.8095954893486056e-14,feasible,False,0.000319889194812135,4.311726939680224e-06,feasible,False,0.000319889194812135,4.311726939680224e-06,feasible,False,0.0003198891948119324,4.311726939667214e-06,feasible,False,0.0003198891948119324,4.311726939667214e-06,feasible,False,0.0003198891948119324,4.311726939667214e-06,1,0.30677,,,1.0,0,0.0,,,1.0,0,0.0,,,1.0,0,0.0,,,1.0,0,0,4,False,False,0.0,0
2134,MLB,2,2,analyzed,saved,0.94333,0.9433499999999999,-1.999999999990898e-05,0.002120103885080721,missing_class,False,gate_rejected,False,False,False,True,raw_fallback,,,,-1.999999999990898e-05,0.002120103885080721,feasible,False,-0.6856126032138627,0.009759999472065711,feasible,False,0.15513678348164855,-0.00228852827225464,feasible,False,-0.6856126032138627,0.009759999472065711,feasible,False,-0.6856126032138627,0.009759999472065711,feasible,False,-0.0012508009860707453,-4.7384620955246565e-05,1,0.54145,,,1.0,0,0.0,,,1.0,0,0.0,,,1.0,1,0.40191,,,1.0,0,0,4,False,False,0.0,0
797,MLE,1,1,analyzed,saved,0.2061,0.2061,0.0,0.0,missing_class,False,gate_rejected,False,False,False,True,raw_fallback,,,,0.0,0.0,feasible,False,5.796490710832079e-06,6.521739130509185e-07,feasible,False,5.796490710832079e-06,6.521739130509185e-07,feasible,False,5.796490710832079e-06,6.521739130509185e-07,feasible,False,5.796490710832079e-06,6.521739130509185e-07,feasible,False,5.796490710774269e-06,6.521739130439796e-07,1,0.2061,,,1.0,0,0.0,,,1.0,0,0.0,,,1.0,0,0.0,,,1.0,0,0,4,False,False,0.0,0
816,MLG,1,1,analyzed,saved,0.49408,0.49407,1.0000000000010001e-05,0.002024004695692918,missing_class,False,gate_rejected,False,False,False,True,raw_fallback,,,,1.0000000000010001e-05,0.002024004695692918,feasible,False,1.8443081774290863e-05,3.086592178770664e-06,feasible,False,1.844308177425829e-05,3.086592178763725e-06,feasible,False,1.844308177425829e-05,3.086592178763725e-06,feasible,False,1.844308177425829e-05,3.086592178763725e-06,feasible,False,1.8443081774290863e-05,3.086592178770664e-06,1,0.49408,,,1.0,0,0.0,,,1.0,0,0.0,,,1.0,0,0.0,,,1.0,0,0,4,False,False,0.0,0
1829,MLH,1,1,analyzed,saved,1.60856,1.6085800000000001,-2.0000000000131024e-05,0.0012433326287863223,missing_class,False,gate_rejected,False,False,False,True,raw_fallback,,,,-2.0000000000131024e-05,0.0012433326287863223,feasible,False,-5.3678270717427774e-05,2.5185448322244397e-06,feasible,False,-5.3678270717195063e-05,2.5185448322738793e-06,feasible,False,-5.3678270717427774e-05,2.5185448322244397e-06,feasible,False,-5.3678270717195063e-05,2.5185448322738793e-06,feasible,False,-5.3678270717195063e-05,2.5185448322738793e-06,1,1.60857,,,1.0,0,0.0,,,1.0,0,0.0,,,1.0,0,0.0,,,1.0,0,0,4,False,False,0.0,0
536,MLI,1,1,analyzed,saved,1.7282700000000002,1.72827,2.220446049250313e-16,1.2847796057620123e-14,missing_class,False,gate_rejected,False,False,False,True,raw_fallback,,,,2.220446049250313e-16,1.2847796057620123e-14,feasible,False,-0.00413408529765077,-3.479126794284082e-06,feasible,False,-0.004134085297617728,-3.479126794277143e-06,feasible,False,-0.00413408529765077,-3.479126794284082e-06,feasible,False,-0.004134085297617728,-3.479126794277143e-06,feasible,False,-0.00413408529765077,-3.479126794284082e-06,1,1.72828,,,1.0,0,0.0,,,1.0,0,0.0,,,1.0,0,0.0,,,1.0,0,0,4,False,False,0.0,0
2011,MLK,1,1,analyzed,saved,0.47323000000000004,0.47323,5.551115123125783e-17,1.1730268839942064e-14,missing_class,False,gate_rejected,False,False,False,True,raw_fallback,,,,5.551115123125783e-17,1.1730268839942064e-14,feasible,False,-7.308218707663004e-05,-3.0718085106407056e-06,feasible,False,-7.308218707668627e-05,-3.0718085106337667e-06,feasible,False,-7.308218707663004e-05,-3.0718085106407056e-06,feasible,False,-7.308218707663004e-05,-3.0718085106407056e-06,feasible,False,-7.308218707668627e-05,-3.0718085106337667e-06,1,0.47324,,,1.0,0,0.0,,,1.0,0,0.0,,,1.0,0,0.0,,,1.0,0,0,4,False,False,0.0,0
1257,MLL,9,9,analyzed,saved,7.17069,7.1708,-0.00011000000000027654,0.0015339989959317867,negative_factor,False,feasible,False,True,True,True,improvement_l2,0.26160769507275544,0.07002249115785847,2/4,-2.6645352591003757e-15,3.7158131018859485e-14,feasible,False,-0.5411656954892692,0.21607572743900422,feasible,True,0.26160769507275544,0.07002249115785847,feasible,False,-0.5411656954892692,0.21607572743900422,feasible,False,-0.5411656954892705,0.21607572743900405,feasible,True,0.10431969357474044,0.0814164687048669,2,2.53612,,-8.592393508052858,0.0,1,0.19923,,31.53986665757659,11.047462358671147,1,1.0266,,0.16351180574707833,0.0,5,3.40883,,6.603516790829959,1.4578849173707942,4,0,0,True,True,0.0,0
2126,MLM,4,3,analyzed,saved,0.29070999999999997,0.2907,9.99999999995449e-06,0.003439972480204503,missing_class,False,gate_rejected,False,False,False,True,raw_fallback,,,,9.99999999995449e-06,0.003439972480204503,feasible,False,-6.03260647939594,-0.0003014454585049918,feasible,False,0.2502091097552069,0.0004373543777140172,feasible,False,-14.354637500418729,-0.0012800377899364473,feasible,False,-9.433328023092704,-0.0007013382269395949,feasible,False,0.0002127049351757012,1.1847810556755989e-05,1,0.14028,,,1.0,2,0.15044000000000002,,,1.0,0,0.0,,,1.0,0,0.0,,,1.0,0,0,4,False,False,0.0,0
1608,MLN,1,1,analyzed,saved,0.53014,0.53014,0.0,0.0,missing_class,False,gate_rejected,False,False,False,True,raw_fallback,,,,0.0,0.0,feasible,False,0.0001348554819618546,4.757721519008801e-06,feasible,False,0.0001348554819618546,4.757721519008801e-06,feasible,False,0.00013485548196164474,4.757721518996658e-06,feasible,False,0.0001348554819618546,4.757721519008801e-06,feasible,False,0.00013485548196164474,4.757721518996658e-06,1,0.53015,,,1.0,0,0.0,,,1.0,0,0.0,,,1.0,0,0.0,,,1.0,0,0,4,False,False,0.0,0
1488,MLO,29,23,analyzed,saved,17.30006,17.30053,-0.00046999999999997044,0.0027166797780181907,negative_factor,False,feasible,False,True,True,True,minimax_ratio,0.04473971520041007,0.020735845783744045,1/2/3,3.552713678800501e-15,2.0535288102737322e-14,feasible,False,-0.6329351113424699,0.24237007593948084,feasible,False,0.40385398741029627,0.08163087043695416,feasible,False,-0.5460642671669698,0.2604977839411869,feasible,False,-0.495506266908553,0.299279029789953,feasible,True,0.04473971520041007,0.020735845783744045,4,1.77168,,-9.693038970851122,0.5276432931955606,6,0.82811,,206.40036973089755,10.171062070017419,6,8.07546,,0.6459035876419508,0.9835224968231951,7,6.62511,,-21.384388621263877,0.0,4,0,0,True,True,0.0,0
77,MLT,1,1,analyzed,saved,0.00544,0.00545,-9.999999999999593e-06,0.1834862385321026,missing_class,False,gate_rejected,False,False,False,True,raw_fallback,,,,-9.999999999999593e-06,0.1834862385321026,feasible,False,-0.21333353689236662,-2.1583345658925754e-06,feasible,False,-0.21333353689236628,-2.158334565892372e-06,feasible,False,-0.21333353689236662,-2.1583345658925754e-06,feasible,False,-0.21333353689236662,-2.1583345658925754e-06,feasible,False,-0.21333353689236662,-2.1583345658925754e-06,1,0.00545,,,1.0,0,0.0,,,1.0,0,0.0,,,1.0,0,0.0,,,1.0,0,0,4,False,False,0.0,0
779,MMA,13,8,analyzed,saved,3.4226300000000003,3.4226,3.0000000000196536e-05,0.000876526617197351,negative_factor,False,feasible,False,True,True,True,minimax_ratio,0.022735762889433807,0.007420738472870392,2/3/4,4.440892098500626e-16,1.2975200428038994e-14,feasible,False,-0.4491383912248698,0.002549344020149929,feasible,False,0.3873086579317587,0.013701266743967676,feasible,False,-0.6797575752710001,-0.00027838185359047724,feasible,False,-0.5664849120931235,-0.002426145066272093,feasible,True,0.022735762889433807,0.007420738472870392,1,0.43135,,-43.366930531467574,0.0,5,1.31411,,-1.3672150720715972,0.9465733622493858,1,1.10265,,0.6282184753285294,0.9913534542726303,1,0.57454,,40.43755337052256,1.8893549037070851,4,0,0,True,True,0.0,0
1765,MMM,3,2,analyzed,saved,3.72045,3.72047,-2.0000000000131024e-05,0.0005375664902587851,missing_class,False,feasible,False,True,True,True,absolute_l2,0.2963048414807348,0.02489308626192213,2,-4.440892098500626e-16,1.1936373894966565e-14,feasible,True,0.2963048414807348,0.02489308626192213,feasible,True,0.2963048414807348,0.02489308626192213,feasible,True,0.29630484148073455,0.02489308626192204,feasible,True,0.2963048414807348,0.02489308626192213,feasible,True,0.29630484148073455,0.02489308626192204,0,0.0,,,0.0,1,2.11488,,,1.7591860388489904,1,1.60561,,,0.0,0,0.0,,,0.0,4,0,0,True,True,0.0,0
1430,MNA,1,1,analyzed,saved,0.51967,0.5197,-3.0000000000085514e-05,0.005772561092954687,missing_class,False,gate_rejected,False,False,False,True,raw_fallback,,,,-3.0000000000085514e-05,0.005772561092954687,feasible,False,-1.9759909533729817e-05,-3.686830015323106e-06,feasible,False,-1.9759909533613062e-05,-3.6868300153022893e-06,feasible,False,-1.9759909533613062e-05,-3.6868300153022893e-06,feasible,False,-1.9759909533729817e-05,-3.686830015323106e-06,feasible,False,-1.9759909533729817e-05,-3.686830015323106e-06,1,0.51968,,,1.0,0,0.0,,,1.0,0,0.0,,,1.0,0,0.0,,,1.0,0,0,4,False,False,0.0,0
1489,MND,1,1,analyzed,saved,0.50704,0.50705,-9.99999999995449e-06,0.0019721920915007373,missing_class,False,gate_rejected,False,False,False,True,raw_fallback,,,,-9.99999999995449e-06,0.0019721920915007373,feasible,False,6.481467897248283e-05,5.724025128293897e-07,feasible,False,6.481467897248283e-05,5.724025128293897e-07,feasible,False,6.481467897248283e-05,5.724025128293897e-07,feasible,False,6.481467897248283e-05,5.724025128293897e-07,feasible,False,6.481467897248283e-05,5.724025128293897e-07,1,0.50705,,,1.0,0,0.0,,,1.0,0,0.0,,,1.0,0,0.0,,,1.0,0,0,4,False,False,0.0,0
2120,MNI,5,5,analyzed,saved,1.876,1.87599,9.999999999843467e-06,0.0005330518819313252,missing_class,False,gate_rejected,False,False,False,True,raw_fallback,,,,9.999999999843467e-06,0.0005330518819313252,feasible,False,-0.7849574502796943,0.02728891257574436,feasible,False,0.18042990260475428,-0.005545610660005869,feasible,False,-0.7849574502796943,0.02728891257574436,feasible,False,-0.7849574502796943,0.02728891257574436,feasible,False,0.002759641265050825,0.00049726767979201,2,0.76234,,,1.0,2,0.7014,,,1.0,0,0.0,,,1.0,1,0.41229,,,1.0,0,0,4,False,False,0.0,0
2136,MNJ,3,2,analyzed,saved,1.25763,1.25766,-2.999999999997449e-05,0.002385382376792972,missing_class,False,gate_rejected,False,False,False,True,raw_fallback,,,,-2.999999999997449e-05,0.002385382376792972,feasible,False,0.195398760496868,0.014195873219278388,feasible,False,0.195398760496868,0.014195873219278388,feasible,False,0.19539876049686822,0.014195873219278433,feasible,False,0.195398760496868,0.014195873219278388,feasible,False,0.19539876049686822,0.014195873219278433,1,0.65369,,,1.0,0,0.0,,,1.0,0,0.0,,,1.0,1,0.60397,,,1.0,0,0,4,False,False,0.0,0
900,MNL,7,7,analyzed,saved,1.8125,1.8125600000000002,-6.000000000017103e-05,0.0033102352473943493,negative_factor,False,feasible,False,True,True,True,minimax_ratio,0.0665737008804016,0.008321358951826757,3/4,4.440892098500626e-16,2.4500662590483217e-14,feasible,False,0.22051301966582573,0.030256203832516558,feasible,False,0.22811644223010347,0.029916827838476226,feasible,False,0.26545104066636105,0.03549922503829158,feasible,False,0.2621365531741404,0.034464727925313944,feasible,True,0.0665737008804016,0.008321358951826757,1,0.03127,,-218.56534282998987,0.0,2,0.15431,,26.40233019801486,0.0,1,0.95118,,-0.20278629157518707,0.9287205099114819,3,0.67579,,7.054502302515496,1.3748890844012929,4,0,0,True,True,0.0,0
353,MNN,1,1,analyzed,saved,1.91443,1.9144400000000001,-1.0000000000065512e-05,0.000522345960179766,missing_class,False,gate_rejected,False,False,False,True,raw_fallback,,,,-1.0000000000065512e-05,0.000522345960179766,feasible,False,6.245940967329245e-05,4.470742685643361e-06,feasible,False,6.245940967294675e-05,4.470742685593054e-06,feasible,False,6.245940967294675e-05,4.470742685593054e-06,feasible,False,6.245940967329245e-05,4.470742685643361e-06,feasible,False,6.245940967324809e-05,4.470742685639892e-06,1,1.91444,,,1.0,0,0.0,,,1.0,0,0.0,,,1.0,0,0.0,,,1.0,0,0,4,False,False,0.0,0
1386,MNU,8,5,analyzed,saved,2.12912,2.12912,0.0,0.0,negative_factor,False,feasible,False,True,True,True,target_l2,0.5621412202599236,0.055073487030672635,2/3/4,0.0,0.0,feasible,True,0.5391331925809881,0.053027220205407205,feasible,True,0.5608351270765187,0.05606983634378382,feasible,True,0.5621412202599236,0.055073487030672635,feasible,False,-0.594400026227025,0.048306295285343984,feasible,True,0.09365670817072719,0.014109126773828006,2,0.62121,,-18.507606576173746,0.0,1,0.02102,,-4.031808874561323,6.003991483361701,1,0.30107,,0.8033606405888326,0.7892494038310218,1,1.18584,,11.358514780900308,1.4885775450114538,4,0,0,True,True,0.0,0
920,MNZ,6,6,analyzed,saved,3.63987,3.63994,-7.00000000000145e-05,0.0019231086226700026,missing_class,False,feasible,False,True,True,True,improvement_l2,0.31359238041073495,0.10304027231035666,3/4,-4.440892098500626e-16,1.2200454124245526e-14,feasible,True,0.19721235829888684,0.06974816615006976,feasible,True,0.31359238041073495,0.10304027231035666,feasible,True,0.307601419742085,0.10254310535792009,feasible,False,-0.05648727061461507,0.07232877503382701,feasible,True,0.06782287862971116,0.03380541816990627,4,1.09301,,,0.0,0,0.0,,,0.0,1,1.08936,,,1.2964216041762942,1,1.45755,,,1.528349253161892,4,0,0,True,True,0.0,0
2061,MOG,3,3,analyzed,saved,0.74169,0.7416800000000001,9.999999999843467e-06,0.001348290367792507,missing_class,False,gate_rejected,False,False,False,True,raw_fallback,,,,9.999999999843467e-06,0.001348290367792507,feasible,False,0.27341395220572806,0.013306645305659226,feasible,False,0.37880194250931665,0.013389434324435946,feasible,False,0.2487595405419289,0.013232284214003853,feasible,False,0.3228056008523201,0.013345445610280591,feasible,False,0.0001323314874506625,5.174751097782645e-06,0,0.0,,,1.0,0,0.0,,,1.0,1,0.11608,,,1.0,2,0.6256200000000001,,,1.0,0,0,4,False,False,0.0,0
1536,MOM,7,5,analyzed,saved,2.2423300000000004,2.24235,-1.9999999999686935e-05,0.0008919214217087847,missing_class,False,gate_rejected,False,False,False,True,raw_fallback,,,,-1.9999999999686935e-05,0.0008919214217087847,feasible,False,-0.002396219114963044,0.006033026574682687,feasible,False,0.23900199623870655,0.008970097562131102,feasible,False,-0.017880426596995097,0.005793078152165385,feasible,False,0.20295637023001023,0.009215238510963362,feasible,False,0.00023497523607245705,6.797625305740573e-06,1,0.44232,,,1.0,0,0.0,,,1.0,0,0.0,,,1.0,4,1.80003,,,1.0,0,0,4,False,False,0.0,0
1185,MON,1,1,analyzed,saved,0.60363,0.60364,-9.99999999995449e-06,0.0016566165263989282,missing_class,False,gate_rejected,False,False,False,True,raw_fallback,,,,-9.99999999995449e-06,0.0016566165263989282,feasible,False,0.00015226766351442313,3.5507600466538197e-06,feasible,False,0.00015226766351442313,3.5507600466538197e-06,feasible,False,0.00015226766351480748,3.5507600466798406e-06,feasible,False,0.00015226766351442313,3.5507600466538197e-06,feasible,False,0.00015226766351446588,3.5507600466555544e-06,1,0.60364,,,1.0,0,0.0,,,1.0,0,0.0,,,1.0,0,0.0,,,1.0,0,0,4,False,False,0.0,0
1425,MOO,2,2,analyzed,saved,0.76292,0.76291,1.0000000000065512e-05,0.0013107706020455247,missing_class,False,gate_rejected,False,False,False,True,raw_fallback,,,,1.0000000000065512e-05,0.0013107706020455247,feasible,False,-20.960143427223873,0.0015077010528804476,feasible,False,0.25005550834283985,2.752400245263631e-05,feasible,False,-20.963503566284913,0.0015079355438787937,feasible,False,-38.76274433902086,0.0024908759893280214,feasible,False,0.007433934767110302,4.445561569379943e-05,1,0.39986,,,1.0,0,0.0,,,1.0,0,0.0,,,1.0,1,0.36306,,,1.0,0,0,4,False,False,0.0,0
1576,MOR,90,90,analyzed,saved,46.83787,46.83851,-0.0006399999999970873,0.001366397009633926,negative_factor,False,feasible,False,True,True,True,improvement_l2,0.8060784000365635,1.935248501296515,2/3/4,0.0,0.0,feasible,True,0.7299986178297676,1.7394802201187236,feasible,True,0.8060784000365635,1.935248501296515,feasible,True,0.7511698073745656,1.779586326617781,feasible,True,0.763052332441193,1.9009668978467467,feasible,True,0.7064521045201095,1.7553065062196338,40,21.264390000000006,,-0.6821093099235656,0.0,15,2.60976,,2.70063749568778,2.6282628732220172,8,6.91338,,0.8227482298878115,0.7665687346190254,27,16.05105,,3.028227081923844,2.1605347749150607,4,0,0,True,True,0.0,0
2025,MOS,26,25,analyzed,saved,11.654749999999998,11.65498,-0.00023000000000195087,0.0019734053597856953,negative_factor,False,feasible,False,True,True,True,minimax_ratio,0.08647487988311447,0.041417677829284405,2/3/4,-1.7763568394002505e-15,1.5241183077107384e-14,feasible,False,0.3751900758834855,0.19939224938159197,feasible,False,0.440281763652147,0.20361290488531106,feasible,False,0.3256676149758392,0.18481390812637086,feasible,False,0.33055115264402923,0.19426968147497636,feasible,True,0.08647487988311447,0.041417677829284405,1,0.14911,,-2228.4221011190916,0.0,1,0.13172,,2915.170068447921,51.48388448055945,1,3.13609,,-3.5076117588171787,0.17920076445109823,22,8.238069999999999,,-3.527161597778511,0.5232939918717573,4,0,0,True,True,0.0,0
1195,MOU,1,1,analyzed,saved,0.94997,0.94998,-1.0000000000065512e-05,0.0010526537400856347,missing_class,False,gate_rejected,False,False,False,True,raw_fallback,,,,-1.0000000000065512e-05,0.0010526537400856347,feasible,False,4.9971253148044193e-05,2.383455548288227e-06,feasible,False,4.9971253148044193e-05,2.383455548288227e-06,feasible,False,4.997125314782888e-05,2.383455548263941e-06,feasible,False,4.9971253148044193e-05,2.383455548288227e-06,feasible,False,4.997125314782888e-05,2.383455548263941e-06,1,0.94998,,,1.0,0,0.0,,,1.0,0,0.0,,,1.0,0,0.0,,,1.0,0,0,4,False,False,0.0,0
355,MOY,4,2,analyzed,saved,0.73,0.7300199999999999,-1.999999999990898e-05,0.0027396509684541495,missing_class,False,gate_rejected,False,False,False,True,raw_fallback,,,,-1.999999999990898e-05,0.0027396509684541495,feasible,False,-1.433983801426997,-0.023739863241879298,feasible,False,0.25301249311800145,0.0041822365350842414,feasible,False,-2.4581906542765246,-0.04069455916051644,feasible,False,0.1702004697876297,0.0028157650867474174,feasible,False,0.00018467225551914692,1.32761203056617e-06,0,0.0,,,1.0,1,0.2201,,,1.0,1,0.50992,,,1.0,0,0.0,,,1.0,0,0,4,False,False,0.0,0
554,MOZ,1,1,analyzed,saved,0.17957,0.17957,0.0,0.0,missing_class,False,gate_rejected,False,False,False,True,raw_fallback,,,,0.0,0.0,feasible,False,-0.0022758881367995467,2.3292678577716865e-06,feasible,False,-0.0022758881367976225,2.3292678577784085e-06,feasible,False,-0.0022758881367995467,2.3292678577716865e-06,feasible,False,-0.0022758881367995467,2.3292678577716865e-06,feasible,False,-0.0022758881367976225,2.3292678577784085e-06,1,0.17958,,,1.0,0,0.0,,,1.0,0,0.0,,,1.0,0,0.0,,,1.0,0,0,4,False,False,0.0,0
1532,MPE,6,6,analyzed,saved,2.8901700000000003,2.8901700000000003,0.0,0.0,missing_class,False,gate_rejected,False,False,False,True,raw_fallback,,,,0.0,0.0,feasible,False,-4.157428786611337,-0.0022079664864995754,feasible,False,0.2511719117064384,0.00317729161238324,feasible,False,-4.327877621329175,-0.0024161756282254088,feasible,False,-1.6640034448780108,0.0008378387325243958,feasible,False,0.00013724214015317887,1.1934576506694716e-05,1,0.75491,,,1.0,0,0.0,,,1.0,0,0.0,,,1.0,5,2.13528,,,1.0,0,0,4,False,False,0.0,0
2258,MPR,2,2,analyzed,saved,0.74615,0.74614,9.99999999995449e-06,0.0013402310558279262,missing_class,False,gate_rejected,False,False,False,True,raw_fallback,,,,9.99999999995449e-06,0.0013402310558279262,feasible,False,0.03250571502041957,0.003009639591765402,feasible,False,0.03250571502041957,0.003009639591765402,feasible,False,0.03250571502041957,0.003009639591765402,feasible,False,0.03250571502041957,0.003009639591765402,feasible,False,0.03250571502041957,0.003009639591765402,1,0.47844,,,1.0,0,0.0,,,1.0,0,0.0,,,1.0,1,0.26772,,,1.0,0,0,4,False,False,0.0,0
1821,MRB,1,1,analyzed,saved,0.7656,0.76562,-2.0000000000020002e-05,0.0026122619576317238,missing_class,False,gate_rejected,False,False,False,True,raw_fallback,,,,-2.0000000000020002e-05,0.0026122619576317238,feasible,False,3.312893250626658e-05,-3.3253400831372015e-07,feasible,False,3.312893250626658e-05,-3.3253400831372015e-07,feasible,False,3.312893250626658e-05,-3.3253400831372015e-07,feasible,False,3.312893250626658e-05,-3.3253400831372015e-07,feasible,False,3.312893250626658e-05,-3.3253400831372015e-07,1,0.76561,,,1.0,0,0.0,,,1.0,0,0.0,,,1.0,0,0.0,,,1.0,0,0,4,False,False,0.0,0
1201,MRC,4,3,analyzed,saved,1.98968,1.9897299999999998,-4.999999999988347e-05,0.002512903760805912,missing_class,False,feasible,False,True,True,True,target_l2,0.33691596508845767,0.025103500871267982,3/4,0.0,0.0,feasible,True,0.31079980956012415,0.028656348810069104,feasible,True,0.30044516403565963,0.030064997221918934,feasible,True,0.33691596508845767,0.025103500871267982,feasible,False,0.17340617689302967,0.047347410903649204,feasible,True,0.21829271307700923,0.0412410359669496,0,0.0,,,0.0,1,0.1061,,,0.0,1,1.76326,,,0.49960682161302794,1,0.12036,,,9.21183621739223,4,0,0,True,True,0.0,0
988,MRE,3,0,no_valid_locations,saved,,,,,,,,,,,,,,,,,,,,,,,,,,,,,,,,,,,,,,,,,,,,,,,,,,,,,,,,,,,,,,,,
147,MRH,1,1,analyzed,saved,0.18550999999999998,0.18551,-2.7755575615628914e-17,1.496176789155782e-14,missing_class,False,gate_rejected,False,False,False,True,raw_fallback,,,,-2.7755575615628914e-17,1.496176789155782e-14,feasible,False,-0.0009184210966448317,-6.303921977566379e-08,feasible,False,-0.0009184210966439822,-6.30392197687249e-08,feasible,False,-0.0009184210966439822,-6.30392197687249e-08,feasible,False,-0.0009184210966439822,-6.30392197687249e-08,feasible,False,-0.0009184210966448317,-6.303921977566379e-08,1,0.18552,,,1.0,0,0.0,,,1.0,0,0.0,,,1.0,0,0.0,,,1.0,0,0,4,False,False,0.0,0
2059,MRM,7,7,analyzed,saved,2.8580099999999997,2.85805,-4.000000000026205e-05,0.0013995556410931246,missing_class,False,feasible,False,True,True,True,target_l2,0.7310845240403995,0.08933924556081585,1/2,4.440892098500626e-16,1.5538188969754294e-14,feasible,True,0.7248892392870239,0.0891679535781142,feasible,True,0.7306086391070848,0.08941061026980901,feasible,True,0.7310845240403995,0.08933924556081585,feasible,True,0.7238384822736172,0.08952337332730137,feasible,True,0.6979455026435769,0.08842299249000088,1,0.64168,,,3.723588707786889,1,0.04073,,,11.50380569080879,0,0.0,,,0.0,5,2.17565,,,0.0,4,0,0,True,True,0.0,0
1404,MRN,1,1,analyzed,saved,0.27186,0.27186,0.0,0.0,missing_class,False,gate_rejected,False,False,False,True,raw_fallback,,,,0.0,0.0,feasible,False,0.0006729583869779542,4.160625715382083e-06,feasible,False,0.0006729583869779542,4.160625715382083e-06,feasible,False,0.0006729583869779542,4.160625715382083e-06,feasible,False,0.0006729583869779542,4.160625715382083e-06,feasible,False,0.0006729583869762375,4.160625715374493e-06,1,0.27187,,,1.0,0,0.0,,,1.0,0,0.0,,,1.0,0,0.0,,,1.0,0,0,4,False,False,0.0,0
1381,MRP,14,7,analyzed,saved,1.44715,1.4471800000000001,-3.0000000000196536e-05,0.0020729971392775283,singular,False,gate_rejected,False,False,False,True,raw_fallback,,,,-3.0000000000196536e-05,0.0020729971392775283,feasible,False,0.3790255166578257,0.022062471167835128,feasible,False,0.3587221359548101,0.020711691876605626,feasible,False,0.313499782412774,0.017703059001186593,feasible,False,0.3885006733213318,0.023437404390316545,feasible,False,0.289152065095942,0.016083210916704678,1,0.31178,,,1.0,4,0.84148,,,1.0,1,0.02228,,,1.0,1,0.27166,,,1.0,0,0,4,False,False,0.0,0
1859,MRS,1,1,analyzed,saved,0.35777,0.35778,-1.0000000000010001e-05,0.0027950136955699036,missing_class,False,gate_rejected,False,False,False,True,raw_fallback,,,,-1.0000000000010001e-05,0.0027950136955699036,feasible,False,0.00018062774588759465,2.7757611875808483e-06,feasible,False,0.0001806277458872507,2.775761187567838e-06,feasible,False,0.00018062774588736908,2.7757611875695726e-06,feasible,False,0.00018062774588736908,2.7757611875695726e-06,feasible,False,0.00018062774588736908,2.7757611875695726e-06,1,0.35778,,,1.0,0,0.0,,,1.0,0,0.0,,,1.0,0,0.0,,,1.0,0,0,4,False,False,0.0,0
1169,MRT,1,1,analyzed,saved,0.5986100000000001,0.59862,-9.99999999995449e-06,0.001670508836984145,missing_class,False,gate_rejected,False,False,False,True,raw_fallback,,,,-9.99999999995449e-06,0.001670508836984145,feasible,False,-0.0004857963792926535,5.529786593753451e-07,feasible,False,-0.0004857963792926535,5.529786593753451e-07,feasible,False,-0.0004857963792926535,5.529786593753451e-07,feasible,False,-0.0004857963792926535,5.529786593753451e-07,feasible,False,-0.0004857963792926535,5.529786593753451e-07,1,0.59862,,,1.0,0,0.0,,,1.0,0,0.0,,,1.0,0,0.0,,,1.0,0,0,4,False,False,0.0,0
1933,MRV,1,1,analyzed,saved,0.5768499999999999,0.57684,9.999999999843467e-06,0.0017335829692537736,missing_class,False,gate_rejected,False,False,False,True,raw_fallback,,,,9.999999999843467e-06,0.0017335829692537736,feasible,False,-3.7490714020920255e-06,7.476576864007267e-07,feasible,False,-3.749071402270197e-06,7.476576863868489e-07,feasible,False,-3.7490714020920255e-06,7.476576864007267e-07,feasible,False,-3.749071402270197e-06,7.476576863868489e-07,feasible,False,-3.749071402270197e-06,7.476576863868489e-07,1,0.57686,,,1.0,0,0.0,,,1.0,0,0.0,,,1.0,0,0.0,,,1.0,0,0,4,False,False,0.0,0
1312,MRW,3,3,analyzed,saved,4.23809,4.23809,0.0,0.0,missing_class,False,gate_rejected,False,False,False,True,raw_fallback,,,,0.0,0.0,feasible,False,-1.1854116327928685,-0.047898895318541954,feasible,False,0.16674651670354218,0.016943390003940476,feasible,False,-2.279991878799663,-0.10680349824376914,feasible,False,0.3302565759129331,0.033550032564498386,feasible,False,0.00011255538424845052,1.9473228058217162e-05,1,0.19766,,,1.0,0,0.0,,,1.0,0,0.0,,,1.0,2,4.0404599999999995,,,1.0,0,0,4,False,False,0.0,0
2190,MSB,1,1,analyzed,saved,0.23762,0.23761999999999997,2.7755575615628914e-17,1.1680656348636022e-14,missing_class,False,gate_rejected,False,False,False,True,raw_fallback,,,,2.7755575615628914e-17,1.1680656348636022e-14,feasible,False,-0.0003429492866835029,4.515545914684626e-06,feasible,False,-0.0003429492866835029,4.515545914684626e-06,feasible,False,-0.0003429492866835029,4.515545914684626e-06,feasible,False,-0.0003429492866835029,4.515545914684626e-06,feasible,False,-0.000342949286683193,4.515545914691348e-06,1,0.23763,,,1.0,0,0.0,,,1.0,0,0.0,,,1.0,0,0.0,,,1.0,0,0,4,False,False,0.0,0
1283,MSN,20,20,analyzed,saved,48.02438,48.02462,-0.00023999999999801958,0.000499743673136861,negative_factor,False,feasible,False,True,True,True,balanced_l2,0.7458386730693545,0.7117954061663483,1/2/3,7.105427357601002e-15,1.4795384862183193e-14,feasible,True,0.7458386730693545,0.7117954061663483,feasible,True,0.7322323464557374,0.63902487844931,feasible,False,0.6430528962175523,0.6396768839146887,feasible,True,0.7187234932519196,0.7005564650057157,feasible,True,0.6333861449705265,0.5891406314250032,1,3.40251,,10.248418916117043,7.721148477712611,1,1.38573,,23.847983692647922,13.847724378017281,1,2.93698,,1.1692490840681418,0.8729849838273389,17,40.29937999999999,,-0.5788400654878736,0.0,4,0,0,True,True,0.0,0
1491,MSO,1,1,analyzed,saved,1.37079,1.3708,-1.0000000000065512e-05,0.000729501021306209,missing_class,False,gate_rejected,False,False,False,True,raw_fallback,,,,-1.0000000000065512e-05,0.000729501021306209,feasible,False,5.761681426652455e-05,5.680512329356985e-06,feasible,False,5.761681426652455e-05,5.680512329356985e-06,feasible,False,5.761681426652455e-05,5.680512329356985e-06,feasible,False,5.761681426652455e-05,5.680512329356985e-06,feasible,False,5.761681426668431e-05,5.6805123294090265e-06,1,1.3708,,,1.0,0,0.0,,,1.0,0,0.0,,,1.0,0,0.0,,,1.0,0,0,4,False,False,0.0,0
1492,MSP,3,2,analyzed,saved,6.879930000000001,6.87995,-1.9999999999242846e-05,0.0002906997870514007,missing_class,False,gate_rejected,False,False,False,True,raw_fallback,,,,-1.9999999999242846e-05,0.0002906997870514007,feasible,False,0.20014291786182287,0.07735433983099677,feasible,False,0.32338285417872625,0.04969872021021493,feasible,False,0.20014291786182287,0.07735433983099677,feasible,False,0.20014291786182287,0.07735433983099677,feasible,False,0.2783611365156665,0.05980180477496233,1,5.35242,,,1.0,0,0.0,,,1.0,0,0.0,,,1.0,1,1.52753,,,1.0,0,0,4,False,False,0.0,0
1967,MSV,12,12,analyzed,saved,2.5211900000000003,2.52129,-9.999999999976694e-05,0.003966223639476893,negative_factor,False,feasible,True,True,True,True,balanced_l2,0.9485692359886547,0.10302531167280483,1/3/4,0.0,0.0,feasible,True,0.9485692359886547,0.10302531167280483,feasible,True,0.9462267712171248,0.10245786310202391,feasible,True,0.9476689593690488,0.10288172005043546,feasible,True,0.947342384866034,0.10302523368911731,feasible,True,0.9296837568807642,0.10117733185139437,1,0.42161,,5.415686758851372,4.966845350802408,1,0.03473,,-13.053912669372243,0.0,5,1.15357,,0.3651746413564471,0.36379821589403055,5,0.91136,,0.2964095551069545,0.008214242599729126,4,0,0,True,True,0.0,0
1493,MTA,1,1,analyzed,saved,2.18225,2.18225,0.0,0.0,missing_class,False,gate_rejected,False,False,False,True,raw_fallback,,,,0.0,0.0,feasible,False,8.485278395574603e-06,2.2670266504737357e-06,feasible,False,8.485278395574603e-06,2.2670266504737357e-06,feasible,False,8.485278395574603e-06,2.2670266504737357e-06,feasible,False,8.485278395574603e-06,2.2670266504737357e-06,feasible,False,8.485278395574603e-06,2.2670266504737357e-06,1,2.18226,,,1.0,0,0.0,,,1.0,0,0.0,,,1.0,0,0.0,,,1.0,0,0,4,False,False,0.0,0
1190,MTB,1,1,analyzed,saved,0.42779999999999996,0.42781,-1.0000000000065512e-05,0.0023374862672834932,missing_class,False,gate_rejected,False,False,False,True,raw_fallback,,,,-1.0000000000065512e-05,0.0023374862672834932,feasible,False,-0.000103043553101356,6.592236554015668e-07,feasible,False,-0.000103043553101356,6.592236554015668e-07,feasible,False,-0.00010304355310144767,6.592236553911585e-07,feasible,False,-0.000103043553101356,6.592236554015668e-07,feasible,False,-0.00010304355310144767,6.592236553911585e-07,1,0.42781,,,1.0,0,0.0,,,1.0,0,0.0,,,1.0,0,0.0,,,1.0,0,0,4,False,False,0.0,0
782,MTG,1,1,analyzed,saved,0.06659,0.06659,0.0,0.0,missing_class,False,gate_rejected,False,False,False,True,raw_fallback,,,,0.0,0.0,feasible,False,0.00016416191553000756,3.4337349397554895e-06,feasible,False,0.00016416191553015583,3.433734939758959e-06,feasible,False,0.00016416191553015583,3.433734939758959e-06,feasible,False,0.00016416191553000756,3.4337349397554895e-06,feasible,False,0.00016416191553000756,3.4337349397554895e-06,1,0.06659,,,1.0,0,0.0,,,1.0,0,0.0,,,1.0,0,0.0,,,1.0,0,0,4,False,False,0.0,0
571,MTO,1,0,no_valid_locations,saved,,,,,,,,,,,,,,,,,,,,,,,,,,,,,,,,,,,,,,,,,,,,,,,,,,,,,,,,,,,,,,,,
211,MTR,1,1,analyzed,saved,0.75856,0.75857,-9.99999999995449e-06,0.0013182699025738548,missing_class,False,gate_rejected,False,False,False,True,raw_fallback,,,,-9.99999999995449e-06,0.0013182699025738548,feasible,False,-0.001966790236782541,-2.683328369569235e-06,feasible,False,-0.001966790236782541,-2.683328369569235e-06,feasible,False,-0.001966790236782541,-2.683328369569235e-06,feasible,False,-0.001966790236782541,-2.683328369569235e-06,feasible,False,-0.001966790236782541,-2.683328369569235e-06,1,0.75857,,,1.0,0,0.0,,,1.0,0,0.0,,,1.0,0,0.0,,,1.0,0,0,4,False,False,0.0,0
1193,MTZ,5,5,analyzed,saved,4.68594,4.686,-5.9999999999504894e-05,0.0012804097311033909,negative_factor,False,feasible,False,True,True,True,minimax_ratio,0.022592769600854497,0.007021679859476562,2/3/4,8.881784197001252e-16,1.8953871525824268e-14,feasible,False,0.24283213201010506,0.10801320210579124,feasible,False,0.3598712294029779,0.10455606516434302,feasible,False,0.2989203329076601,0.11934313929509434,feasible,False,0.33186434066692927,0.1669608689907629,feasible,True,0.022592769600854497,0.007021679859476562,2,0.58823,,-43.473995072324,0.0,1,0.20883,,15.470860711431603,1.326779874631045,1,1.55833,,-0.8312900449425467,0.9588134705921871,1,2.33061,,12.152996761835878,1.250639643271337,4,0,0,True,True,0.0,0
2110,MUA,15,11,analyzed,saved,4.33064,4.33067,-2.9999999999752447e-05,0.000692733456942054,negative_factor,False,feasible,False,True,True,True,target_l2,0.3518782788950837,0.0755032528887383,3/4,8.881784197001252e-16,2.050903023550918e-14,feasible,True,0.34645421120776876,0.07502605581875763,feasible,True,0.34696813907453017,0.07546630676949573,feasible,True,0.3518782788950837,0.0755032528887383,feasible,False,-0.6793990559854761,0.047529299420958473,feasible,True,0.08314435069345362,0.03244473307353364,5,1.7236099999999999,,-11.04224190208081,0.0,1,0.67735,,8.658174909572754,0.0,3,1.56541,,0.5418371415837328,0.5390062135740419,2,0.36433000000000004,,45.70047855273763,9.57026902870455,4,0,0,True,True,0.0,0
989,MUH,1,0,no_valid_locations,saved,,,,,,,,,,,,,,,,,,,,,,,,,,,,,,,,,,,,,,,,,,,,,,,,,,,,,,,,,,,,,,,,
2009,MUI,1,1,analyzed,saved,1.01002,1.01003,-1.0000000000065512e-05,0.0009900696018994993,missing_class,False,gate_rejected,False,False,False,True,raw_fallback,,,,-1.0000000000065512e-05,0.0009900696018994993,feasible,False,-4.155138105371523e-05,-2.8964757709457056e-06,feasible,False,-4.155138105346926e-05,-2.896475770924889e-06,feasible,False,-4.155138105371523e-05,-2.8964757709457056e-06,feasible,False,-4.155138105371523e-05,-2.8964757709457056e-06,feasible,False,-4.155138105371523e-05,-2.8964757709457056e-06,1,1.01003,,,1.0,0,0.0,,,1.0,0,0.0,,,1.0,0,0.0,,,1.0,0,0,4,False,False,0.0,0
2229,MUL,1,1,analyzed,saved,0.11845,0.11848,-3.0000000000002247e-05,0.025320729237003924,missing_class,False,gate_rejected,False,False,False,True,raw_fallback,,,,-3.0000000000002247e-05,0.025320729237003924,feasible,False,-0.0005873656740600409,-5.6695219082933054e-06,feasible,False,-0.0005873656740600409,-5.6695219082933054e-06,feasible,False,-0.0005873656740600409,-5.6695219082933054e-06,feasible,False,-0.0005873656740600409,-5.6695219082933054e-06,feasible,False,-0.0005873656740600409,-5.6695219082933054e-06,1,0.11846,,,1.0,0,0.0,,,1.0,0,0.0,,,1.0,0,0.0,,,1.0,0,0,4,False,False,0.0,0
1867,MUN,9,9,analyzed,saved,14.02824,14.02835,-0.00010999999999938836,0.000784126429689795,missing_class,False,feasible,False,True,True,True,absolute_l2,0.25439901108733853,0.15501596368674514,3/4,0.0,0.0,feasible,False,0.32796909673221347,0.2050277535471471,feasible,True,0.2472232445454246,0.15013799018384894,feasible,False,0.32840223285329107,0.20532219268607704,feasible,True,0.25439901108733853,0.15501596368674514,feasible,True,0.1985995286913827,0.11708435108300008,7,8.44706,,,0.0,0,0.0,,,0.0,1,2.65481,,,0.6106571014436516,1,2.92646,,,4.239637382943628,4,0,0,True,True,0.0,0
2227,MUR,1,1,analyzed,saved,3.01524,3.01524,0.0,0.0,missing_class,False,gate_rejected,False,False,False,True,raw_fallback,,,,0.0,0.0,feasible,False,1.6382695194835136e-05,4.06862942528563e-06,feasible,False,1.638269519465629e-05,4.068629425188486e-06,feasible,False,1.638269519465629e-05,4.068629425188486e-06,feasible,False,1.6382695194835136e-05,4.06862942528563e-06,feasible,False,1.6382695194835136e-05,4.06862942528563e-06,1,3.01525,,,1.0,0,0.0,,,1.0,0,0.0,,,1.0,0,0.0,,,1.0,0,0,4,False,False,0.0,0
54,MUS,1,1,analyzed,saved,0.13448000000000002,0.1345,-1.9999999999992246e-05,0.014869888475830666,missing_class,False,gate_rejected,False,False,False,True,raw_fallback,,,,-1.9999999999992246e-05,0.014869888475830666,feasible,False,0.00024394546237848714,4.2487055399479615e-06,feasible,False,0.00024394546237848492,4.248705539951214e-06,feasible,False,0.00024394546237845282,4.248705539952732e-06,feasible,False,0.00024394546237848492,4.248705539951214e-06,feasible,False,0.00024394546237848492,4.248705539951214e-06,1,0.1345,,,1.0,0,0.0,,,1.0,0,0.0,,,1.0,0,0.0,,,1.0,0,0,4,False,False,0.0,0
142,MUT,10,10,analyzed,saved,3.79095,3.79093,2.0000000000131024e-05,0.0005275750277670921,singular,False,gate_rejected,False,False,False,True,raw_fallback,,,,2.0000000000131024e-05,0.0005275750277670921,feasible,False,0.06316637306200806,0.031155628576916214,feasible,False,0.11130474492776128,0.014387659733041666,feasible,False,0.06316637306200806,0.031155628576916214,feasible,False,0.06316637306200806,0.031155628576916214,feasible,False,0.09499083913487785,0.020070258737840532,3,0.37306,,,1.0,4,2.8996799999999996,,,1.0,1,0.07986,,,1.0,2,0.43838,,,1.0,0,0,4,False,False,0.0,0
2148,MVA,16,16,analyzed,saved,16.696759999999998,16.696939999999998,-0.00018000000000029104,0.0010780418447948609,negative_factor,False,feasible,False,True,True,True,absolute_l2,0.21094304567014677,0.17564062511748482,3/4,0.0,0.0,feasible,False,0.36009514975198853,0.2422952809772767,feasible,False,0.35562114956724106,0.24259485239178502,feasible,False,0.36917740689163614,0.24839494096808434,feasible,True,0.21094304567014677,0.17564062511748482,feasible,True,0.15259585838417422,0.14370961379465094,10,9.629940000000001,,-5.613217758857731,0.0,1,1.95548,,44.38656894789182,0.0,2,1.8810700000000002,,2.5261564611263476,0.6347413569197369,3,3.23039,,-6.437894906022201,4.799057601135941,4,0,0,True,True,0.0,0
785,MWO,2,0,no_valid_locations,saved,,,,,,,,,,,,,,,,,,,,,,,,,,,,,,,,,,,,,,,,,,,,,,,,,,,,,,,,,,,,,,,,
1650,MXT,1,1,analyzed,saved,0.27686999999999995,0.27687,-5.551115123125783e-17,2.004953632797263e-14,missing_class,False,gate_rejected,False,False,False,True,raw_fallback,,,,-5.551115123125783e-17,2.004953632797263e-14,feasible,False,0.00039529744829487764,4.529180093072911e-06,feasible,False,0.000395297448295685,4.529180093086789e-06,feasible,False,0.00039529744829487764,4.529180093072911e-06,feasible,False,0.000395297448295685,4.529180093086789e-06,feasible,False,0.000395297448295685,4.529180093086789e-06,1,0.27688,,,1.0,0,0.0,,,1.0,0,0.0,,,1.0,0,0.0,,,1.0,0,0,4,False,False,0.0,0
2113,MYA,3,3,analyzed,saved,0.71704,0.71705,-9.99999999995449e-06,0.001394602886821629,missing_class,False,gate_rejected,False,False,False,True,raw_fallback,,,,-9.99999999995449e-06,0.001394602886821629,feasible,False,-0.15116523496497333,0.01287985769082115,feasible,False,0.3092323533623188,0.006962944497301764,feasible,False,-0.1532405425631707,0.012906529018429534,feasible,False,-0.48777658451666484,0.01720590149675632,feasible,False,0.20362695566720507,0.008320158320248369,1,0.16697,,,1.0,1,0.39691,,,1.0,0,0.0,,,1.0,1,0.15317,,,1.0,0,0,4,False,False,0.0,0
1427,MYI,6,3,analyzed,saved,0.86807,0.86809,-2.0000000000020002e-05,0.0023039085809098137,missing_class,False,gate_rejected,False,False,False,True,raw_fallback,,,,-2.0000000000020002e-05,0.0023039085809098137,feasible,False,-1.059190211715805,-0.0014961329546818239,feasible,False,0.2506431241255481,0.000636853786895009,feasible,False,-1.059190211715805,-0.0014961329546818239,feasible,False,-0.39303147445465053,-0.0004113325335269487,feasible,False,0.0002619650208586946,8.382276621934914e-06,0,0.0,,,1.0,2,0.46241,,,1.0,0,0.0,,,1.0,1,0.40568,,,1.0,0,0,4,False,False,0.0,0
107,MYM,2,1,analyzed,saved,0.24897,0.24897999999999998,-9.999999999982245e-06,0.004016386858375069,missing_class,False,gate_rejected,False,False,False,True,raw_fallback,,,,-9.999999999982245e-06,0.004016386858375069,feasible,False,0.0007472006537604842,2.7509034286334836e-06,feasible,False,0.0007472006537604553,2.7509034286326162e-06,feasible,False,0.0007472006537608294,2.7509034286267615e-06,feasible,False,0.0007472006537604842,2.7509034286334836e-06,feasible,False,0.0007472006537604842,2.7509034286334836e-06,0,0.0,,,1.0,0,0.0,,,1.0,1,0.24898,,,1.0,0,0.0,,,1.0,0,0,4,False,False,0.0,0
332,MYO,3,3,analyzed,saved,0.56103,0.56101,2.0000000000020002e-05,0.003564998841378942,missing_class,False,gate_rejected,False,False,False,True,raw_fallback,,,,2.0000000000020002e-05,0.003564998841378942,feasible,False,0.6428413581624702,0.021941384451544185,feasible,False,0.6428413581624702,0.021941384451544185,feasible,False,0.6428413581624702,0.021941384451544185,feasible,False,0.6428413581624702,0.021941384451544185,feasible,False,0.6392563433445312,0.021828719495869855,1,0.26701,,,1.0,1,0.03165,,,1.0,0,0.0,,,1.0,1,0.26239,,,1.0,0,0,4,False,False,0.0,0
1578,MZB,4,4,analyzed,saved,0.90806,0.9080900000000001,-3.0000000000085514e-05,0.003303637304681861,missing_class,False,gate_rejected,False,False,False,True,raw_fallback,,,,-3.0000000000085514e-05,0.003303637304681861,feasible,False,0.3306439701001432,0.03658829531378313,feasible,False,0.3306439701001432,0.03658829531378313,feasible,False,0.3306439701001432,0.03658829531378313,feasible,False,0.3306439701001432,0.03658829531378313,feasible,False,0.33064397010014324,0.03658829531378312,2,0.5033,,,1.0,0,0.0,,,1.0,0,0.0,,,1.0,2,0.40479,,,1.0,0,0,4,False,False,0.0,0
1898,MZF,27,27,analyzed,saved,16.51905,16.519370000000002,-0.0003200000000020964,0.001937119878070994,negative_factor,False,feasible,False,True,True,True,improvement_l2,0.7513409330855987,0.27344456092970915,2/3/4,0.0,0.0,feasible,True,0.6756454105836793,0.2559484256778463,feasible,True,0.7513409330855987,0.27344456092970915,feasible,True,0.6808411151100076,0.2571894794558495,feasible,True,0.6076621617209944,0.2594724615627373,feasible,True,0.5642800840834761,0.2441759356389728,13,8.948460000000003,,-0.7730467854743093,0.0,1,0.03995,,30.451853616479234,71.75862940016484,1,1.11388,,0.951004231451129,0.8897796191927891,12,6.41697,,3.2975822396551457,1.9729799057502053,4,0,0,True,True,0.0,0
53,MZJ,1,1,analyzed,saved,0.53115,0.53115,0.0,0.0,missing_class,False,gate_rejected,False,False,False,True,raw_fallback,,,,0.0,0.0,feasible,False,-0.008614370511325364,2.2704824792453213e-06,feasible,False,-0.008614370511331453,2.2704824792461886e-06,feasible,False,-0.008614370511331453,2.2704824792461886e-06,feasible,False,-0.008614370511331453,2.2704824792461886e-06,feasible,False,-0.008614370511331453,2.2704824792461886e-06,1,0.53116,,,1.0,0,0.0,,,1.0,0,0.0,,,1.0,0,0.0,,,1.0,0,0,4,False,False,0.0,0
209,MZK,1,1,analyzed,saved,0.34414999999999996,0.34416,-1.0000000000065512e-05,0.0029056252905815642,missing_class,False,gate_rejected,False,False,False,True,raw_fallback,,,,-1.0000000000065512e-05,0.0029056252905815642,feasible,False,0.0008565416480098458,1.8899429932751899e-06,feasible,False,0.0008565416480098458,1.8899429932751899e-06,feasible,False,0.0008565416480098458,1.8899429932751899e-06,feasible,False,0.0008565416480098458,1.8899429932751899e-06,feasible,False,0.0008565416480089546,1.8899429932647815e-06,1,0.34416,,,1.0,0,0.0,,,1.0,0,0.0,,,1.0,0,0.0,,,1.0,0,0,4,False,False,0.0,0
1914,MZN,6,6,analyzed,saved,1.57973,1.5798,-7.00000000000145e-05,0.004430940625396537,negative_factor,False,feasible,False,True,True,True,minimax_ratio,0.2766101984522185,0.0032881452222269982,2/3,4.440892098500626e-16,2.81104703032069e-14,feasible,False,0.08353253233418312,0.006872836410481208,feasible,False,0.5099687977414654,0.006302206037176516,feasible,False,0.103205854057165,0.006948410443760949,feasible,False,-0.4027915817770221,0.005004647840085817,feasible,True,0.2766101984522185,0.0032881452222269982,3,0.5766,,-29.406402016436534,0.0,1,0.13418,,176.38880651710093,8.195880807975577,1,0.51719,,0.40479450543016915,0.9280720635352102,1,0.35181,,-15.185920110775426,0.0,4,0,0,True,True,0.0,0
1633,MZT,1,1,analyzed,saved,1.6599,1.65991,-1.0000000000065512e-05,0.00060244230109256,missing_class,False,gate_rejected,False,False,False,True,raw_fallback,,,,-1.0000000000065512e-05,0.00060244230109256,feasible,False,3.164686000826253e-05,1.795974382431259e-06,feasible,False,3.164686000826253e-05,1.795974382431259e-06,feasible,False,3.164686000826253e-05,1.795974382431259e-06,feasible,False,3.164686000826253e-05,1.795974382431259e-06,feasible,False,3.164686000826253e-05,1.795974382431259e-06,1,1.6599,,,1.0,0,0.0,,,1.0,0,0.0,,,1.0,0,0.0,,,1.0,0,0,4,False,False,0.0,0
1346,NAG,1,1,analyzed,saved,0.9087700000000001,0.90879,-1.999999999990898e-05,0.002200728441103993,missing_class,False,gate_rejected,False,False,False,True,raw_fallback,,,,-1.999999999990898e-05,0.002200728441103993,feasible,False,0.00033803675612629374,1.409960802381191e-06,feasible,False,0.0003380367561268571,1.4099608024020077e-06,feasible,False,0.00033803675612629374,1.409960802381191e-06,feasible,False,0.0003380367561268571,1.4099608024020077e-06,feasible,False,0.00033803675612629374,1.409960802381191e-06,1,0.90878,,,1.0,0,0.0,,,1.0,0,0.0,,,1.0,0,0.0,,,1.0,0,0,4,False,False,0.0,0
991,NAL,1,0,no_valid_locations,saved,,,,,,,,,,,,,,,,,,,,,,,,,,,,,,,,,,,,,,,,,,,,,,,,,,,,,,,,,,,,,,,,
1552,NAM,1,0,no_valid_locations,saved,,,,,,,,,,,,,,,,,,,,,,,,,,,,,,,,,,,,,,,,,,,,,,,,,,,,,,,,,,,,,,,,
1494,NAP,65,62,analyzed,saved,140.57047,140.57136,-0.0008899999999982811,0.000633130390143683,negative_factor,False,feasible,False,True,True,True,improvement_l2,0.578726929321116,1.3026793709643174,2/3/4,-2.842170943040401e-14,2.0218705595794198e-14,feasible,False,-0.43472342252030305,1.3323218073586207,feasible,True,0.578726929321116,1.3026793709643174,feasible,False,-0.36692412964951315,1.5361435405721524,feasible,False,-0.3557679783691661,1.89728116572554,feasible,True,0.3453292092504376,1.4688983017042951,12,13.93215,,-7.237118378344135,0.0,9,22.156810000000004,,0.0420288938942989,0.6967998496477742,17,63.18343000000001,,0.633402698056644,0.8813841076074499,24,41.298820000000006,,4.853599395483165,1.6814814149321524,4,0,0,True,True,0.0,0
1258,NAV,10,10,analyzed,saved,11.71302,11.71313,-0.00010999999999938836,0.0009391170421517422,missing_class,False,gate_rejected,False,False,False,True,raw_fallback,,,,-0.00010999999999938836,0.0009391170421517422,feasible,False,-0.041348792659519865,0.09052420539448575,feasible,False,0.057667385563780794,0.019728024170793723,feasible,False,0.04166655436336693,0.09394247622210872,feasible,False,0.045690728476366085,0.1678353231788589,feasible,False,-4.72537122217666e-05,-2.6215042491617435e-05,5,3.1145899999999993,,,1.0,0,0.0,,,1.0,2,4.92831,,,1.0,3,3.67023,,,1.0,0,0,4,False,False,0.0,0
201,NAX,3,3,analyzed,saved,0.84051,0.84055,-4.0000000000040004e-05,0.004758788888232705,missing_class,False,feasible,False,True,True,True,target_l2,0.584499878799895,0.02890112773223983,3/4,-2.220446049250313e-16,2.6416584965205077e-14,feasible,True,0.5785913004996384,0.02858195708231777,feasible,True,0.53571023444424,0.02750137945600379,feasible,True,0.584499878799895,0.02890112773223983,feasible,True,0.47974155280960645,0.025853211659723693,feasible,True,0.5679084547673562,0.028449553832890523,1,0.36562,,,0.0,0,0.0,,,0.0,1,0.32379,,,0.786542978305819,1,0.15113,,,3.876326689834634,4,0,0,True,True,0.0,0
909,NBH,8,8,analyzed,saved,2.7253899999999995,2.7253700000000003,1.9999999999242846e-05,0.0007338453127187444,singular,False,gate_rejected,False,False,False,True,raw_fallback,,,,1.9999999999242846e-05,0.0007338453127187444,feasible,False,0.12451580051179523,0.053349969835317035,feasible,False,0.12451580051179523,0.053349969835317035,feasible,False,0.12451580051179523,0.053349969835317035,feasible,False,0.12451580051179523,0.053349969835317035,feasible,False,0.12451580051179517,0.05334996983531702,4,1.5834499999999998,,,1.0,1,0.22065,,,1.0,1,0.4836,,,1.0,2,0.43772,,,1.0,0,0,4,False,False,0.0,0
906,NCN,8,8,analyzed,saved,4.81613,4.8162,-7.00000000000145e-05,0.0014534280137871037,singular,False,gate_rejected,False,False,False,True,raw_fallback,,,,-7.00000000000145e-05,0.0014534280137871037,feasible,False,-0.09049914778751905,0.049038252715985636,feasible,False,0.3661953126181831,0.02442846002065252,feasible,False,-0.09049914778751905,0.049038252715985636,feasible,False,-0.10060623859964682,0.049232950664399935,feasible,False,0.30022942640708516,0.027983149042229302,4,3.3400299999999996,,,1.0,1,0.38471,,,1.0,1,0.3125,,,1.0,2,0.77895,,,1.0,0,0,4,False,False,0.0,0
866,NDN,3,3,analyzed,saved,0.37563,0.37561,2.0000000000020002e-05,0.005324671867101515,missing_class,False,gate_rejected,False,False,False,True,raw_fallback,,,,2.0000000000020002e-05,0.005324671867101515,feasible,False,0.036332532588925937,0.006516503496503505,feasible,False,0.036332532588925937,0.006516503496503505,feasible,False,0.03633253258892601,0.006516503496503519,feasible,False,0.036332532588925937,0.006516503496503505,feasible,False,0.03633253258892598,0.006516503496503512,1,0.09358,,,1.0,1,0.17648,,,1.0,0,0.0,,,1.0,1,0.10557,,,1.0,0,0,4,False,False,0.0,0
222,NEG,5,5,analyzed,saved,2.7169700000000003,2.717,-2.9999999999752447e-05,0.0011041589988867297,missing_class,False,feasible,False,True,True,True,improvement_l2,0.29587454867076596,0.0029155347617448764,3/4,0.0,0.0,feasible,False,-3.473940574278,-0.00729664318747103,feasible,True,0.29587454867076596,0.0029155347617448764,feasible,False,-3.7560835674279303,-0.008060283455105961,feasible,True,0.23442193222244456,0.0027855762944543824,feasible,True,0.15002226590326515,0.0026070899759120456,0,0.0,,,0.0,2,1.4380600000000001,,,0.0,1,0.79186,,,0.9325707671771177,2,0.48709,,,4.061768146793497,4,0,0,True,True,0.0,0
2244,NEL,1,1,analyzed,saved,0.5933,0.59331,-9.99999999995449e-06,0.0016854595405360587,missing_class,False,gate_rejected,False,False,False,True,raw_fallback,,,,-9.99999999995449e-06,0.0016854595405360587,feasible,False,0.00012226680163060288,3.4320685434437517e-06,feasible,False,0.00012226680163033993,3.4320685434307413e-06,feasible,False,0.00012226680163033993,3.4320685434307413e-06,feasible,False,0.00012226680163060288,3.4320685434437517e-06,feasible,False,0.00012226680163060288,3.4320685434437517e-06,1,0.59332,,,1.0,0,0.0,,,1.0,0,0.0,,,1.0,0,0.0,,,1.0,0,0,4,False,False,0.0,0
992,NEM,1,0,no_valid_locations,saved,,,,,,,,,,,,,,,,,,,,,,,,,,,,,,,,,,,,,,,,,,,,,,,,,,,,,,,,,,,,,,,,
217,NEO,2,2,analyzed,saved,0.62222,0.62224,-2.0000000000020002e-05,0.003214193880178067,missing_class,False,feasible,False,True,True,True,minimax_ratio,0.5221599830975541,0.018330831373754422,3/4,0.0,0.0,feasible,True,0.5203757212400884,0.017097573195662224,feasible,True,0.5217765165045025,0.01806578434048009,feasible,True,0.5169088142535315,0.014701292977056878,feasible,False,0.5340909027961569,0.02657732514309646,feasible,True,0.5221599830975541,0.018330831373754422,0,0.0,,,0.0,0,0.0,,,0.0,1,0.58446,,,0.3521602955846471,1,0.03778,,,11.019410972638578,4,0,0,True,True,0.0,0
2174,NEU,1,1,analyzed,saved,0.25712999999999997,0.25714,-1.0000000000010001e-05,0.0038889320992494363,missing_class,False,gate_rejected,False,False,False,True,raw_fallback,,,,-1.0000000000010001e-05,0.0038889320992494363,feasible,False,0.0001447872444152959,2.968666973674752e-06,feasible,False,0.0001447872444154258,2.9686669736810403e-06,feasible,False,0.00014478724441567976,2.9686669736873287e-06,feasible,False,0.0001447872444154258,2.9686669736810403e-06,feasible,False,0.00014478724441567976,2.9686669736873287e-06,1,0.25715,,,1.0,0,0.0,,,1.0,0,0.0,,,1.0,0,0.0,,,1.0,0,0,4,False,False,0.0,0
1156,NEV,6,6,analyzed,saved,3.681,3.68109,-9.000000000014552e-05,0.0024449279968744454,negative_factor,False,feasible,False,True,True,True,minimax_ratio,0.00875202587646509,0.003096124867633311,1/2/4,-1.7763568394002505e-15,4.825627298980059e-14,feasible,False,0.07716384406603315,-0.030082198096060452,feasible,False,0.055438172724348915,-0.019407755805184352,feasible,False,0.10529809265178894,-0.04390535726120897,feasible,False,-0.06430881907048144,0.022290779784111703,feasible,True,0.00875202587646509,0.003096124867633311,2,0.8594,,-15.913441846467716,0.851818352609989,1,0.46913,,529.4499632898878,5.704531400181736,2,1.35879,,-112.58773880770474,0.0,1,0.99376,,-78.53335738053943,0.2745130184737903,4,0,0,True,True,0.0,0
955,NEY,1,1,analyzed,saved,0.28371999999999997,0.28371999999999997,0.0,0.0,missing_class,False,gate_rejected,False,False,False,True,raw_fallback,,,,0.0,0.0,feasible,False,0.0001654382363186535,4.767955206204204e-06,feasible,False,0.0001654382363186535,4.767955206204204e-06,feasible,False,0.0001654382363186535,4.767955206204204e-06,feasible,False,0.0001654382363186535,4.767955206204204e-06,feasible,False,0.0001654382363186535,4.767955206204204e-06,1,0.28373,,,1.0,0,0.0,,,1.0,0,0.0,,,1.0,0,0.0,,,1.0,0,0,4,False,False,0.0,0
1936,NGD,15,14,analyzed,saved,14.208129999999999,14.20822,-9.000000000192188e-05,0.0006334361376859443,negative_factor,False,feasible,False,True,True,True,minimax_ratio,0.31919962233007537,0.2370704679645621,1/3/4,-1.7763568394002505e-15,1.2502317949751977e-14,feasible,False,0.3459636185793579,0.3070374232060292,feasible,True,0.3061750144703779,0.21272780134911723,feasible,False,0.34596361857935864,0.3070374232060295,feasible,False,0.33862028553359674,0.27336720218540633,feasible,True,0.31919962233007537,0.2370704679645621,7,5.142010000000001,,-31.969589029004265,0.0,1,0.68204,,215.33069462432596,0.0,2,3.99958,,-1.4189281241169571,0.3265905837854094,4,4.384659999999999,,8.53134528644583,2.9425045185808685,4,0,0,True,True,0.0,0
1416,NGL,1,1,analyzed,saved,0.99943,0.99944,-9.99999999995449e-06,0.001000560313771161,missing_class,False,gate_rejected,False,False,False,True,raw_fallback,,,,-9.99999999995449e-06,0.001000560313771161,feasible,False,1.2487075236067325e-05,1.817634230856513e-06,feasible,False,1.2487075236067325e-05,1.817634230856513e-06,feasible,False,1.2487075236067325e-05,1.817634230856513e-06,feasible,False,1.2487075236067325e-05,1.817634230856513e-06,feasible,False,1.2487075236067325e-05,1.817634230856513e-06,1,0.99944,,,1.0,0,0.0,,,1.0,0,0.0,,,1.0,0,0.0,,,1.0,0,0,4,False,False,0.0,0
800,NGZ,4,4,analyzed,saved,0.63314,0.63313,1.0000000000065512e-05,0.0015794544564410962,missing_class,False,gate_rejected,False,False,False,True,raw_fallback,,,,1.0000000000065512e-05,0.0015794544564410962,feasible,False,0.22752439069087377,0.04399447527959489,feasible,False,0.22752439069087377,0.043994475279594894,feasible,False,0.22752439069087377,0.04399447527959489,feasible,False,0.22752439069087377,0.04399447527959489,feasible,False,0.22752439069087377,0.04399447527959489,1,0.10776,,,1.0,1,0.17889,,,1.0,0,0.0,,,1.0,2,0.34648999999999996,,,1.0,0,0,4,False,False,0.0,0
1828,NHS,1,1,analyzed,saved,0.36996,0.36996999999999997,-9.99999999995449e-06,0.002702921858516769,missing_class,False,gate_rejected,False,False,False,True,raw_fallback,,,,-9.99999999995449e-06,0.002702921858516769,feasible,False,-0.000980074456730101,4.350998567843184e-07,feasible,False,-0.000980074456730101,4.350998567843184e-07,feasible,False,-0.000980074456730101,4.350998567843184e-07,feasible,False,-0.000980074456730101,4.350998567843184e-07,feasible,False,-0.000980074456730101,4.350998567843184e-07,1,0.36998,,,1.0,0,0.0,,,1.0,0,0.0,,,1.0,0,0.0,,,1.0,0,0,4,False,False,0.0,0
1893,NID,1,1,analyzed,saved,0.29301,0.29302999999999996,-1.999999999996449e-05,0.0068252397365336295,missing_class,False,gate_rejected,False,False,False,True,raw_fallback,,,,-1.999999999996449e-05,0.0068252397365336295,feasible,False,0.00015209123305674847,7.07058513689518e-07,feasible,False,0.00015209123305674847,7.07058513689518e-07,feasible,False,0.00015209123305715705,7.070585137016611e-07,feasible,False,0.00015209123305674847,7.07058513689518e-07,feasible,False,0.00015209123305674847,7.07058513689518e-07,1,0.29302,,,1.0,0,0.0,,,1.0,0,0.0,,,1.0,0,0.0,,,1.0,0,0,4,False,False,0.0,0
1875,NIE,1,1,analyzed,saved,0.8315300000000001,0.83155,-1.999999999990898e-05,0.002405147014600322,missing_class,False,gate_rejected,False,False,False,True,raw_fallback,,,,-1.999999999990898e-05,0.002405147014600322,feasible,False,-0.00036755718887455566,9.449806423630046e-07,feasible,False,-0.00036755718887455566,9.449806423630046e-07,feasible,False,-0.00036755718887478996,9.449806423417542e-07,feasible,False,-0.00036755718887478996,9.449806423417542e-07,feasible,False,-0.0003675571888748734,9.449806423413205e-07,1,0.83156,,,1.0,0,0.0,,,1.0,0,0.0,,,1.0,0,0.0,,,1.0,0,0,4,False,False,0.0,0
863,NLG,5,5,analyzed,saved,1.3703100000000001,1.37027,4.0000000000040004e-05,0.0029191327256701234,missing_class,False,gate_rejected,False,False,False,True,raw_fallback,,,,4.0000000000040004e-05,0.0029191327256701234,feasible,False,0.23191060438459252,-0.0002948304654926317,feasible,False,0.24986784954630697,-0.0006232039335407925,feasible,False,0.23726029929503092,-0.00031968546632608376,feasible,False,-0.10239094065657799,0.000445829611897125,feasible,False,0.00011324694084690957,1.786261247925698e-05,1,0.11312,,,1.0,3,0.8799699999999999,,,1.0,1,0.37723,,,1.0,0,0.0,,,1.0,0,0,4,False,False,0.0,0
790,NLU,2,2,analyzed,saved,0.33385000000000004,0.33385,5.551115123125783e-17,1.662757263179806e-14,missing_class,False,gate_rejected,False,False,False,True,raw_fallback,,,,5.551115123125783e-17,1.662757263179806e-14,feasible,False,0.013165378287421068,0.0019289928057554043,feasible,False,0.013165378287421068,0.0019289928057554043,feasible,False,0.013165378287421068,0.0019289928057554043,feasible,False,0.013165378287421068,0.0019289928057554043,feasible,False,0.013165378287421068,0.0019289928057554043,0,0.0,,,1.0,1,0.1734,,,1.0,0,0.0,,,1.0,1,0.16045,,,1.0,0,0,4,False,False,0.0,0
1822,NMB,1,1,analyzed,saved,0.25384,0.25384,0.0,0.0,missing_class,False,gate_rejected,False,False,False,True,raw_fallback,,,,0.0,0.0,feasible,False,-0.0007071399945424695,1.0238067986601679e-06,feasible,False,-0.0007071399945424695,1.0238067986601679e-06,feasible,False,-0.0007071399945420378,1.0238067986675405e-06,feasible,False,-0.0007071399945420378,1.0238067986675405e-06,feasible,False,-0.0007071399945420378,1.0238067986675405e-06,1,0.25385,,,1.0,0,0.0,,,1.0,0,0.0,,,1.0,0,0.0,,,1.0,0,0,4,False,False,0.0,0
1988,NMD,1,1,analyzed,saved,0.45433999999999997,0.45433999999999997,0.0,0.0,missing_class,False,gate_rejected,False,False,False,True,raw_fallback,,,,0.0,0.0,feasible,False,0.00017779129169747835,2.408044329795661e-06,feasible,False,0.00017779129169830134,2.4080443298112736e-06,feasible,False,0.00017779129169830134,2.4080443298112736e-06,feasible,False,0.00017779129169830134,2.4080443298112736e-06,feasible,False,0.00017779129169747835,2.408044329795661e-06,1,0.45435,,,1.0,0,0.0,,,1.0,0,0.0,,,1.0,0,0.0,,,1.0,0,0,4,False,False,0.0,0
1986,NMS,1,1,analyzed,saved,0.43782,0.43783000000000005,-1.0000000000065512e-05,0.0022839915035665695,missing_class,False,gate_rejected,False,False,False,True,raw_fallback,,,,-1.0000000000065512e-05,0.0022839915035665695,feasible,False,0.000109485937166026,2.8500136723813574e-06,feasible,False,0.000109485937166026,2.8500136723813574e-06,feasible,False,0.00010948593716672144,2.85001367239697e-06,feasible,False,0.00010948593716672144,2.85001367239697e-06,feasible,False,0.000109485937166026,2.8500136723813574e-06,1,0.43783,,,1.0,0,0.0,,,1.0,0,0.0,,,1.0,0,0.0,,,1.0,0,0,4,False,False,0.0,0
1628,NND,1,1,analyzed,saved,1.23281,1.23282,-1.0000000000065512e-05,0.0008111484239439263,missing_class,False,gate_rejected,False,False,False,True,raw_fallback,,,,-1.0000000000065512e-05,0.0008111484239439263,feasible,False,2.3717056361271068e-05,4.2949028462510586e-06,feasible,False,2.3717056361271068e-05,4.2949028462510586e-06,feasible,False,2.3717056361271068e-05,4.2949028462510586e-06,feasible,False,2.3717056361271068e-05,4.2949028462510586e-06,feasible,False,2.3717056361329774e-05,4.29490284624065e-06,1,1.23284,,,1.0,0,0.0,,,1.0,0,0.0,,,1.0,0,0.0,,,1.0,0,0,4,False,False,0.0,0
795,NNN,1,1,analyzed,saved,0.32845,0.32845,0.0,0.0,missing_class,False,gate_rejected,False,False,False,True,raw_fallback,,,,0.0,0.0,feasible,False,1.79566926960147e-06,3.260869565202551e-07,feasible,False,1.79566926960147e-06,3.260869565202551e-07,feasible,False,1.79566926960147e-06,3.260869565202551e-07,feasible,False,1.79566926960147e-06,3.260869565202551e-07,feasible,False,1.7956692696735287e-06,3.260869565341329e-07,1,0.32845,,,1.0,0,0.0,,,1.0,0,0.0,,,1.0,0,0.0,,,1.0,0,0,4,False,False,0.0,0
6,NOR,119,97,analyzed,saved,37.319810000000004,37.3202,-0.00038999999999589363,0.0010450104768889063,feasible,True,feasible,True,True,True,True,balanced_l2,0.9999999999999905,0.6315974999999936,1/2/3/4,0.0,0.0,feasible,True,0.9999999999999905,0.6315974999999936,feasible,True,0.9999999999999909,0.6315974999999949,feasible,True,0.9999999999999835,0.6315974999999892,feasible,True,0.9999999999999521,0.6315974999999762,feasible,True,0.9999999999999993,0.6315974999999998,52,22.78428,,0.26936984629603705,0.26936984629602806,3,0.8357000000000001,,10.67289274051114,10.672892740511012,5,2.4158,,0.02993992680280993,0.029939926802823928,37,11.28462,,1.9664031947549896,1.966403194755014,4,0,0,True,True,0.0,0
2020,NOV,171,110,analyzed,saved,44.87753,44.87811,-0.0005799999999993588,0.0012923895413584903,missing_class,False,feasible,False,True,True,True,minimax_ratio,0.00021064874420008732,0.0007340962948138019,1/3/4,-1.4210854715202004e-14,3.166544828915924e-14,feasible,False,0.3459729032073704,1.701829312612294,feasible,False,0.2925230067168562,0.8072615621724757,feasible,False,0.22843997411714712,1.5147422800475119,feasible,False,0.30859423606918446,1.7218847502289711,feasible,True,0.00021064874420008732,0.0007340962948138019,8,3.0229700000000004,,,1.0060703463755871,0,0.0,,,0.0,4,5.68294,,,0.999935967481937,98,36.17228000000001,,,0.999471637061641,4,0,0,True,True,0.0,0
824,NPG,1,1,analyzed,saved,0.38436000000000003,0.38436,5.551115123125783e-17,1.444248913291129e-14,missing_class,False,gate_rejected,False,False,False,True,raw_fallback,,,,5.551115123125783e-17,1.444248913291129e-14,feasible,False,8.914125893208262e-05,3.6993038891007524e-06,feasible,False,8.914125893224773e-05,3.699303889113763e-06,feasible,False,8.914125893208262e-05,3.6993038891007524e-06,feasible,False,8.914125893224773e-05,3.699303889113763e-06,feasible,False,8.914125893224773e-05,3.699303889113763e-06,1,0.38436,,,1.0,0,0.0,,,1.0,0,0.0,,,1.0,0,0.0,,,1.0,0,0,4,False,False,0.0,0
1241,NQS,1,1,analyzed,saved,1.2396800000000001,1.23967,1.0000000000065512e-05,0.0008066662902276825,missing_class,False,gate_rejected,False,False,False,True,raw_fallback,,,,1.0000000000065512e-05,0.0008066662902276825,feasible,False,1.784434756570428e-05,3.220141551182193e-06,feasible,False,1.784434756570428e-05,3.220141551182193e-06,feasible,False,1.784434756570428e-05,3.220141551182193e-06,feasible,False,1.784434756570428e-05,3.220141551182193e-06,feasible,False,1.784434756570428e-05,3.220141551182193e-06,1,1.23968,,,1.0,0,0.0,,,1.0,0,0.0,,,1.0,0,0.0,,,1.0,0,0,4,False,False,0.0,0
1157,NRB,1,1,analyzed,saved,0.5418700000000001,0.54193,-5.999999999994898e-05,0.011071540604865752,missing_class,False,gate_rejected,False,False,False,True,raw_fallback,,,,-5.999999999994898e-05,0.011071540604865752,feasible,False,-0.0001500364170626432,-9.927585846725151e-06,feasible,False,-0.0001500364170626432,-9.927585846725151e-06,feasible,False,-0.0001500364170626432,-9.927585846725151e-06,feasible,False,-0.0001500364170626432,-9.927585846725151e-06,feasible,False,-0.0001500364170626432,-9.927585846725151e-06,1,0.54189,,,1.0,0,0.0,,,1.0,0,0.0,,,1.0,0,0.0,,,1.0,0,0,4,False,False,0.0,0
2281,NRI,9,8,analyzed,saved,11.36801,11.368020000000001,-1.000000000139778e-05,8.796606622259442e-05,negative_factor,False,feasible,False,True,True,True,improvement_l2,0.2856815269648996,0.019141531109200537,2/3,0.0,0.0,feasible,True,0.26175510013355835,0.0299282451222067,feasible,True,0.2856815269648996,0.019141531109200537,feasible,True,0.266921333949047,0.030101927946117418,feasible,False,-4.099842764436999,-0.058118803726136495,feasible,True,0.030812572768346317,0.024267339974618947,3,3.20185,,-31.49993807861126,0.0,1,2.74573,,-18.113875868443092,3.985741658277279,1,0.51889,,0.8197918260064965,0.817529406443675,3,4.90161,,32.95582324266342,0.0,4,0,0,True,True,0.0,0
1969,NRK,11,11,analyzed,saved,2.36606,2.36614,-8.000000000008001e-05,0.003381034089279586,negative_factor,False,feasible,False,True,True,True,minimax_ratio,0.3298389545120639,0.05000877119746166,1/3,-4.440892098500626e-16,1.8768509464784948e-14,feasible,False,0.5464846786251537,0.06715151632463794,feasible,False,0.5245382957848184,0.06541494271334011,feasible,False,0.5503251291587858,0.06745540353469534,feasible,False,0.3414153714498834,0.06593195766954936,feasible,True,0.3298389545120639,0.05000877119746166,1,0.3497,,9.3096681436746,5.470270722538867,1,0.02608,,-6.945847312949151,0.0,1,0.48999,,0.46621196715099805,0.9247621738430121,8,1.5003599999999997,,-0.6243392013277266,0.0,4,0,0,True,True,0.0,0
1158,NRM,21,21,analyzed,saved,29.551710000000003,29.55205,-0.0003399999999977865,0.0011505124009934557,negative_factor,False,feasible,False,True,True,True,improvement_l2,0.5491789826433703,0.08549541411715941,2/3/4,-3.552713678800501e-15,1.2021885719604902e-14,feasible,False,0.25042523637715863,0.06319513474927052,feasible,True,0.5491789826433703,0.08549541411715941,feasible,False,0.2648664260560114,0.06439831996850348,feasible,False,-0.3523229741804342,0.06479403402473505,feasible,True,0.212598835434848,0.07028676262915617,15,18.780689999999996,,-3.7001825422356007,0.0,1,3.24269,,-0.32759324436417875,0.6068992859650639,3,2.22926,,2.368540829236112,1.2058906260889743,2,5.29934,,17.89398313122492,4.697895132746276,4,0,0,True,True,0.0,0
993,NRO,2,0,no_valid_locations,saved,,,,,,,,,,,,,,,,,,,,,,,,,,,,,,,,,,,,,,,,,,,,,,,,,,,,,,,,,,,,,,,,
1364,NRP,2,2,analyzed,saved,0.75546,0.75546,0.0,0.0,missing_class,False,gate_rejected,False,False,False,True,raw_fallback,,,,0.0,0.0,feasible,False,-0.6019702413493275,0.0028420820374533157,feasible,False,0.028040388941678207,-0.00038085705074790595,feasible,False,-0.6502959228891515,0.0027035740806761405,feasible,False,-0.2741871180845233,0.0037129459765482924,feasible,False,-0.00021581186579903015,1.8854783612456613e-06,1,0.39337,,,1.0,0,0.0,,,1.0,1,0.3621,,,1.0,0,0.0,,,1.0,0,0,4,False,False,0.0,0
1335,NRS,1,1,analyzed,saved,3.31964,3.31966,-1.9999999999686935e-05,0.0006024713374166913,missing_class,False,gate_rejected,False,False,False,True,raw_fallback,,,,-1.9999999999686935e-05,0.0006024713374166913,feasible,False,-0.0003494292965511183,-1.4627163305224941e-06,feasible,False,-0.0003494292965511183,-1.4627163305224941e-06,feasible,False,-0.0003494292965511183,-1.4627163305224941e-06,feasible,False,-0.0003494292965511183,-1.4627163305224941e-06,feasible,False,-0.0003494292965511183,-1.4627163305224941e-06,1,3.31965,,,1.0,0,0.0,,,1.0,0,0.0,,,1.0,0,0.0,,,1.0,0,0,4,False,False,0.0,0
1783,NSH,1,1,analyzed,saved,1.99296,1.99297,-9.999999999843467e-06,0.0005017636993955488,missing_class,False,gate_rejected,False,False,False,True,raw_fallback,,,,-9.999999999843467e-06,0.0005017636993955488,feasible,False,2.395597043988961e-05,2.0225213480939974e-06,feasible,False,2.395597043988961e-05,2.0225213480939974e-06,feasible,False,2.3955970440001568e-05,2.0225213481356308e-06,feasible,False,2.3955970440001568e-05,2.0225213481356308e-06,feasible,False,2.395597043988961e-05,2.0225213480939974e-06,1,1.99297,,,1.0,0,0.0,,,1.0,0,0.0,,,1.0,0,0.0,,,1.0,0,0,4,False,False,0.0,0
1891,NSI,1,1,analyzed,saved,1.1685600000000003,1.16856,2.220446049250313e-16,1.9001557893906284e-14,missing_class,False,gate_rejected,False,False,False,True,raw_fallback,,,,2.220446049250313e-16,1.9001557893906284e-14,feasible,False,-2.8153362121089292e-05,2.8201626669274032e-06,feasible,False,-2.8153362121089292e-05,2.8201626669274032e-06,feasible,False,-2.815336212087578e-05,2.8201626669516894e-06,feasible,False,-2.8153362121089292e-05,2.8201626669274032e-06,feasible,False,-2.8153362121089292e-05,2.8201626669274032e-06,1,1.16857,,,1.0,0,0.0,,,1.0,0,0.0,,,1.0,0,0.0,,,1.0,0,0,4,False,False,0.0,0
2049,NSL,12,12,analyzed,saved,4.253900000000001,4.2540000000000004,-9.999999999976694e-05,0.0023507287258995517,negative_factor,False,feasible,False,True,True,True,minimax_ratio,0.07223646211653909,0.03236074840399348,1/2/3,-8.881784197001252e-16,2.0878665249180185e-14,feasible,False,0.3999722799480543,0.17245103110680118,feasible,False,0.436766968694623,0.1700310064633047,feasible,False,0.11654127248117353,0.19109258091104753,feasible,False,-0.3728749631336483,0.22328199170544216,feasible,True,0.07223646211653909,0.03236074840399348,1,0.07979,,82.6252745974479,8.253615555567222,1,0.44189,,95.49184132063641,5.88609753497059,5,1.70567,,0.7853119676059297,0.582923062372604,5,2.02667,,-22.635985729612194,0.0,4,0,0,True,True,0.0,0
1379,NSR,13,8,analyzed,saved,3.2424,3.24242,-2.0000000000131024e-05,0.0006168232369690238,negative_factor,False,feasible,False,True,True,True,improvement_l2,0.7520581065266346,0.1107236980579601,1/3/4,4.440892098500626e-16,1.3696227196046862e-14,feasible,True,0.7426819510572642,0.11438775437316834,feasible,True,0.7520581065266346,0.1107236980579601,feasible,True,0.7401956324591235,0.11618039826494139,feasible,True,0.7346357149085588,0.11719400060409807,feasible,True,0.6016927763394114,0.0935750207509046,2,0.47774,,11.630373795173695,2.9922256970225587,1,0.26714,,-46.41885184731675,0.0,4,2.24173,,0.41571199919035834,0.4107994115362671,1,0.25583,,35.78319455704435,3.4863406370087695,4,0,0,True,True,0.0,0
1784,NSS,2,2,analyzed,saved,1.6333099999999998,1.63331,-2.220446049250313e-16,1.359476185935501e-14,missing_class,False,gate_rejected,False,False,False,True,raw_fallback,,,,-2.220446049250313e-16,1.359476185935501e-14,feasible,False,-0.11226632914540967,0.0002096762208067017,feasible,False,0.2263524271546906,-0.0004179875400777081,feasible,False,-0.11226632914540738,0.0002096762208068162,feasible,False,-0.11226632914540967,0.0002096762208067017,feasible,False,-6.121277641081133e-05,1.6928057704635596e-06,1,0.1158,,,1.0,0,0.0,,,1.0,0,0.0,,,1.0,1,1.51752,,,1.0,0,0,4,False,False,0.0,0
1531,NSU,2,2,analyzed,saved,1.2227899999999998,1.2227999999999999,-1.0000000000065512e-05,0.0008177952240812491,missing_class,False,gate_rejected,False,False,False,True,raw_fallback,,,,-1.0000000000065512e-05,0.0008177952240812491,feasible,False,0.6271932167648514,0.04645490714786263,feasible,False,0.6271932167648513,0.046454907147862594,feasible,False,0.6271932167648514,0.04645490714786263,feasible,False,0.6271932167648514,0.04645490714786263,feasible,False,0.6271932167648513,0.046454907147862594,1,0.07276,,,1.0,0,0.0,,,1.0,0,0.0,,,1.0,1,1.15004,,,1.0,0,0,4,False,False,0.0,0
1890,NSW,1,1,analyzed,saved,0.24914999999999998,0.24916,-1.0000000000010001e-05,0.004013485310647777,missing_class,False,gate_rejected,False,False,False,True,raw_fallback,,,,-1.0000000000010001e-05,0.004013485310647777,feasible,False,2.3227336164206616e-05,2.134568098669659e-06,feasible,False,2.3227336164206616e-05,2.134568098669659e-06,feasible,False,2.3227336164206616e-05,2.134568098669659e-06,feasible,False,2.3227336164206616e-05,2.134568098669659e-06,feasible,False,2.3227336164206616e-05,2.134568098669659e-06,1,0.24915,,,1.0,0,0.0,,,1.0,0,0.0,,,1.0,0,0.0,,,1.0,0,0,4,False,False,0.0,0
99,NTA,1,1,analyzed,saved,1.87499,1.8749799999999996,1.0000000000287557e-05,0.000533339022298241,missing_class,False,gate_rejected,False,False,False,True,raw_fallback,,,,1.0000000000287557e-05,0.000533339022298241,feasible,False,-0.0002730863065474448,2.2435212945664043e-06,feasible,False,-0.000273086306547585,2.2435212946123745e-06,feasible,False,-0.0002730863065474448,2.2435212945664043e-06,feasible,False,-0.0002730863065474448,2.2435212945664043e-06,feasible,False,-0.000273086306547585,2.2435212946123745e-06,1,1.875,,,1.0,0,0.0,,,1.0,0,0.0,,,1.0,0,0.0,,,1.0,0,0,4,False,False,0.0,0
570,NTL,1,0,no_valid_locations,saved,,,,,,,,,,,,,,,,,,,,,,,,,,,,,,,,,,,,,,,,,,,,,,,,,,,,,,,,,,,,,,,,
2265,NUP,8,5,analyzed,saved,1.90578,1.90581,-2.999999999997449e-05,0.0015741338328571313,negative_factor,False,feasible,False,True,True,True,minimax_ratio,0.0074671387461986115,0.002460095729653472,3/4,-2.220446049250313e-16,1.1650930833872805e-14,feasible,False,0.17914548371918967,0.006412993030051689,feasible,False,0.24919444230994878,0.014988210383761538,feasible,False,-0.22487213890711227,-0.009581461290096613,feasible,False,-0.4747331880368246,-0.022531127401220097,feasible,True,0.0074671387461986115,0.002460095729653472,1,0.02275,,-335.0795734668527,0.0,1,0.1853,,-107.16092498860579,0.0,1,1.1535,,1.1891547766309523,0.9995103822154956,2,0.54426,,51.47804777189248,1.3832434714217312,4,0,0,True,True,0.0,0
2187,NUR,1,1,analyzed,saved,8.00954,8.00956,-2.0000000001019203e-05,0.00024970160659286157,missing_class,False,gate_rejected,False,False,False,True,raw_fallback,,,,-2.0000000001019203e-05,0.00024970160659286157,feasible,False,1.569892688481431e-06,2.702275338772875e-07,feasible,False,1.569892688481431e-06,2.702275338772875e-07,feasible,False,1.569892688481431e-06,2.702275338772875e-07,feasible,False,1.569892688481431e-06,2.702275338772875e-07,feasible,False,1.569892688481431e-06,2.702275338772875e-07,1,8.00955,,,1.0,0,0.0,,,1.0,0,0.0,,,1.0,0,0.0,,,1.0,0,0,4,False,False,0.0,0
2047,NVS,5,5,analyzed,saved,2.0257799999999997,2.02584,-6.000000000039307e-05,0.002961734391679159,missing_class,False,gate_rejected,False,False,False,True,raw_fallback,,,,-6.000000000039307e-05,0.002961734391679159,feasible,False,-2.9463570574267375,0.00015436004651366193,feasible,False,0.4249728603576549,-0.0008516187856205133,feasible,False,-6.071050277569171,0.0009064710650438044,feasible,False,-75.10550011205949,0.0020722360893329628,feasible,False,-8.968202188674638e-05,2.0145764903674312e-06,0,0.0,,,1.0,1,1.4723,,,1.0,3,0.28411,,,1.0,1,0.26942,,,1.0,0,0,4,False,False,0.0,0
1813,NWG,1,1,analyzed,saved,0.23039,0.2304,-9.999999999982245e-06,0.004340277777770072,missing_class,False,gate_rejected,False,False,False,True,raw_fallback,,,,-9.999999999982245e-06,0.004340277777770072,feasible,False,0.0001553886242688515,1.8150863899174183e-06,feasible,False,0.00015538862426873112,1.815086389912214e-06,feasible,False,0.0001553886242688515,1.8150863899174183e-06,feasible,False,0.0001553886242688515,1.8150863899174183e-06,feasible,False,0.00015538862426873112,1.815086389912214e-06,1,0.2304,,,1.0,0,0.0,,,1.0,0,0.0,,,1.0,0,0.0,,,1.0,0,0,4,False,False,0.0,0
788,NWU,3,3,analyzed,saved,0.8228800000000001,0.8228599999999999,2.0000000000131024e-05,0.00243054711617177,missing_class,False,gate_rejected,False,False,False,True,raw_fallback,,,,2.0000000000131024e-05,0.00243054711617177,feasible,False,0.004332142211656386,0.0019553191489362215,feasible,False,0.004332142211656386,0.0019553191489362215,feasible,False,0.004332142211656386,0.0019553191489362215,feasible,False,0.004332142211656386,0.0019553191489362215,feasible,False,0.004332142211656386,0.0019553191489362215,1,0.30679,,,1.0,1,0.29544,,,1.0,0,0.0,,,1.0,1,0.22065,,,1.0,0,0,4,False,False,0.0,0
911,NYA,2,2,analyzed,saved,1.54509,1.54508,1.0000000000065512e-05,0.0006472156781568276,missing_class,False,feasible,False,True,True,True,improvement_l2,0.25083794499738715,0.007405548494908534,1/3,-2.220446049250313e-16,1.437107495566775e-14,feasible,True,0.23011989204982702,0.007680235825623761,feasible,True,0.25083794499738715,0.007405548494908534,feasible,True,0.2153608379107094,0.007875916626112988,feasible,False,-2.1343002546473766,0.03902856090373285,feasible,True,0.028015340934612637,0.010359810002393973,1,1.33832,,,0.9054177049603749,0,0.0,,,0.0,1,0.20679,,,1.6118757041434164,0,0.0,,,0.0,4,0,0,True,True,0.0,0
544,NYM,1,0,no_valid_locations,saved,,,,,,,,,,,,,,,,,,,,,,,,,,,,,,,,,,,,,,,,,,,,,,,,,,,,,,,,,,,,,,,,
1992,NYS,3,3,analyzed,saved,5.72448,5.724510000000001,-3.0000000001528804e-05,0.0005240623215179779,missing_class,False,gate_rejected,False,False,False,True,raw_fallback,,,,-3.0000000001528804e-05,0.0005240623215179779,feasible,False,0.03828461275099834,0.0013464054713848688,feasible,False,0.03828461275099834,0.0013464054713848688,feasible,False,0.03828461275099834,0.0013464054713848688,feasible,False,-0.020343038413517756,-0.0007200234719945547,feasible,False,-6.725238876781414e-05,-5.369716316504236e-06,0,0.0,,,1.0,0,0.0,,,1.0,2,0.9308299999999999,,,1.0,1,4.79369,,,1.0,0,0,4,False,False,0.0,0
789,NYZ,2,2,analyzed,saved,0.60805,0.60805,0.0,0.0,missing_class,False,gate_rejected,False,False,False,True,raw_fallback,,,,0.0,0.0,feasible,False,0.028038958910044258,0.007881751279863484,feasible,False,0.2793914356508972,0.005350170147936182,feasible,False,0.028038958910044258,0.007881751279863484,feasible,False,0.028038958910043425,0.007881751279863467,feasible,False,0.1665244636280319,0.00648694787336692,1,0.23561,,,1.0,0,0.0,,,1.0,0,0.0,,,1.0,1,0.37245,,,1.0,0,0,4,False,False,0.0,0
2056,NZH,6,5,analyzed,saved,2.3432200000000005,2.34324,-1.9999999999686935e-05,0.0008535190590672288,missing_class,False,gate_rejected,False,False,False,True,raw_fallback,,,,-1.9999999999686935e-05,0.0008535190590672288,feasible,False,0.3177645849513976,0.04722732779356021,feasible,False,0.36904412458866453,0.047467202507121546,feasible,False,0.26892084731837995,0.04699884724055872,feasible,False,0.32617969900101884,0.04726669189640739,feasible,False,0.0003047157405451091,3.9084208836068224e-05,0,0.0,,,1.0,0,0.0,,,1.0,1,0.91186,,,1.0,4,1.43141,,,1.0,0,0,4,False,False,0.0,0
760,NZN,1,1,analyzed,saved,0.07154,0.07154999999999999,-9.999999999982245e-06,0.013976240391309918,missing_class,False,gate_rejected,False,False,False,True,raw_fallback,,,,-9.999999999982245e-06,0.013976240391309918,feasible,False,-0.001161678277043241,2.948570402909218e-06,feasible,False,-0.001161678277043241,2.948570402909218e-06,feasible,False,-0.001161678277043241,2.948570402909218e-06,feasible,False,-0.0011616782770433407,2.9485704029091637e-06,feasible,False,-0.001161678277043241,2.948570402909218e-06,1,0.07156,,,1.0,0,0.0,,,1.0,0,0.0,,,1.0,0,0.0,,,1.0,0,0,4,False,False,0.0,0
2012,OAH,1,1,analyzed,saved,0.51242,0.5124299999999999,-9.99999999995449e-06,0.0019514860566232444,missing_class,False,gate_rejected,False,False,False,True,raw_fallback,,,,-9.99999999995449e-06,0.0019514860566232444,feasible,False,7.666374321383962e-06,1.0869565218035726e-07,feasible,False,7.666374321205011e-06,1.0869565217688781e-07,feasible,False,7.666374321383962e-06,1.0869565218035726e-07,feasible,False,7.666374321383962e-06,1.0869565218035726e-07,feasible,False,7.666374321205011e-06,1.0869565217688781e-07,1,0.51243,,,1.0,0,0.0,,,1.0,0,0.0,,,1.0,0,0.0,,,1.0,0,0,4,False,False,0.0,0
1612,OAP,1,1,analyzed,saved,0.39216999999999996,0.39218,-1.0000000000010001e-05,0.0025498495588785765,missing_class,False,gate_rejected,False,False,False,True,raw_fallback,,,,-1.0000000000010001e-05,0.0025498495588785765,feasible,False,0.0001725420708601806,3.750173957426002e-06,feasible,False,0.0001725420708601806,3.750173957426002e-06,feasible,False,0.00017254207086009218,3.7501739574242673e-06,feasible,False,0.00017254207086009218,3.7501739574242673e-06,feasible,False,0.0001725420708601806,3.750173957426002e-06,1,0.39218,,,1.0,0,0.0,,,1.0,0,0.0,,,1.0,0,0.0,,,1.0,0,0,4,False,False,0.0,0
2168,OBW,1,1,analyzed,saved,0.61647,0.61648,-1.0000000000065512e-05,0.0016221126395123138,missing_class,False,gate_rejected,False,False,False,True,raw_fallback,,,,-1.0000000000065512e-05,0.0016221126395123138,feasible,False,0.0001454586859534953,2.355294891484387e-06,feasible,False,0.0001454586859534264,2.3552948914835198e-06,feasible,False,0.0001454586859534953,2.355294891484387e-06,feasible,False,0.0001454586859534953,2.355294891484387e-06,feasible,False,0.0001454586859534953,2.355294891484387e-06,1,0.61648,,,1.0,0,0.0,,,1.0,0,0.0,,,1.0,0,0.0,,,1.0,0,0,4,False,False,0.0,0
1975,OEL,4,4,analyzed,saved,1.5905399999999998,1.59057,-3.0000000000196536e-05,0.0018861162979432868,missing_class,False,feasible,False,True,True,True,balanced_l2,0.44473792868154693,0.03483153371380771,3/4,0.0,0.0,feasible,True,0.44473792868154693,0.03483153371380771,feasible,True,0.43552247103975605,0.03516298223315893,feasible,True,0.44385403105865906,0.03486332449075573,feasible,False,0.010579769662021815,0.05044671904315197,feasible,True,0.32192764662629797,0.039248599879217506,2,0.86957,,,0.0,0,0.0,,,0.0,1,0.32128,,,1.579553427006678,1,0.39973,,,2.709456873322134,4,0,0,True,True,0.0,0
2199,OET,2,2,analyzed,saved,1.71209,1.71215,-6.000000000017103e-05,0.0035043658558053343,missing_class,False,gate_rejected,False,False,False,True,raw_fallback,,,,-6.000000000017103e-05,0.0035043658558053343,feasible,False,-1.495444748145749,-0.03266014276822673,feasible,False,0.2502498898985856,0.005482974393035418,feasible,False,0.18937606913973087,0.005018908457776784,feasible,False,0.18937606913973087,0.005018908457776784,feasible,False,0.001025762448631401,1.919274901008433e-05,0,0.0,,,1.0,0,0.0,,,1.0,1,1.67822,,,1.0,1,0.0339,,,1.0,0,0,4,False,False,0.0,0
2209,OFB,1,1,analyzed,saved,1.14978,1.14978,0.0,0.0,missing_class,False,gate_rejected,False,False,False,True,raw_fallback,,,,0.0,0.0,feasible,False,6.8424391608341755e-06,3.636393539688254e-07,feasible,False,6.8424391608341755e-06,3.636393539688254e-07,feasible,False,6.842439160744786e-06,3.636393539480087e-07,feasible,False,6.8424391608341755e-06,3.636393539688254e-07,feasible,False,6.8424391608341755e-06,3.636393539688254e-07,1,1.14978,,,1.0,0,0.0,,,1.0,0,0.0,,,1.0,0,0.0,,,1.0,0,0,4,False,False,0.0,0
1018,OGE,19,8,analyzed,saved,1.55259,1.5526,-1.0000000000065512e-05,0.0006440808965648276,negative_factor,False,feasible,False,True,True,True,target_l2,0.8994807147549408,0.04128773874211539,2/3/4,4.440892098500626e-16,2.8602937643312036e-14,feasible,True,0.8974649099606402,0.0413006304348814,feasible,True,0.8903347548673114,0.04136209166946081,feasible,True,0.8994807147549408,0.04128773874211539,feasible,False,0.3779040826652559,0.04469582542132295,feasible,True,0.8328370067466949,0.041778466750849216,4,0.74517,,-0.42384872213386515,0.0,1,0.16864,,3.54621813899548,1.0335874090424104,1,0.38774,,0.7186188063783007,0.7156827639525278,2,0.25107999999999997,,3.949597040029723,4.383835968761884,4,0,0,True,True,0.0,0
1579,OGL,2,2,analyzed,saved,0.7228399999999999,0.72281,2.999999999997449e-05,0.0041504683111709155,missing_class,False,gate_rejected,False,False,False,True,raw_fallback,,,,2.999999999997449e-05,0.0041504683111709155,feasible,False,0.024889027497267145,0.010760735294117668,feasible,False,0.024889027497267145,0.010760735294117668,feasible,False,0.024889027497267204,0.010760735294117696,feasible,False,0.024889027497267145,0.010760735294117668,feasible,False,0.024889027497267124,0.010760735294117654,0,0.0,,,1.0,1,0.54043,,,1.0,0,0.0,,,1.0,1,0.18241,,,1.0,0,0,4,False,False,0.0,0
183,OHK,1,1,analyzed,saved,0.57972,0.57972,0.0,0.0,missing_class,False,gate_rejected,False,False,False,True,raw_fallback,,,,0.0,0.0,feasible,False,7.916888598716944e-06,7.407407407161032e-07,feasible,False,7.916888598716944e-06,7.407407407161032e-07,feasible,False,7.916888598716944e-06,7.407407407161032e-07,feasible,False,7.916888598716944e-06,7.407407407161032e-07,feasible,False,7.916888598716944e-06,7.407407407161032e-07,1,0.57972,,,1.0,0,0.0,,,1.0,0,0.0,,,1.0,0,0.0,,,1.0,0,0,4,False,False,0.0,0
304,OIL,2,2,analyzed,saved,0.92843,0.9284300000000001,-1.1102230246251565e-16,1.1958069263435653e-14,missing_class,False,gate_rejected,False,False,False,True,raw_fallback,,,,-1.1102230246251565e-16,1.1958069263435653e-14,feasible,False,0.466978839760113,0.05328207441113489,feasible,False,0.466978839760113,0.05328207441113489,feasible,False,0.466978839760113,0.05328207441113489,feasible,False,0.466978839760113,0.05328207441113489,feasible,False,0.466978839760113,0.05328207441113489,1,0.61623,,,1.0,0,0.0,,,1.0,0,0.0,,,1.0,1,0.31222,,,1.0,0,0,4,False,False,0.0,0
2273,OKE,1,1,analyzed,saved,1.52517,1.52519,-2.0000000000131024e-05,0.0013113120332634636,missing_class,False,gate_rejected,False,False,False,True,raw_fallback,,,,-2.0000000000131024e-05,0.0013113120332634636,feasible,False,2.3238853189989904e-05,2.1185553822616193e-07,feasible,False,2.3238853189989904e-05,2.1185553822616193e-07,feasible,False,2.3238853190345247e-05,2.1185553827299947e-07,feasible,False,2.3238853189989904e-05,2.1185553822616193e-07,feasible,False,2.3238853189989904e-05,2.1185553822616193e-07,1,1.52518,,,1.0,0,0.0,,,1.0,0,0.0,,,1.0,0,0.0,,,1.0,0,0,4,False,False,0.0,0
1879,OLD,3,3,analyzed,saved,1.93023,1.9302700000000002,-4.000000000026205e-05,0.0020722489600036287,missing_class,False,gate_rejected,False,False,False,True,raw_fallback,,,,-4.000000000026205e-05,0.0020722489600036287,feasible,False,0.41170120711035074,0.08577231850369457,feasible,False,0.41170120711035074,0.08577231850369457,feasible,False,0.41170120711035074,0.08577231850369457,feasible,False,0.41170120711035074,0.08577231850369457,feasible,False,0.41170120711035074,0.08577231850369457,1,1.7518,,,1.0,1,0.0639,,,1.0,0,0.0,,,1.0,1,0.11456,,,1.0,0,0,4,False,False,0.0,0
136,OMA,7,7,analyzed,saved,1.48574,1.48578,-4.0000000000040004e-05,0.0026921886147370407,singular,False,gate_rejected,False,False,False,True,raw_fallback,,,,-4.0000000000040004e-05,0.0026921886147370407,feasible,False,-4.894441635580819,0.009566939281288676,feasible,False,0.26068783502254217,0.0015515496556032377,feasible,False,-4.894441635580819,0.009566939281288676,feasible,False,-4.894441635580819,0.009566939281288676,feasible,False,0.03135516943266106,0.0019081247288543698,4,0.67346,,,1.0,1,0.24472,,,1.0,1,0.33278,,,1.0,1,0.23481,,,1.0,0,0,4,False,False,0.0,0
1687,OMT,1,1,analyzed,saved,0.43238000000000004,0.43238,5.551115123125783e-17,1.2838510391613357e-14,missing_class,False,gate_rejected,False,False,False,True,raw_fallback,,,,5.551115123125783e-17,1.2838510391613357e-14,feasible,False,0.0009281793533191448,1.0131229114356205e-05,feasible,False,0.0009281793533191448,1.0131229114356205e-05,feasible,False,0.0009281793533190448,1.0131229114344279e-05,feasible,False,0.0009281793533190448,1.0131229114344279e-05,feasible,False,0.0009281793533190448,1.0131229114344279e-05,1,0.4324,,,1.0,0,0.0,,,1.0,0,0.0,,,1.0,0,0.0,,,1.0,0,0,4,False,False,0.0,0
2278,OND,1,1,analyzed,saved,0.81652,0.81653,-9.99999999995449e-06,0.0012246947448292763,missing_class,False,gate_rejected,False,False,False,True,raw_fallback,,,,-9.99999999995449e-06,0.0012246947448292763,feasible,False,2.3919397673627205e-05,1.5049659179370428e-07,feasible,False,2.3919397673627205e-05,1.5049659179370428e-07,feasible,False,2.3919397673627205e-05,1.5049659179370428e-07,feasible,False,2.3919397673627205e-05,1.5049659179370428e-07,feasible,False,2.3919397673627205e-05,1.5049659179370428e-07,1,0.81653,,,1.0,0,0.0,,,1.0,0,0.0,,,1.0,0,0.0,,,1.0,0,0,4,False,False,0.0,0
1095,ONN,4,3,analyzed,saved,1.78399,1.7839999999999998,-9.999999999843467e-06,0.000560538116583154,missing_class,False,gate_rejected,False,False,False,True,raw_fallback,,,,-9.999999999843467e-06,0.000560538116583154,feasible,False,0.012104629961976239,0.001551325672487766,feasible,False,0.0580024308672613,0.007424335314874811,feasible,False,-0.06155817235200786,-0.007874449413513424,feasible,False,0.0580024308672613,0.007424335314874811,feasible,False,-7.541624642402479e-05,-7.213678324957673e-06,1,0.15461,,,1.0,2,1.6294,,,1.0,0,0.0,,,1.0,0,0.0,,,1.0,0,0,4,False,False,0.0,0
1093,ONO,3,3,analyzed,saved,1.08967,1.08965,1.999999999990898e-05,0.0018354517505537538,missing_class,False,gate_rejected,False,False,False,True,raw_fallback,,,,1.999999999990898e-05,0.0018354517505537538,feasible,False,-0.291533923808085,-0.0017930858350922244,feasible,False,0.25687542425753424,0.0020171439013548023,feasible,False,-2.1664128491608166,-0.014666994513915094,feasible,False,-0.5313229212661974,0.00023649703928210752,feasible,False,0.00868685809111555,0.00026838857661037885,1,0.54433,,,1.0,1,0.16497,,,1.0,0,0.0,,,1.0,1,0.38038,,,1.0,0,0,4,False,False,0.0,0
262,ONW,12,12,analyzed,saved,40.17648,40.17666,-0.00018000000000029104,0.00044802131386802944,negative_factor,False,feasible,False,True,True,True,balanced_l2,0.729062734519222,0.2154482229310745,1/3/4,0.0,0.0,feasible,True,0.729062734519222,0.2154482229310745,feasible,True,0.7277085740234575,0.21299202594118816,feasible,True,0.7283616919511167,0.21585909714668888,feasible,True,0.6604453248087349,0.21834778340602445,feasible,True,0.5567877754275453,0.19602387810955202,1,7.74803,,10.601240744580817,2.4430666724726624,2,8.99988,,-13.286463603682451,0.0,5,17.37835,,0.4758810009712237,0.4759032638281073,4,6.05037,,11.461185608867776,2.1448676007761827,4,0,0,True,True,0.0,0
1092,ONY,6,6,analyzed,saved,2.1184399999999997,2.11843,9.999999999621423e-06,0.0004720476956813028,singular,False,gate_rejected,False,False,False,True,raw_fallback,,,,9.999999999621423e-06,0.0004720476956813028,feasible,False,0.3618812508939871,0.0806206740677748,feasible,False,0.29174721277738974,0.05744070060237587,feasible,False,0.3416814507554681,0.07394444603654704,feasible,False,0.33939182627619646,0.0829670319303941,feasible,False,0.22152197452209899,0.03423058461486131,1,1.08184,,,1.0,3,0.6838700000000001,,,1.0,1,0.04352,,,1.0,1,0.30924,,,1.0,0,0,4,False,False,0.0,0
1976,OPL,3,3,analyzed,saved,0.40786,0.40791,-4.999999999999449e-05,0.012257605844425118,missing_class,False,gate_rejected,False,False,False,True,raw_fallback,,,,-4.999999999999449e-05,0.012257605844425118,feasible,False,-0.25382606527087603,0.015054595321627371,feasible,False,0.06556911082342753,-0.004006319679198664,feasible,False,-0.2560822342186772,0.015189239323040928,feasible,False,-0.1940708595227841,0.011488514858079717,feasible,False,-0.0005959864700817734,-5.7708710946008726e-05,0,0.0,,,1.0,0,0.0,,,1.0,1,0.24298,,,1.0,2,0.16491,,,1.0,0,0,4,False,False,0.0,0
1993,OPV,4,4,analyzed,saved,8.25915,8.25918,-3.0000000000640625e-05,0.00036323218528522955,negative_factor,False,feasible,False,True,True,True,minimax_ratio,0.009645672073719089,0.0016973642338485098,2/3/4,0.0,0.0,feasible,False,0.33646660057483063,0.0576775690746351,feasible,False,0.32799927196203343,0.052484032043348165,feasible,False,0.33915004843720226,0.05812821293169711,feasible,False,0.3353086537464642,0.059752142013564866,feasible,True,0.009645672073719089,0.0016973642338485098,1,0.04654,,-103.51555909366296,0.0,1,0.60778,,2.4426307287005935,1.0141604461217912,1,7.12416,,0.30764925259142073,0.9933064142327651,1,0.4807,,19.557471614587758,1.1780519275930441,4,0,0,True,True,0.0,0
1163,ORA,1,1,analyzed,saved,1.31964,1.31966,-2.0000000000131024e-05,0.0015155418820098376,missing_class,False,gate_rejected,False,False,False,True,raw_fallback,,,,-2.0000000000131024e-05,0.0015155418820098376,feasible,False,1.647553615190182e-05,2.813629588989397e-06,feasible,False,1.647553615190182e-05,2.813629588989397e-06,feasible,False,1.647553615190182e-05,2.813629588989397e-06,feasible,False,1.647553615190182e-05,2.813629588989397e-06,feasible,False,1.647553615190182e-05,2.813629588989397e-06,1,1.31966,,,1.0,0,0.0,,,1.0,0,0.0,,,1.0,0,0.0,,,1.0,0,0,4,False,False,0.0,0
296,ORD,4,3,analyzed,saved,2.28934,2.2893499999999998,-9.999999999621423e-06,0.00043680520670152766,missing_class,False,gate_rejected,False,False,False,True,raw_fallback,,,,-9.999999999621423e-06,0.00043680520670152766,feasible,False,0.45955730136652145,0.08876386705775201,feasible,False,0.4898433228001011,0.09596105053671179,feasible,False,0.4762641965091759,0.09273410098131737,feasible,False,0.5087644908129885,0.1015338942946024,feasible,False,0.23586821470286937,0.03560629393478546,1,0.51505,,,1.0,1,1.51539,,,1.0,0,0.0,,,1.0,1,0.25892,,,1.0,0,0,4,False,False,0.0,0
2022,ORE,5,5,analyzed,saved,1.40482,1.40484,-2.0000000000131024e-05,0.0014236496682989536,singular,False,gate_rejected,False,False,False,True,raw_fallback,,,,-2.0000000000131024e-05,0.0014236496682989536,feasible,False,0.360437228169079,0.0228107156220097,feasible,False,0.3350538847693422,0.018275572629032885,feasible,False,0.2505759173033142,0.023888613406278916,feasible,False,0.354584745812757,0.026455640624560465,feasible,False,0.3242961452382471,0.016353529252539772,1,0.80339,,,1.0,2,0.02564,,,1.0,1,0.24481,,,1.0,1,0.331,,,1.0,0,0,4,False,False,0.0,0
1285,ORI,21,21,analyzed,saved,72.30982999999999,72.31031,-0.00048000000001025,0.0006638057560674958,negative_factor,False,feasible,False,True,True,True,improvement_l2,0.9400426664008863,1.4455742100393019,1/3/4,-1.4210854715202004e-14,1.9652598246642842e-14,feasible,True,0.9252940636328782,1.4441538293581215,feasible,True,0.9400426664008863,1.4455742100393019,feasible,True,0.9211064198211961,1.443704353467632,feasible,True,0.886097001027547,1.453662289011742,feasible,True,0.8668296569205299,1.3468131438839104,1,3.55627,,5.345649897689607,5.293975779461087,2,13.15863,,-0.18453742740689383,0.0,2,16.79285,,0.8298133475354382,0.8273293360796142,16,38.80235,,1.0770722846055527,1.020303179564119,4,0,0,True,True,0.0,0
354,ORK,2,2,analyzed,saved,0.18744,0.18746000000000002,-2.0000000000020002e-05,0.010668942707788329,missing_class,False,gate_rejected,False,False,False,True,raw_fallback,,,,-2.0000000000020002e-05,0.010668942707788329,feasible,False,0.0613882585924078,0.0004171641791044763,feasible,False,0.0613882585924078,0.0004171641791044763,feasible,False,0.001221476746687505,8.097563923371853e-06,feasible,False,0.0613882585924078,0.0004171641791044763,feasible,False,-0.0001275709403843826,-1.074446846347464e-06,1,0.18593,,,1.0,1,0.00152,,,1.0,0,0.0,,,1.0,0,0.0,,,1.0,0,0,4,False,False,0.0,0
1911,ORM,36,14,analyzed,saved,20.17133,20.17143,-9.999999999976694e-05,0.000495750673104321,missing_class,False,feasible,False,True,True,True,improvement_l2,0.3230244674765039,0.17746216207790433,3/4,0.0,0.0,feasible,False,-0.06622005676730627,-0.03986377850555717,feasible,True,0.3230244674765039,0.17746216207790433,feasible,False,-0.013295381616944935,-0.01084454310048677,feasible,True,0.3142844315883163,0.17321183955151603,feasible,True,0.29120381469068746,0.1619876218048228,8,4.75739,,,0.0,0,0.0,,,0.0,1,9.62844,,,0.9591925078064107,5,5.78556,,,1.890189215721761,4,0,0,True,True,0.0,0
2212,ORT,2,1,analyzed,saved,0.5457799999999999,0.54579,-1.0000000000065512e-05,0.0018322065263316498,missing_class,False,gate_rejected,False,False,False,True,raw_fallback,,,,-1.0000000000065512e-05,0.0018322065263316498,feasible,False,0.0003521399802311334,1.2541964676529224e-06,feasible,False,0.00035213998023165557,1.2541964676468509e-06,feasible,False,0.0003521399802311334,1.2541964676529224e-06,feasible,False,0.0003521399802311334,1.2541964676529224e-06,feasible,False,0.00035213998023165557,1.2541964676468509e-06,0,0.0,,,1.0,0,0.0,,,1.0,1,0.54579,,,1.0,0,0.0,,,1.0,0,0,4,False,False,0.0,0
1865,OSN,2,2,analyzed,saved,0.6296300000000001,0.62966,-2.999999999986347e-05,0.004764476066426876,missing_class,False,gate_rejected,False,False,False,True,raw_fallback,,,,-2.999999999986347e-05,0.004764476066426876,feasible,False,-1.5604477484409929,-0.0008969659882759329,feasible,False,0.25005626505385886,0.0012841011557822163,feasible,False,-1.5604477484409907,-0.0008969659882759121,feasible,False,-1.5604477484409929,-0.0008969659882759329,feasible,False,0.0023019401830387397,1.6807784893817235e-05,0,0.0,,,1.0,0,0.0,,,1.0,1,0.55078,,,1.0,1,0.07888,,,1.0,0,0,4,False,False,0.0,0
302,OSS,1,1,analyzed,saved,0.8886700000000001,0.8886799999999999,-9.999999999843467e-06,0.0011252644371251145,missing_class,False,gate_rejected,False,False,False,True,raw_fallback,,,,-9.999999999843467e-06,0.0011252644371251145,feasible,False,3.950495689840674e-05,1.915760869629357e-06,feasible,False,3.950495689840674e-05,1.915760869629357e-06,feasible,False,3.9504956898151286e-05,1.9157608696033362e-06,feasible,False,3.950495689840674e-05,1.915760869629357e-06,feasible,False,3.9504956898151286e-05,1.9157608696033362e-06,1,0.88868,,,1.0,0,0.0,,,1.0,0,0.0,,,1.0,0,0.0,,,1.0,0,0,4,False,False,0.0,0
1978,OSW,2,2,analyzed,saved,2.21258,2.21258,0.0,0.0,missing_class,False,feasible,False,True,True,True,target_l2,0.44130776457388765,0.05464454717060707,3/4,0.0,0.0,feasible,True,0.43283267572046713,0.0614388936581421,feasible,True,0.41611733977356935,0.07483931765876337,feasible,True,0.44130776457388765,0.05464454717060707,feasible,True,0.4159463555927436,0.07497639300847456,feasible,True,0.4159463555927436,0.07497639300847456,0,0.0,,,0.0,0,0.0,,,0.0,1,1.52412,,,0.30161708793791764,1,0.68847,,,2.5460153945530744,4,0,0,True,True,0.0,0
1728,OTA,1,1,analyzed,saved,0.37728,0.37728,0.0,0.0,missing_class,False,gate_rejected,False,False,False,True,raw_fallback,,,,0.0,0.0,feasible,False,0.0001621072602000475,4.216867469877643e-06,feasible,False,0.00016210726019999578,4.2168674698767755e-06,feasible,False,0.00016210726019999578,4.2168674698767755e-06,feasible,False,0.0001621072602000475,4.216867469877643e-06,feasible,False,0.00016210726019999578,4.2168674698767755e-06,1,0.37729,,,1.0,0,0.0,,,1.0,0,0.0,,,1.0,0,0.0,,,1.0,0,0,4,False,False,0.0,0
1026,OTC,23,13,analyzed,saved,2.45288,2.4528299999999996,5.000000000032756e-05,0.002038461695279639,negative_factor,False,gate_rejected,False,False,False,True,raw_fallback,,,,5.000000000032756e-05,0.002038461695279639,feasible,False,-0.23051075838105883,-0.022509218736163926,feasible,False,0.45632469981563334,0.01083232414980348,feasible,False,-1.0753052454926955,-0.06458921439149218,feasible,False,-0.6849443182679459,-0.0034089775489232416,feasible,False,0.0016237273411865475,0.00031634347721015265,1,0.00289,,53933.607513637384,1.0,10,1.75315,,43.561865565155344,1.0,1,0.39048,,-36.02084709167892,1.0,1,0.30644,,-704.7311133797416,1.0,0,0,4,False,False,0.0,0
1600,OTO,2,2,analyzed,saved,1.6394600000000001,1.63946,2.220446049250313e-16,1.354376471063834e-14,missing_class,False,feasible,False,True,True,True,target_l2,0.2640720335441581,0.00380065351488359,3/4,2.220446049250313e-16,1.354376471063834e-14,feasible,True,0.2417463351712554,0.003953696969897433,feasible,True,0.25877501023844257,0.0038369647977135766,feasible,True,0.2640720335441581,0.00380065351488359,feasible,False,-0.27239964126326927,0.007478185892962579,feasible,True,0.08999245456055882,0.004993975209462032,0,0.0,,,0.0,0,0.0,,,0.0,1,0.74159,,,0.6939686301158933,1,0.89788,,,1.2527321077337263,4,0,0,True,True,0.0,0
2298,OUA,16,13,analyzed,saved,4.73191,4.7319700000000005,-6.000000000039307e-05,0.0012679708451320078,negative_factor,False,feasible,False,True,True,True,improvement_l2,0.344919093732451,0.05021837970934398,2/3,0.0,0.0,feasible,False,0.24465888911453476,0.037841093532681475,feasible,True,0.344919093732451,0.05021837970934398,feasible,True,0.2911387307859827,0.044092956409693546,feasible,False,-0.3130387604152241,0.011478147025154622,feasible,True,0.07987697519001075,0.025672892771788247,6,2.6446899999999998,,-15.260013803332305,0.0,2,0.18703999999999998,,-49.94612317248718,24.506235826880257,1,0.62507,,14.43954640370122,0.23656616505739983,4,1.27525,,35.60603404610006,0.0,4,0,0,True,True,0.0,0
2269,OWO,1,1,analyzed,saved,0.35752,0.35752000000000006,-5.551115123125783e-17,1.552672612196739e-14,missing_class,False,gate_rejected,False,False,False,True,raw_fallback,,,,-5.551115123125783e-17,1.552672612196739e-14,feasible,False,0.00043419015547318336,5.736785904951469e-06,feasible,False,0.00043419015547318336,5.736785904951469e-06,feasible,False,0.0004341901554742443,5.736785904977056e-06,feasible,False,0.00043419015547357866,5.7367859049631785e-06,feasible,False,0.00043419015547357866,5.7367859049631785e-06,1,0.35753,,,1.0,0,0.0,,,1.0,0,0.0,,,1.0,0,0.0,,,1.0,0,0,4,False,False,0.0,0
1641,OXT,1,1,analyzed,saved,3.0460100000000003,3.04604,-2.9999999999752447e-05,0.0009848852936846675,missing_class,False,gate_rejected,False,False,False,True,raw_fallback,,,,-2.9999999999752447e-05,0.0009848852936846675,feasible,False,3.180025670917574e-06,-1.4059662722665234e-06,feasible,False,3.180025670917574e-06,-1.4059662722665234e-06,feasible,False,3.180025670917574e-06,-1.4059662722665234e-06,feasible,False,3.180025670917574e-06,-1.4059662722665234e-06,feasible,False,3.180025670917574e-06,-1.4059662722665234e-06,1,3.04603,,,1.0,0,0.0,,,1.0,0,0.0,,,1.0,0,0.0,,,1.0,0,0,4,False,False,0.0,0
2267,OYO,11,9,analyzed,saved,5.097519999999999,5.097589999999999,-7.00000000000145e-05,0.0013731979229403405,negative_factor,False,feasible,False,True,True,True,improvement_l2,0.30182520194336554,0.029540697317684363,2/3,-5.329070518200751e-15,1.0454097952563372e-13,feasible,False,-0.2446580834976987,-0.0027274801563775403,feasible,True,0.30182520194336554,0.029540697317684363,feasible,False,-0.15112575309717874,0.002767573898212451,feasible,False,-0.9004737952555859,0.0029548113181790472,feasible,True,0.07002227461978855,0.020773800991138715,5,1.84336,,-13.313875625267684,0.0,2,0.66644,,43.26137071960575,5.222164964198108,1,1.7038,,0.9612830861182133,0.9491862004910006,1,0.88398,,-0.938220877839455,0.0,4,0,0,True,True,0.0,0
1640,OZL,1,1,analyzed,saved,1.37734,1.37734,0.0,0.0,missing_class,False,gate_rejected,False,False,False,True,raw_fallback,,,,0.0,0.0,feasible,False,-0.0004788025148008182,2.2573756962760393e-06,feasible,False,-0.0004788025148008182,2.2573756962760393e-06,feasible,False,-0.0004788025148008182,2.2573756962760393e-06,feasible,False,-0.0004788025148008182,2.2573756962760393e-06,feasible,False,-0.0004788025148008182,2.2573756962760393e-06,1,1.37736,,,1.0,0,0.0,,,1.0,0,0.0,,,1.0,0,0.0,,,1.0,0,0,4,False,False,0.0,0
1672,OZT,1,1,analyzed,saved,0.61658,0.61658,0.0,0.0,missing_class,False,gate_rejected,False,False,False,True,raw_fallback,,,,0.0,0.0,feasible,False,5.306186503625232e-05,1.997931737971609e-06,feasible,False,5.306186503665733e-05,1.9979317379967623e-06,feasible,False,5.306186503665733e-05,1.9979317379967623e-06,feasible,False,5.306186503665733e-05,1.9979317379967623e-06,feasible,False,5.306186503625232e-05,1.997931737971609e-06,1,0.61659,,,1.0,0,0.0,,,1.0,0,0.0,,,1.0,0,0.0,,,1.0,0,0,4,False,False,0.0,0
1734,OZU,1,1,analyzed,saved,1.5454899999999998,1.54549,-2.220446049250313e-16,1.436726248148039e-14,missing_class,False,gate_rejected,False,False,False,True,raw_fallback,,,,-2.220446049250313e-16,1.436726248148039e-14,feasible,False,3.189666853374737e-05,4.481500781632064e-06,feasible,False,3.189666853374737e-05,4.481500781632064e-06,feasible,False,3.189666853374737e-05,4.481500781632064e-06,feasible,False,3.189666853374737e-05,4.481500781632064e-06,feasible,False,3.189666853374737e-05,4.481500781632064e-06,1,1.5455,,,1.0,0,0.0,,,1.0,0,0.0,,,1.0,0,0.0,,,1.0,0,0,4,False,False,0.0,0
1496,PAD,3,3,analyzed,saved,0.8709800000000001,0.87107,-8.999999999992347e-05,0.01033212026587111,missing_class,False,feasible,False,True,True,True,minimax_ratio,0.005626069360727276,0.0013043858800355426,3/4,2.220446049250313e-16,2.5491017360835672e-14,feasible,False,0.1844279380717789,0.015987571318000902,feasible,False,0.18442793807177887,0.01598757131800091,feasible,False,-0.6633952965098089,-0.05363555880763857,feasible,False,-0.10156941842905708,-0.007498493176413948,feasible,True,0.005626069360727276,0.0013043858800355426,1,0.0698,,,0.0,0,0.0,,,0.0,1,0.18678,,,0.9834867173619335,1,0.61443,,,1.1186937777109418,4,0,0,True,True,0.0,0
2101,PAH,11,10,analyzed,saved,20.11227,20.112329999999996,-5.999999999772854e-05,0.00029832446065537185,feasible,True,feasible,True,True,True,True,balanced_l2,0.999999999999944,0.098774999999997,1/2/3/4,-3.552713678800501e-15,1.7664356535520755e-14,feasible,True,0.999999999999944,0.098774999999997,feasible,True,0.9999999999981536,0.09877499999978556,feasible,True,0.9999999999999932,0.09877499999999845,feasible,True,0.9999999999994487,0.09877499999995425,feasible,True,0.9999999999999976,0.09877499999999907,1,2.61178,,1.5364736761307898,1.536473676130767,2,1.8608900000000002,,5.987742679005949,5.987742679005996,4,3.33599,,0.6172820120896844,0.6172820120896845,3,12.3037,,0.23549579369729867,0.23549579369729612,4,0,0,True,True,0.0,0
2181,PAL,11,10,analyzed,saved,5.6766700000000005,5.67676,-8.999999999925734e-05,0.0015854113966286638,negative_factor,False,feasible,False,True,True,True,improvement_l2,0.2383389187469931,0.08300351303137124,2/4,0.0,0.0,feasible,False,0.2920650698677513,0.0823197108932371,feasible,True,0.2383389187469931,0.08300351303137124,feasible,False,0.29493194812049883,0.08228322256421856,feasible,True,0.20251809407470506,0.08345942427737853,feasible,True,0.2166541550269345,0.08327950689073753,6,2.0294,,-6.033741793572787,0.0,1,0.31875,,55.41678765207637,11.542774054103331,1,0.54169,,-2.4431775735454035,0.0,2,2.7869099999999998,,0.5672076182878442,0.7167014740542776,4,0,0,True,True,0.0,0
860,PAN,4,3,analyzed,saved,0.8439899999999999,0.84396,2.999999999986347e-05,0.0035546708374642718,missing_class,False,gate_rejected,False,False,False,True,raw_fallback,,,,2.999999999986347e-05,0.0035546708374642718,feasible,False,3.561769139375554e-05,1.3214285714241436e-05,feasible,False,3.561769139389622e-05,1.3214285714296947e-05,feasible,False,3.561769139375554e-05,1.3214285714241436e-05,feasible,False,3.561769139375554e-05,1.3214285714241436e-05,feasible,False,3.561769139375554e-05,1.3214285714241436e-05,1,0.21079,,,1.0,1,0.44095,,,1.0,1,0.19225,,,1.0,0,0.0,,,1.0,0,0,4,False,False,0.0,0
1497,PAP,20,20,analyzed,saved,41.88239,41.882870000000004,-0.0004800000000031446,0.0011460532671307973,negative_factor,False,feasible,False,True,True,True,absolute_l2,0.7719899318468053,1.043325224778571,1/3/4,0.0,0.0,feasible,True,0.719194208192021,0.9449273206230465,feasible,True,0.7475104213833806,0.9961301103800217,feasible,True,0.7272079158763806,0.9574898993664964,feasible,True,0.7719899318468053,1.043325224778571,feasible,True,0.688907791786615,0.8851342337839414,3,4.22877,,3.8797791160399995,3.7532364319757745,3,4.84667,,-1.8870205892380028,0.0,6,17.94773,,1.1615521756983225,0.8984528885723869,8,14.85947,,0.9269906494869432,0.6652969177743128,4,0,0,True,True,0.0,0
1498,PAR,3,3,analyzed,saved,2.37402,2.37412,-0.00010000000000021103,0.004212087004878061,missing_class,False,gate_rejected,False,False,False,True,raw_fallback,,,,-0.00010000000000021103,0.004212087004878061,feasible,False,0.02540069548607183,0.016469549856637275,feasible,False,0.01637576105160987,0.010615618661059978,feasible,False,-0.003253790283568974,-0.0021168885666271314,feasible,False,0.03340338169156539,0.0216604102187766,feasible,False,1.7539616189598433e-06,-5.2131684419032265e-06,0,0.0,,,1.0,0,0.0,,,1.0,1,2.04846,,,1.0,2,0.32561,,,1.0,0,0,4,False,False,0.0,0
228,PAT,2,2,analyzed,saved,0.58521,0.58522,-9.99999999995449e-06,0.0017087590991344262,missing_class,False,gate_rejected,False,False,False,True,raw_fallback,,,,-9.99999999995449e-06,0.0017087590991344262,feasible,False,-0.898027044425808,0.011057434133262756,feasible,False,0.0829779349891266,-0.0012301946506310937,feasible,False,-1.301890152522078,0.008410693752351251,feasible,False,-0.7717058974752768,0.011498539078897318,feasible,False,4.4288441468701595e-05,4.92910393916704e-06,1,0.04282,,,1.0,0,0.0,,,1.0,0,0.0,,,1.0,1,0.54241,,,1.0,0,0,4,False,False,0.0,0
1499,PAV,3,3,analyzed,saved,7.383769999999999,7.38383,-6.000000000039307e-05,0.0008125864219570748,missing_class,False,gate_rejected,False,False,False,True,raw_fallback,,,,-6.000000000039307e-05,0.0008125864219570748,feasible,False,-1.05119568897859,0.0974380663477965,feasible,False,0.18861568408289656,-0.016207592798651416,feasible,False,-1.1423112596690081,0.08473780201368158,feasible,False,-1.060465713464115,0.09828779080254144,feasible,False,-2.1034324522258945e-05,-9.360115218737253e-06,1,0.20544,,,1.0,0,0.0,,,1.0,1,4.88166,,,1.0,1,2.29671,,,1.0,0,0,4,False,False,0.0,0
839,PCD,1,1,analyzed,saved,0.01691,0.01692,-9.999999999999593e-06,0.05910165484633329,missing_class,False,gate_rejected,False,False,False,True,raw_fallback,,,,-9.999999999999593e-06,0.05910165484633329,feasible,False,0.0056491943878988525,9.271913813830852e-07,feasible,False,0.0056491943878988525,9.271913813830852e-07,feasible,False,0.0056491943878988525,9.271913813830852e-07,feasible,False,0.0056491943878988525,9.271913813830852e-07,feasible,False,0.0056491943878988525,9.271913813830852e-07,1,0.01691,,,1.0,0,0.0,,,1.0,0,0.0,,,1.0,0,0.0,,,1.0,0,0,4,False,False,0.0,0
73,PCJ,7,7,analyzed,saved,7.490449999999999,7.49052,-7.000000000090267e-05,0.0009345145597488916,negative_factor,False,feasible,False,True,True,True,minimax_ratio,0.04737167599971639,0.015336507806456956,1/2/3,0.0,0.0,feasible,False,0.31034964226933154,0.005240940125084959,feasible,False,0.31883568288437786,0.0032174381044102127,feasible,False,0.3399710303707774,-0.006457721214553232,feasible,False,-4.226940370229179,0.02436541923398554,feasible,True,0.04737167599971639,0.015336507806456956,3,2.3386899999999997,,-14.424129982253246,0.26872973795969557,1,0.09765,,1212.3932631016494,58.42899898764034,2,1.1551,,1.0456685294905157,1.0006583543582854,1,3.8991,,-20.103397072421128,0.0,4,0,0,True,True,0.0,0
109,PCO,1,1,analyzed,saved,2.3540499999999995,2.35406,-1.0000000000509601e-05,0.0004247980085685837,missing_class,False,gate_rejected,False,False,False,True,raw_fallback,,,,-1.0000000000509601e-05,0.0004247980085685837,feasible,False,-0.019074704386351036,-2.4929406618016958e-08,feasible,False,-0.01907470438631289,-2.492940639423763e-08,feasible,False,-0.019074704386332228,-2.4929406506127294e-08,feasible,False,-0.019074704386332228,-2.4929406506127294e-08,feasible,False,-0.019074704386332228,-2.4929406506127294e-08,1,2.35407,,,1.0,0,0.0,,,1.0,0,0.0,,,1.0,0,0.0,,,1.0,0,0,4,False,False,0.0,0
108,PCR,2,2,analyzed,saved,1.1899800000000003,1.18999,-9.999999999843467e-06,0.0008403431961481581,missing_class,False,gate_rejected,False,False,False,True,raw_fallback,,,,-9.999999999843467e-06,0.0008403431961481581,feasible,False,-1.3718545687789172,9.09114347446018e-05,feasible,False,0.2505880513366206,5.4576564429582256e-05,feasible,False,-1.3538448555881177,9.050810424459472e-05,feasible,False,-1.405652115411648,9.166833638177361e-05,feasible,False,0.000527386877897623,8.980659501926173e-06,0,0.0,,,1.0,0,0.0,,,1.0,1,1.10112,,,1.0,1,0.08888,,,1.0,0,0,4,False,False,0.0,0
1833,PDB,3,3,analyzed,saved,1.14495,1.14499,-4.0000000000040004e-05,0.003493480292407794,missing_class,False,gate_rejected,False,False,False,True,raw_fallback,,,,-4.0000000000040004e-05,0.003493480292407794,feasible,False,-0.11865424842500946,0.013426332944414435,feasible,False,0.00013098042961119227,-0.00034829945138751053,feasible,False,-0.040222345193870135,0.022016949731318024,feasible,False,-0.006387668484131248,0.014979003579469536,feasible,False,-1.623963749508661e-05,-2.1408208770688775e-06,0,0.0,,,1.0,0,0.0,,,1.0,1,0.78256,,,1.0,2,0.3624,,,1.0,0,0,4,False,False,0.0,0
857,PDG,1,1,analyzed,saved,0.07778,0.07777,9.999999999996123e-06,0.012858428700007873,missing_class,False,gate_rejected,False,False,False,True,raw_fallback,,,,9.999999999996123e-06,0.012858428700007873,feasible,False,0.00011286245508700929,4.0384615384650435e-06,feasible,False,0.00011286245508700929,4.0384615384650435e-06,feasible,False,0.00011286245508682245,4.038461538458105e-06,feasible,False,0.00011286245508691588,4.038461538461574e-06,feasible,False,0.00011286245508700929,4.0384615384650435e-06,1,0.07778,,,1.0,0,0.0,,,1.0,0,0.0,,,1.0,0,0.0,,,1.0,0,0,4,False,False,0.0,0
1977,PDK,1,1,analyzed,saved,1.12002,1.1200100000000002,9.999999999843467e-06,0.0008928491709755686,missing_class,False,gate_rejected,False,False,False,True,raw_fallback,,,,9.999999999843467e-06,0.0008928491709755686,feasible,False,1.3936638944593362e-06,1.892940189839043e-06,feasible,False,1.3936638944593362e-06,1.892940189839043e-06,feasible,False,1.3936638940521361e-06,1.8929401898112874e-06,feasible,False,1.3936638940521361e-06,1.8929401898112874e-06,feasible,False,1.3936638940521361e-06,1.8929401898112874e-06,1,1.12003,,,1.0,0,0.0,,,1.0,0,0.0,,,1.0,0,0.0,,,1.0,0,0,4,False,False,0.0,0
858,PDN,6,6,analyzed,saved,1.1312,1.1311900000000001,9.999999999843467e-06,0.000884024788041219,singular,False,gate_rejected,False,False,False,True,raw_fallback,,,,9.999999999843467e-06,0.000884024788041219,feasible,False,0.017569299156010427,0.006274148351648343,feasible,False,0.017569299156010427,0.006274148351648343,feasible,False,0.017569299156010427,0.006274148351648343,feasible,False,0.017569299156010427,0.006274148351648343,feasible,False,0.017569299156010427,0.006274148351648343,1,0.32955,,,1.0,3,0.6129,,,1.0,1,0.12034,,,1.0,1,0.06841,,,1.0,0,0,4,False,False,0.0,0
1271,PDU,2,2,analyzed,saved,4.276000000000001,4.2760299999999996,-2.999999999886427e-05,0.0007015853490004577,missing_class,False,gate_rejected,False,False,False,True,raw_fallback,,,,-2.999999999886427e-05,0.0007015853490004577,feasible,False,-0.0014597681094392634,-0.0049591375192303,feasible,False,0.18546973210202924,0.0032531905344168333,feasible,False,0.02605354799649627,-0.0038601960988671608,feasible,False,-0.06364746709780822,-0.0011162100287621102,feasible,False,-2.6490450064572408e-05,-3.2749601233672543e-07,0,0.0,,,1.0,1,0.17329,,,1.0,0,0.0,,,1.0,1,4.10273,,,1.0,0,0,4,False,False,0.0,0
1501,PEA,3,2,analyzed,saved,0.71734,0.71739,-4.999999999999449e-05,0.006969709641895551,missing_class,False,gate_rejected,False,False,False,True,raw_fallback,,,,-4.999999999999449e-05,0.006969709641895551,feasible,False,0.022028243948378618,0.02173526221101403,feasible,False,0.0020178947979847908,0.001978286202766022,feasible,False,0.03302927725082858,0.03259699927461574,feasible,False,0.016886981048916255,0.016659098522247465,feasible,False,1.7261741552021594e-05,2.9853721718597903e-06,0,0.0,,,1.0,0,0.0,,,1.0,1,0.39199,,,1.0,1,0.32539,,,1.0,0,0,4,False,False,0.0,0
2096,PEG,28,28,analyzed,saved,30.698169999999998,30.69846,-0.0002900000000032321,0.0009446727946718894,negative_factor,False,feasible,False,True,True,True,improvement_l2,0.5606668481490429,0.4209361103471867,2/4,3.552713678800501e-15,1.1572937791669355e-14,feasible,True,0.4722364410505572,0.4163005578325486,feasible,True,0.5606668481490429,0.4209361103471867,feasible,True,0.5177401061217247,0.4160967439442984,feasible,False,-0.4505941620201889,0.2722316998369174,feasible,True,0.1884392988470901,0.3645731390683252,16,22.800659999999997,,-4.327733421337545,0.0,3,3.1995500000000003,,-0.2160690798133825,1.14150133453527,2,1.39265,,-1.9890801341876188,0.0,7,3.30556,,40.184805562327604,8.18188068641502,4,0,0,True,True,0.0,0
551,PEM,1,1,analyzed,saved,0.21594000000000002,0.21595,-9.999999999982245e-06,0.004630701551276798,missing_class,False,gate_rejected,False,False,False,True,raw_fallback,,,,-9.999999999982245e-06,0.004630701551276798,feasible,False,-0.0017789423098133323,-1.9296577946888507e-06,feasible,False,-0.0017789423098116828,-1.929657794682779e-06,feasible,False,-0.0017789423098116828,-1.929657794682779e-06,feasible,False,-0.0017789423098133323,-1.9296577946888507e-06,feasible,False,-0.0017789423098116828,-1.929657794682779e-06,1,0.21595,,,1.0,0,0.0,,,1.0,0,0.0,,,1.0,0,0.0,,,1.0,0,0,4,False,False,0.0,0
1183,PER,2,2,analyzed,saved,11.32066,11.32068,-1.9999999999242846e-05,0.00017666783266767408,missing_class,False,gate_rejected,False,False,False,True,raw_fallback,,,,-1.9999999999242846e-05,0.00017666783266767408,feasible,False,0.3806503170514467,0.027823531709575133,feasible,False,0.3554353391917303,0.0268605380920275,feasible,False,0.37971913309565875,0.027678622634645503,feasible,False,0.25348327759717904,0.022888177366744235,feasible,False,6.955377876062383e-06,1.7135838352722033e-06,0,0.0,,,1.0,0,0.0,,,1.0,1,0.42434,,,1.0,1,10.89634,,,1.0,0,0,4,False,False,0.0,0
1502,PES,1,1,analyzed,saved,0.20353000000000002,0.20354,-9.999999999982245e-06,0.004913039206044142,missing_class,False,gate_rejected,False,False,False,True,raw_fallback,,,,-9.999999999982245e-06,0.004913039206044142,feasible,False,2.5748419703113902e-05,6.999215403620876e-07,feasible,False,2.5748419703193042e-05,6.999215403664244e-07,feasible,False,2.5748419703193042e-05,6.999215403664244e-07,feasible,False,2.5748419703113902e-05,6.999215403620876e-07,feasible,False,2.5748419703113902e-05,6.999215403620876e-07,1,0.20354,,,1.0,0,0.0,,,1.0,0,0.0,,,1.0,0,0.0,,,1.0,0,0,4,False,False,0.0,0
859,PGB,1,1,analyzed,saved,0.6798900000000001,0.6798799999999999,1.0000000000176534e-05,0.001470847796695966,missing_class,False,gate_rejected,False,False,False,True,raw_fallback,,,,1.0000000000176534e-05,0.001470847796695966,feasible,False,2.0775687750327043e-05,5.593922651966898e-06,feasible,False,2.0775687750424336e-05,5.593922651994654e-06,feasible,False,2.077568775022975e-05,5.593922651939143e-06,feasible,False,2.0775687750327043e-05,5.593922651966898e-06,feasible,False,2.077568775022975e-05,5.593922651939143e-06,1,0.67989,,,1.0,0,0.0,,,1.0,0,0.0,,,1.0,0,0.0,,,1.0,0,0,4,False,False,0.0,0
1315,PGL,1,1,analyzed,saved,0.97787,0.9778700000000001,-1.1102230246251565e-16,1.135348282108211e-14,missing_class,False,gate_rejected,False,False,False,True,raw_fallback,,,,-1.1102230246251565e-16,1.135348282108211e-14,feasible,False,0.0008236659290841863,1.6012426703737592e-06,feasible,False,0.000823665929066808,1.601242670394576e-06,feasible,False,0.000823665929066808,1.601242670394576e-06,feasible,False,0.000823665929066808,1.601242670394576e-06,feasible,False,0.0008236659290841863,1.6012426703737592e-06,1,0.97787,,,1.0,0,0.0,,,1.0,0,0.0,,,1.0,0,0.0,,,1.0,0,0,4,False,False,0.0,0
1432,PGS,5,3,analyzed,saved,2.3177600000000003,2.3177499999999998,1.0000000000509601e-05,0.00043145291772234286,missing_class,False,gate_rejected,False,False,False,True,raw_fallback,,,,1.0000000000509601e-05,0.00043145291772234286,feasible,False,0.1695795708854748,0.011707819683908147,feasible,False,0.16957957088547496,0.011707819683908063,feasible,False,0.16957957088547496,0.011707819683908063,feasible,False,0.16957957088547496,0.011707819683908063,feasible,False,0.16957957088547496,0.011707819683908063,1,0.07325,,,1.0,1,0.37582,,,1.0,0,0.0,,,1.0,1,1.86869,,,1.0,0,0,4,False,False,0.0,0
2108,PHY,2,2,analyzed,saved,0.7236199999999999,0.72364,-2.0000000000020002e-05,0.0027638052070117743,missing_class,False,gate_rejected,False,False,False,True,raw_fallback,,,,-2.0000000000020002e-05,0.0027638052070117743,feasible,False,0.07489311565181489,0.006840991984831504,feasible,False,0.255902783989183,0.004542446147742744,feasible,False,0.07489311565181489,0.006840991984831504,feasible,False,0.07489311565181489,0.006840991984831504,feasible,False,0.08371989348250798,0.006728905411644837,1,0.52214,,,1.0,0,0.0,,,1.0,0,0.0,,,1.0,1,0.20149,,,1.0,0,0,4,False,False,0.0,0
1503,PIE,3,3,analyzed,saved,7.4889,7.4889600000000005,-6.000000000039307e-05,0.0008011793359878149,missing_class,False,gate_rejected,False,False,False,True,raw_fallback,,,,-6.000000000039307e-05,0.0008011793359878149,feasible,False,-5.038460010497022,-0.002982058904641663,feasible,False,0.250126191544839,0.0003611098608259783,feasible,False,-4.770208559616726,-0.002812484308026747,feasible,False,-56.171230888472216,-0.0294222615094447,feasible,False,0.025888426693508926,2.4307776669632575e-05,1,0.28047,,,1.0,0,0.0,,,1.0,1,1.26349,,,1.0,1,5.94497,,,1.0,0,0,4,False,False,0.0,0
72,PIG,1,1,analyzed,saved,2.51823,2.5182299999999995,4.440892098500626e-16,1.763497416241021e-14,missing_class,False,gate_rejected,False,False,False,True,raw_fallback,,,,4.440892098500626e-16,1.763497416241021e-14,feasible,False,2.4455613715663835e-05,3.429031348121253e-06,feasible,False,2.4455613715663835e-05,3.429031348121253e-06,feasible,False,2.4455613715862573e-05,3.4290313481177837e-06,feasible,False,2.4455613714075858e-05,3.4290313480067613e-06,feasible,False,2.4455613714075858e-05,3.4290313480067613e-06,1,2.51824,,,1.0,0,0.0,,,1.0,0,0.0,,,1.0,0,0.0,,,1.0,0,0,4,False,False,0.0,0
2104,PIN,26,26,analyzed,saved,22.00388,22.00414,-0.00026000000000081513,0.0011815958269708116,negative_factor,False,feasible,False,True,True,True,improvement_l2,0.42686996123990845,0.13698629518869332,2/3/4,-7.105427357601002e-15,3.2291320440612544e-14,feasible,True,0.3442650915045153,0.24276694077600525,feasible,True,0.42686996123990845,0.13698629518869332,feasible,True,0.36738707672546905,0.24835498799961037,feasible,False,-1.1908106889756593,0.0373599560829776,feasible,True,0.15786283885904598,0.22112672009796697,15,6.58188,,-9.223319662867075,0.0,5,2.24641,,-36.53324022248706,7.234561220915362,2,1.7516600000000002,,-1.8361004991077474,0.8335164457273739,4,11.42413,,14.705557753409773,0.3756932884304192,4,0,0,True,True,0.0,0
1505,PIS,4,4,analyzed,saved,7.9597,7.959770000000001,-7.000000000090267e-05,0.0008794223953820609,missing_class,False,gate_rejected,False,False,False,True,raw_fallback,,,,-7.000000000090267e-05,0.0008794223953820609,feasible,False,-0.8997869604114134,-0.03732894623126157,feasible,False,0.3468182436881345,-0.01830861983319837,feasible,False,-0.9581523309293967,-0.013509771648541474,feasible,False,-2.7609637712304633,-0.02234777148617001,feasible,False,-3.345099469593416e-05,-8.963164168956927e-06,2,0.7323000000000001,,,1.0,0,0.0,,,1.0,1,4.11515,,,1.0,1,3.11229,,,1.0,0,0,4,False,False,0.0,0
1394,PJT,5,4,analyzed,saved,0.46518,0.46519,-1.0000000000010001e-05,0.0021496592790064277,missing_class,False,gate_rejected,False,False,False,True,raw_fallback,,,,-1.0000000000010001e-05,0.0021496592790064277,feasible,False,0.5920679092623308,0.010527948569581811,feasible,False,0.5872719062673121,0.010259722839153036,feasible,False,0.5920700146731501,0.010527990236947575,feasible,False,0.590614842048805,0.010421487281284525,feasible,False,0.5926387724289823,0.010519425138982807,2,0.35649,,,1.0,1,0.08081,,,1.0,1,0.02789,,,1.0,0,0.0,,,1.0,0,0,4,False,False,0.0,0
1412,PKR,2,2,analyzed,saved,1.01031,1.0103,1.0000000000065512e-05,0.0009898050084198272,missing_class,False,gate_rejected,False,False,False,True,raw_fallback,,,,1.0000000000065512e-05,0.0009898050084198272,feasible,False,0.32990230292098915,0.005199892309417075,feasible,False,0.32097601354137095,0.00505914573843262,feasible,False,0.34793097353484737,0.005484162005412215,feasible,False,0.3466874484516376,0.005699893204333923,feasible,False,0.0008247672495364563,1.111422212724672e-05,1,0.36907,,,1.0,0,0.0,,,1.0,1,0.64125,,,1.0,0,0.0,,,1.0,0,0,4,False,False,0.0,0
1341,PLA,1,1,analyzed,saved,1.90303,1.90305,-1.999999999990898e-05,0.0010509445363973086,missing_class,False,gate_rejected,False,False,False,True,raw_fallback,,,,-1.999999999990898e-05,0.0010509445363973086,feasible,False,-0.007401103849916186,2.5641775333162115e-07,feasible,False,-0.007401103849913435,2.5641775337412187e-07,feasible,False,-0.007401103849913435,2.5641775337412187e-07,feasible,False,-0.007401103849913435,2.5641775337412187e-07,feasible,False,-0.007401103849913435,2.5641775337412187e-07,1,1.90305,,,1.0,0,0.0,,,1.0,0,0.0,,,1.0,0,0.0,,,1.0,0,0,4,False,False,0.0,0
1376,PLB,40,29,analyzed,saved,10.06431,10.06444,-0.0001299999999986312,0.0012916764370261159,negative_factor,False,feasible,False,True,True,True,target_l2,0.5852445445071104,0.18966118894600298,3/4,0.0,0.0,feasible,True,0.5790835966017036,0.1878716442133559,feasible,True,0.5574060612563689,0.1603251883438505,feasible,True,0.5852445445071104,0.18966118894600298,feasible,True,0.5655877106258397,0.18092121830056881,feasible,True,0.5464933043851896,0.15533654639535058,21,6.835890000000002,,-0.830400835717906,0.0,3,0.87343,,2.1964288156559277,0.0,1,0.27778,,4.525078899488153,2.5876247268309442,4,2.07744,,6.048508177254805,4.49854843211451,4,0,0,True,True,0.0,0
312,PLE,17,13,analyzed,saved,6.78883,6.7889,-7.00000000000145e-05,0.0010310948754586825,negative_factor,False,feasible,False,True,True,True,improvement_l2,0.49135494408979014,0.16945734449456035,3/4,-8.881784197001252e-16,1.3082803100651435e-14,feasible,False,-0.10489684925333037,0.10118559593868724,feasible,True,0.49135494408979014,0.16945734449456035,feasible,False,-0.020931980423531907,0.1250301217200145,feasible,False,0.1220959583675579,0.2043027522886286,feasible,True,0.474303178722332,0.19900500347592873,4,0.63081,,-20.489216297678382,0.0,1,0.32251,,3.0332273171773427,0.0,5,4.5120000000000005,,0.9597942901195378,0.9539746703598617,3,1.32363,,10.88315012592028,1.8770266678721572,4,0,0,True,True,0.0,0
1955,PLK,6,6,analyzed,saved,0.76154,0.76162,-7.999999999996898e-05,0.010503925842279483,negative_factor,False,feasible,False,True,True,True,minimax_ratio,0.008422782267539057,0.002114656375118623,2/3,-1.1102230246251565e-16,1.457712539882299e-14,feasible,False,0.11141060554574901,0.019438220559091487,feasible,False,0.1536154152873634,0.026537484405615708,feasible,False,0.10367878456048088,0.025131159541269557,feasible,False,0.10367878456048088,0.025131159541269557,feasible,True,0.008422782267539057,0.002114656375118623,1,0.07864,,33.948621298389284,0.0,1,0.09527,,1523.912025000603,4.335656105092218,1,0.36146,,-13.920598873490373,0.9641892121156642,3,0.22624,,-627.9055005799554,0.0,4,0,0,True,True,0.0,0
1438,PLL,1,1,analyzed,saved,0.04704,0.04704,0.0,0.0,missing_class,False,gate_rejected,False,False,False,True,raw_fallback,,,,0.0,0.0,feasible,False,0.012022373051783072,7.307692307690413e-06,feasible,False,0.012022373051784593,7.307692307692093e-06,feasible,False,0.012022373051783072,7.307692307690413e-06,feasible,False,0.012022373051783072,7.307692307690413e-06,feasible,False,0.012022373051784593,7.307692307692093e-06,1,0.04705,,,1.0,0,0.0,,,1.0,0,0.0,,,1.0,0,0.0,,,1.0,0,0,4,False,False,0.0,0
1796,PLN,2,2,analyzed,saved,6.149069999999999,6.149100000000001,-3.0000000001528804e-05,0.0004878762746016295,missing_class,False,feasible,False,True,True,True,target_l2,0.4171145763644197,0.11132847017326297,3/4,-8.881784197001252e-16,1.444403928542592e-14,feasible,True,0.40428784133175727,0.12520975403443235,feasible,True,0.3827676539832743,0.14849922158554002,feasible,True,0.4171145763644197,0.11132847017326297,feasible,True,0.3827676539832743,0.14849922158554002,feasible,True,0.3827676539832743,0.14849922158554002,0,0.0,,,0.0,0,0.0,,,0.0,1,5.73519,,,0.2929483862138984,1,0.41391,,,10.796770434649634,4,0,0,True,True,0.0,0
1308,PLT,2,2,analyzed,saved,6.18797,6.188009999999999,-3.999999999937387e-05,0.0006464113664873501,missing_class,False,gate_rejected,False,False,False,True,raw_fallback,,,,-3.999999999937387e-05,0.0006464113664873501,feasible,False,0.632041461758035,0.04929097991582837,feasible,False,0.6305120209965387,0.048586467682131346,feasible,False,0.6320539997472431,0.04929187434136292,feasible,False,0.6372564004365308,0.049662999243519135,feasible,False,0.6022239766968833,0.045069900714068134,1,4.82213,,,1.0,0,0.0,,,1.0,0,0.0,,,1.0,1,1.36585,,,1.0,0,0,4,False,False,0.0,0
345,PMB,1,1,analyzed,saved,0.5874900000000001,0.58751,-1.999999999990898e-05,0.0034041973753483313,missing_class,False,gate_rejected,False,False,False,True,raw_fallback,,,,-1.999999999990898e-05,0.0034041973753483313,feasible,False,6.611041785594214e-05,3.7838667587657138e-06,feasible,False,6.611041785594214e-05,3.7838667587657138e-06,feasible,False,6.611041785594214e-05,3.7838667587657138e-06,feasible,False,6.611041785594214e-05,3.7838667587657138e-06,feasible,False,6.611041785594214e-05,3.7838667587657138e-06,1,0.5875,,,1.0,0,0.0,,,1.0,0,0.0,,,1.0,0,0.0,,,1.0,0,0,4,False,False,0.0,0
237,PMS,1,1,analyzed,saved,0.11159,0.11159,0.0,0.0,missing_class,False,gate_rejected,False,False,False,True,raw_fallback,,,,0.0,0.0,feasible,False,0.0005606921825457876,3.3680638247229715e-06,feasible,False,0.0005606921825457876,3.3680638247229715e-06,feasible,False,0.0005606921825456729,3.368063824722538e-06,feasible,False,0.0005606921825457876,3.3680638247229715e-06,feasible,False,0.0005606921825456118,3.3680638247199357e-06,1,0.11159,,,1.0,0,0.0,,,1.0,0,0.0,,,1.0,0,0.0,,,1.0,0,0,4,False,False,0.0,0
1322,PNA,1,1,analyzed,saved,1.10814,1.10814,0.0,0.0,missing_class,False,gate_rejected,False,False,False,True,raw_fallback,,,,0.0,0.0,feasible,False,-0.00014687692360234857,2.1641521366750315e-06,feasible,False,-0.00014687692360399807,2.1641521366433727e-06,feasible,False,-0.00014687692360234857,2.1641521366750315e-06,feasible,False,-0.00014687692360234857,2.1641521366750315e-06,feasible,False,-0.00014687692360399807,2.1641521366433727e-06,1,1.10815,,,1.0,0,0.0,,,1.0,0,0.0,,,1.0,0,0.0,,,1.0,0,0,4,False,False,0.0,0
1354,PNC,1,1,analyzed,saved,0.72408,0.72408,0.0,0.0,missing_class,False,gate_rejected,False,False,False,True,raw_fallback,,,,0.0,0.0,feasible,False,0.00018069071361604923,1.2765629812151735e-06,feasible,False,0.00018069071361639341,1.2765629812169083e-06,feasible,False,0.00018069071361639341,1.2765629812169083e-06,feasible,False,0.00018069071361604923,1.2765629812151735e-06,feasible,False,0.00018069071361604923,1.2765629812151735e-06,1,0.72408,,,1.0,0,0.0,,,1.0,0,0.0,,,1.0,0,0.0,,,1.0,0,0,4,False,False,0.0,0
1372,PNI,7,6,analyzed,saved,1.7896,1.7896399999999997,-3.9999999999595914e-05,0.0022350863860662435,negative_factor,False,feasible,False,True,True,True,improvement_l2,0.38633900147149103,0.02300617507865407,3/4,0.0,0.0,feasible,True,0.2791085079108185,0.02289015244873394,feasible,True,0.38633900147149103,0.02300617507865407,feasible,True,0.2796422298739476,0.02289072993209478,feasible,False,-2.2460751917214385,0.020157921679909235,feasible,True,0.15943537913792313,0.018608751519620863,2,0.88076,,-5.2786376783253175,0.0,1,0.45647,,-0.7779850143614758,0.0,2,0.20442,,16.78867560889172,3.8059410176911648,1,0.24802,,13.554134366533626,4.078383948919882,4,0,0,True,True,0.0,0
1964,PNK,6,6,analyzed,saved,1.7373,1.73734,-4.0000000000040004e-05,0.0023023702902160775,negative_factor,False,feasible,False,True,True,True,improvement_l2,0.8378758610304001,0.08641779119528745,1/3/4,-2.220446049250313e-16,1.2780722537041184e-14,feasible,True,0.7833216767219664,0.08304194069887119,feasible,True,0.8378758610304001,0.08641779119528745,feasible,True,0.7110495558306308,0.07980624160726718,feasible,False,-0.13321883750621483,0.08274734623723648,feasible,True,0.7202201223513074,0.08301437223379593,1,0.54964,,1.5177356072569421,0.8868486737380439,1,0.46575,,-0.4378737671697621,0.0,3,0.35095,,1.5725137713965858,1.319557786347865,1,0.37101,,1.4962602011071275,2.1204988747218594,4,0,0,True,True,0.0,0
1962,POK,11,11,analyzed,saved,1.6221,1.62225,-0.00014999999999987246,0.009246417013399443,missing_class,False,gate_rejected,False,False,False,True,raw_fallback,,,,-0.00014999999999987246,0.009246417013399443,feasible,False,0.19131780346822994,0.02147067582203184,feasible,False,0.16508226529071557,0.021987392266718316,feasible,False,0.2060474046601735,0.02118057210439314,feasible,False,0.06053642345103435,0.02404645258927187,feasible,False,-0.0005619224654585645,-0.00013125616656031736,7,0.71087,,,1.0,0,0.0,,,1.0,1,0.33497,,,1.0,3,0.57635,,,1.0,0,0,4,False,False,0.0,0
1952,POL,75,75,analyzed,saved,55.720659999999995,55.72121,-0.0005500000000040473,0.000987056813741208,negative_factor,False,feasible,False,True,True,True,improvement_l2,0.8059735197405269,1.5717513635439,1/2/3,0.0,0.0,feasible,True,0.787114638445847,1.5266518410245156,feasible,True,0.8059735197405269,1.5717513635439,feasible,True,0.7688657218563129,1.4989533676308104,feasible,True,0.7702758708352654,1.5393564624269045,feasible,True,0.6459614189070103,1.3122502959060354,3,5.61016,,11.830348060387434,8.023261981417317,1,0.2803,,26.174755528107013,22.941541126695437,2,5.959429999999999,,1.0167192958522429,0.7179367096001665,69,43.8714,,-0.5480786637703792,0.0,4,0,0,True,True,0.0,0
902,POO,10,10,analyzed,saved,2.50516,2.50521,-4.999999999988347e-05,0.001995840668043137,negative_factor,False,feasible,False,True,True,True,target_l2,0.567042646306289,0.04356354125188739,3/4,0.0,0.0,feasible,True,0.5551363342796856,0.04340103920474617,feasible,True,0.5650957688563014,0.04353696949982442,feasible,True,0.567042646306289,0.04356354125188739,feasible,True,0.5030694007540605,0.04269040914000612,feasible,True,0.44266261174264876,0.04186595343502784,4,1.15986,,2.9020560453439574,0.0,2,0.34207,,-13.429057905492758,0.0,3,0.71518,,0.6866745389374732,0.7320241572975021,1,0.28811,,11.252044998817324,6.8779032992012095,4,0,0,True,True,0.0,0
1259,POR,67,67,analyzed,saved,57.65253,57.653290000000005,-0.0007600000000067553,0.001318224857604406,negative_factor,False,feasible,False,True,True,True,minimax_ratio,0.14085550278299758,0.3198313673439006,1/2/3/4,-1.4210854715202004e-14,2.464881833318099e-14,feasible,False,0.2923915971694886,0.3993538523654816,feasible,False,0.3188059164518193,0.46959084450835187,feasible,False,0.3354091225247309,0.45204373155871846,feasible,False,0.21278155797075451,0.3991038346189859,feasible,True,0.14085550278299758,0.3198313673439006,43,27.95152,,-6.0970542627100235,0.0,11,10.817700000000002,,-0.27004963246137864,0.8209924572354972,7,7.4195400000000005,,0.6801451199699666,0.9549136882069258,6,11.464390000000002,,19.70898102887623,3.636191939365578,4,0,0,True,True,0.0,0
342,POS,2,2,analyzed,saved,1.51063,1.5106200000000003,9.999999999621423e-06,0.0006619798493083252,missing_class,False,gate_rejected,False,False,False,True,raw_fallback,,,,9.999999999621423e-06,0.0006619798493083252,feasible,False,0.07548490058253635,0.01208237967005096,feasible,False,0.1675713618811857,0.026820679215573934,feasible,False,-0.18199442853902628,-0.02912679946288145,feasible,False,0.1675713618811857,0.026820679215573934,feasible,False,-9.041568657241564e-06,-3.1215679846194333e-07,1,0.67213,,,1.0,0,0.0,,,1.0,0,0.0,,,1.0,1,0.83851,,,1.0,0,0,4,False,False,0.0,0
1634,PPT,2,2,analyzed,saved,2.47729,2.4772800000000004,9.999999999621423e-06,0.00040366853967340876,missing_class,False,gate_rejected,False,False,False,True,raw_fallback,,,,9.999999999621423e-06,0.00040366853967340876,feasible,False,0.04512449992441806,0.0005553352469065964,feasible,False,0.04512449992441743,0.0005553352469066866,feasible,False,0.04512449992441806,0.0005553352469065964,feasible,False,0.04512449992441806,0.0005553352469065964,feasible,False,0.04512449992441806,0.0005553352469065964,1,0.06444,,,1.0,0,0.0,,,1.0,0,0.0,,,1.0,1,2.41285,,,1.0,0,0,4,False,False,0.0,0
1506,PRA,1,1,analyzed,saved,0.49309,0.49312,-3.0000000000030003e-05,0.0060837118754116645,missing_class,False,gate_rejected,False,False,False,True,raw_fallback,,,,-3.0000000000030003e-05,0.0060837118754116645,feasible,False,-3.317371119023255e-05,-2.742373401167647e-06,feasible,False,-3.317371119023255e-05,-2.742373401167647e-06,feasible,False,-3.317371119023255e-05,-2.742373401167647e-06,feasible,False,-3.317371119023255e-05,-2.742373401167647e-06,feasible,False,-3.317371119023255e-05,-2.742373401167647e-06,1,0.49311,,,1.0,0,0.0,,,1.0,0,0.0,,,1.0,0,0.0,,,1.0,0,0,4,False,False,0.0,0
1174,PRC,3,3,analyzed,saved,3.19855,3.1985799999999998,-2.9999999999752447e-05,0.0009379162003061498,missing_class,False,feasible,False,True,True,True,target_l2,0.42221712771974373,0.062129583727327894,3/4,0.0,0.0,feasible,True,0.4175248059553086,0.062057904056400146,feasible,True,0.4083701192058796,0.06191805752272467,feasible,True,0.42221712771974373,0.062129583727327894,feasible,True,0.29673039899821413,0.060212654779969677,feasible,True,0.3664190127511077,0.061277214533540646,1,1.96121,,,0.0,0,0.0,,,0.0,1,1.1228,,,0.7911542964657611,1,0.11457,,,20.163437227914226,4,0,0,True,True,0.0,0
2054,PRK,8,8,analyzed,saved,3.2941000000000003,3.2941700000000003,-7.00000000000145e-05,0.0021249662282157417,missing_class,False,gate_rejected,False,False,False,True,raw_fallback,,,,-7.00000000000145e-05,0.0021249662282157417,feasible,False,0.4606799631320446,0.15910041728516766,feasible,False,0.4518264413116219,0.1537076551345612,feasible,False,0.44808133484428536,0.15924794016414331,feasible,False,0.10026629299827253,0.16332065944374557,feasible,False,0.00023595346490636916,7.934535744347931e-05,2,0.15774,,,1.0,0,0.0,,,1.0,1,0.04734,,,1.0,5,3.08908,,,1.0,0,0,4,False,False,0.0,0
2062,PRM,64,22,analyzed,saved,2.69039,2.9275499999999997,-0.23715999999999982,8.100971802360329,singular,False,gate_rejected,False,False,False,True,raw_fallback,,,,-0.23715999999999982,8.100971802360329,feasible,False,0.47989458162110876,0.13093974164133734,feasible,False,0.47989458162110876,0.13093974164133734,feasible,False,0.47989458162110876,0.13093974164133734,feasible,False,0.47989458162110876,0.13093974164133734,feasible,False,0.47989458162110876,0.13093974164133734,3,0.24586000000000002,,,1.0,1,0.1799,,,1.0,1,0.31182,,,1.0,17,1.95294,,,1.0,0,0,4,False,False,0.0,0
1162,PRO,19,18,analyzed,saved,19.216450000000002,19.21676,-0.00030999999999892225,0.0016131751658392062,negative_factor,False,feasible,False,True,True,True,minimax_ratio,0.03374544745339451,0.03802140624791117,2/3/4,3.552713678800501e-15,1.848757896128432e-14,feasible,False,0.04020336707118385,0.20734355146322914,feasible,False,0.12708380560910115,0.05655321293508386,feasible,False,0.079673729541375,0.2371278231570535,feasible,False,0.10728527586472963,0.19762049994359326,feasible,True,0.03374544745339451,0.03802140624791117,7,6.315350000000001,,-28.577857630965063,0.0,4,4.746449999999999,,-2.3094447153019773,0.8879901330335322,3,2.92526,,5.187805634563528,1.1417338196489626,4,5.2295799999999995,,37.38010300269476,2.2300037027136304,4,0,0,True,True,0.0,0
1338,PRT,1,1,analyzed,saved,2.4919000000000002,2.4919000000000002,0.0,0.0,missing_class,False,gate_rejected,False,False,False,True,raw_fallback,,,,0.0,0.0,feasible,False,-3.1909824131829884e-06,1.4967781652303058e-07,feasible,False,-3.190982413308281e-06,1.4967781652303058e-07,feasible,False,-3.190982413308281e-06,1.4967781652303058e-07,feasible,False,-3.190982413308281e-06,1.4967781652303058e-07,feasible,False,-3.1909824131829884e-06,1.4967781652303058e-07,1,2.4919,,,1.0,0,0.0,,,1.0,0,0.0,,,1.0,0,0.0,,,1.0,0,0,4,False,False,0.0,0
1370,PSA,5,5,analyzed,saved,1.87005,1.8701100000000002,-6.000000000017103e-05,0.00320836742224634,missing_class,False,gate_rejected,False,False,False,True,raw_fallback,,,,-6.000000000017103e-05,0.00320836742224634,feasible,False,-1.1209658737280872,-0.021814404945820834,feasible,False,0.15752023524669767,0.0039817976828574846,feasible,False,-1.00824071413744,-0.016010150619685568,feasible,False,-0.1711507420149038,0.010204019926366981,feasible,False,0.00043280238065975104,3.2496933126433675e-05,1,0.14677,,,1.0,0,0.0,,,1.0,1,1.16924,,,1.0,3,0.55409,,,1.0,0,0,4,False,False,0.0,0
2021,PSK,12,12,analyzed,saved,3.1275200000000005,3.12762,-9.999999999932285e-05,0.003197319367420686,missing_class,False,gate_rejected,False,False,False,True,raw_fallback,,,,-9.999999999932285e-05,0.003197319367420686,feasible,False,0.22720946212819945,0.11962507557788046,feasible,False,0.246248075982347,0.042757036646788926,feasible,False,0.12936253625339236,0.1392583303239387,feasible,False,0.11569349232939519,0.13979769480634732,feasible,False,0.0003122237783762292,7.112413851643323e-05,1,0.28161,,,1.0,0,0.0,,,1.0,1,0.13282,,,1.0,10,2.7131599999999993,,,1.0,0,0,4,False,False,0.0,0
2149,PSS,2,2,analyzed,saved,1.02995,1.02996,-1.0000000000065512e-05,0.0009709114917147765,missing_class,False,gate_rejected,False,False,False,True,raw_fallback,,,,-1.0000000000065512e-05,0.0009709114917147765,feasible,False,0.1964825173156976,-6.249583707852897e-05,feasible,False,0.24573726807366458,-7.917077777784597e-05,feasible,False,0.19547788357354384,-6.21557235297495e-05,feasible,False,-1.2919129559465201,0.00044139273959344473,feasible,False,2.824551197809698e-05,4.012738887055993e-06,0,0.0,,,1.0,0,0.0,,,1.0,1,0.76041,,,1.0,1,0.26956,,,1.0,0,0,4,False,False,0.0,0
1507,PST,1,1,analyzed,saved,1.69671,1.69673,-2.0000000000131024e-05,0.0011787379253110997,missing_class,False,gate_rejected,False,False,False,True,raw_fallback,,,,-2.0000000000131024e-05,0.0011787379253110997,feasible,False,3.5874069114970666e-05,7.629295498412514e-07,feasible,False,3.587406911356684e-05,7.629295498412514e-07,feasible,False,3.587406911356684e-05,7.629295498412514e-07,feasible,False,3.587406911356684e-05,7.629295498412514e-07,feasible,False,3.587406911356684e-05,7.629295498412514e-07,1,1.69673,,,1.0,0,0.0,,,1.0,0,0.0,,,1.0,0,0.0,,,1.0,0,0,4,False,False,0.0,0
2223,PSZ,1,1,analyzed,saved,0.11087999999999999,0.11089000000000002,-1.0000000000023879e-05,0.009017945711988346,missing_class,False,gate_rejected,False,False,False,True,raw_fallback,,,,-1.0000000000023879e-05,0.009017945711988346,feasible,False,3.400680609451622e-05,1.2839923999464348e-06,feasible,False,3.400680609451622e-05,1.2839923999464348e-06,feasible,False,3.400680609447981e-05,1.2839923999429653e-06,feasible,False,3.400680609451622e-05,1.2839923999464348e-06,feasible,False,3.400680609451622e-05,1.2839923999464348e-06,1,0.11088,,,1.0,0,0.0,,,1.0,0,0.0,,,1.0,0,0.0,,,1.0,0,0,4,False,False,0.0,0
2137,PTC,3,3,analyzed,saved,1.55747,1.55748,-1.0000000000065512e-05,0.0006420628194304589,missing_class,False,gate_rejected,False,False,False,True,raw_fallback,,,,-1.0000000000065512e-05,0.0006420628194304589,feasible,False,0.12148614996873543,0.02340814140811452,feasible,False,0.26211193944010036,0.018798207187257658,feasible,False,0.12148614996873543,0.02340814140811452,feasible,False,0.12148614996873543,0.02340814140811452,feasible,False,0.12148614996873562,0.023408141408114577,2,1.16655,,,1.0,1,0.39094,,,1.0,0,0.0,,,1.0,0,0.0,,,1.0,0,0,4,False,False,0.0,0
535,PTE,1,1,analyzed,saved,0.62853,0.6285499999999999,-1.999999999990898e-05,0.0031819266565760846,missing_class,False,gate_rejected,False,False,False,True,raw_fallback,,,,-1.999999999990898e-05,0.0031819266565760846,feasible,False,0.0013116394279248584,1.6666346854439518e-06,feasible,False,0.0013116394279248584,1.6666346854439518e-06,feasible,False,0.0013116394279322435,1.6666346854699726e-06,feasible,False,0.0013116394279322435,1.6666346854699726e-06,feasible,False,0.0013116394279322435,1.6666346854699726e-06,1,0.62854,,,1.0,0,0.0,,,1.0,0,0.0,,,1.0,0,0.0,,,1.0,0,0,4,False,False,0.0,0
1508,PTG,1,1,analyzed,saved,2.24754,2.24754,0.0,0.0,missing_class,False,gate_rejected,False,False,False,True,raw_fallback,,,,0.0,0.0,feasible,False,-4.176032672967754e-05,2.2940293801353845e-06,feasible,False,-4.176032672967754e-05,2.2940293801353845e-06,feasible,False,-4.176032672967754e-05,2.2940293801353845e-06,feasible,False,-4.176032672967754e-05,2.2940293801353845e-06,feasible,False,-4.176032672967754e-05,2.2940293801353845e-06,1,2.24755,,,1.0,0,0.0,,,1.0,0,0.0,,,1.0,0,0.0,,,1.0,0,0,4,False,False,0.0,0
1726,PTL,2,2,analyzed,saved,2.33,2.3299999999999996,4.440892098500626e-16,1.9059622740346037e-14,missing_class,False,gate_rejected,False,False,False,True,raw_fallback,,,,4.440892098500626e-16,1.9059622740346037e-14,feasible,False,0.16606740771127235,-0.00047872952148273005,feasible,False,0.11968115208576849,-0.00034402543318063847,feasible,False,0.1703293736166404,-0.0004911061236446222,feasible,False,-2.185450501909709,-0.0012499038405898444,feasible,False,-0.0003558740124621661,4.55795526124389e-06,0,0.0,,,1.0,0,0.0,,,1.0,1,0.36922,,,1.0,1,1.9608,,,1.0,0,0,4,False,False,0.0,0
1337,PTN,11,11,analyzed,saved,22.0163,22.01639,-9.000000000014552e-05,0.0004087863632509486,missing_class,False,feasible,False,True,True,True,minimax_ratio,0.2626432213025485,0.09969263164542522,1/4,7.105427357601002e-15,3.227335343169793e-14,feasible,False,-0.30053372469112405,0.23233768521311346,feasible,False,0.41587025089824137,0.06593987624773141,feasible,False,-0.24380964114913578,0.22511855310431478,feasible,False,-0.9627077254986035,0.3045904753817844,feasible,True,0.2626432213025485,0.09969263164542522,2,1.9392999999999998,,,2.650052072471482,0,0.0,,,0.0,4,13.949940000000002,,,0.0,5,6.1271700000000004,,,2.754453892984979,4,0,0,True,True,0.0,0
1720,PTP,2,2,analyzed,saved,2.25602,2.25601,1.0000000000065512e-05,0.00044326044654347777,missing_class,False,gate_rejected,False,False,False,True,raw_fallback,,,,1.0000000000065512e-05,0.00044326044654347777,feasible,False,0.20839421749935777,0.026818660825463456,feasible,False,0.20839421749935777,0.026818660825463456,feasible,False,0.20839421749935777,0.026818660825463456,feasible,False,0.20839421749935777,0.026818660825463456,feasible,False,0.20839421749935755,0.02681866082546341,1,1.86307,,,1.0,0,0.0,,,1.0,0,0.0,,,1.0,1,0.39296,,,1.0,0,0,4,False,False,0.0,0
846,PTZ,1,1,analyzed,saved,0.12622,0.12622,0.0,0.0,missing_class,False,gate_rejected,False,False,False,True,raw_fallback,,,,0.0,0.0,feasible,False,1.7474708154767223e-05,1.078431372552105e-06,feasible,False,1.7474708154767223e-05,1.078431372552105e-06,feasible,False,1.747470815481986e-05,1.0784313725555744e-06,feasible,False,1.7474708154767223e-05,1.078431372552105e-06,feasible,False,1.7474708154714582e-05,1.0784313725486355e-06,1,0.12622,,,1.0,0,0.0,,,1.0,0,0.0,,,1.0,0,0.0,,,1.0,0,0,4,False,False,0.0,0
2109,PUA,2,2,analyzed,saved,0.60618,0.60619,-9.99999999995449e-06,0.0016496478001871509,missing_class,False,gate_rejected,False,False,False,True,raw_fallback,,,,-9.99999999995449e-06,0.0016496478001871509,feasible,False,-0.9262459600540277,0.009015201075268821,feasible,False,0.20227439267797917,-0.001982551047025251,feasible,False,-0.9262459600540287,0.009015201075268795,feasible,False,-0.9262459600540277,0.009015201075268821,feasible,False,-0.00013809873137889946,-9.983692269887115e-06,1,0.37475,,,1.0,0,0.0,,,1.0,0,0.0,,,1.0,1,0.23145,,,1.0,0,0,4,False,False,0.0,0
894,PUR,2,2,analyzed,saved,0.82997,0.8299899999999999,-1.999999999990898e-05,0.002409667586345496,missing_class,False,gate_rejected,False,False,False,True,raw_fallback,,,,-1.999999999990898e-05,0.002409667586345496,feasible,False,0.2617823272366602,0.0016667492115833345,feasible,False,0.3884268652796017,0.0016431568800715154,feasible,False,0.27693952802092964,0.0017220730861091209,feasible,False,0.3484188576037545,0.0018017547670372818,feasible,False,0.35472529303785433,0.0017767550884170685,0,0.0,,,1.0,1,0.08175,,,1.0,0,0.0,,,1.0,1,0.74824,,,1.0,0,0,4,False,False,0.0,0
854,PYE,1,1,analyzed,saved,0.09187,0.09187000000000001,-1.3877787807814457e-17,1.5105897254614625e-14,missing_class,False,gate_rejected,False,False,False,True,raw_fallback,,,,-1.3877787807814457e-17,1.5105897254614625e-14,feasible,False,5.9634062861112723e-05,2.401960784312318e-06,feasible,False,5.9634062861112723e-05,2.401960784312318e-06,feasible,False,5.9634062861112723e-05,2.401960784312318e-06,feasible,False,5.9634062861112723e-05,2.401960784312318e-06,feasible,False,5.9634062861112723e-05,2.401960784312318e-06,1,0.09187,,,1.0,0,0.0,,,1.0,0,0.0,,,1.0,0,0.0,,,1.0,0,0,4,False,False,0.0,0
1769,QAN,1,1,analyzed,saved,0.65696,0.6569699999999999,-9.99999999995449e-06,0.0015221395193014127,missing_class,False,gate_rejected,False,False,False,True,raw_fallback,,,,-9.99999999995449e-06,0.0015221395193014127,feasible,False,0.00013153102972180843,4.982760836063152e-06,feasible,False,0.00013153102972180843,4.982760836063152e-06,feasible,False,0.00013153102972150892,4.982760836038866e-06,feasible,False,0.00013153102972180843,4.982760836063152e-06,feasible,False,0.00013153102972180843,4.982760836063152e-06,1,0.65697,,,1.0,0,0.0,,,1.0,0,0.0,,,1.0,0,0.0,,,1.0,0,0,4,False,False,0.0,0
1027,QAS,19,0,no_valid_locations,saved,,,,,,,,,,,,,,,,,,,,,,,,,,,,,,,,,,,,,,,,,,,,,,,,,,,,,,,,,,,,,,,,
899,QCH,29,28,analyzed,saved,14.16153,14.16174,-0.0002099999999991553,0.0014828686305436711,missing_class,False,feasible,False,True,True,True,improvement_l2,0.6016052577689611,0.3151507566821619,1/3/4,0.0,0.0,feasible,True,0.554731405625361,0.2782647934209061,feasible,True,0.6016052577689611,0.3151507566821619,feasible,True,0.5769031991678337,0.28994344494048024,feasible,True,0.5955499971323941,0.3150129501769273,feasible,True,0.209635286792225,0.1089644254718308,2,0.43898,,,16.007016550038358,0,0.0,,,0.0,1,4.62331,,,0.23214477160398686,25,9.09937,,,0.666121818226364,4,0,0,True,True,0.0,0
844,QGS,1,1,analyzed,saved,0.048690000000000004,0.04868,1.0000000000003062e-05,0.020542317173383447,missing_class,False,gate_rejected,False,False,False,True,raw_fallback,,,,1.0000000000003062e-05,0.020542317173383447,feasible,False,0.00018415905688432436,4.123376623373955e-06,feasible,False,0.0001841590568844734,4.123376623377424e-06,feasible,False,0.0001841590568844734,4.123376623377424e-06,feasible,False,0.00018415905688439887,4.123376623375689e-06,feasible,False,0.0001841590568844734,4.123376623377424e-06,1,0.04869,,,1.0,0,0.0,,,1.0,0,0.0,,,1.0,0,0.0,,,1.0,0,0,4,False,False,0.0,0
145,QHT,11,11,analyzed,saved,5.346509999999999,5.346570000000001,-6.000000000128125e-05,0.001122214803159432,singular,False,gate_rejected,False,False,False,True,raw_fallback,,,,-6.000000000128125e-05,0.001122214803159432,feasible,False,0.2994102374221698,0.11587232860980828,feasible,False,0.2994102374221698,0.11587232860980828,feasible,False,0.2994102374221698,0.11587232860980828,feasible,False,0.2994102374221698,0.11587232860980828,feasible,False,0.2994102374221698,0.11587232860980828,4,3.24005,,,1.0,3,0.39751000000000003,,,1.0,1,0.49617,,,1.0,3,1.21286,,,1.0,0,0,4,False,False,0.0,0
1635,QHZ,3,3,analyzed,saved,1.0920100000000001,1.092,1.0000000000065512e-05,0.000915750915756915,missing_class,False,feasible,False,True,True,True,minimax_ratio,0.05537681476962955,0.0016678446763407958,2/3/4,1.3322676295501878e-15,1.2200253017858864e-13,feasible,False,0.2530674117315079,0.002938902497207322,feasible,False,0.28215593685988993,0.002929626417489521,feasible,False,0.2624249407444523,0.002935918461932154,feasible,False,-1.5261652411665179,0.0035062844408427544,feasible,True,0.05537681476962955,0.0016678446763407958,0,0.0,,,0.0,1,0.33356,,,1.753840863399052,1,0.33276,,,0.7770324874205115,1,0.42571,,,0.5834810686558818,4,0,0,True,True,0.0,0
1621,QIG,1,1,analyzed,saved,0.66878,0.6687799999999999,1.1102230246251565e-16,1.6600721083542518e-14,missing_class,False,gate_rejected,False,False,False,True,raw_fallback,,,,1.1102230246251565e-16,1.6600721083542518e-14,feasible,False,6.958917602038132e-05,4.0953711790796266e-06,feasible,False,6.958917602038132e-05,4.0953711790796266e-06,feasible,False,6.958917602038132e-05,4.0953711790796266e-06,feasible,False,6.958917602038132e-05,4.0953711790796266e-06,feasible,False,6.958917602038132e-05,4.0953711790796266e-06,1,0.66879,,,1.0,0,0.0,,,1.0,0,0.0,,,1.0,0,0.0,,,1.0,0,0,4,False,False,0.0,0
814,QJG,1,1,analyzed,saved,2.1545,2.15449,1.0000000000065512e-05,0.00046414696749882864,missing_class,False,gate_rejected,False,False,False,True,raw_fallback,,,,1.0000000000065512e-05,0.00046414696749882864,feasible,False,1.8518711124654008e-06,2.5529100529109172e-06,feasible,False,1.8518711124654008e-06,2.5529100529109172e-06,feasible,False,1.8518711123849458e-06,2.552910052799895e-06,feasible,False,1.8518711124654008e-06,2.5529100529109172e-06,feasible,False,1.8518711124654008e-06,2.5529100529109172e-06,1,2.1545,,,1.0,0,0.0,,,1.0,0,0.0,,,1.0,0,0.0,,,1.0,0,0,4,False,False,0.0,0
1743,QLL,1,1,analyzed,saved,2.4712000000000005,2.4712,4.440892098500626e-16,1.797058958603361e-14,missing_class,False,gate_rejected,False,False,False,True,raw_fallback,,,,4.440892098500626e-16,1.797058958603361e-14,feasible,False,-6.367098205253585e-05,2.547100234701928e-06,feasible,False,-6.367098205304424e-05,2.5471002345969773e-06,feasible,False,-6.367098205304424e-05,2.5471002345969773e-06,feasible,False,-6.367098205304424e-05,2.5471002345969773e-06,feasible,False,-6.367098205253585e-05,2.547100234701928e-06,1,2.47121,,,1.0,0,0.0,,,1.0,0,0.0,,,1.0,0,0.0,,,1.0,0,0,4,False,False,0.0,0
556,QLM,1,1,analyzed,saved,0.408,0.408,0.0,0.0,missing_class,False,gate_rejected,False,False,False,True,raw_fallback,,,,0.0,0.0,feasible,False,0.00023085114277585208,3.773584905811603e-07,feasible,False,0.00023085114277585208,3.773584905811603e-07,feasible,False,0.00023085114277585208,3.773584905811603e-07,feasible,False,0.00023085114277585208,3.773584905811603e-07,feasible,False,0.00023085114277585208,3.773584905811603e-07,1,0.408,,,1.0,0,0.0,,,1.0,0,0.0,,,1.0,0,0.0,,,1.0,0,0,4,False,False,0.0,0
1926,QOM,4,4,analyzed,saved,3.48668,3.4867300000000006,-5.000000000077165e-05,0.0014340083688949715,missing_class,False,gate_rejected,False,False,False,True,raw_fallback,,,,-5.000000000077165e-05,0.0014340083688949715,feasible,False,-0.14292931563108827,0.009677442688242194,feasible,False,0.0011431162957079915,-0.0014441822536653826,feasible,False,-0.029380760613656465,0.03859128416001118,feasible,False,-0.014536435185653028,0.019121296980100073,feasible,False,3.87197710633983e-05,4.3568719862996375e-06,0,0.0,,,1.0,0,0.0,,,1.0,1,2.74432,,,1.0,3,0.74241,,,1.0,0,0,4,False,False,0.0,0
1242,QTA,2,2,analyzed,saved,1.89477,1.8947699999999998,2.220446049250313e-16,1.171881573621238e-14,missing_class,False,gate_rejected,False,False,False,True,raw_fallback,,,,2.220446049250313e-16,1.171881573621238e-14,feasible,False,0.002733801972479814,0.0008763017851128596,feasible,False,0.002733801972479814,0.0008763017851128596,feasible,False,0.002733801972479708,0.000876301785112811,feasible,False,0.002733801972479814,0.0008763017851128596,feasible,False,4.065691665781423e-05,1.0427143892294266e-05,0,0.0,,,1.0,1,0.66801,,,1.0,0,0.0,,,1.0,1,1.22678,,,1.0,0,0,4,False,False,0.0,0
464,QUA,2,2,analyzed,saved,4.97914,4.97915,-9.999999999621423e-06,0.00020083749233546739,missing_class,False,gate_rejected,False,False,False,True,raw_fallback,,,,-9.999999999621423e-06,0.00020083749233546739,feasible,False,0.09056698437426303,0.049932057408214256,feasible,False,0.09056698437426303,0.049932057408214256,feasible,False,0.09056698437426303,0.049932057408214256,feasible,False,0.09056698437426296,0.04993205740821423,feasible,False,0.09056698437426296,0.04993205740821423,1,4.44931,,,1.0,1,0.52986,,,1.0,0,0.0,,,1.0,0,0.0,,,1.0,0,0,4,False,False,0.0,0
1823,QUB,2,2,analyzed,saved,3.02795,3.02797,-1.9999999999686935e-05,0.0006605085255034541,missing_class,False,gate_rejected,False,False,False,True,raw_fallback,,,,-1.9999999999686935e-05,0.0006605085255034541,feasible,False,-0.20410590475585716,-0.03144864835989553,feasible,False,0.19668934790154352,0.03032080775360603,feasible,False,-0.48623311855274587,-0.0749293144493906,feasible,False,0.050740157368257606,0.05347022501258383,feasible,False,-0.00018399970380689152,-2.0768211171681705e-05,1,1.37397,,,1.0,0,0.0,,,1.0,0,0.0,,,1.0,1,1.65401,,,1.0,0,0,4,False,False,0.0,0
89,QUL,3,3,analyzed,saved,1.01305,1.01307,-1.999999999990898e-05,0.0019741972420374686,missing_class,False,gate_rejected,False,False,False,True,raw_fallback,,,,-1.999999999990898e-05,0.0019741972420374686,feasible,False,-0.0931585724553987,-0.0029280360450671047,feasible,False,0.19438866578239264,0.006119538587266035,feasible,False,0.008415432813356683,0.0002679549823761569,feasible,False,0.19438866578239264,0.006119538587266035,feasible,False,0.00017985987476933828,8.825521566429434e-06,0,0.0,,,1.0,0,0.0,,,1.0,1,0.84152,,,1.0,2,0.17154999999999998,,,1.0,0,0,4,False,False,0.0,0
1937,QUN,26,13,analyzed,saved,25.78878,25.788899999999998,-0.00011999999999900979,0.00046531647336260873,negative_factor,False,feasible,False,True,True,True,target_l2,0.38686422891156713,0.3327434726741369,2/4,-3.552713678800501e-15,1.3776134999168253e-14,feasible,True,0.3825322246962764,0.3298727656354281,feasible,True,0.34321512726620523,0.30705534221128145,feasible,True,0.38686422891156713,0.3327434726741369,feasible,True,0.3320178429997654,0.30043048989855314,feasible,True,0.2552588808437029,0.24331868773788207,7,5.06707,,-7.635060440548174,0.0,2,7.03163,,9.235302153022877,2.2403584225480904,1,4.55312,,-1.6695479094582422,0.0,3,9.13708,,0.7813223793306995,1.0983223344660271,4,0,0,True,True,0.0,0
865,QYN,5,4,analyzed,saved,0.4966,0.49658,1.999999999996449e-05,0.004027548431262735,singular,False,gate_rejected,False,False,False,True,raw_fallback,,,,1.999999999996449e-05,0.004027548431262735,feasible,False,0.010924424637090143,0.002287826086956511,feasible,False,0.010924424637090143,0.002287826086956511,feasible,False,0.010924424637090143,0.002287826086956511,feasible,False,0.010924424637090143,0.002287826086956511,feasible,False,0.010924424637090143,0.002287826086956511,1,0.18668,,,1.0,1,0.12269,,,1.0,1,0.13361,,,1.0,1,0.05362,,,1.0,0,0,4,False,False,0.0,0
213,RAG,2,2,analyzed,saved,2.44019,2.44025,-5.999999999994898e-05,0.002458764470851306,missing_class,False,gate_rejected,False,False,False,True,raw_fallback,,,,-5.999999999994898e-05,0.002458764470851306,feasible,False,0.3391984304410567,0.06358553604506713,feasible,False,0.32488521983021884,0.06184114778715882,feasible,False,0.3129701490411191,0.06038902707561741,feasible,False,0.3129701490411191,0.06038902707561741,feasible,False,0.00020262318308489675,3.859221795207701e-05,0,0.0,,,1.0,0,0.0,,,1.0,1,2.0754,,,1.0,1,0.36483,,,1.0,0,0,4,False,False,0.0,0
2309,RAN,5,5,analyzed,saved,3.4394699999999996,3.43947,-4.440892098500626e-16,1.2911559334724903e-14,missing_class,False,feasible,False,True,True,True,minimax_ratio,0.09151548742832928,0.019647568343351504,3/4,0.0,0.0,feasible,False,-0.3358101278429205,0.028850681541867568,feasible,False,0.11033644689759356,0.013616000360239008,feasible,False,-0.16423134490786057,0.05636681626089896,feasible,False,-0.020721388779466596,0.05561621012088692,feasible,True,0.09151548742832928,0.019647568343351504,1,0.48447,,,0.0,0,0.0,,,0.0,1,2.34086,,,0.9483462189808795,3,0.61417,,,1.985549445150682,4,0,0,True,True,0.0,0
1509,RAV,1,1,analyzed,saved,0.7616,0.76163,-2.999999999997449e-05,0.003938920473192297,missing_class,False,gate_rejected,False,False,False,True,raw_fallback,,,,-2.999999999997449e-05,0.003938920473192297,feasible,False,-2.6613924988362348e-05,-3.970591134716539e-06,feasible,False,-2.661392498814212e-05,-3.9705911346818445e-06,feasible,False,-2.661392498814212e-05,-3.9705911346818445e-06,feasible,False,-2.6613924988362348e-05,-3.970591134716539e-06,feasible,False,-2.6613924988362348e-05,-3.970591134716539e-06,1,0.76161,,,1.0,0,0.0,,,1.0,0,0.0,,,1.0,0,0.0,,,1.0,0,0,4,False,False,0.0,0
1956,RAW,14,12,analyzed,saved,4.11017,4.11017,0.0,0.0,missing_class,False,feasible,False,True,True,True,minimax_ratio,0.33595730406439545,0.05943817121169114,1/4,0.0,0.0,feasible,False,0.5154368823760909,0.08768937762915399,feasible,False,0.5557878468816339,0.09226151909220413,feasible,False,0.5224062289955705,0.08853007384448376,feasible,False,0.5117569686821574,0.08925274185309626,feasible,True,0.33595730406439545,0.05943817121169114,2,0.7631300000000001,,,2.344958129440829,0,0.0,,,0.0,6,1.9607999999999999,,,0.0,4,1.38629,,,1.673930517851653,4,0,0,True,True,0.0,0
1889,RBG,1,1,analyzed,saved,0.29267,0.29268,-1.0000000000010001e-05,0.0034167008336784205,missing_class,False,gate_rejected,False,False,False,True,raw_fallback,,,,-1.0000000000010001e-05,0.0034167008336784205,feasible,False,-0.0005549402913769892,-6.064942755647056e-07,feasible,False,-0.0005549402913769892,-6.064942755647056e-07,feasible,False,-0.0005549402913769892,-6.064942755647056e-07,feasible,False,-0.0005549402913769892,-6.064942755647056e-07,feasible,False,-0.0005549402913769892,-6.064942755647056e-07,1,0.29268,,,1.0,0,0.0,,,1.0,0,0.0,,,1.0,0,0.0,,,1.0,0,0,4,False,False,0.0,0
1981,RCB,2,2,analyzed,saved,3.40741,3.40743,-2.0000000000131024e-05,0.000586952629991842,missing_class,False,gate_rejected,False,False,False,True,raw_fallback,,,,-2.0000000000131024e-05,0.000586952629991842,feasible,False,-0.629590844992219,-0.08834963393370943,feasible,False,0.07158001775271765,0.010046938389024457,feasible,False,-1.0968269828889348,-0.15391772421967592,feasible,False,0.07158001775271765,0.010046938389024457,feasible,False,-6.010293343565093e-05,-6.449010315764253e-06,1,0.20873,,,1.0,0,0.0,,,1.0,0,0.0,,,1.0,1,3.1987,,,1.0,0,0,4,False,False,0.0,0
1203,RCC,1,1,analyzed,saved,0.7524000000000001,0.7524200000000001,-2.0000000000020002e-05,0.002658089896602961,missing_class,False,gate_rejected,False,False,False,True,raw_fallback,,,,-2.0000000000020002e-05,0.002658089896602961,feasible,False,-0.00016660169004011863,6.810109641126362e-07,feasible,False,-0.00016660169004000295,6.81010964115672e-07,feasible,False,-0.00016660169004000295,6.81010964115672e-07,feasible,False,-0.00016660169004000295,6.81010964115672e-07,feasible,False,-0.00016660169004033962,6.810109640913858e-07,1,0.75242,,,1.0,0,0.0,,,1.0,0,0.0,,,1.0,0,0.0,,,1.0,0,0,4,False,False,0.0,0
1284,RCH,15,15,analyzed,saved,32.52077,32.52108,-0.00030999999999892225,0.0009532278755776937,missing_class,False,gate_rejected,False,False,False,True,raw_fallback,,,,-0.00030999999999892225,0.0009532278755776937,feasible,False,-7.633509725068129,0.10492405766301481,feasible,False,0.39438392749112505,0.031320547147866695,feasible,False,-8.746732942538454,0.11443907172085102,feasible,False,-9.891419672435124,0.09725761896593153,feasible,False,-0.0002535235187439284,-6.762628934431358e-05,0,0.0,,,1.0,1,2.41438,,,1.0,1,2.4732,,,1.0,13,27.6334,,,1.0,0,0,4,False,False,0.0,0
1892,RDL,1,1,analyzed,saved,0.8297,0.8297100000000001,-1.0000000000065512e-05,0.0012052403852027228,missing_class,False,gate_rejected,False,False,False,True,raw_fallback,,,,-1.0000000000065512e-05,0.0012052403852027228,feasible,False,9.912677306141214e-05,3.66033568901733e-06,feasible,False,9.912677306141214e-05,3.66033568901733e-06,feasible,False,9.912677306169993e-05,3.660335689041616e-06,feasible,False,9.912677306141214e-05,3.66033568901733e-06,feasible,False,9.912677306169993e-05,3.660335689041616e-06,1,0.82971,,,1.0,0,0.0,,,1.0,0,0.0,,,1.0,0,0.0,,,1.0,0,0,4,False,False,0.0,0
1267,RDY,18,18,analyzed,saved,113.92594,113.92625,-0.00030999999999892225,0.0002721058579554073,negative_factor,False,feasible,False,True,True,True,improvement_l2,0.8457894273078788,1.371702848193552,1/2/3,-4.263256414560601e-14,3.7421194979739975e-14,feasible,True,0.5997007517171389,1.211998516464177,feasible,True,0.8457894273078788,1.371702848193552,feasible,True,0.5954418953850946,1.189253968612661,feasible,True,0.8343677452628487,1.4618070967452064,feasible,True,0.7722865021115574,1.2642398096625425,2,3.57732,,9.640686839680184,7.5998876214302085,1,0.11143,,447.4146343650857,351.9785659626749,1,52.87883,,0.8792509632381218,0.8985670495390615,14,57.35856999999999,,-0.29488835208982916,0.0,4,0,0,True,True,0.0,0
2182,REG,1,1,analyzed,saved,0.17927,0.17929,-1.9999999999992246e-05,0.01115511182999177,missing_class,False,gate_rejected,False,False,False,True,raw_fallback,,,,-1.9999999999992246e-05,0.01115511182999177,feasible,False,0.00011332039710164531,3.0948199209440003e-06,feasible,False,0.00011332039710164531,3.0948199209440003e-06,feasible,False,0.00011332039710164531,3.0948199209440003e-06,feasible,False,0.00011332039710164531,3.0948199209440003e-06,feasible,False,0.00011332039710165548,3.094819920940531e-06,1,0.17928,,,1.0,0,0.0,,,1.0,0,0.0,,,1.0,0,0.0,,,1.0,0,0,4,False,False,0.0,0
1196,RET,2,2,analyzed,saved,2.7636399999999997,2.76368,-4.000000000026205e-05,0.001447345568237352,missing_class,False,gate_rejected,False,False,False,True,raw_fallback,,,,-4.000000000026205e-05,0.001447345568237352,feasible,False,0.004240805262665414,-0.02529253698072096,feasible,False,0.00019871809823772315,-0.0024828359514347496,feasible,False,0.004240805262665414,-0.02529253698072096,feasible,False,-0.011263040797146934,0.062196445577735626,feasible,False,-0.00023212458802888844,-5.156901813582228e-05,1,1.96475,,,1.0,0,0.0,,,1.0,0,0.0,,,1.0,1,0.79893,,,1.0,0,0,4,False,False,0.0,0
832,RGM,2,2,analyzed,saved,0.7875099999999999,0.7875000000000001,9.999999999843467e-06,0.0012698412698213925,missing_class,False,gate_rejected,False,False,False,True,raw_fallback,,,,9.999999999843467e-06,0.0012698412698213925,feasible,False,0.19278569569137727,0.011739401262140969,feasible,False,0.19278569569137727,0.011739401262140969,feasible,False,0.19278569569137727,0.011739401262140969,feasible,False,0.19278569569137727,0.011739401262140969,feasible,False,0.19278569569137705,0.011739401262140944,1,0.18087,,,1.0,1,0.60664,,,1.0,0,0.0,,,1.0,0,0.0,,,1.0,0,0,4,False,False,0.0,0
848,RGS,1,1,analyzed,saved,0.95992,0.95991,9.99999999995449e-06,0.0010417643320680572,missing_class,False,gate_rejected,False,False,False,True,raw_fallback,,,,9.99999999995449e-06,0.0010417643320680572,feasible,False,1.2228022098063331e-05,5.558252427151356e-06,feasible,False,1.2228022098063331e-05,5.558252427151356e-06,feasible,False,1.2228022098063331e-05,5.558252427151356e-06,feasible,False,1.2228022098063331e-05,5.558252427151356e-06,feasible,False,1.222802209812161e-05,5.558252427179111e-06,1,0.95992,,,1.0,0,0.0,,,1.0,0,0.0,,,1.0,0,0.0,,,1.0,0,0,4,False,False,0.0,0
2189,RIE,1,1,analyzed,saved,1.00357,1.00358,-9.999999999843467e-06,0.0009964327706653649,missing_class,False,gate_rejected,False,False,False,True,raw_fallback,,,,-9.999999999843467e-06,0.0009964327706653649,feasible,False,0.00012169731048646725,4.678614277171811e-06,feasible,False,0.00012169731048646725,4.678614277171811e-06,feasible,False,0.00012169731048646725,4.678614277171811e-06,feasible,False,0.00012169731048646725,4.678614277171811e-06,feasible,False,0.00012169731048677085,4.6786142771995665e-06,1,1.00358,,,1.0,0,0.0,,,1.0,0,0.0,,,1.0,0,0.0,,,1.0,0,0,4,False,False,0.0,0
242,RIG,1,1,analyzed,saved,0.26827,0.2683,-2.999999999997449e-05,0.011181513231447816,missing_class,False,gate_rejected,False,False,False,True,raw_fallback,,,,-2.999999999997449e-05,0.011181513231447816,feasible,False,-0.00016680734178905966,-5.0951797609119845e-06,feasible,False,-0.00016680734178905966,-5.0951797609119845e-06,feasible,False,-0.00016680734178905966,-5.0951797609119845e-06,feasible,False,-0.00016680734178905966,-5.0951797609119845e-06,feasible,False,-0.00016680734178905966,-5.0951797609119845e-06,1,0.26829,,,1.0,0,0.0,,,1.0,0,0.0,,,1.0,0,0.0,,,1.0,0,0,4,False,False,0.0,0
1511,RIM,1,1,analyzed,saved,1.49944,1.49945,-9.999999999843467e-06,0.0006669112007631776,missing_class,False,gate_rejected,False,False,False,True,raw_fallback,,,,-9.999999999843467e-06,0.0006669112007631776,feasible,False,7.191874869230032e-06,2.4198928244567597e-06,feasible,False,7.191874869230032e-06,2.4198928244567597e-06,feasible,False,7.191874869192045e-06,2.419892824429004e-06,feasible,False,7.191874869230032e-06,2.4198928244567597e-06,feasible,False,7.191874869230032e-06,2.4198928244567597e-06,1,1.49946,,,1.0,0,0.0,,,1.0,0,0.0,,,1.0,0,0.0,,,1.0,0,0,4,False,False,0.0,0
1302,RJI,1,1,analyzed,saved,3.3165999999999998,3.31662,-2.0000000000131024e-05,0.0006030235601344449,missing_class,False,gate_rejected,False,False,False,True,raw_fallback,,,,-2.0000000000131024e-05,0.0006030235601344449,feasible,False,4.581399034187609e-05,6.225309412410951e-07,feasible,False,4.581399034187609e-05,6.225309412410951e-07,feasible,False,4.581399034187609e-05,6.225309412410951e-07,feasible,False,4.581399034187609e-05,6.225309412410951e-07,feasible,False,4.581399034187609e-05,6.225309412410951e-07,1,3.31662,,,1.0,0,0.0,,,1.0,0,0.0,,,1.0,0,0.0,,,1.0,0,0,4,False,False,0.0,0
1353,RJR,2,2,analyzed,saved,0.44930000000000003,0.44931999999999994,-1.999999999990898e-05,0.004451170657862767,missing_class,False,gate_rejected,False,False,False,True,raw_fallback,,,,-1.999999999990898e-05,0.004451170657862767,feasible,False,-0.5927917951914033,-0.004654388933353854,feasible,False,0.1335604998457052,0.0010459418444232393,feasible,False,-0.592494810024274,-0.0046520582273034804,feasible,False,0.1335604998457052,0.0010459418444232393,feasible,False,0.00175064998333849,1.1513029207276242e-05,0,0.0,,,1.0,0,0.0,,,1.0,1,0.04176,,,1.0,1,0.40755,,,1.0,0,0,4,False,False,0.0,0
528,RKL,3,3,analyzed,saved,1.2570400000000002,1.25706,-1.999999999990898e-05,0.0015910139531851288,missing_class,False,feasible,False,True,True,True,balanced_l2,0.06815174870769207,0.006157390003798141,3/4,-2.220446049250313e-16,1.7663803233340598e-14,feasible,True,0.06815174870769207,0.006157390003798141,feasible,False,0.2444739327265583,0.009356750702992578,feasible,False,-1.1981951399298223,-0.016820436011676668,feasible,False,-0.7081601321618214,-0.00792876560839581,feasible,True,0.034437298037512484,0.005545642315500664,1,0.19694,,,0.0,0,0.0,,,0.0,1,0.66655,,,0.980612042385638,1,0.39357,,,1.5331804070826045,4,0,0,True,True,0.0,0
261,RKS,7,2,analyzed,saved,4.2223299999999995,4.2223500000000005,-2.0000000001019203e-05,0.0004736698758042133,missing_class,False,gate_rejected,False,False,False,True,raw_fallback,,,,-2.0000000001019203e-05,0.0004736698758042133,feasible,False,0.06645717874831804,-0.007866063278805114,feasible,False,0.11760983440157252,-0.013902258310027163,feasible,False,0.10527786177857319,-0.012447041744601841,feasible,False,-0.4667229864186334,0.05505108975315631,feasible,False,-7.41514467128475e-05,-1.513003564886442e-05,1,1.96556,,,1.0,0,0.0,,,1.0,1,2.2568,,,1.0,0,0.0,,,1.0,0,0,4,False,False,0.0,0
805,RND,1,1,analyzed,saved,0.19879999999999998,0.19879000000000002,9.99999999995449e-06,0.00503043412644222,missing_class,False,gate_rejected,False,False,False,True,raw_fallback,,,,9.99999999995449e-06,0.00503043412644222,feasible,False,2.0289493570071006e-05,2.062841530033749e-06,feasible,False,2.0289493570071006e-05,2.062841530033749e-06,feasible,False,2.0289493570140506e-05,2.0628415300406877e-06,feasible,False,2.0289493570140506e-05,2.0628415300406877e-06,feasible,False,2.0289493570140506e-05,2.0628415300406877e-06,1,0.1988,,,1.0,0,0.0,,,1.0,0,0.0,,,1.0,0,0.0,,,1.0,0,0,4,False,False,0.0,0
825,RNG,1,1,analyzed,saved,0.8146899999999999,0.81472,-3.0000000000085514e-05,0.0036822466614401896,missing_class,False,gate_rejected,False,False,False,True,raw_fallback,,,,-3.0000000000085514e-05,0.0036822466614401896,feasible,False,3.6628952666153066e-05,7.476055260370248e-07,feasible,False,3.6628952666153066e-05,7.476055260370248e-07,feasible,False,3.6628952666153066e-05,7.476055260370248e-07,feasible,False,3.6628952666153066e-05,7.476055260370248e-07,feasible,False,3.6628952666153066e-05,7.476055260370248e-07,1,0.8147,,,1.0,0,0.0,,,1.0,0,0.0,,,1.0,0,0.0,,,1.0,0,0,4,False,False,0.0,0
1947,RNK,1,1,analyzed,saved,2.8203700000000005,2.82038,-9.999999999621423e-06,0.0003545621511860608,missing_class,False,gate_rejected,False,False,False,True,raw_fallback,,,,-9.999999999621423e-06,0.0003545621511860608,feasible,False,-3.1490001787591666e-05,-1.7654535725275533e-06,feasible,False,-3.1490001787591666e-05,-1.7654535725275533e-06,feasible,False,-3.1490001787591666e-05,-1.7654535725275533e-06,feasible,False,-3.149000178695311e-05,-1.7654535724156636e-06,feasible,False,-3.1490001787591666e-05,-1.7654535725275533e-06,1,2.82038,,,1.0,0,0.0,,,1.0,0,0.0,,,1.0,0,0.0,,,1.0,0,0,4,False,False,0.0,0
1306,RNP,1,1,analyzed,saved,1.1494,1.14941,-1.0000000000065512e-05,0.0008700115711595959,missing_class,False,gate_rejected,False,False,False,True,raw_fallback,,,,-1.0000000000065512e-05,0.0008700115711595959,feasible,False,-5.663544676497472e-05,-1.3840171826321607e-06,feasible,False,-5.6635446766102265e-05,-1.3840171826564468e-06,feasible,False,-5.663544676497472e-05,-1.3840171826321607e-06,feasible,False,-5.663544676497472e-05,-1.3840171826321607e-06,feasible,False,-5.663544676497472e-05,-1.3840171826321607e-06,1,1.14941,,,1.0,0,0.0,,,1.0,0,0.0,,,1.0,0,0.0,,,1.0,0,0,4,False,False,0.0,0
356,ROS,5,2,analyzed,saved,0.60812,0.6081200000000001,-1.1102230246251565e-16,1.8256643830578774e-14,missing_class,False,gate_rejected,False,False,False,True,raw_fallback,,,,-1.1102230246251565e-16,1.8256643830578774e-14,feasible,False,0.5471334471991759,0.01571201813280753,feasible,False,0.5658943305682836,0.016293091323010073,feasible,False,0.5643874154782765,0.016329384298454513,feasible,False,0.5649228455173292,0.01622897176860411,feasible,False,0.5356204439278414,0.015300070077164349,0,0.0,,,1.0,1,0.02441,,,1.0,0,0.0,,,1.0,1,0.58372,,,1.0,0,0,4,False,False,0.0,0
2192,ROT,1,1,analyzed,saved,1.77024,1.77024,0.0,0.0,missing_class,False,gate_rejected,False,False,False,True,raw_fallback,,,,0.0,0.0,feasible,False,0.00019967474955956698,1.133173175842106e-06,feasible,False,0.00019967474955956608,1.1331731758490449e-06,feasible,False,0.00019967474956678126,1.1331731759184338e-06,feasible,False,0.00019967474955956698,1.133173175842106e-06,feasible,False,0.00019967474955956698,1.133173175842106e-06,1,1.77025,,,1.0,0,0.0,,,1.0,0,0.0,,,1.0,0,0.0,,,1.0,0,0,4,False,False,0.0,0
1187,ROU,1,1,analyzed,saved,0.9521000000000001,0.9521,1.1102230246251565e-16,1.1660781689162446e-14,missing_class,False,gate_rejected,False,False,False,True,raw_fallback,,,,1.1102230246251565e-16,1.1660781689162446e-14,feasible,False,-0.00019818317698335286,1.650876129008494e-06,feasible,False,-0.00019818317698335286,1.650876129008494e-06,feasible,False,-0.00019818317698335286,1.650876129008494e-06,feasible,False,-0.00019818317698335286,1.650876129008494e-06,feasible,False,-0.0001981831769832629,1.6508761290145654e-06,1,0.95211,,,1.0,0,0.0,,,1.0,0,0.0,,,1.0,0,0.0,,,1.0,0,0,4,False,False,0.0,0
1410,RRU,2,2,analyzed,saved,0.89627,0.89629,-2.0000000000020002e-05,0.0022314206339488336,missing_class,False,gate_rejected,False,False,False,True,raw_fallback,,,,-2.0000000000020002e-05,0.0022314206339488336,feasible,False,0.06112764560783106,0.002027200093583653,feasible,False,0.06112764560783106,0.002027200093583653,feasible,False,0.06112764560783106,0.002027200093583653,feasible,False,0.06112764560783106,0.002027200093583653,feasible,False,0.06112764560783106,0.002027200093583653,1,0.0804,,,1.0,0,0.0,,,1.0,0,0.0,,,1.0,1,0.81589,,,1.0,0,0,4,False,False,0.0,0
1949,RSH,1,1,analyzed,saved,3.01941,3.01943,-1.9999999999686935e-05,0.0006623766737326891,missing_class,False,gate_rejected,False,False,False,True,raw_fallback,,,,-1.9999999999686935e-05,0.0006623766737326891,feasible,False,5.358768460254264e-06,-1.78110968002132e-07,feasible,False,5.358768460254264e-06,-1.78110968002132e-07,feasible,False,5.358768460254264e-06,-1.78110968002132e-07,feasible,False,5.358768460254264e-06,-1.78110968002132e-07,feasible,False,5.358768460254264e-06,-1.78110968002132e-07,1,3.01942,,,1.0,0,0.0,,,1.0,0,0.0,,,1.0,0,0.0,,,1.0,0,0,4,False,False,0.0,0
2034,RSO,19,3,analyzed,saved,2.39554,2.3955499999999996,-9.999999999621423e-06,0.00041744067122879606,missing_class,False,gate_rejected,False,False,False,True,raw_fallback,,,,-9.999999999621423e-06,0.00041744067122879606,feasible,False,-0.02989401127753419,-0.006288188439554129,feasible,False,0.14008087770962752,0.029419577784505047,feasible,False,-0.1371691490622245,-0.028824196931718976,feasible,False,0.2316358318412113,0.04865314174366124,feasible,False,4.326780709714565e-05,9.367912861546479e-07,0,0.0,,,1.0,0,0.0,,,1.0,1,1.47764,,,1.0,2,0.9179299999999999,,,1.0,0,0,4,False,False,0.0,0
1878,RTB,1,1,analyzed,saved,0.27815,0.27815,0.0,0.0,missing_class,False,gate_rejected,False,False,False,True,raw_fallback,,,,0.0,0.0,feasible,False,0.00016454729503198433,3.5772706474378885e-06,feasible,False,0.00016454729503198433,3.5772706474378885e-06,feasible,False,0.00016454729503198433,3.5772706474378885e-06,feasible,False,0.00016454729503198433,3.5772706474378885e-06,feasible,False,0.00016454729503198433,3.5772706474378885e-06,1,0.27815,,,1.0,0,0.0,,,1.0,0,0.0,,,1.0,0,0.0,,,1.0,0,0,4,False,False,0.0,0
1333,RTP,18,18,analyzed,saved,20.386159999999997,20.38625,-9.000000000369823e-05,0.0004414740327607982,feasible,True,feasible,True,True,True,True,balanced_l2,0.9999999999999775,0.06059749999999883,1/2/3/4,-3.552713678800501e-15,1.742700927733399e-14,feasible,True,0.9999999999999775,0.06059749999999883,feasible,True,0.9999999999997196,0.060597499999985156,feasible,True,0.9999999999999453,0.060597499999997,feasible,True,0.9999999999993467,0.060597499999963625,feasible,True,1.0,0.06059750000000022,1,3.67259,,1.1350542993671915,1.1350542993671857,2,0.27851,,6.552188824743046,6.5521888247428945,6,5.22912,,0.30805635326560155,0.3080563532656067,9,11.206109999999999,,1.1406026350529708,1.1406026350529737,4,0,0,True,True,0.0,0
1803,RUP,1,1,analyzed,saved,0.6319500000000001,0.63195,1.1102230246251565e-16,1.7568209899915445e-14,missing_class,False,gate_rejected,False,False,False,True,raw_fallback,,,,1.1102230246251565e-16,1.7568209899915445e-14,feasible,False,-0.0003263384730171997,2.1472367944422137e-06,feasible,False,-0.0003263384730171997,2.1472367944422137e-06,feasible,False,-0.00032633847301705014,2.147236794445683e-06,feasible,False,-0.0003263384730171997,2.1472367944422137e-06,feasible,False,-0.0003263384730171997,2.1472367944422137e-06,1,0.63196,,,1.0,0,0.0,,,1.0,0,0.0,,,1.0,0,0.0,,,1.0,0,0,4,False,False,0.0,0
416,RUT,1,1,analyzed,saved,0.12771,0.12771,0.0,0.0,missing_class,False,gate_rejected,False,False,False,True,raw_fallback,,,,0.0,0.0,feasible,False,1.2127254599638106e-05,1.9999999999621015e-07,feasible,False,1.2127254599638106e-05,1.9999999999621015e-07,feasible,False,1.2127254599638106e-05,1.9999999999621015e-07,feasible,False,1.2127254599638106e-05,1.9999999999621015e-07,feasible,False,1.2127254599638106e-05,1.9999999999621015e-07,1,0.12771,,,1.0,0,0.0,,,1.0,0,0.0,,,1.0,0,0.0,,,1.0,0,0,4,False,False,0.0,0
2204,RVA,1,1,analyzed,saved,1.2048400000000001,1.2048599999999998,-1.9999999999686935e-05,0.001659943893870403,missing_class,False,gate_rejected,False,False,False,True,raw_fallback,,,,-1.9999999999686935e-05,0.001659943893870403,feasible,False,3.2420292916938823e-06,1.3164198462492505e-06,feasible,False,3.2420292916938823e-06,1.3164198462492505e-06,feasible,False,3.242029291820008e-06,1.3164198462908838e-06,feasible,False,3.2420292916938823e-06,1.3164198462492505e-06,feasible,False,3.242029291820008e-06,1.3164198462908838e-06,1,1.20486,,,1.0,0,0.0,,,1.0,0,0.0,,,1.0,0,0.0,,,1.0,0,0,4,False,False,0.0,0
1864,RVB,1,1,analyzed,saved,0.53033,0.53033,0.0,0.0,missing_class,False,gate_rejected,False,False,False,True,raw_fallback,,,,0.0,0.0,feasible,False,-0.0004678596196118436,3.2416697272161406e-06,feasible,False,-0.0004678596196118436,3.2416697272161406e-06,feasible,False,-0.0004678596196118436,3.2416697272161406e-06,feasible,False,-0.00046785961961167067,3.241669727230235e-06,feasible,False,-0.00046785961961153373,3.2416697272408604e-06,1,0.53034,,,1.0,0,0.0,,,1.0,0,0.0,,,1.0,0,0.0,,,1.0,0,0,4,False,False,0.0,0
2053,RYA,11,11,analyzed,saved,4.48733,4.48742,-9.000000000014552e-05,0.0020056067851938423,negative_factor,False,feasible,False,True,True,True,improvement_l2,0.6525919645984427,0.1496464556955938,1/2/3,0.0,0.0,feasible,True,0.5684261961421941,0.14346347710202548,feasible,True,0.6525919645984427,0.1496464556955938,feasible,False,0.0377107620306715,0.10608273851915351,feasible,False,0.3379497990930395,0.15744290224705393,feasible,True,0.47623448451030315,0.14855921999015131,1,0.38769,,20.728754619494293,6.472781092052638,1,0.25484,,6.955725510796695,5.341888885646103,4,1.33256,,0.41564642677558705,0.4626652402179339,5,2.5123499999999996,,-2.338665841310688,0.0,4,0,0,True,True,0.0,0
2048,RYL,1,1,analyzed,saved,0.49565000000000003,0.49565,5.551115123125783e-17,1.1199667352215843e-14,missing_class,False,gate_rejected,False,False,False,True,raw_fallback,,,,5.551115123125783e-17,1.1199667352215843e-14,feasible,False,-8.547157301488134e-05,-1.4567335835623252e-06,feasible,False,-8.547157301488134e-05,-1.4567335835623252e-06,feasible,False,-8.547157301476153e-05,-1.4567335835519168e-06,feasible,False,-8.547157301476153e-05,-1.4567335835519168e-06,feasible,False,-8.547157301488134e-05,-1.4567335835623252e-06,1,0.49565,,,1.0,0,0.0,,,1.0,0,0.0,,,1.0,0,0.0,,,1.0,0,0,4,False,False,0.0,0
1808,RZB,1,1,analyzed,saved,0.10132,0.10132,0.0,0.0,missing_class,False,gate_rejected,False,False,False,True,raw_fallback,,,,0.0,0.0,feasible,False,5.866948836987452e-05,3.4678695789800568e-06,feasible,False,5.866948836987452e-05,3.4678695789800568e-06,feasible,False,5.866948836987452e-05,3.4678695789800568e-06,feasible,False,5.866948836987452e-05,3.4678695789800568e-06,feasible,False,5.866948836987452e-05,3.4678695789800568e-06,1,0.10132,,,1.0,0,0.0,,,1.0,0,0.0,,,1.0,0,0.0,,,1.0,0,0,4,False,False,0.0,0
2041,RZH,4,4,analyzed,saved,1.64633,1.64635,-1.999999999990898e-05,0.0012148085158021672,negative_factor,False,feasible,False,True,True,True,improvement_l2,0.5277109940864332,0.030810008945122692,1/2/3,4.440892098500626e-16,2.6974167695208347e-14,feasible,False,-0.25773154342250837,0.04623236010001485,feasible,True,0.5277109940864332,0.030810008945122692,feasible,False,-0.5989074349920037,0.05283888644164669,feasible,False,-0.7522512457868793,0.05526604024995401,feasible,True,0.31980251254403086,0.034535262641438275,1,0.39496,,0.22327255209328456,0.6232235716298022,1,0.06485,,104.3863119942652,20.5363873148342,1,0.50386,,0.2542569848315978,0.13539154834172035,1,0.68267,,-7.8226593357270735,0.0,4,0,0,True,True,0.0,0
1789,SAA,1,1,analyzed,saved,0.1965,0.19651000000000002,-1.0000000000010001e-05,0.005088799552190729,missing_class,False,gate_rejected,False,False,False,True,raw_fallback,,,,-1.0000000000010001e-05,0.005088799552190729,feasible,False,0.00021690107246023627,4.02973648577689e-06,feasible,False,0.00021690107246023627,4.02973648577689e-06,feasible,False,0.0002169010724602784,4.029736485783829e-06,feasible,False,0.0002169010724602784,4.029736485783829e-06,feasible,False,0.00021690107246023627,4.02973648577689e-06,1,0.19651,,,1.0,0,0.0,,,1.0,0,0.0,,,1.0,0,0.0,,,1.0,0,0,4,False,False,0.0,0
2237,SAB,1,1,analyzed,saved,0.80059,0.8005900000000001,-1.1102230246251565e-16,1.3867560481959009e-14,missing_class,False,gate_rejected,False,False,False,True,raw_fallback,,,,-1.1102230246251565e-16,1.3867560481959009e-14,feasible,False,2.5519462515802117e-05,5.131088039105752e-06,feasible,False,2.5519462515802117e-05,5.131088039105752e-06,feasible,False,2.5519462515802117e-05,5.131088039105752e-06,feasible,False,2.5519462515802117e-05,5.131088039105752e-06,feasible,False,2.5519462515802117e-05,5.131088039105752e-06,1,0.8006,,,1.0,0,0.0,,,1.0,0,0.0,,,1.0,0,0.0,,,1.0,0,0,4,False,False,0.0,0
2105,SAG,8,8,analyzed,saved,6.6355,6.63556,-5.9999999999504894e-05,0.0009042190862490113,negative_factor,False,feasible,False,True,True,True,target_l2,0.5240668769557851,0.1328485968015689,2/3,-1.7763568394002505e-15,2.6770262636465508e-14,feasible,True,0.5206594725658077,0.1326688777258949,feasible,True,0.5238905711822132,0.13283929778477022,feasible,True,0.5240668769557851,0.1328485968015689,feasible,False,-0.6792104461648083,0.08410647234184258,feasible,True,0.30163601395011896,0.11838966245855764,4,3.76997,,-7.770591147252852,0.0,1,0.67277,,-155.2590590467925,8.770120586050114,2,0.59412,,10.328134954625803,1.2374341060149743,1,1.59869,,83.97414088050205,0.0,4,0,0,True,True,0.0,0
1512,SAL,2,2,analyzed,saved,1.6401000000000001,1.64013,-2.999999999997449e-05,0.0018291233012001785,missing_class,False,gate_rejected,False,False,False,True,raw_fallback,,,,-2.999999999997449e-05,0.0018291233012001785,feasible,False,0.4169970088375894,0.05868096861775345,feasible,False,0.4169970088375894,0.05868096861775345,feasible,False,0.4169970088375894,0.05868096861775345,feasible,False,0.4169970088375894,0.05868096861775345,feasible,False,0.4169970088375894,0.05868096861775345,1,1.55993,,,1.0,0,0.0,,,1.0,0,0.0,,,1.0,1,0.08018,,,1.0,0,0,4,False,False,0.0,0
2016,SAM,3,0,no_valid_locations,saved,,,,,,,,,,,,,,,,,,,,,,,,,,,,,,,,,,,,,,,,,,,,,,,,,,,,,,,,,,,,,,,,
1147,SAN,1,1,analyzed,saved,1.17749,1.1775,-1.0000000000065512e-05,0.0008492569002178779,missing_class,False,gate_rejected,False,False,False,True,raw_fallback,,,,-1.0000000000065512e-05,0.0008492569002178779,feasible,False,-0.00021219287062263428,2.8190566462109844e-06,feasible,False,-0.00021219287062263428,2.8190566462109844e-06,feasible,False,-0.00021219287062263428,2.8190566462109844e-06,feasible,False,-0.00021219287062263428,2.8190566462109844e-06,feasible,False,-0.00021219287062263428,2.8190566462109844e-06,1,1.17751,,,1.0,0,0.0,,,1.0,0,0.0,,,1.0,0,0.0,,,1.0,0,0,4,False,False,0.0,0
223,SAO,4,2,analyzed,saved,0.24908,0.24908999999999998,-9.999999999982245e-06,0.004014613192011822,missing_class,False,gate_rejected,False,False,False,True,raw_fallback,,,,-9.999999999982245e-06,0.004014613192011822,feasible,False,0.4186098787875785,0.014903124280782503,feasible,False,0.4186098787875785,0.014903124280782503,feasible,False,0.4186098787875785,0.014903124280782503,feasible,False,0.4186098787875785,0.014903124280782503,feasible,False,0.4186098787875785,0.014903124280782503,1,0.19293,,,1.0,0,0.0,,,1.0,0,0.0,,,1.0,1,0.05616,,,1.0,0,0,4,False,False,0.0,0
1208,SAV,10,10,analyzed,saved,7.408049999999999,7.40819,-0.00014000000000091717,0.0018898003426061855,missing_class,False,gate_rejected,False,False,False,True,raw_fallback,,,,-0.00014000000000091717,0.0018898003426061855,feasible,False,-0.35271087364024434,0.08937701422328065,feasible,False,0.4287650210185078,0.028424013103698367,feasible,False,-0.34243014991916443,0.09201241150777979,feasible,False,-0.37698021335242304,0.08838350753256173,feasible,False,-0.0002871928196876566,-0.00010175819537810993,7,5.41671,,,1.0,0,0.0,,,1.0,1,0.84348,,,1.0,2,1.14798,,,1.0,0,0,4,False,False,0.0,0
2236,SAW,1,1,analyzed,saved,0.47109,0.47109,0.0,0.0,missing_class,False,gate_rejected,False,False,False,True,raw_fallback,,,,0.0,0.0,feasible,False,0.00011030896987777735,3.768045626470831e-06,feasible,False,0.00011030896987777735,3.768045626470831e-06,feasible,False,0.00011030896987793743,3.7680456264812395e-06,feasible,False,0.00011030896987777735,3.768045626470831e-06,feasible,False,0.00011030896987793743,3.7680456264812395e-06,1,0.4711,,,1.0,0,0.0,,,1.0,0,0.0,,,1.0,0,0.0,,,1.0,0,0,4,False,False,0.0,0
1719,SAY,1,1,analyzed,saved,0.90322,0.9032399999999999,-1.999999999990898e-05,0.0022142509189040545,missing_class,False,gate_rejected,False,False,False,True,raw_fallback,,,,-1.999999999990898e-05,0.0022142509189040545,feasible,False,5.484802061590681e-05,7.924290221627411e-07,feasible,False,5.4848020615239476e-05,7.924290221124342e-07,feasible,False,5.4848020615239476e-05,7.924290221124342e-07,feasible,False,5.4848020615239476e-05,7.924290221124342e-07,feasible,False,5.4848020615239476e-05,7.924290221124342e-07,1,0.90323,,,1.0,0,0.0,,,1.0,0,0.0,,,1.0,0,0.0,,,1.0,0,0,4,False,False,0.0,0
1387,SBG,5,5,analyzed,saved,1.34407,1.3440800000000002,-1.0000000000065512e-05,0.0007440033331398065,singular,False,gate_rejected,False,False,False,True,raw_fallback,,,,-1.0000000000065512e-05,0.0007440033331398065,feasible,False,0.6802488275400029,0.060177683983394355,feasible,False,0.6818277615105869,0.060297525670945144,feasible,False,0.6804101158270386,0.060189925825587035,feasible,False,0.6818277615105869,0.060297525670945144,feasible,False,0.6323324010544791,0.05654080902952673,2,1.03386,,,1.0,1,0.05398,,,1.0,1,0.02512,,,1.0,1,0.23114,,,1.0,0,0,4,False,False,0.0,0
291,SBL,12,10,analyzed,saved,9.9307,9.930750000000002,-5.000000000165983e-05,0.000503486645033455,negative_factor,False,feasible,False,True,True,True,improvement_l2,0.661487844060576,0.2272246345314758,2/3/4,1.7763568394002505e-15,1.7887438908443472e-14,feasible,False,0.6243029459547937,0.2672102853526507,feasible,True,0.661487844060576,0.2272246345314758,feasible,False,0.6462741625274713,0.2729152042596392,feasible,True,0.5906527536842272,0.26410881138563724,feasible,True,0.6384069990526136,0.24548558833551246,2,1.74667,,-2.3748833987097706,0.0,1,0.63514,,17.006253649679916,8.881179393594152,1,0.67126,,1.07675497804768,1.0527139649709971,6,6.8777,,0.3714340236486119,0.5209874037671872,4,0,0,True,True,0.0,0
1390,SBU,2,2,analyzed,saved,0.30598999999999993,0.30599,-5.551115123125783e-17,1.8141491954396492e-14,missing_class,False,gate_rejected,False,False,False,True,raw_fallback,,,,-5.551115123125783e-17,1.8141491954396492e-14,feasible,False,0.143934736098548,0.001560184239639171,feasible,False,0.143934736098548,0.001560184239639171,feasible,False,0.143934736098548,0.001560184239639171,feasible,False,0.143934736098548,0.001560184239639171,feasible,False,0.143934736098548,0.001560184239639171,1,0.0657,,,1.0,1,0.24031,,,1.0,0,0.0,,,1.0,0,0.0,,,1.0,0,0,4,False,False,0.0,0
146,SBY,26,20,analyzed,saved,9.94215,9.94217,-2.0000000001019203e-05,0.0002011633275333172,singular,False,gate_rejected,False,False,False,True,raw_fallback,,,,-2.0000000001019203e-05,0.0002011633275333172,feasible,False,0.49582512246492316,0.17664833375496847,feasible,False,0.5328951364196254,0.16220914791126706,feasible,False,0.49582512246492316,0.17664833375496847,feasible,False,0.4958251224649223,0.17664833375496825,feasible,False,0.5149504266588234,0.16919881345237342,12,7.197050000000001,,,1.0,3,1.2244,,,1.0,1,0.27111,,,1.0,4,1.2497,,,1.0,0,0,4,False,False,0.0,0
1931,SBZ,3,3,analyzed,saved,1.84038,1.8403999999999998,-1.999999999990898e-05,0.0010867202781954456,missing_class,False,gate_rejected,False,False,False,True,raw_fallback,,,,-1.999999999990898e-05,0.0010867202781954456,feasible,False,-0.07274810083385742,0.0015586271218308474,feasible,False,0.16536930119057963,-0.0026739964703304253,feasible,False,-0.01990463026902556,0.0006193151761150796,feasible,False,-0.4090666447135265,0.007536811795458301,feasible,False,0.002148739676934393,0.0002273084889668764,1,0.76677,,,1.0,1,0.0433,,,1.0,0,0.0,,,1.0,1,1.03033,,,1.0,0,0,4,False,False,0.0,0
1873,SCB,1,1,analyzed,saved,2.59988,2.5998799999999997,4.440892098500626e-16,1.708114258542943e-14,missing_class,False,gate_rejected,False,False,False,True,raw_fallback,,,,4.440892098500626e-16,1.708114258542943e-14,feasible,False,2.492969860218859e-05,3.962236287000098e-06,feasible,False,2.492969860218859e-05,3.962236287000098e-06,feasible,False,2.4929698601860566e-05,3.962236286908158e-06,feasible,False,2.492969860218859e-05,3.962236287000098e-06,feasible,False,2.492969860172099e-05,3.96223628689428e-06,1,2.59989,,,1.0,0,0.0,,,1.0,0,0.0,,,1.0,0,0.0,,,1.0,0,0,4,False,False,0.0,0
1983,SCI,2,2,analyzed,saved,1.42341,1.4234000000000002,9.999999999843467e-06,0.0007025432063961968,missing_class,False,gate_rejected,False,False,False,True,raw_fallback,,,,9.999999999843467e-06,0.0007025432063961968,feasible,False,0.12028844784115035,-0.001236848769039435,feasible,False,0.05902565471524495,-0.0006021745081033064,feasible,False,0.13175954213016103,-0.0013556877562701589,feasible,False,-0.08645883403896157,0.0009050251422290032,feasible,False,4.628052771622735e-05,8.843841092953664e-06,1,0.75064,,,1.0,0,0.0,,,1.0,1,0.67278,,,1.0,0,0.0,,,1.0,0,0,4,False,False,0.0,0
1206,SCL,1,1,analyzed,saved,0.61789,0.6179000000000001,-1.0000000000065512e-05,0.0016183848519283883,missing_class,False,gate_rejected,False,False,False,True,raw_fallback,,,,-1.0000000000065512e-05,0.0016183848519283883,feasible,False,2.085236129051653e-05,-3.5251715926540306e-08,feasible,False,2.085236129051653e-05,-3.5251715926540306e-08,feasible,False,2.085236129051653e-05,-3.5251715926540306e-08,feasible,False,2.085236129051653e-05,-3.5251715926540306e-08,feasible,False,2.085236129051653e-05,-3.5251715926540306e-08,1,0.6179,,,1.0,0,0.0,,,1.0,0,0.0,,,1.0,0,0.0,,,1.0,0,0,4,False,False,0.0,0
290,SCO,30,21,analyzed,saved,12.166849999999998,12.16693,-8.000000000230045e-05,0.0006575200153391237,feasible,True,feasible,True,True,True,True,balanced_l2,0.9999999999999978,0.24656999999999923,1/2/3/4,-3.552713678800501e-15,2.9199754406415596e-14,feasible,True,0.9999999999999978,0.24656999999999923,feasible,True,0.9999999999999966,0.24656999999999896,feasible,True,0.9999999999999967,0.2465699999999989,feasible,True,0.9999999999999993,0.24656999999999968,feasible,True,0.9999999999999987,0.24656999999999957,4,0.38232,,7.618212155221211,7.618212155221225,4,0.43156,,2.3881136292696006,2.3881136292696006,2,1.03302,,0.7957263232210934,0.7957263232210939,11,10.320129999999999,,0.7171668122744709,0.7171668122744702,4,0,0,True,True,0.0,0
853,SDG,6,3,analyzed,saved,0.96171,0.96169,1.999999999990898e-05,0.0020796722436449352,missing_class,False,gate_rejected,False,False,False,True,raw_fallback,,,,1.999999999990898e-05,0.0020796722436449352,feasible,False,0.004955368801675462,0.002233251366120209,feasible,False,0.004955368801675462,0.002233251366120209,feasible,False,0.004955368801675516,0.002233251366120237,feasible,False,0.004955368801675462,0.002233251366120209,feasible,False,0.004955368801675462,0.002233251366120209,1,0.64535,,,1.0,1,0.1068,,,1.0,0,0.0,,,1.0,1,0.20956,,,1.0,0,0,4,False,False,0.0,0
1409,SDR,1,1,analyzed,saved,0.40548,0.40549,-1.0000000000010001e-05,0.002466152062938667,missing_class,False,gate_rejected,False,False,False,True,raw_fallback,,,,-1.0000000000010001e-05,0.002466152062938667,feasible,False,-0.00019249089426919827,7.680144773775793e-07,feasible,False,-0.00019249089426919827,7.680144773775793e-07,feasible,False,-0.00019249089426841482,7.680144773905898e-07,feasible,False,-0.00019249089426919827,7.680144773775793e-07,feasible,False,-0.00019249089426841482,7.680144773905898e-07,1,0.40549,,,1.0,0,0.0,,,1.0,0,0.0,,,1.0,0,0.0,,,1.0,0,0,4,False,False,0.0,0
1953,SDZ,8,8,analyzed,saved,4.74606,4.746130000000001,-7.000000000090267e-05,0.0014748858543887895,negative_factor,False,feasible,False,True,True,True,minimax_ratio,0.2998041692168949,0.0459345818394338,2/4,0.0,0.0,feasible,False,0.5385838588415628,0.08725738125355273,feasible,False,0.5570464245469491,0.08951649790840338,feasible,False,0.4883232668887465,0.08111667890394175,feasible,False,0.49489042864126775,0.08573234259635179,feasible,True,0.2998041692168949,0.0459345818394338,1,0.29206,,-127.34354125624645,0.0,1,0.71373,,104.58415319858605,3.1227592249352627,2,1.21645,,6.4295906078653395,0.0,4,2.52388,,-16.057539493710816,0.9973759281771436,4,0,0,True,True,0.0,0
206,SER,60,57,analyzed,saved,49.25825,49.258759999999995,-0.0005099999999984561,0.0010353488394723217,feasible,True,feasible,True,True,True,True,balanced_l2,0.999999999999998,1.3911024999999981,1/2/3/4,-7.105427357601002e-15,1.4424697977783042e-14,feasible,True,0.999999999999998,1.3911024999999981,feasible,True,0.9999999999999969,1.3911024999999948,feasible,True,0.9999999999999989,1.391102499999999,feasible,True,0.999999999999993,1.3911024999999888,feasible,True,0.9999999999999996,1.3911024999999997,3,2.7725999999999997,,8.160900349653808,8.160900349653815,8,3.8856899999999994,,0.11917508815879521,0.11917508815878976,4,7.18399,,0.6431990357389007,0.6431990357389006,42,35.30452999999999,,0.6103347567011707,0.6103347567011707,4,0,0,True,True,0.0,0
538,SFA,1,1,analyzed,saved,0.23877,0.23878,-9.999999999982245e-06,0.004187955440146681,missing_class,False,gate_rejected,False,False,False,True,raw_fallback,,,,-9.999999999982245e-06,0.004187955440146681,feasible,False,4.312686043478261e-05,2.9848356029836542e-06,feasible,False,4.312686043478261e-05,2.9848356029836542e-06,feasible,False,4.312686043478261e-05,2.9848356029836542e-06,feasible,False,4.312686043478261e-05,2.9848356029836542e-06,feasible,False,4.3126860434845945e-05,2.984835602990593e-06,1,0.23879,,,1.0,0,0.0,,,1.0,0,0.0,,,1.0,0,0.0,,,1.0,0,0,4,False,False,0.0,0
2225,SFC,1,1,analyzed,saved,0.11873,0.11875,-1.9999999999992246e-05,0.016842105263151365,missing_class,False,gate_rejected,False,False,False,True,raw_fallback,,,,-1.9999999999992246e-05,0.016842105263151365,feasible,False,4.010715869158548e-05,1.6340284842378955e-06,feasible,False,4.010715869158548e-05,1.6340284842378955e-06,feasible,False,4.010715869164992e-05,1.634028484241365e-06,feasible,False,4.010715869158548e-05,1.6340284842378955e-06,feasible,False,4.010715869158548e-05,1.6340284842378955e-06,1,0.11875,,,1.0,0,0.0,,,1.0,0,0.0,,,1.0,0,0.0,,,1.0,0,0,4,False,False,0.0,0
1930,SFR,6,6,analyzed,saved,4.43096,4.43103,-7.00000000000145e-05,0.0015797681351743162,missing_class,False,gate_rejected,False,False,False,True,raw_fallback,,,,-7.00000000000145e-05,0.0015797681351743162,feasible,False,0.12294299809289198,0.014233351184750664,feasible,False,0.2676200045270603,0.028750785756776837,feasible,False,-0.3413912446252604,-0.03235969185888857,feasible,False,0.17877244516615606,0.023781382183642924,feasible,False,0.030307721605443816,0.004937979386468394,2,0.41722,,,1.0,3,3.26185,,,1.0,0,0.0,,,1.0,1,0.75193,,,1.0,0,0,4,False,False,0.0,0
2290,SGH,2,2,analyzed,saved,0.38058000000000003,0.3805700000000001,9.99999999995449e-06,0.0026276374911197646,missing_class,False,gate_rejected,False,False,False,True,raw_fallback,,,,9.99999999995449e-06,0.0026276374911197646,feasible,False,0.4116058314333024,0.005730823278252556,feasible,False,0.39009714852448474,0.00639679279789029,feasible,False,0.41633835615530296,0.0055842909578335855,feasible,False,0.3828645541020108,0.0066207343313486045,feasible,False,-0.0007356582029318705,-1.144049107117389e-05,1,0.15474,,,1.0,0,0.0,,,1.0,1,0.22585,,,1.0,0,0.0,,,1.0,0,0,4,False,False,0.0,0
247,SGN,19,19,analyzed,saved,79.44663,79.44701,-0.00038000000000693035,0.00047830623204942553,negative_factor,False,feasible,False,True,True,True,improvement_l2,0.6570992251537215,0.44352274387055435,2/3/4,0.0,0.0,feasible,True,0.4699540849893175,0.4600561327126799,feasible,True,0.6570992251537215,0.44352274387055435,feasible,True,0.4794961876885764,0.4619894369319318,feasible,True,0.47339166948581834,0.4381275375578213,feasible,True,0.5279611624456984,0.3880131650561819,4,18.507579999999997,,-0.8938845309002877,0.0,11,50.86318999999999,,0.8488901433056957,0.8290503042417217,1,5.44447,,0.7646040307941305,0.863431270578007,3,4.63163,,10.50393224048419,7.033760608880068,4,0,0,True,True,0.0,0
876,SGS,1,0,no_valid_locations,saved,,,,,,,,,,,,,,,,,,,,,,,,,,,,,,,,,,,,,,,,,,,,,,,,,,,,,,,,,,,,,,,,
1375,SGT,8,8,analyzed,saved,7.63228,7.63227,9.999999999621423e-06,0.00013102261842966016,negative_factor,False,feasible,False,True,True,True,target_l2,0.6046403391234664,0.1282126561420101,3/4,0.0,0.0,feasible,True,0.5954374491692184,0.12842608581039916,feasible,True,0.5936755806726348,0.12846694634560496,feasible,True,0.6046403391234664,0.1282126561420101,feasible,False,0.21180011943018995,0.1373232462105397,feasible,True,0.5031244458098485,0.13056697131407463,2,1.96066,,4.159975998106236,0.0,1,1.4256,,-24.954177076266777,0.0,3,3.65122,,0.6612122605201306,0.6491462707431099,2,0.59485,,54.863382863738764,8.845763042648926,4,0,0,True,True,0.0,0
1388,SGU,3,3,analyzed,saved,0.83179,0.8317899999999999,1.1102230246251565e-16,1.3347395672286957e-14,missing_class,False,gate_rejected,False,False,False,True,raw_fallback,,,,1.1102230246251565e-16,1.3347395672286957e-14,feasible,False,-0.04182784561686158,0.002712553893862839,feasible,False,0.22325823688888577,0.0005519520923665117,feasible,False,-0.04659844838933089,0.0027342415530364882,feasible,False,-2.4342595999371426,0.013588798879784253,feasible,False,5.0230861672025255e-05,6.1693544304592535e-06,1,0.26389,,,1.0,0,0.0,,,1.0,1,0.22817,,,1.0,1,0.33975,,,1.0,0,0,4,False,False,0.0,0
834,SGZ,1,1,analyzed,saved,0.7028399999999999,0.70289,-5.0000000000105516e-05,0.00711348859709279,missing_class,False,gate_rejected,False,False,False,True,raw_fallback,,,,-5.0000000000105516e-05,0.00711348859709279,feasible,False,0.0006121759904795796,7.157093395352473e-06,feasible,False,0.000612175990478372,7.157093395328187e-06,feasible,False,0.0006121759904795796,7.157093395352473e-06,feasible,False,0.0006121759904795796,7.157093395352473e-06,feasible,False,0.000612175990478372,7.157093395328187e-06,1,0.70285,,,1.0,0,0.0,,,1.0,0,0.0,,,1.0,0,0.0,,,1.0,0,0,4,False,False,0.0,0
1907,SHB,7,7,analyzed,saved,3.4346300000000003,3.4346499999999995,-1.9999999999242846e-05,0.0005823009622302957,negative_factor,False,feasible,False,True,True,True,improvement_l2,0.6801474257697377,0.11739674978827126,3/4,4.440892098500626e-16,1.2929678711078645e-14,feasible,True,0.677683650966666,0.11735108777201536,feasible,True,0.6801474257697377,0.11739674978827126,feasible,True,0.677748484296848,0.11735228935122356,feasible,False,-0.11043794445760333,0.10514005787105019,feasible,True,0.5192598096059292,0.11441496227445924,4,2.4369700000000005,,-0.32054072645459025,0.0,1,0.71771,,-13.95874879975793,0.0,1,0.10251,,2.3099751216528372,2.3074613261391534,1,0.17747,,78.86790870751119,18.01945036406361,4,0,0,True,True,0.0,0
864,SHG,2,2,analyzed,saved,0.34255,0.34255,0.0,0.0,missing_class,False,gate_rejected,False,False,False,True,raw_fallback,,,,0.0,0.0,feasible,False,0.004061306477386426,0.0006819424460431656,feasible,False,0.0040613064773865025,0.0006819424460431794,feasible,False,0.0040613064773865025,0.0006819424460431794,feasible,False,0.004061306477386426,0.0006819424460431656,feasible,False,0.004061306477386426,0.0006819424460431656,0,0.0,,,1.0,1,0.20095,,,1.0,0,0.0,,,1.0,1,0.1416,,,1.0,0,0,4,False,False,0.0,0
994,SHI,1,1,analyzed,saved,0.03148,0.031490000000000004,-1.0000000000003062e-05,0.031756113051772186,missing_class,False,gate_rejected,False,False,False,True,raw_fallback,,,,-1.0000000000003062e-05,0.031756113051772186,feasible,False,0.005217092075621418,4.421532637372051e-06,feasible,False,0.005217092075621867,4.421532637372864e-06,feasible,False,0.005217092075621867,4.421532637372864e-06,feasible,False,0.005217092075621867,4.421532637372864e-06,feasible,False,0.005217092075622315,4.4215326373736775e-06,1,0.03149,,,1.0,0,0.0,,,1.0,0,0.0,,,1.0,0,0.0,,,1.0,0,0,4,False,False,0.0,0
138,SHM,7,7,analyzed,saved,0.687,0.6870299999999999,-2.999999999986347e-05,0.004366621544890831,singular,False,gate_rejected,False,False,False,True,raw_fallback,,,,-2.999999999986347e-05,0.004366621544890831,feasible,False,0.5416560983692357,0.007306485915492994,feasible,False,0.5416560983692357,0.007306485915492994,feasible,False,0.5416560983692357,0.007306485915492994,feasible,False,0.5416560983692357,0.007306485915492994,feasible,False,0.5416560983692353,0.007306485915492973,2,0.06218,,,1.0,3,0.34607,,,1.0,1,0.09168,,,1.0,1,0.18713,,,1.0,0,0,4,False,False,0.0,0
35,SHP,3,3,analyzed,saved,4.35989,4.359929999999999,-3.999999999937387e-05,0.0009174459222825567,missing_class,False,gate_rejected,False,False,False,True,raw_fallback,,,,-3.999999999937387e-05,0.0009174459222825567,feasible,False,-0.23227002767714972,-0.07497683640966,feasible,False,0.014980899650653884,0.007289476206739545,feasible,False,-0.08957775017312675,-0.02274446897230907,feasible,False,0.024967454438740377,0.01215049758903397,feasible,False,1.96969216103136e-05,7.012142407655797e-06,0,0.0,,,1.0,0,0.0,,,1.0,1,3.37228,,,1.0,2,0.98765,,,1.0,0,0,4,False,False,0.0,0
1317,SHR,1,1,analyzed,saved,1.96297,1.9629999999999999,-2.9999999999752447e-05,0.0015282730514392484,missing_class,False,gate_rejected,False,False,False,True,raw_fallback,,,,-2.9999999999752447e-05,0.0015282730514392484,feasible,False,-0.00013296451431508592,-3.6838623204736923e-07,feasible,False,-0.00013296451431508592,-3.6838623204736923e-07,feasible,False,-0.00013296451431508592,-3.6838623204736923e-07,feasible,False,-0.00013296451431476922,-3.6838623194935735e-07,feasible,False,-0.00013296451431508592,-3.6838623204736923e-07,1,1.96298,,,1.0,0,0.0,,,1.0,0,0.0,,,1.0,0,0.0,,,1.0,0,0,4,False,False,0.0,0
1827,SHS,1,1,analyzed,saved,0.24458,0.24457999999999996,2.7755575615628914e-17,1.134826053464262e-14,missing_class,False,gate_rejected,False,False,False,True,raw_fallback,,,,2.7755575615628914e-17,1.134826053464262e-14,feasible,False,0.00029494972909867393,4.329729917027826e-06,feasible,False,0.00029494972909867393,4.329729917027826e-06,feasible,False,0.00029494972909839713,4.329729917020887e-06,feasible,False,0.00029494972909867393,4.329729917027826e-06,feasible,False,0.00029494972909867393,4.329729917027826e-06,1,0.24459,,,1.0,0,0.0,,,1.0,0,0.0,,,1.0,0,0.0,,,1.0,0,0,4,False,False,0.0,0
1513,SIC,22,22,analyzed,saved,44.68764,44.688010000000006,-0.0003700000000037562,0.0008279625787851287,negative_factor,False,feasible,False,True,True,True,improvement_l2,0.5504390502274874,1.0272669245197628,2/4,0.0,0.0,feasible,False,-3.818465971067434,0.6437594413288782,feasible,True,0.5504390502274874,1.0272669245197628,feasible,False,-3.1107411933724016,1.0068413450208646,feasible,False,-1.4034605594941385,1.439620499556792,feasible,True,0.3633973162586856,1.0671799193098195,1,5.8099,,-14.038856222874958,0.0,1,6.24126,,7.1925541704238425,5.733417728506062,7,27.54727,,0.8093525513403621,0.0,13,5.089479999999999,,11.60531605057349,1.7494966660865305,4,0,0,True,True,0.0,0
1514,SIE,5,5,analyzed,saved,3.70147,3.70155,-8.000000000008001e-05,0.0021612567708143887,missing_class,False,feasible,False,True,True,True,minimax_ratio,0.021978972581031455,0.008696110470120894,3/4,-4.440892098500626e-16,1.1997385145413749e-14,feasible,False,0.12590992718681465,0.0618325664165202,feasible,False,0.07114381224466373,0.03383246514720009,feasible,False,0.09819550713599652,0.04766310106621968,feasible,False,0.08243193031697785,0.03960370616911116,feasible,True,0.021978972581031455,0.008696110470120894,2,0.42375,,,0.0,0,0.0,,,0.0,1,2.36547,,,1.0010953305939077,2,0.9123,,,1.4616437501762838,4,0,0,True,True,0.0,0
1411,SIG,2,2,analyzed,saved,1.77823,1.7782399999999998,-9.999999999843467e-06,0.0005623537880063134,missing_class,False,gate_rejected,False,False,False,True,raw_fallback,,,,-9.999999999843467e-06,0.0005623537880063134,feasible,False,0.040243016798165665,-0.0021382924714072864,feasible,False,0.006501108673876849,-0.00032857741697652626,feasible,False,0.043734566041271364,-0.0023255583843266453,feasible,False,-0.007167901488816181,0.00040454690365969437,feasible,False,0.0002491770180960716,6.738973402371784e-06,1,0.08191,,,1.0,0,0.0,,,1.0,1,1.69634,,,1.0,0,0.0,,,1.0,0,0,4,False,False,0.0,0
995,SIR,1,1,analyzed,saved,0.07171000000000001,0.0717,1.0000000000010001e-05,0.013947001394714088,missing_class,False,gate_rejected,False,False,False,True,raw_fallback,,,,1.0000000000010001e-05,0.013947001394714088,feasible,False,0.0002927796734674653,2.678571428572094e-06,feasible,False,0.0002927796734671439,2.6785714285688413e-06,feasible,False,0.0002927796734671439,2.6785714285688413e-06,feasible,False,0.0002927796734674653,2.678571428572094e-06,feasible,False,0.0002927796734674653,2.678571428572094e-06,1,0.07171,,,1.0,0,0.0,,,1.0,0,0.0,,,1.0,0,0.0,,,1.0,0,0,4,False,False,0.0,0
2170,SIT,3,3,analyzed,saved,1.01728,1.0172700000000001,9.999999999843467e-06,0.000983023189501653,missing_class,False,feasible,False,True,True,True,target_l2,0.3492405474921211,0.018533218982709713,2/4,2.220446049250313e-16,2.1827499574845547e-14,feasible,True,0.3416048095802523,0.01843884420880407,feasible,True,0.33596252396123816,0.018366908201452904,feasible,True,0.3492405474921211,0.018533218982709713,feasible,False,-0.09330595985341678,0.011641328780711118,feasible,True,0.34348619133604236,0.018462830781082257,1,0.18822,,,0.0,1,0.2034,,,2.9661432036981994,0,0.0,,,0.0,1,0.62568,,,0.6615566643428523,4,0,0,True,True,0.0,0
1989,SIZ,1,1,analyzed,saved,1.4533200000000002,1.45332,2.220446049250313e-16,1.5278438673178056e-14,missing_class,False,gate_rejected,False,False,False,True,raw_fallback,,,,2.220446049250313e-16,1.5278438673178056e-14,feasible,False,2.6783827183515116e-05,1.6641768747910346e-06,feasible,False,2.6783827183515116e-05,1.6641768747910346e-06,feasible,False,2.6783827183401918e-05,1.6641768747875652e-06,feasible,False,2.6783827183515116e-05,1.6641768747910346e-06,feasible,False,2.6783827183401918e-05,1.6641768747875652e-06,1,1.45332,,,1.0,0,0.0,,,1.0,0,0.0,,,1.0,0,0.0,,,1.0,0,0,4,False,False,0.0,0
5,SKE,11,11,analyzed,saved,9.18882,9.18889,-7.000000000090267e-05,0.0007617895088623618,missing_class,False,gate_rejected,False,False,False,True,raw_fallback,,,,-7.000000000090267e-05,0.0007617895088623618,feasible,False,0.09064594852379924,0.04352078647733782,feasible,False,0.013842498333190258,0.0067803638913377234,feasible,False,0.08752365211800765,0.041003704373210395,feasible,False,0.030037599812824778,0.057690165213218,feasible,False,-0.0010926487810113792,-9.077002441885973e-05,6,5.167940000000001,,,1.0,0,0.0,,,1.0,1,0.32557,,,1.0,4,3.6954,,,1.0,0,0,4,False,False,0.0,0
408,SKI,3,3,analyzed,saved,1.15618,1.1562,-1.999999999990898e-05,0.001729804532080002,missing_class,False,gate_rejected,False,False,False,True,raw_fallback,,,,-1.999999999990898e-05,0.001729804532080002,feasible,False,0.4750239716899955,0.023684057700290605,feasible,False,0.45528398718151497,0.02247168837991502,feasible,False,0.4750239716899955,0.023684057700290605,feasible,False,0.4750239716899955,0.023684057700290605,feasible,False,0.31620563785130446,0.01392992261591533,1,0.32189,,,1.0,1,0.51871,,,1.0,0,0.0,,,1.0,1,0.3156,,,1.0,0,0,4,False,False,0.0,0
935,SKK,4,4,analyzed,saved,2.1744399999999997,2.1744700000000003,-3.0000000000640625e-05,0.0013796465345873074,negative_factor,False,feasible,False,True,True,True,improvement_l2,0.2845903009415603,0.012860747335088782,2/4,-4.440892098500626e-16,2.0422871313472366e-14,feasible,True,0.2782555857622733,0.012850810070331474,feasible,True,0.2845903009415603,0.012860747335088782,feasible,True,0.2795240205577554,0.012853033450648761,feasible,False,-0.3945928328113797,0.01167140539319067,feasible,True,0.04088274543662492,0.012434730266354596,1,0.30726,,2.8351994484759366,0.0,1,0.59078,,1.076812317285791,2.1725553160468376,1,0.67874,,-57.77125830158658,0.0,1,0.5977,,66.72018709585285,1.4906045591263009,4,0,0,True,True,0.0,0
1138,SKN,1,1,analyzed,saved,0.5816800000000001,0.58169,-9.99999999995449e-06,0.0017191287455439305,missing_class,False,gate_rejected,False,False,False,True,raw_fallback,,,,-9.99999999995449e-06,0.0017191287455439305,feasible,False,-0.0003105047305062779,-9.40555730790868e-07,feasible,False,-0.0003105047305062779,-9.40555730790868e-07,feasible,False,-0.0003105047305062779,-9.40555730790868e-07,feasible,False,-0.00031050473050691334,-9.405557307926027e-07,feasible,False,-0.00031050473050691334,-9.405557307926027e-07,1,0.58169,,,1.0,0,0.0,,,1.0,0,0.0,,,1.0,0,0.0,,,1.0,0,0,4,False,False,0.0,0
1360,SKT,3,3,analyzed,saved,1.9209300000000002,1.92096,-2.9999999999752447e-05,0.0015617191404168982,missing_class,False,gate_rejected,False,False,False,True,raw_fallback,,,,-2.9999999999752447e-05,0.0015617191404168982,feasible,False,-0.19642569271528815,0.014691691712847734,feasible,False,0.007754013953678364,0.0006245190345322464,feasible,False,-0.19544128947408618,0.014701885619023098,feasible,False,-0.14646147925128888,0.014877722194451933,feasible,False,-0.0017060972346939062,-2.879798848453175e-05,1,1.30317,,,1.0,0,0.0,,,1.0,1,0.0437,,,1.0,1,0.5741,,,1.0,0,0,4,False,False,0.0,0
2055,SKY,3,3,analyzed,saved,1.7646000000000002,1.7646000000000002,0.0,0.0,missing_class,False,feasible,False,True,True,True,balanced_l2,0.4360244571753857,0.05315070369220678,1/2/3,-2.220446049250313e-16,1.2583282609375002e-14,feasible,True,0.4360244571753857,0.05315070369220678,feasible,True,0.42724570015294827,0.05916404048419862,feasible,False,0.5021712440690442,0.07293396999176188,feasible,False,0.42520720954481295,0.07591550359698962,feasible,True,0.4132249745213469,0.06143553415061296,1,0.50873,,,0.352705815605197,1,0.11521,,,11.523668185227358,1,1.14067,,,0.22566386371444364,0,0.0,,,0.0,4,0,0,True,True,0.0,0
1391,SLA,2,2,analyzed,saved,0.40393000000000007,0.40394,-9.99999999995449e-06,0.0024756151903635414,missing_class,False,gate_rejected,False,False,False,True,raw_fallback,,,,-9.99999999995449e-06,0.0024756151903635414,feasible,False,0.33704855644273507,0.004401421023359288,feasible,False,0.33704855644273507,0.004401421023359288,feasible,False,0.33704855644273507,0.004401421023359288,feasible,False,0.33704855644273507,0.004401421023359288,feasible,False,0.33704855644273507,0.004401421023359288,1,0.25076,,,1.0,0,0.0,,,1.0,0,0.0,,,1.0,1,0.15319,,,1.0,0,0,4,False,False,0.0,0
1941,SLD,17,17,analyzed,saved,8.982940000000001,8.98301,-6.999999999912632e-05,0.0007792488263858809,negative_factor,False,feasible,False,True,True,True,improvement_l2,0.27160891141924315,0.0636166574137913,1/2/3,7.105427357601002e-15,7.909851327785454e-14,feasible,False,-0.3201761157366655,0.10949692335162328,feasible,True,0.27160891141924315,0.0636166574137913,feasible,False,-0.24044972143675658,0.12732644614588448,feasible,False,-0.017681183485880547,0.11036098624618493,feasible,True,0.2047908186310513,0.07557963803549797,11,3.9440000000000004,,-2.79763913915049,0.12007849470861287,1,0.73724,,503.07392725487585,8.282518800721977,1,2.86577,,-11.564545891862583,0.8385608869080812,4,1.43605,,-221.24852260685824,0.0,4,0,0,True,True,0.0,0
529,SLI,2,2,analyzed,saved,0.31209000000000003,0.31209000000000003,0.0,0.0,missing_class,False,gate_rejected,False,False,False,True,raw_fallback,,,,0.0,0.0,feasible,False,0.007659727743223193,0.0003001799899806836,feasible,False,0.007659727743223193,0.0003001799899806836,feasible,False,0.007659727743223193,0.0003001799899806836,feasible,False,0.007659727743223193,0.0003001799899806836,feasible,False,0.00017281584099575184,8.495626743336773e-06,0,0.0,,,1.0,1,0.26755,,,1.0,0,0.0,,,1.0,1,0.04455,,,1.0,0,0,4,False,False,0.0,0
1194,SLM,1,1,analyzed,saved,0.10933000000000001,0.10933,1.3877787807814457e-17,1.2693485601220579e-14,missing_class,False,gate_rejected,False,False,False,True,raw_fallback,,,,1.3877787807814457e-17,1.2693485601220579e-14,feasible,False,0.00065621341972963,4.228018459908299e-06,feasible,False,0.0006562134197292105,4.2280184599048296e-06,feasible,False,0.00065621341972963,4.228018459908299e-06,feasible,False,0.0006562134197292105,4.2280184599048296e-06,feasible,False,0.000656213419729146,4.2280184599022275e-06,1,0.10934,,,1.0,0,0.0,,,1.0,0,0.0,,,1.0,0,0.0,,,1.0,0,0,4,False,False,0.0,0
334,SLN,1,1,analyzed,saved,0.16568,0.1657,-1.9999999999992246e-05,0.012070006034998339,missing_class,False,gate_rejected,False,False,False,True,raw_fallback,,,,-1.9999999999992246e-05,0.012070006034998339,feasible,False,0.00971961902530819,5.780863369409713e-06,feasible,False,0.00971961902530819,5.780863369409713e-06,feasible,False,0.00971961902530819,5.780863369409713e-06,feasible,False,0.00971961902530819,5.780863369409713e-06,feasible,False,0.0097196190253083,5.780863369411881e-06,1,0.16571,,,1.0,0,0.0,,,1.0,0,0.0,,,1.0,0,0.0,,,1.0,0,0,4,False,False,0.0,0
1413,SLP,2,2,analyzed,saved,1.5792300000000001,1.57926,-2.999999999997449e-05,0.0018996238744712392,missing_class,False,gate_rejected,False,False,False,True,raw_fallback,,,,-2.999999999997449e-05,0.0018996238744712392,feasible,False,0.27147755345191715,-0.004872507139683672,feasible,False,0.2817413193186649,-0.005542150869587323,feasible,False,0.2710100506601848,-0.0048641004111388405,feasible,False,-0.22475199236110316,0.004050791632698491,feasible,False,0.0007439020253925072,-4.1205637517989675e-06,0,0.0,,,1.0,0,0.0,,,1.0,1,0.2277,,,1.0,1,1.35156,,,1.0,0,0,4,False,False,0.0,0
2173,SLT,1,1,analyzed,saved,0.78119,0.7811999999999999,-9.999999999843467e-06,0.0012800819252231784,missing_class,False,gate_rejected,False,False,False,True,raw_fallback,,,,-9.999999999843467e-06,0.0012800819252231784,feasible,False,-8.235983954031509e-05,2.1481121693384814e-06,feasible,False,-8.235983954031509e-05,2.1481121693384814e-06,feasible,False,-8.235983954031509e-05,2.1481121693384814e-06,feasible,False,-8.235983954031509e-05,2.1481121693384814e-06,feasible,False,-8.235983954014121e-05,2.148112169364936e-06,1,0.7812,,,1.0,0,0.0,,,1.0,0,0.0,,,1.0,0,0.0,,,1.0,0,0,4,False,False,0.0,0
1793,SLV,6,6,analyzed,saved,2.7846100000000003,2.7846599999999997,-4.999999999943938e-05,0.001795551341974941,negative_factor,False,feasible,False,True,True,True,improvement_l2,0.2682098744781223,0.017523275026199187,3/4,0.0,0.0,feasible,True,0.1632978944525961,0.012971652744579204,feasible,True,0.2682098744781223,0.017523275026199187,feasible,True,0.22703633746634824,0.01573695483254446,feasible,False,-1.0341965813570095,-0.01021119388341371,feasible,True,0.024866982362762517,0.006965806474403161,3,1.17042,,-45.331827851029644,0.0,1,0.54146,,35.701612677294044,0.0,1,0.44905,,1.3010192567394556,1.12515574323596,1,0.62372,,57.601427353588164,3.654471562284018,4,0,0,True,True,0.0,0
2154,SLZ,14,11,analyzed,saved,9.719430000000001,9.719479999999999,-4.9999999998107114e-05,0.0005144308131515998,missing_class,False,gate_rejected,False,False,False,True,raw_fallback,,,,-4.9999999998107114e-05,0.0005144308131515998,feasible,False,-0.5743817034944025,0.07002710801862544,feasible,False,0.22412913025894435,-0.02722922496396829,feasible,False,-0.8852746280188231,0.10789297597104378,feasible,False,-1.6509764371882723,0.18287356701359947,feasible,False,0.0007271518583744338,-1.9503715518481846e-05,0,0.0,,,1.0,0,0.0,,,1.0,1,3.83641,,,1.0,10,5.88311,,,1.0,0,0,4,False,False,0.0,0
1304,SMA,25,20,analyzed,saved,20.78549,20.785690000000002,-0.0002000000000030866,0.0009622004369500679,negative_factor,False,feasible,False,True,True,True,balanced_l2,0.7411812927772818,0.599991743512577,1,3.552713678800501e-15,1.7092113270237844e-14,feasible,True,0.7411812927772818,0.599991743512577,feasible,True,0.7409259007961283,0.5162806467358431,feasible,True,0.7411812927772818,0.599991743512577,feasible,True,0.7411812927772818,0.599991743512577,feasible,True,0.740953782610644,0.5254196074138575,1,0.75736,,-5.856866962322953,27.444613768459238,4,2.6275500000000003,,18.47827051375705,0.0,6,9.37285,,-0.9456807952271751,0.0,9,8.027989999999999,,-1.802154546305531,0.0,4,0,0,True,True,0.0,0
1383,SMB,5,5,analyzed,saved,1.34812,1.34815,-2.999999999997449e-05,0.002225271668580981,singular,False,gate_rejected,False,False,False,True,raw_fallback,,,,-2.999999999997449e-05,0.002225271668580981,feasible,False,0.7499999999999978,0.013752499999999942,feasible,False,0.7499999999999181,0.013752499999998568,feasible,False,0.7499999999999947,0.0137524999999999,feasible,False,0.7499999999999719,0.013752499999999643,feasible,False,0.75,0.0137525,2,0.8600000000000001,,,1.0,1,0.02753,,,1.0,1,0.32374,,,1.0,1,0.13688,,,1.0,0,0,4,False,False,0.0,0
2340,SMC,3,1,analyzed,saved,0.0,0.0,0.0,0.0,missing_class,False,gate_rejected,False,False,False,True,raw_fallback,,,,0.0,0.0,feasible,False,0.0,0.0,feasible,False,0.0,0.0,feasible,False,0.0,0.0,feasible,False,0.0,0.0,feasible,False,0.0,0.0,0,0.0,,,1.0,0,0.0,,,1.0,0,0.0,,,1.0,1,0.11188,,,1.0,0,0,4,False,False,0.0,0
238,SMD,1,1,analyzed,saved,0.13865,0.13865,0.0,0.0,missing_class,False,gate_rejected,False,False,False,True,raw_fallback,,,,0.0,0.0,feasible,False,0.0001329905309565451,1.3878386077681264e-06,feasible,False,0.00013299053095639583,1.3878386077650906e-06,feasible,False,0.0001329905309561892,1.3878386077616212e-06,feasible,False,0.00013299053095639583,1.3878386077650906e-06,feasible,False,0.00013299053095639583,1.3878386077650906e-06,1,0.13865,,,1.0,0,0.0,,,1.0,0,0.0,,,1.0,0,0.0,,,1.0,0,0,4,False,False,0.0,0
394,SME,15,13,analyzed,saved,10.92429,10.92439,-0.0001000000000015433,0.0009153829184196398,feasible,True,feasible,True,True,True,True,balanced_l2,0.9999999999999929,0.14862499999999923,1/2/3/4,1.7763568394002505e-15,1.626046707779794e-14,feasible,True,0.9999999999999929,0.14862499999999923,feasible,True,0.9999999999999108,0.1486249999999865,feasible,True,0.9999999999999873,0.14862499999999856,feasible,True,0.9999999999998442,0.14862499999998519,feasible,True,1.0,0.1486250000000001,1,0.36678,,2.6161583051197774,2.616158305119831,1,0.12993,,48.432005473617814,48.43200547361735,1,1.18105,,0.7208633794637231,0.720863379463728,10,9.246599999999999,,0.3049989095290074,0.3049989095290112,4,0,0,True,True,0.0,0
875,SMG,3,2,analyzed,saved,0.43587,0.43585000000000007,1.999999999990898e-05,0.004588734656397608,missing_class,False,gate_rejected,False,False,False,True,raw_fallback,,,,1.999999999990898e-05,0.004588734656397608,feasible,False,0.017021214233629022,0.0027309748427672698,feasible,False,0.017021214233629022,0.0027309748427672698,feasible,False,0.01702121423362909,0.0027309748427672836,feasible,False,0.017021214233629022,0.0027309748427672698,feasible,False,0.01702121423362909,0.0027309748427672836,0,0.0,,,1.0,1,0.22498,,,1.0,0,0.0,,,1.0,1,0.21089,,,1.0,0,0,4,False,False,0.0,0
1444,SML,6,6,analyzed,saved,0.5859500000000001,0.58593,2.0000000000131024e-05,0.0034133770245816097,missing_class,False,gate_rejected,False,False,False,True,raw_fallback,,,,2.0000000000131024e-05,0.0034133770245816097,feasible,False,0.056775040208748184,0.004534800179957972,feasible,False,0.38406333146253224,0.0028616562676296343,feasible,False,0.056656370822943225,0.004535406834597772,feasible,False,-0.07157849185438886,0.00505648105873416,feasible,False,0.3177256781087344,0.0032007837091945733,2,0.21956,,,1.0,3,0.25554,,,1.0,0,0.0,,,1.0,1,0.11086,,,1.0,0,0,4,False,False,0.0,0
996,SMN,2,1,analyzed,saved,0.36107,0.36107,0.0,0.0,missing_class,False,gate_rejected,False,False,False,True,raw_fallback,,,,0.0,0.0,feasible,False,6.576859815029393e-05,2.7400000000028096e-06,feasible,False,6.576859815029393e-05,2.7400000000028096e-06,feasible,False,6.576859815017487e-05,2.7399999999906666e-06,feasible,False,6.576859815017487e-05,2.7399999999906666e-06,feasible,False,6.576859815029393e-05,2.7400000000028096e-06,1,0.36107,,,1.0,0,0.0,,,1.0,0,0.0,,,1.0,0,0.0,,,1.0,0,0,4,False,False,0.0,0
2023,SMO,29,29,analyzed,saved,6.471499999999999,6.47174,-0.0002400000000006841,0.0037084308084175837,negative_factor,False,feasible,False,True,True,True,balanced_l2,0.2896600887459289,0.14217739968999668,2/4,8.881784197001252e-16,1.3723950895742493e-14,feasible,True,0.2896600887459289,0.14217739968999668,feasible,True,0.28214926156414893,0.12960292714795463,feasible,False,0.3050208408563325,0.16789405525437218,feasible,False,0.1920768807614575,0.15549336191313834,feasible,True,0.1562011069339397,0.10856734134154017,18,3.94537,,-5.405158865215927,0.0,2,0.32445,,31.90352075234693,5.626486492052027,1,0.30085,,-0.12578518383810722,0.0,8,1.90106,,9.196672664698559,2.443860147725549,4,0,0,True,True,0.0,0
413,SMS,1,1,analyzed,saved,0.4863,0.48631,-1.0000000000010001e-05,0.002056301536059304,missing_class,False,gate_rejected,False,False,False,True,raw_fallback,,,,-1.0000000000010001e-05,0.002056301536059304,feasible,False,0.0005736699972863832,5.680429691486914e-06,feasible,False,0.0005736699972863832,5.680429691486914e-06,feasible,False,0.0005736699972863832,5.680429691486914e-06,feasible,False,0.0005736699972863832,5.680429691486914e-06,feasible,False,0.0005736699972859882,5.68042969147412e-06,1,0.48631,,,1.0,0,0.0,,,1.0,0,0.0,,,1.0,0,0.0,,,1.0,0,0,4,False,False,0.0,0
1263,SMV,7,7,analyzed,saved,41.4551,41.45532,-0.00021999999999877673,0.0005306918388249728,negative_factor,False,feasible,False,True,True,True,minimax_ratio,0.07984495345842267,0.12399772059567898,2/3,-7.105427357601002e-15,1.713996504574323e-14,feasible,False,-0.48613515495770576,-0.36578541506789547,feasible,True,0.07964342060040548,0.11463854882458085,feasible,False,-0.38833473541763064,-0.23362914885263592,feasible,False,0.08345813485862798,0.29179361104017415,feasible,True,0.07984495345842267,0.12399772059567898,1,0.33381,,-87.05743273117395,0.0,1,10.51375,,2.4211895900315206,1.4408662126642164,1,26.87129,,0.8226555328084649,0.9789778180679747,4,3.7363299999999997,,6.14367882038297,0.0,4,0,0,True,True,0.0,0
997,SNC,1,0,no_valid_locations,saved,,,,,,,,,,,,,,,,,,,,,,,,,,,,,,,,,,,,,,,,,,,,,,,,,,,,,,,,,,,,,,,,
1305,SND,18,18,analyzed,saved,31.83715,31.837449999999997,-0.0002999999999957481,0.0009422865210491045,negative_factor,False,feasible,False,True,True,True,improvement_l2,0.9064209233258247,1.0793508258318147,1/2/3,7.105427357601002e-15,2.2317828084852908e-14,feasible,True,0.8520524258637866,1.0919954371347194,feasible,True,0.9064209233258247,1.0793508258318147,feasible,True,0.7990385344401555,1.1016607439145298,feasible,False,0.28504851296967026,1.0975481913276321,feasible,True,0.8327459611301516,1.0832063569176886,1,2.45434,,12.558095175048999,11.11081512775423,5,2.8954,,2.2655191204291882,1.3581099314903673,1,0.66784,,0.9659246735990138,0.9512852973674197,11,25.81977,,-0.2397091919212093,0.0,4,0,0,True,True,0.0,0
2097,SNG,6,6,analyzed,saved,1.6250699999999998,1.62513,-6.000000000017103e-05,0.0036920123313317105,missing_class,False,feasible,False,True,True,True,improvement_l2,0.460714476525239,0.1371707884846735,3/4,-4.440892098500626e-16,2.7326380649551888e-14,feasible,False,0.44210771812770433,0.162819745674033,feasible,True,0.460714476525239,0.1371707884846735,feasible,False,0.44210771808343946,0.1628197456667328,feasible,True,0.44938993365150515,0.15278139131788618,feasible,True,0.45250556798533487,0.14848656629040172,0,0.0,,,0.0,0,0.0,,,0.0,2,1.07001,,,0.3209753748830245,4,0.55511,,,2.3087084146138093,4,0,0,True,True,0.0,0
918,SNP,8,8,analyzed,saved,5.1891,5.189139999999999,-3.999999999937387e-05,0.0007708406402481699,singular,False,gate_rejected,False,False,False,True,raw_fallback,,,,-3.999999999937387e-05,0.0007708406402481699,feasible,False,0.17516910858280507,0.1284018384615387,feasible,False,0.17516910858280507,0.1284018384615387,feasible,False,0.17516910858280507,0.1284018384615387,feasible,False,0.17516910858280507,0.1284018384615387,feasible,False,0.1751691085828049,0.12840183846153846,4,3.07781,,,1.0,2,0.7837400000000001,,,1.0,1,0.56211,,,1.0,1,0.76548,,,1.0,0,0,4,False,False,0.0,0
1647,SNT,1,1,analyzed,saved,0.73193,0.73193,0.0,0.0,missing_class,False,gate_rejected,False,False,False,True,raw_fallback,,,,0.0,0.0,feasible,False,4.8980770310858315e-05,1.67133056507094e-06,feasible,False,4.8980770310858315e-05,1.67133056507094e-06,feasible,False,4.898077031041388e-05,1.6713305650457866e-06,feasible,False,4.8980770310858315e-05,1.67133056507094e-06,feasible,False,4.8980770311332986e-05,1.671330565096961e-06,1,0.73193,,,1.0,0,0.0,,,1.0,0,0.0,,,1.0,0,0.0,,,1.0,0,0,4,False,False,0.0,0
55,SOH,1,1,analyzed,saved,0.5857600000000001,0.58577,-9.99999999995449e-06,0.0017071546852782645,missing_class,False,gate_rejected,False,False,False,True,raw_fallback,,,,-9.99999999995449e-06,0.0017071546852782645,feasible,False,0.0003449951469005426,3.004034283037374e-06,feasible,False,0.0003449951469005426,3.004034283037374e-06,feasible,False,0.0003449951469005426,3.004034283037374e-06,feasible,False,0.0003449951469005426,3.004034283037374e-06,feasible,False,0.0003449951469005426,3.004034283037374e-06,1,0.58577,,,1.0,0,0.0,,,1.0,0,0.0,,,1.0,0,0.0,,,1.0,0,0,4,False,False,0.0,0
2295,SON,12,12,analyzed,saved,2.61632,2.61638,-5.999999999994898e-05,0.0022932448650405898,missing_class,False,gate_rejected,False,False,False,True,raw_fallback,,,,-5.999999999994898e-05,0.0022932448650405898,feasible,False,0.2496809697791857,0.015500978245732395,feasible,False,0.30768075260788097,0.01910515537580362,feasible,False,0.26193205923779295,0.016262275862580087,feasible,False,0.3099604426158661,0.01924259764846724,feasible,False,2.6683196782165244e-06,-1.4335434893465726e-05,0,0.0,,,1.0,0,0.0,,,1.0,1,0.49881,,,1.0,11,2.1175800000000002,,,1.0,0,0,4,False,False,0.0,0
1800,SOR,6,6,analyzed,saved,2.4229600000000007,2.4230199999999997,-5.9999999999060805e-05,0.002476248648342185,negative_factor,False,feasible,False,True,True,True,target_l2,0.3581071962094727,0.01301651679654911,2/3,0.0,0.0,feasible,True,0.3536546503857243,0.013076536246678578,feasible,True,0.3275532261381942,0.01342837835969557,feasible,True,0.3581071962094727,0.01301651679654911,feasible,True,0.16212449860989395,0.015658325373134357,feasible,True,0.1817127037927163,0.015394280184014446,2,0.2644,,-60.355954969197136,0.0,1,0.9808,,18.097845747839777,2.242727358205409,2,0.45413,,0.4954525528517284,0.4917563659245974,1,0.72368,,0.5620202099698406,0.0,4,0,0,True,True,0.0,0
1801,SPB,1,1,analyzed,saved,0.44773,0.44773,0.0,0.0,missing_class,False,gate_rejected,False,False,False,True,raw_fallback,,,,0.0,0.0,feasible,False,0.0002178255704246023,5.702788483335705e-06,feasible,False,0.0002178255704246023,5.702788483335705e-06,feasible,False,0.0002178255704246023,5.702788483335705e-06,feasible,False,0.0002178255704246023,5.702788483335705e-06,feasible,False,0.0002178255704246023,5.702788483335705e-06,1,0.44774,,,1.0,0,0.0,,,1.0,0,0.0,,,1.0,0,0.0,,,1.0,0,0,4,False,False,0.0,0
799,SPG,1,1,analyzed,saved,0.09841,0.09841,0.0,0.0,missing_class,False,gate_rejected,False,False,False,True,raw_fallback,,,,0.0,0.0,feasible,False,7.27164272127106e-05,3.5714285714291694e-06,feasible,False,7.271642721273935e-05,3.571428571430904e-06,feasible,False,7.271642721267309e-05,3.5714285714274346e-06,feasible,False,7.271642721267309e-05,3.5714285714274346e-06,feasible,False,7.271642721267309e-05,3.5714285714274346e-06,1,0.09841,,,1.0,0,0.0,,,1.0,0,0.0,,,1.0,0,0.0,,,1.0,0,0,4,False,False,0.0,0
2102,SPN,5,5,analyzed,saved,3.00204,3.00208,-3.999999999981796e-05,0.0013324095293868903,negative_factor,False,feasible,False,True,True,True,target_l2,0.2806872846540237,0.037700995039530796,3/4,-4.440892098500626e-16,1.479271737762027e-14,feasible,True,0.2418934992285134,0.03619106082632501,feasible,False,0.27795880809087864,-0.00654993452469077,feasible,True,0.2806872846540237,0.037700995039530796,feasible,True,0.19935445725697823,0.03450270775238285,feasible,True,0.24484154703207206,0.036008666784876145,2,0.7959,,321.86510022036475,0.0,1,0.33387,,-2266.482326723304,0.0,1,0.89819,,0.7720151806911631,0.7750787687046349,1,0.97411,,516.209682504404,2.36718670345947,4,0,0,True,True,0.0,0
1846,SPO,3,3,analyzed,saved,1.2998699999999999,1.29991,-4.0000000000040004e-05,0.0030771361094260375,missing_class,False,feasible,False,True,True,True,improvement_l2,0.3134843698876538,0.020518610980726062,3/4,0.0,0.0,feasible,True,0.17146314586182443,0.020560571899009138,feasible,True,0.3134843698876538,0.020518610980726062,feasible,True,0.2175298662098218,0.02054696124397256,feasible,False,-0.8489550558488852,0.0208620598285088,feasible,True,0.1091474242817799,0.02057898340699965,1,0.42215,,,0.0,0,0.0,,,0.0,1,0.55174,,,1.2356571035598645,1,0.32601,,,1.8960140509368988,4,0,0,True,True,0.0,0
1795,SPY,1,1,analyzed,saved,1.30219,1.3022,-1.0000000000065512e-05,0.0007679311933701053,missing_class,False,gate_rejected,False,False,False,True,raw_fallback,,,,-1.0000000000065512e-05,0.0007679311933701053,feasible,False,-0.0002781319028596778,2.448138472126507e-07,feasible,False,-0.0002781319028596778,2.448138472126507e-07,feasible,False,-0.0002781319028596778,2.448138472126507e-07,feasible,False,-0.0002781319028595835,2.448138472221917e-07,feasible,False,-0.0002781319028595835,2.448138472221917e-07,1,1.30221,,,1.0,0,0.0,,,1.0,0,0.0,,,1.0,0,0.0,,,1.0,0,0,4,False,False,0.0,0
106,SRA,1,1,analyzed,saved,0.49346,0.49345,1.0000000000010001e-05,0.0020265477758658426,missing_class,False,gate_rejected,False,False,False,True,raw_fallback,,,,1.0000000000010001e-05,0.0020265477758658426,feasible,False,0.0017210260977870062,7.434091714619796e-06,feasible,False,0.0017210260977870062,7.434091714619796e-06,feasible,False,0.0017210260977870062,7.434091714619796e-06,feasible,False,0.0017210260977870062,7.434091714619796e-06,feasible,False,0.0017210260977868343,7.434091714633023e-06,1,0.49347,,,1.0,0,0.0,,,1.0,0,0.0,,,1.0,0,0.0,,,1.0,0,0,4,False,False,0.0,0
1903,SRB,3,3,analyzed,saved,0.9408500000000001,0.9408799999999999,-2.999999999986347e-05,0.003188504378864836,missing_class,False,gate_rejected,False,False,False,True,raw_fallback,,,,-2.999999999986347e-05,0.003188504378864836,feasible,False,0.456665457473441,0.050299402356902355,feasible,False,0.456665457473441,0.050299402356902355,feasible,False,0.456665457473441,0.050299402356902355,feasible,False,0.456665457473441,0.050299402356902355,feasible,False,0.45666545747344117,0.05029940235690238,1,0.53128,,,1.0,1,0.2477,,,1.0,0,0.0,,,1.0,1,0.16189,,,1.0,0,0,4,False,False,0.0,0
388,SRC,4,4,analyzed,saved,1.37014,1.37017,-3.0000000000196536e-05,0.0021895093309732758,missing_class,False,feasible,False,True,True,True,improvement_l2,0.5914633475676765,0.010107333545594639,1/3/4,0.0,0.0,feasible,False,-0.4529151266866167,0.012236478479694977,feasible,True,0.5914633475676765,0.010107333545594639,feasible,False,-0.4552177347327993,0.012227581218522396,feasible,False,-0.39367661556307915,0.01246537566687157,feasible,True,0.40241842403025774,0.011213829663722006,1,0.72098,,,0.8237951160450694,0,0.0,,,0.0,2,0.60914,,,0.36727360152881544,1,0.04006,,,13.788415647553673,4,0,0,True,True,0.0,0
1340,SRG,7,6,analyzed,saved,13.23149,13.231499999999999,-9.999999997845066e-06,7.55772210092965e-05,negative_factor,False,feasible,False,True,True,True,improvement_l2,0.9933940929421023,0.7737989355354138,1/2/3,0.0,0.0,feasible,True,0.9918137555941973,0.7772161299816123,feasible,True,0.9933940929421023,0.7737989355354138,feasible,True,0.9897268754450927,0.777604518256841,feasible,True,0.987529614467292,0.7779275419104055,feasible,True,0.9905321267172331,0.7741213818230455,1,0.29577,,31.025212132431214,30.982235857342136,2,7.8519,,0.10217441390893421,0.09744119515928737,2,3.70661,,0.8844186918378022,0.8909778800942955,1,1.37728,,-0.018560967632889617,0.0,4,0,0,True,True,0.0,0
1031,SRL,4,4,analyzed,saved,1.24044,1.24044,0.0,0.0,missing_class,False,gate_rejected,False,False,False,True,raw_fallback,,,,0.0,0.0,feasible,False,0.1459004957292292,0.007989758337457097,feasible,False,0.3933154780453981,0.010672427762172462,feasible,False,-0.2230186879494864,0.003964244527536284,feasible,False,0.3424798694720531,0.010134761955475725,feasible,False,0.22336901872624115,0.008291457975118155,1,0.02074,,,1.0,1,0.28542,,,1.0,0,0.0,,,1.0,2,0.93428,,,1.0,0,0,4,False,False,0.0,0
269,SRM,2,2,analyzed,saved,1.9760600000000001,1.9761000000000002,-4.0000000000040004e-05,0.002024189059260159,missing_class,False,feasible,False,True,True,True,absolute_l2,0.5517491167058202,0.04323141549993717,3,0.0,0.0,feasible,True,0.5300631391970388,0.028117851324013805,feasible,True,0.5410723842178979,0.03579050205344697,feasible,True,0.5300741840070341,0.02812554876096859,feasible,True,0.5517491167058202,0.04323141549993717,feasible,True,0.5469903700744072,0.03991491189378445,1,1.74068,,,0.0,0,0.0,,,0.0,1,0.2354,,,8.394442219114152,0,0.0,,,0.0,4,0,0,True,True,0.0,0
36,SRU,6,6,analyzed,saved,6.600429999999999,6.60048,-5.000000000077165e-05,0.0007575206651754365,negative_factor,False,feasible,False,True,True,True,minimax_ratio,0.10023024108006888,0.04092844607807383,3/4,0.0,0.0,feasible,False,0.15840322512926047,0.07249368761237199,feasible,False,0.17483507268104898,0.07122129843895375,feasible,False,0.21601319506065755,0.10355015411510682,feasible,False,0.18348693314881093,0.08592152193516198,feasible,True,0.10023024108006888,0.04092844607807383,1,1.19707,,-12.210821822028356,0.0,1,0.62944,,-109.13778336979608,0.0,1,3.10797,,3.8763977273195764,0.9904322371129578,3,1.66599,,46.73831383366219,2.1141697756693643,4,0,0,True,True,0.0,0
395,SRV,15,14,analyzed,saved,5.312619999999999,5.31266,-4.0000000001150227e-05,0.0007529185003585817,negative_factor,False,feasible,False,True,True,True,improvement_l2,0.5887930705439013,0.02968977731212777,2/3/4,8.881784197001252e-16,1.6718149094806088e-14,feasible,False,-0.5792114818860127,0.026162164807042528,feasible,True,0.5887930705439013,0.02968977731212777,feasible,False,-0.5393360615106423,0.026284077049570843,feasible,False,-3.343184707081996,0.016944005119991376,feasible,True,0.17816562415149456,0.024163368261359355,9,1.7844200000000001,,-4.620420100112454,0.0,2,2.12951,,4.792833423272464,1.5347417166946535,2,0.67964,,0.8851093095959723,0.8853733877714477,1,0.71915,,3.8235851464590342,2.0059980941533744,4,0,0,True,True,0.0,0
607,SSG,6,6,analyzed,saved,7.099959999999999,7.09999,-3.0000000000640625e-05,0.00042253580639748257,negative_factor,False,feasible,False,True,True,True,balanced_l2,0.3808940441069404,0.014325268980914166,1/3/4,-8.881784197001252e-16,1.2509572826160672e-14,feasible,True,0.3808940441069404,0.014325268980914166,feasible,True,0.3678338365910453,0.012959843121509551,feasible,False,0.37149432288118583,0.017191498606887463,feasible,False,0.3486711409150591,0.023125908957476522,feasible,True,0.14785325954058312,0.01000216192641223,2,0.75927,,3.9040989441101557,2.6285561353067743,2,4.66798,,-5.7597247672235605,0.0,1,1.06574,,0.3611285584413047,0.36165868636968307,1,0.60701,,50.47161927253899,7.773617269637219,4,0,0,True,True,0.0,0
389,SSI,3,3,analyzed,saved,0.49277,0.49279999999999996,-2.999999999997449e-05,0.0060876623376571615,missing_class,False,gate_rejected,False,False,False,True,raw_fallback,,,,-2.999999999997449e-05,0.0060876623376571615,feasible,False,0.7428920034282789,0.0032380642412995504,feasible,False,0.7428003442771414,0.0032372339253805924,feasible,False,0.7428936651001692,0.0032380792939441135,feasible,False,0.7432728438436627,0.0032431562475432833,feasible,False,0.7424292500917624,0.0032338722816632956,2,0.18443,,,1.0,0,0.0,,,1.0,0,0.0,,,1.0,1,0.30836,,,1.0,0,0,4,False,False,0.0,0
1965,SSK,7,7,analyzed,saved,2.23116,2.2312000000000003,-4.000000000026205e-05,0.0017927572606786504,singular,False,gate_rejected,False,False,False,True,raw_fallback,,,,-4.000000000026205e-05,0.0017927572606786504,feasible,False,0.4743873991615952,0.06947656794907278,feasible,False,0.4743873991615952,0.06947656794907278,feasible,False,0.4743873991615952,0.06947656794907278,feasible,False,0.4743873991615952,0.06947656794907278,feasible,False,0.18261062674772122,0.024840002435784325,1,0.07785,,,1.0,1,0.37914,,,1.0,1,0.05199,,,1.0,4,1.72223,,,1.0,0,0,4,False,False,0.0,0
1790,STE,6,6,analyzed,saved,1.96783,1.96791,-8.000000000008001e-05,0.004065226560161796,missing_class,False,gate_rejected,False,False,False,True,raw_fallback,,,,-8.000000000008001e-05,0.004065226560161796,feasible,False,0.1573775985842132,0.009893697907848352,feasible,False,0.16570926114101786,0.014496156048390246,feasible,False,0.20064564246011993,0.016625461074079556,feasible,False,0.004071244826425353,0.00043954849800532936,feasible,False,1.7355799198216272e-05,8.436982098479484e-06,0,0.0,,,1.0,1,0.03738,,,1.0,1,0.62759,,,1.0,4,1.3029,,,1.0,0,0,4,False,False,0.0,0
2163,STG,1,1,analyzed,saved,0.75931,0.75933,-1.999999999990898e-05,0.002633900938973698,missing_class,False,gate_rejected,False,False,False,True,raw_fallback,,,,-1.999999999990898e-05,0.002633900938973698,feasible,False,-6.951873752449934e-05,4.840263284899837e-07,feasible,False,-6.951873752449934e-05,4.840263284899837e-07,feasible,False,-6.951873752449934e-05,4.840263284899837e-07,feasible,False,-6.951873752449934e-05,4.840263284899837e-07,feasible,False,-6.951873752449934e-05,4.840263284899837e-07,1,0.75933,,,1.0,0,0.0,,,1.0,0,0.0,,,1.0,0,0.0,,,1.0,0,0,4,False,False,0.0,0
249,STN,19,19,analyzed,saved,56.116099999999996,56.116760000000006,-0.000660000000010541,0.0011761192200165174,negative_factor,False,feasible,False,True,True,True,target_l2,0.816497059212584,0.4466882963674008,3/4,1.4210854715202004e-14,2.5323726307794682e-14,feasible,True,0.8164727556573285,0.4466552780194746,feasible,True,0.8164090180544933,0.44656868532449123,feasible,True,0.816497059212584,0.4466882963674008,feasible,True,0.6849332080849573,0.42756063918486853,feasible,True,0.6379039880674271,0.414363988857429,3,3.7550499999999998,,-0.5673772338642035,0.0,8,39.3352,,-0.5687406628710802,0.0,3,1.48058,,1.044584443829844,0.8859734552776335,5,11.54552,,6.848720872538604,4.746849567039233,4,0,0,True,True,0.0,0
1562,STP,1,1,analyzed,saved,1.98001,1.9800100000000003,-2.220446049250313e-16,1.1214317348146285e-14,missing_class,False,gate_rejected,False,False,False,True,raw_fallback,,,,-2.220446049250313e-16,1.1214317348146285e-14,feasible,False,-2.6909421534789143e-05,-4.866978043577622e-07,feasible,False,-2.6909421534640587e-05,-4.866978043091899e-07,feasible,False,-2.690942153430781e-05,-4.866978042597503e-07,feasible,False,-2.6909421534640587e-05,-4.866978043091899e-07,feasible,False,-2.6909421534640587e-05,-4.866978043091899e-07,1,1.98001,,,1.0,0,0.0,,,1.0,0,0.0,,,1.0,0,0.0,,,1.0,0,0,4,False,False,0.0,0
1281,STR,1,1,analyzed,saved,2.15394,2.15394,0.0,0.0,missing_class,False,gate_rejected,False,False,False,True,raw_fallback,,,,0.0,0.0,feasible,False,1.3760631545811453e-05,2.4104762224794185e-06,feasible,False,1.3760631545932765e-05,2.4104762225279908e-06,feasible,False,1.3760631545932765e-05,2.4104762225279908e-06,feasible,False,1.3760631545932765e-05,2.4104762225279908e-06,feasible,False,1.3760631546086107e-05,2.410476222576563e-06,1,2.15395,,,1.0,0,0.0,,,1.0,0,0.0,,,1.0,0,0.0,,,1.0,0,0,4,False,False,0.0,0
2046,STS,4,4,analyzed,saved,0.99161,0.9916100000000001,-1.1102230246251565e-16,1.1196166079659911e-14,missing_class,False,feasible,False,True,True,True,target_l2,0.5527163845801282,0.04964679518426611,1/3,-2.220446049250313e-16,2.2392332159319822e-14,feasible,True,0.5469480269740129,0.05058346015607869,feasible,True,0.5328429271105932,0.052873843982486714,feasible,True,0.5527163845801282,0.04964679518426611,feasible,True,0.5228432619424008,0.05449758798944128,feasible,True,0.5228432619424008,0.05449758798944128,1,0.03161,,,26.446042443710777,0,0.0,,,0.0,2,0.6117900000000001,,,0.25405029559112524,1,0.34824,,,0.0,4,0,0,True,True,0.0,0
1559,STV,1,1,analyzed,saved,1.71573,1.7157499999999999,-1.999999999990898e-05,0.0011656709893579473,missing_class,False,gate_rejected,False,False,False,True,raw_fallback,,,,-1.999999999990898e-05,0.0011656709893579473,feasible,False,3.2257319164677624e-05,2.78194654118602e-06,feasible,False,3.2257319164677624e-05,2.78194654118602e-06,feasible,False,3.2257319164677624e-05,2.78194654118602e-06,feasible,False,3.2257319164677624e-05,2.78194654118602e-06,feasible,False,3.2257319164677624e-05,2.78194654118602e-06,1,1.71574,,,1.0,0,0.0,,,1.0,0,0.0,,,1.0,0,0.0,,,1.0,0,0,4,False,False,0.0,0
1987,STZ,1,1,analyzed,saved,0.81192,0.81193,-1.0000000000065512e-05,0.0012316332688859276,missing_class,False,gate_rejected,False,False,False,True,raw_fallback,,,,-1.0000000000065512e-05,0.0012316332688859276,feasible,False,0.0003897829774623687,3.6638863841441383e-06,feasible,False,0.0003897829774631196,3.6638863841233216e-06,feasible,False,0.0003897829774631196,3.6638863841233216e-06,feasible,False,0.0003897829774631196,3.6638863841233216e-06,feasible,False,0.0003897829774631196,3.6638863841233216e-06,1,0.81193,,,1.0,0,0.0,,,1.0,0,0.0,,,1.0,0,0.0,,,1.0,0,0,4,False,False,0.0,0
998,SUI,2,1,analyzed,saved,0.29703,0.29701,2.0000000000020002e-05,0.006733780007413892,missing_class,False,gate_rejected,False,False,False,True,raw_fallback,,,,2.0000000000020002e-05,0.006733780007413892,feasible,False,0.00027448134544214855,7.146325520593962e-06,feasible,False,0.00027448134544214855,7.146325520593962e-06,feasible,False,0.00027448134544173476,7.146325520580952e-06,feasible,False,0.00027448134544214855,7.146325520593962e-06,feasible,False,0.00027448134544214855,7.146325520593962e-06,1,0.29703,,,1.0,0,0.0,,,1.0,0,0.0,,,1.0,0,0.0,,,1.0,0,0,4,False,False,0.0,0
2092,SUK,20,20,analyzed,saved,21.020760000000003,21.02104,-0.00027999999999650527,0.0013319987973787466,negative_factor,False,feasible,False,True,True,True,minimax_ratio,0.04774400492808636,0.08636045980584078,1/3/4,1.7763568394002505e-14,8.450375620807774e-14,feasible,False,0.23925494437157108,0.17835948324236067,feasible,False,0.22196865216383938,0.17924775105710067,feasible,False,0.2561818879776895,0.18433025819071225,feasible,False,-0.32495993610516016,0.09799941586373678,feasible,True,0.04774400492808636,0.08636045980584078,5,3.94292,,-7.678901015199229,0.5860269010299035,12,10.577590000000002,,-19.888004827472425,0.0,1,2.51082,,3.8019474460369542,1.134026739988745,2,3.98963,,63.194052901116535,3.9760488436236407,4,0,0,True,True,0.0,0
1426,SUL,4,2,analyzed,saved,0.18795,0.18794999999999998,2.7755575615628914e-17,1.4767531585862684e-14,missing_class,False,gate_rejected,False,False,False,True,raw_fallback,,,,2.7755575615628914e-17,1.4767531585862684e-14,feasible,False,0.01936395968407359,0.0012676852962341077,feasible,False,0.01936395968407359,0.0012676852962341077,feasible,False,0.01936395968407359,0.0012676852962341077,feasible,False,0.01936395968407359,0.0012676852962341077,feasible,False,0.01936395968407359,0.0012676852962341077,1,0.08216,,,1.0,0,0.0,,,1.0,0,0.0,,,1.0,1,0.1058,,,1.0,0,0,4,False,False,0.0,0
1367,SUN,17,17,analyzed,saved,46.32109,46.32132,-0.00023000000000195087,0.0004965316187059239,missing_class,False,feasible,False,True,True,True,improvement_l2,0.5968457330492203,0.5361852649657379,1/3/4,0.0,0.0,feasible,False,0.352677821993007,0.579060824757889,feasible,True,0.5968457330492203,0.5361852649657379,feasible,False,0.25733429690900567,0.5943925102749503,feasible,False,0.09054127940784312,0.6160496761398324,feasible,True,0.3270538137152525,0.5618946857452147,1,4.92447,,,4.966992239355185,0,0.0,,,0.0,2,11.659419999999999,,,0.666865354494013,14,29.73739,,,0.47368555617048413,4,0,0,True,True,0.0,0
90,SUR,4,4,analyzed,saved,3.5330399999999997,3.5330399999999997,0.0,0.0,missing_class,False,gate_rejected,False,False,False,True,raw_fallback,,,,0.0,0.0,feasible,False,0.03188417150404885,-0.008193494975382007,feasible,False,0.00984086039962356,-0.0008028660761886242,feasible,False,0.03188417150404885,-0.008193494975382007,feasible,False,-0.03371000682298769,0.013798765065139017,feasible,False,0.005181318512569974,0.000759374041202257,2,0.42765,,,1.0,1,2.37656,,,1.0,0,0.0,,,1.0,1,0.72887,,,1.0,0,0,4,False,False,0.0,0
37,SUT,22,13,analyzed,saved,8.249559999999999,8.249669999999998,-0.00010999999999938836,0.0013333866687926716,negative_factor,False,feasible,False,True,True,True,minimax_ratio,0.007027416728086069,0.0032629374732352223,1/3/4,0.0,0.0,feasible,False,0.3806696163370796,0.10176774678427826,feasible,False,0.5250962168635588,0.10927373348542582,feasible,False,0.4856845959611642,0.10655301430498276,feasible,False,-2.106694947270678,0.09329312151154441,feasible,True,0.007027416728086069,0.0032629374732352223,6,5.09418,,2.9096810387109184,1.0127509833628947,1,0.86481,,-145.64660374452032,0.0,1,1.37845,,89.66336216131442,1.6045369012868975,5,0.9122399999999999,,-4.617222514088379,0.963192595986321,4,0,0,True,True,0.0,0
1802,SWB,6,6,analyzed,saved,3.1467700000000005,3.14682,-4.999999999943938e-05,0.0015889056253436608,negative_factor,False,feasible,False,True,True,True,improvement_l2,0.4397539912619779,0.0553581912909108,2/3,0.0,0.0,feasible,True,0.4242919200085576,0.05351322068179678,feasible,True,0.4397539912619779,0.0553581912909108,feasible,True,0.4367914816933835,0.054792478005284945,feasible,False,0.0690688192757769,0.03729798512872929,feasible,True,0.2975172556423104,0.048428254613480125,2,1.70214,,-5.533714115488595,0.0,2,0.29783,,-9.017127433034995,10.081923640779575,1,0.30231,,2.6012493068647826,0.47618157390355537,1,0.84454,,17.127961236686666,0.0,4,0,0,True,True,0.0,0
1982,SWD,3,3,analyzed,saved,1.71499,1.71502,-2.999999999997449e-05,0.0017492507375992403,missing_class,False,gate_rejected,False,False,False,True,raw_fallback,,,,-2.999999999997449e-05,0.0017492507375992403,feasible,False,0.09280961013495051,-0.017304086387391178,feasible,False,0.07443225340679087,-0.013879178177271191,feasible,False,0.12477752662759925,-0.02326180823366375,feasible,False,-0.12707903365799722,0.023675605772833352,feasible,False,-1.220426631484897e-05,-5.287712280241386e-06,1,0.67334,,,1.0,0,0.0,,,1.0,2,1.04169,,,1.0,0,0.0,,,1.0,0,0,4,False,False,0.0,0
3,SWE,131,125,analyzed,saved,70.88934,70.89029000000001,-0.000950000000003115,0.0013400989049461003,negative_factor,False,feasible,False,True,True,True,improvement_l2,0.5809545593640921,1.3407899417913214,2/3/4,0.0,0.0,feasible,True,0.43516483680672036,1.2858710218306588,feasible,True,0.5809545593640921,1.3407899417913214,feasible,True,0.44388100107676076,1.2952033526044435,feasible,False,-0.4027622799587181,0.9290256550793782,feasible,True,0.18342538643973866,1.1977478132935877,81,46.189089999999986,,-4.45156025329181,0.0,6,3.4015200000000005,,-0.7135381714002951,0.25126365797779093,8,4.46296,,1.8008356214673327,0.9729103325470102,30,16.83659,,16.089513523063456,3.9017603738910394,4,0,0,True,True,0.0,0
2200,SWH,1,1,analyzed,saved,1.90723,1.9072399999999998,-9.999999999843467e-06,0.000524317862452731,missing_class,False,gate_rejected,False,False,False,True,raw_fallback,,,,-9.999999999843467e-06,0.000524317862452731,feasible,False,-3.0157599069409723e-05,4.7221082503969e-06,feasible,False,-3.0157599069560712e-05,4.722108250346593e-06,feasible,False,-3.0157599069409723e-05,4.7221082503969e-06,feasible,False,-3.0157599069560712e-05,4.722108250346593e-06,feasible,False,-3.0157599069409723e-05,4.7221082503969e-06,1,1.90725,,,1.0,0,0.0,,,1.0,0,0.0,,,1.0,0,0.0,,,1.0,0,0,4,False,False,0.0,0
1805,SWR,2,2,analyzed,saved,0.25505,0.25509000000000004,-4.0000000000040004e-05,0.01568074013094986,missing_class,False,gate_rejected,False,False,False,True,raw_fallback,,,,-4.0000000000040004e-05,0.01568074013094986,feasible,False,0.04732166268935355,0.0067799452148074695,feasible,False,0.04732166268935355,0.0067799452148074695,feasible,False,0.04732166268935355,0.0067799452148074695,feasible,False,0.04732166268935355,0.0067799452148074695,feasible,False,0.04732166268935359,0.00677994521480748,1,0.14086,,,1.0,0,0.0,,,1.0,0,0.0,,,1.0,1,0.11421,,,1.0,0,0,4,False,False,0.0,0
1347,SWT,15,13,analyzed,saved,15.51341,15.51351,-9.999999999976694e-05,0.0006445994491238085,negative_factor,False,feasible,False,True,True,True,improvement_l2,0.5383638015414061,0.09564568876368472,1/2/4,3.552713678800501e-15,2.2900772802547593e-14,feasible,False,-0.6664519379825281,0.0793245153280595,feasible,True,0.5383638015414061,0.09564568876368472,feasible,False,-1.6724832984141056,0.028623434072441403,feasible,False,-4.7092681518686925,0.11917555527256771,feasible,True,0.3555337571193142,0.10027963440029215,1,1.37214,,18.276306193924523,7.044991792291476,2,1.48026,,1.543330251315757,1.1431279331856166,6,2.61825,,-1.8122245235125605,0.0,4,10.042870000000002,,-0.7073544016838637,0.4136844470466716,4,0,0,True,True,0.0,0
1825,SWZ,2,2,analyzed,saved,6.57267,6.5726700000000005,-8.881784197001252e-16,1.351320573983062e-14,missing_class,False,feasible,False,True,True,True,target_l2,0.3089386842842851,0.051313768679650464,3/4,0.0,0.0,feasible,True,0.2835237425878039,0.0568337442318679,feasible,True,0.27860098536224914,0.05790293808873723,feasible,True,0.3089386842842851,0.051313768679650464,feasible,False,0.06061318159387118,0.10524860434496358,feasible,True,0.17600157919830856,0.08018692443269976,0,0.0,,,0.0,0,0.0,,,0.0,1,3.99353,,,0.5649994246393772,1,2.57916,,,1.673533363674612,4,0,0,True,True,0.0,0
821,SXI,9,4,analyzed,saved,1.2998800000000001,1.2998699999999999,1.0000000000287557e-05,0.0007693077000228913,singular,False,gate_rejected,False,False,False,True,raw_fallback,,,,1.0000000000287557e-05,0.0007693077000228913,feasible,False,0.009688622122513072,0.005659565217391305,feasible,False,0.009688622122513072,0.005659565217391305,feasible,False,0.009688622122513072,0.005659565217391305,feasible,False,0.009688622122513072,0.005659565217391305,feasible,False,0.009688622122513072,0.005659565217391305,1,0.86833,,,1.0,1,0.13885,,,1.0,1,0.04341,,,1.0,1,0.24929,,,1.0,0,0,4,False,False,0.0,0
1843,SYE,1,1,analyzed,saved,6.45858,6.45863,-4.999999999988347e-05,0.0007741579870635641,missing_class,False,gate_rejected,False,False,False,True,raw_fallback,,,,-4.999999999988347e-05,0.0007741579870635641,feasible,False,-1.0135838569555045e-05,-2.344819484439986e-06,feasible,False,-1.0135838569555045e-05,-2.344819484439986e-06,feasible,False,-1.0135838568615089e-05,-2.344819484238758e-06,feasible,False,-1.0135838568615089e-05,-2.344819484238758e-06,feasible,False,-1.0135838569555045e-05,-2.344819484439986e-06,1,6.45861,,,1.0,0,0.0,,,1.0,0,0.0,,,1.0,0,0.0,,,1.0,0,0,4,False,False,0.0,0
608,SYG,27,23,analyzed,saved,31.71831,31.71843,-0.0001200000000025625,0.0003783289399965966,negative_factor,False,feasible,False,True,True,True,absolute_l2,0.44807894936128945,0.4714726792063432,3/4,3.552713678800501e-15,1.120078666819417e-14,feasible,False,0.45442339975190493,0.48526511594653865,feasible,True,0.4395974145280043,0.46045386012404693,feasible,False,0.47682654811810377,0.5111861981355735,feasible,True,0.44807894936128945,0.4714726792063432,feasible,True,0.27652229734134803,0.3117322814112338,16,18.90485,,-3.6294095074468453,0.0,2,2.1552100000000003,,74.34068718463593,0.0,1,5.6132,,1.0032795241451393,0.3977613033821713,4,5.045309999999999,,-12.986255152440545,5.844143467340553,4,0,0,True,True,0.0,0
1847,SYN,2,2,analyzed,saved,2.48395,2.48396,-1.0000000000065512e-05,0.0004025829723532388,missing_class,False,gate_rejected,False,False,False,True,raw_fallback,,,,-1.0000000000065512e-05,0.0004025829723532388,feasible,False,0.28989266501248556,0.03322688553318411,feasible,False,0.28989266501248556,0.03322688553318411,feasible,False,0.2898926650124859,0.0332268855331842,feasible,False,0.2898926650124859,0.0332268855331842,feasible,False,0.28989266501248545,0.033226885533184106,1,1.28993,,,1.0,0,0.0,,,1.0,0,0.0,,,1.0,1,1.19404,,,1.0,0,0,4,False,False,0.0,0
410,SYU,4,4,analyzed,saved,1.6331499999999999,1.63318,-3.0000000000196536e-05,0.001836907138233173,missing_class,False,feasible,False,True,True,True,target_l2,0.31484480855917923,0.01992866723052502,2/3,2.220446049250313e-16,1.3595843993009423e-14,feasible,True,0.26524110930664896,0.020809133961817314,feasible,True,0.30827019341661915,0.02004536679106802,feasible,True,0.31484480855917923,0.01992866723052502,feasible,False,0.08366878827579165,0.024032046575195625,feasible,True,0.20780267547430928,0.02182866740083471,0,0.0,,,0.0,1,0.06374,,,12.608671342872189,2,1.52346,,,0.5444103971907877,1,0.04599,,,0.0,4,0,0,True,True,0.0,0
530,SYY,5,5,analyzed,saved,2.49731,2.49731,0.0,0.0,negative_factor,False,feasible,False,True,True,True,target_l2,0.3105319471238403,0.016931244440417145,3/4,4.440892098500626e-16,1.7782702581980713e-14,feasible,True,0.29924118242119824,0.016815531061074272,feasible,True,0.29657273399434786,0.01678818347273953,feasible,True,0.3105319471238403,0.016931244440417145,feasible,True,0.09301684679096084,0.014702041372202601,feasible,True,0.10353588825137108,0.010743896325286923,1,0.39187,,0.5674817624968471,0.0,1,0.98236,,-146.75363812604536,0.0,2,0.5754600000000001,,0.49239060776571786,0.48440298825009276,1,0.54767,,266.86730048347926,4.050810086097253,4,0,0,True,True,0.0,0
2165,SYZ,1,1,analyzed,saved,0.1479,0.14790999999999999,-9.999999999982245e-06,0.006760868095451455,missing_class,False,gate_rejected,False,False,False,True,raw_fallback,,,,-9.999999999982245e-06,0.006760868095451455,feasible,False,-0.0004326796676403791,1.657854834206311e-06,feasible,False,-0.0004326796676403791,1.657854834206311e-06,feasible,False,-0.0004326796676403791,1.657854834206311e-06,feasible,False,-0.0004326796676403791,1.657854834206311e-06,feasible,False,-0.0004326796676403791,1.657854834206311e-06,1,0.14791,,,1.0,0,0.0,,,1.0,0,0.0,,,1.0,0,0.0,,,1.0,0,0,4,False,False,0.0,0
820,SZG,1,1,analyzed,saved,0.06911,0.06911,0.0,0.0,missing_class,False,gate_rejected,False,False,False,True,raw_fallback,,,,0.0,0.0,feasible,False,6.745599938427709e-05,2.076502732240547e-06,feasible,False,6.745599938427709e-05,2.076502732240547e-06,feasible,False,6.745599938427709e-05,2.076502732240547e-06,feasible,False,6.745599938427709e-05,2.076502732240547e-06,feasible,False,6.745599938427709e-05,2.076502732240547e-06,1,0.06911,,,1.0,0,0.0,,,1.0,0,0.0,,,1.0,0,0.0,,,1.0,0,0,4,False,False,0.0,0
840,SZH,8,7,analyzed,saved,1.39984,1.3998,4.0000000000040004e-05,0.0028575510787283904,missing_class,False,gate_rejected,False,False,False,True,raw_fallback,,,,4.0000000000040004e-05,0.0028575510787283904,feasible,False,-0.0768258063928575,0.004160111732157731,feasible,False,0.07750686546726664,0.004623095925597079,feasible,False,-0.09554605262111077,0.004103952670071173,feasible,False,0.007684896251782031,0.004413636271254559,feasible,False,0.04360293915582379,0.004521387183121908,1,0.29971,,,1.0,5,0.8083199999999999,,,1.0,0,0.0,,,1.0,1,0.29183,,,1.0,0,0,4,False,False,0.0,0
881,SZI,2,2,analyzed,saved,0.64806,0.64803,2.999999999997449e-05,0.004629415304843061,missing_class,False,gate_rejected,False,False,False,True,raw_fallback,,,,2.999999999997449e-05,0.004629415304843061,feasible,False,0.03359695481363688,0.008958244680851053,feasible,False,0.03359695481363688,0.008958244680851053,feasible,False,0.03359695481363688,0.008958244680851053,feasible,False,0.03359695481363688,0.008958244680851053,feasible,False,0.03359695481363688,0.008958244680851053,0,0.0,,,1.0,1,0.50568,,,1.0,0,0.0,,,1.0,1,0.14238,,,1.0,0,0,4,False,False,0.0,0
2058,SZL,7,7,analyzed,saved,2.6545199999999998,2.65455,-3.0000000000196536e-05,0.001130135051146015,negative_factor,False,feasible,False,True,True,True,improvement_l2,0.6589389827221586,0.05360629984383529,1/2/3,0.0,0.0,feasible,False,0.3475572303439025,0.0516775838512911,feasible,True,0.6589389827221586,0.05360629984383529,feasible,False,-1.5401389358152466,0.0385336726007703,feasible,False,-3.3617480906413424,0.05793010739746077,feasible,True,0.3597471441597809,0.05457946421742376,2,0.64614,,5.962423348667884,2.64016255309186,1,0.42554,,0.9980966667568796,1.0360496060757192,1,0.48299,,0.7075591453003091,1.0511276357016972,3,1.09991,,-1.7861140063791507,0.0,4,0,0,True,True,0.0,0
828,SZU,1,1,analyzed,saved,0.18438,0.18439000000000003,-1.0000000000037756e-05,0.005423287596961742,missing_class,False,gate_rejected,False,False,False,True,raw_fallback,,,,-1.0000000000037756e-05,0.005423287596961742,feasible,False,0.0025108786762052917,3.2106087734887234e-06,feasible,False,0.002510878676207162,3.2106087734956487e-06,feasible,False,0.0025108786762052917,3.2106087734887234e-06,feasible,False,0.002510878676207162,3.2106087734956487e-06,feasible,False,0.0025108786762052917,3.2106087734887234e-06,1,0.18439,,,1.0,0,0.0,,,1.0,0,0.0,,,1.0,0,0.0,,,1.0,0,0,4,False,False,0.0,0
1645,TAA,1,1,analyzed,saved,0.26541000000000003,0.26541000000000003,0.0,0.0,missing_class,False,gate_rejected,False,False,False,True,raw_fallback,,,,0.0,0.0,feasible,False,0.0003171919269971499,4.459564541203342e-06,feasible,False,0.0003171919269971499,4.459564541203342e-06,feasible,False,0.0003171919269971499,4.459564541203342e-06,feasible,False,0.0003171919269971499,4.459564541203342e-06,feasible,False,0.0003171919269971499,4.459564541203342e-06,1,0.26542,,,1.0,0,0.0,,,1.0,0,0.0,,,1.0,0,0.0,,,1.0,0,0,4,False,False,0.0,0
477,TAI,3,2,analyzed,saved,0.35785,0.35786,-1.0000000000010001e-05,0.0027943888671575477,missing_class,False,gate_rejected,False,False,False,True,raw_fallback,,,,-1.0000000000010001e-05,0.0027943888671575477,feasible,False,3.4798227412267e-05,4.780605285793077e-06,feasible,False,3.479822741228424e-05,4.78060528580522e-06,feasible,False,3.479822741228424e-05,4.78060528580522e-06,feasible,False,3.4798227412267e-05,4.780605285793077e-06,feasible,False,3.4798227412267e-05,4.780605285793077e-06,0,0.0,,,1.0,0,0.0,,,1.0,0,0.0,,,1.0,2,0.35786,,,1.0,0,0,4,False,False,0.0,0
181,TAO,1,1,analyzed,saved,0.8039499999999999,0.80395,-1.1102230246251565e-16,1.3809602893527662e-14,missing_class,False,gate_rejected,False,False,False,True,raw_fallback,,,,-1.1102230246251565e-16,1.3809602893527662e-14,feasible,False,0.0003700083925044726,5.429207013838517e-06,feasible,False,0.0003700083925061955,5.429207013866056e-06,feasible,False,0.0003700083925063508,5.429207013876464e-06,feasible,False,0.0003700083925061955,5.429207013866056e-06,feasible,False,0.0003700083925061955,5.429207013866056e-06,1,0.80396,,,1.0,0,0.0,,,1.0,0,0.0,,,1.0,0,0.0,,,1.0,0,0,4,False,False,0.0,0
1589,TAR,19,19,analyzed,saved,10.25415,10.25424,-9.000000000014552e-05,0.0008776857182994111,negative_factor,False,feasible,False,True,True,True,improvement_l2,0.5351597546846105,0.1086234618944038,2/3/4,0.0,0.0,feasible,True,0.5280881667776796,0.10101535871257794,feasible,True,0.5351597546846105,0.1086234618944038,feasible,True,0.5339955129806475,0.10196965015092868,feasible,False,0.024681339933785434,0.09775896945433762,feasible,True,0.42980844063007556,0.08466358565638801,11,6.64277,,-5.997028323637146,0.0,1,0.59631,,212.06066028863972,3.868991513691875,2,1.8202699999999998,,1.255039890873651,0.9217892206713952,5,1.19496,,-65.8144359363508,5.246153267119071,4,0,0,True,True,0.0,0
999,TAS,1,0,no_valid_locations,saved,,,,,,,,,,,,,,,,,,,,,,,,,,,,,,,,,,,,,,,,,,,,,,,,,,,,,,,,,,,,,,,,
1582,TAT,9,5,analyzed,saved,1.3554000000000002,1.35541,-9.999999999843467e-06,0.0007377841391050286,missing_class,False,gate_rejected,False,False,False,True,raw_fallback,,,,-9.999999999843467e-06,0.0007377841391050286,feasible,False,0.7499999999999983,0.05332749999999989,feasible,False,0.749999999999998,0.05332749999999989,feasible,False,0.7499999999999992,0.05332749999999991,feasible,False,0.749999999999999,0.05332749999999994,feasible,False,0.7499999999999998,0.05332749999999998,1,0.14242,,,1.0,2,0.25168999999999997,,,1.0,0,0.0,,,1.0,2,0.9613200000000001,,,1.0,0,0,4,False,False,0.0,0
1594,TAX,1,1,analyzed,saved,2.03884,2.03884,0.0,0.0,missing_class,False,gate_rejected,False,False,False,True,raw_fallback,,,,0.0,0.0,feasible,False,-2.613145434719299e-05,1.260502938606016e-06,feasible,False,-2.613145434719299e-05,1.260502938606016e-06,feasible,False,-2.613145434719299e-05,1.260502938606016e-06,feasible,False,-2.613145434719299e-05,1.260502938606016e-06,feasible,False,-2.6131454347513596e-05,1.2605029385600458e-06,1,2.03885,,,1.0,0,0.0,,,1.0,0,0.0,,,1.0,0,0.0,,,1.0,0,0,4,False,False,0.0,0
921,TAZ,3,3,analyzed,saved,1.09575,1.09574,1.0000000000065512e-05,0.0009126252578226142,missing_class,False,gate_rejected,False,False,False,True,raw_fallback,,,,1.0000000000065512e-05,0.0009126252578226142,feasible,False,0.14450671381697586,0.020202676767676786,feasible,False,0.14450671381697586,0.020202676767676786,feasible,False,0.14450671381697586,0.020202676767676786,feasible,False,0.14450671381697586,0.020202676767676786,feasible,False,0.14450671381697586,0.020202676767676786,1,0.10548,,,1.0,1,0.47818,,,1.0,0,0.0,,,1.0,1,0.51209,,,1.0,0,0,4,False,False,0.0,0
417,TBA,1,1,analyzed,saved,0.07968,0.07968,0.0,0.0,missing_class,False,gate_rejected,False,False,False,True,raw_fallback,,,,0.0,0.0,feasible,False,0.0004126014389259032,3.1654676258974918e-06,feasible,False,0.0004126014389259032,3.1654676258974918e-06,feasible,False,0.0004126014389259032,3.1654676258974918e-06,feasible,False,0.0004126014389259032,3.1654676258974918e-06,feasible,False,0.0004126014389259032,3.1654676258974918e-06,1,0.07968,,,1.0,0,0.0,,,1.0,0,0.0,,,1.0,0,0.0,,,1.0,0,0,4,False,False,0.0,0
1674,TCC,1,1,analyzed,saved,0.30843,0.30843000000000004,-5.551115123125783e-17,1.799797400747587e-14,missing_class,False,gate_rejected,False,False,False,True,raw_fallback,,,,-5.551115123125783e-17,1.799797400747587e-14,feasible,False,0.0002931876447183128,5.149758707491663e-06,feasible,False,0.0002931876447183128,5.149758707491663e-06,feasible,False,0.0002931876447183128,5.149758707491663e-06,feasible,False,0.0002931876447183128,5.149758707491663e-06,feasible,False,0.0002931876447184044,5.149758707492964e-06,1,0.30844,,,1.0,0,0.0,,,1.0,0,0.0,,,1.0,0,0.0,,,1.0,0,0,4,False,False,0.0,0
1671,TCH,1,1,analyzed,saved,1.74538,1.74539,-1.0000000000065512e-05,0.0005729378534347918,missing_class,False,gate_rejected,False,False,False,True,raw_fallback,,,,-1.0000000000065512e-05,0.0005729378534347918,feasible,False,3.1091944284124226e-05,3.930578691961617e-06,feasible,False,3.1091944283890336e-05,3.930578691906106e-06,feasible,False,3.1091944283890336e-05,3.930578691906106e-06,feasible,False,3.1091944284124226e-05,3.930578691961617e-06,feasible,False,3.1091944284124226e-05,3.930578691961617e-06,1,1.74539,,,1.0,0,0.0,,,1.0,0,0.0,,,1.0,0,0.0,,,1.0,0,0,4,False,False,0.0,0
1866,TCK,4,4,analyzed,saved,2.92945,2.9295199999999997,-6.99999999995704e-05,0.002389469947280456,missing_class,False,feasible,False,True,True,True,minimax_ratio,0.032382643598866126,0.002756237018382318,3/4,-8.881784197001252e-16,3.0318223452993165e-14,feasible,False,0.3702019127216414,0.02750438194938945,feasible,False,0.34152154145638747,0.026519066492701634,feasible,False,0.3751209069568285,0.027673374219624097,feasible,False,0.3275856613195827,0.026040298698019004,feasible,True,0.032382643598866126,0.002756237018382318,0,0.0,,,0.0,1,0.08989,,,0.0,2,1.9634099999999999,,,0.9522596459647725,1,0.8762,,,1.209565103778747,4,0,0,True,True,0.0,0
1599,TCP,1,1,analyzed,saved,0.12594,0.12599,-4.999999999999449e-05,0.039685689340419474,missing_class,False,gate_rejected,False,False,False,True,raw_fallback,,,,-4.999999999999449e-05,0.039685689340419474,feasible,False,-0.000591934407095756,-1.0595531471281443e-05,feasible,False,-0.0005919344070959776,-1.0595531471288815e-05,feasible,False,-0.000591934407095756,-1.0595531471281443e-05,feasible,False,-0.0005919344070959776,-1.0595531471288815e-05,feasible,False,-0.0005919344070959776,-1.0595531471288815e-05,1,0.12596,,,1.0,0,0.0,,,1.0,0,0.0,,,1.0,0,0.0,,,1.0,0,0,4,False,False,0.0,0
1624,TCQ,3,3,analyzed,saved,2.28318,2.28319,-9.999999999621423e-06,0.00043798369823017027,missing_class,False,gate_rejected,False,False,False,True,raw_fallback,,,,-9.999999999621423e-06,0.00043798369823017027,feasible,False,0.1691783176787803,0.03771088983050844,feasible,False,0.1691783176787803,0.03771088983050844,feasible,False,0.1691783176787803,0.03771088983050844,feasible,False,0.1691783176787803,0.03771088983050844,feasible,False,0.1691783176787803,0.03771088983050844,1,1.25535,,,1.0,1,0.47002,,,1.0,0,0.0,,,1.0,1,0.55782,,,1.0,0,0,4,False,False,0.0,0
1699,TCY,1,1,analyzed,saved,1.75174,1.75174,0.0,0.0,missing_class,False,gate_rejected,False,False,False,True,raw_fallback,,,,0.0,0.0,feasible,False,1.3814251546185569e-05,1.2546978895716654e-06,feasible,False,1.3814251545958852e-05,1.2546978895230931e-06,feasible,False,1.3814251546185569e-05,1.2546978895716654e-06,feasible,False,1.3814251545958852e-05,1.2546978895230931e-06,feasible,False,1.3814251545958852e-05,1.2546978895230931e-06,1,1.75174,,,1.0,0,0.0,,,1.0,0,0.0,,,1.0,0,0.0,,,1.0,0,0,4,False,False,0.0,0
1234,TDE,4,4,analyzed,saved,2.15596,2.1560099999999998,-4.999999999988347e-05,0.002319098705473698,missing_class,False,gate_rejected,False,False,False,True,raw_fallback,,,,-4.999999999988347e-05,0.002319098705473698,feasible,False,-0.09875306349799398,0.005125391609181365,feasible,False,0.00641904218748939,0.0007260558012144383,feasible,False,-0.21050889008212298,0.0035764453649717518,feasible,False,0.037965042280771494,0.007020317385620048,feasible,False,0.0005537914813677569,1.4705860814319405e-05,1,0.07551,,,1.0,0,0.0,,,1.0,0,0.0,,,1.0,3,2.0804799999999997,,,1.0,0,0,4,False,False,0.0,0
1384,TDG,22,7,analyzed,saved,1.86958,2.06657,-0.19699,9.532220055454205,missing_class,False,gate_rejected,False,False,False,True,raw_fallback,,,,-0.19699,9.532220055454205,feasible,False,0.4193964696839707,0.02791447125969721,feasible,False,0.4423847431806791,0.030335708497688203,feasible,False,0.4193964696839707,0.02791447125969721,feasible,False,0.437903151433514,0.03027673257052865,feasible,False,0.3261245168133312,0.021254945378914022,2,0.63491,,,1.0,2,0.07542,,,1.0,0,0.0,,,1.0,3,1.15927,,,1.0,0,0,4,False,False,0.0,0
38,TDJ,5,5,analyzed,saved,1.4498799999999998,1.45001,-0.00013000000000018552,0.008965455410665134,missing_class,False,feasible,False,True,True,True,minimax_ratio,0.001935523240304969,5.1806222296044147e-05,2/3/4,-2.4424906541753444e-15,1.6844646962264703e-13,feasible,False,-1.7617377287649758,-0.011264798740818427,feasible,False,0.2518913792919811,0.007704612162817197,feasible,False,-2.823371878189914,-0.021265932678143168,feasible,False,-2.8233718781899158,-0.021265932678143223,feasible,True,0.001935523240304969,5.1806222296044147e-05,0,0.0,,,0.0,1,0.18564,,,0.9979966861824892,1,0.88148,,,1.000525136055149,3,0.38283999999999996,,,0.9998189616503215,4,0,0,True,True,0.0,0
1429,TDO,5,4,analyzed,saved,1.43226,1.43227,-9.999999999843467e-06,0.0006981923799174365,missing_class,False,gate_rejected,False,False,False,True,raw_fallback,,,,-9.999999999843467e-06,0.0006981923799174365,feasible,False,0.09251801752208486,0.028068476116695627,feasible,False,0.0925180175220849,0.028068476116695662,feasible,False,0.09251801752208486,0.028068476116695627,feasible,False,0.09251801752208486,0.028068476116695627,feasible,False,0.09251801752208486,0.028068476116695627,2,0.55071,,,1.0,1,0.68846,,,1.0,0,0.0,,,1.0,1,0.19312,,,1.0,0,0,4,False,False,0.0,0
1696,TEE,1,1,analyzed,saved,0.87182,0.8718199999999999,1.1102230246251565e-16,1.2734544110311264e-14,missing_class,False,gate_rejected,False,False,False,True,raw_fallback,,,,1.1102230246251565e-16,1.2734544110311264e-14,feasible,False,0.0013899364622651541,6.583820237826988e-06,feasible,False,0.0013899364622649082,6.583820237802702e-06,feasible,False,0.0013899364622649082,6.583820237802702e-06,feasible,False,0.0013899364622649082,6.583820237802702e-06,feasible,False,0.0013899364622658342,6.583820237777115e-06,1,0.87183,,,1.0,0,0.0,,,1.0,0,0.0,,,1.0,0,0.0,,,1.0,0,0,4,False,False,0.0,0
39,TEK,7,6,analyzed,saved,3.4355,3.4355100000000003,-1.0000000000065512e-05,0.00029107759837885823,negative_factor,False,feasible,False,True,True,True,minimax_ratio,0.02911206667436217,0.007982420030429496,3/4,0.0,0.0,feasible,False,-0.5883585972950479,0.03211290435236758,feasible,False,0.06849038974946016,-0.0017144771922072283,feasible,False,-0.4265893584514119,0.05431954007660092,feasible,False,-0.19521747642636253,0.06322348550953509,feasible,True,0.02911206667436217,0.007982420030429496,1,0.0963,,-69.67196964672546,0.0,1,0.13571,,71.3584223839801,0.0,1,2.23968,,0.28390573040079875,0.9883806722824261,3,0.9638599999999999,,-0.18161387558544162,1.2676270595940764,4,0,0,True,True,0.0,0
1658,TEL,1,1,analyzed,saved,0.19828,0.19828,0.0,0.0,missing_class,False,gate_rejected,False,False,False,True,raw_fallback,,,,0.0,0.0,feasible,False,0.000795067596235008,7.4748431395709e-06,feasible,False,0.0007950675962354471,7.474843139577405e-06,feasible,False,0.0007950675962354471,7.474843139577405e-06,feasible,False,0.000795067596235008,7.4748431395709e-06,feasible,False,0.000795067596235008,7.4748431395709e-06,1,0.19829,,,1.0,0,0.0,,,1.0,0,0.0,,,1.0,0,0.0,,,1.0,0,0,4,False,False,0.0,0
407,TEM,3,0,no_valid_locations,saved,,,,,,,,,,,,,,,,,,,,,,,,,,,,,,,,,,,,,,,,,,,,,,,,,,,,,,,,,,,,,,,,
2302,TEN,5,5,analyzed,saved,0.7983600000000001,0.7983899999999999,-2.999999999986347e-05,0.0037575620936964984,negative_factor,False,feasible,False,True,True,True,minimax_ratio,0.017684964257626473,0.0019712333462225465,3/4,0.0,0.0,feasible,False,0.21850155418970216,0.004376324804360912,feasible,False,0.23616683401116698,0.004567009572232206,feasible,False,-0.1663306087663678,-0.0002326397650285958,feasible,False,-0.750877978178001,-0.0072335050099005815,feasible,True,0.017684964257626473,0.0019712333462225465,1,0.12103,,-80.61278614060177,0.0,1,0.07604,,-144.4306126665002,0.0,1,0.45138,,1.8885890870127715,0.9992072690871865,2,0.14996,,137.9334496012101,2.3160934805221416,4,0,0,True,True,0.0,0
1630,TEO,5,3,analyzed,saved,2.2585100000000002,2.2584999999999997,1.0000000000509601e-05,0.00044277175118483965,missing_class,False,feasible,False,True,True,True,improvement_l2,0.2998429899300537,0.046554075340890316,1/2,-4.440892098500626e-16,1.9663015711758364e-14,feasible,True,0.27843164976479834,0.04946021122801325,feasible,True,0.2998429899300537,0.046554075340890316,feasible,True,0.2721977547137335,0.05030633043328615,feasible,True,0.26106386084904787,0.05181752068451984,feasible,True,0.26106386084904765,0.05181752068451975,1,1.83326,,,0.14599849891269367,1,0.22943,,,8.676989208646486,1,0.19585,,,0.0,0,0.0,,,0.0,4,0,0,True,True,0.0,0
1598,TEP,3,3,analyzed,saved,2.3168400000000005,2.31687,-2.9999999999752447e-05,0.0012948503800279017,missing_class,False,feasible,False,True,True,True,minimax_ratio,0.050584212327395454,0.03552203244632027,2/3,0.0,0.0,feasible,False,0.11146003925411378,0.04356293993562457,feasible,False,0.20356264087317813,0.05572849951044005,feasible,False,0.22479024788104154,0.05853239118282745,feasible,False,0.17816531089421073,0.05237384149352216,feasible,True,0.050584212327395454,0.03552203244632027,0,0.0,,,0.0,1,0.62148,,,2.0920864295359283,1,1.05731,,,0.9615525004050132,1,0.63811,,,0.0,4,0,0,True,True,0.0,0
1421,TER,1,1,analyzed,saved,6.79756,6.7975699999999994,-9.999999999621423e-06,0.00014711139421324715,missing_class,False,gate_rejected,False,False,False,True,raw_fallback,,,,-9.999999999621423e-06,0.00014711139421324715,feasible,False,2.0707326569301627e-05,-3.810991971858746e-07,feasible,False,2.0707326569301627e-05,-3.810991971858746e-07,feasible,False,2.0707326569301627e-05,-3.810991971858746e-07,feasible,False,2.0707326569301627e-05,-3.810991971858746e-07,feasible,False,2.0707326568879086e-05,-3.8109919735240805e-07,1,6.79758,,,1.0,0,0.0,,,1.0,0,0.0,,,1.0,0,0.0,,,1.0,0,0,4,False,False,0.0,0
1979,TES,2,2,analyzed,saved,1.0098500000000001,1.00989,-3.999999999981796e-05,0.003960827416829353,missing_class,False,gate_rejected,False,False,False,True,raw_fallback,,,,-3.999999999981796e-05,0.003960827416829353,feasible,False,0.03258486446832372,-0.01209576575061609,feasible,False,0.004935811561807932,-0.0018487515797822353,feasible,False,0.03969656244892664,-0.014731431797924258,feasible,False,-0.01084662955584352,0.004000378165447386,feasible,False,-4.291341316901176e-05,-3.586555729857832e-06,0,0.0,,,1.0,1,0.2156,,,1.0,1,0.79429,,,1.0,0,0.0,,,1.0,0,0,4,False,False,0.0,0
234,TEU,43,37,analyzed,saved,19.31524,19.31552,-0.000280000000000058,0.001449611504117197,feasible,True,feasible,True,True,True,True,balanced_l2,0.9999999999999595,0.19361999999999835,1/2/3/4,3.552713678800501e-15,1.83930522129381e-14,feasible,True,0.9999999999999595,0.19361999999999835,feasible,True,0.9999999999954899,0.19361999999860613,feasible,True,0.9999999999999611,0.19361999999999763,feasible,True,0.999999999999895,0.19361999999998908,feasible,True,0.9999999999999984,0.19361999999999957,8,3.36983,,0.5020637710713974,0.502063771071419,1,0.05432,,177.05714605607065,177.0571460560696,2,4.12187,,1.0143942946003455,1.0143942946003395,26,11.769550000000002,,0.32482418708751126,0.324824187087512,4,0,0,True,True,0.0,0
176,TEY,1,1,analyzed,saved,0.60997,0.6099699999999999,1.1102230246251565e-16,1.8201272597425393e-14,missing_class,False,gate_rejected,False,False,False,True,raw_fallback,,,,1.1102230246251565e-16,1.8201272597425393e-14,feasible,False,0.00016841903658407513,5.599078341019664e-06,feasible,False,0.00016841903658395408,5.5990783410179296e-06,feasible,False,0.00016841903658395408,5.5990783410179296e-06,feasible,False,0.00016841903658395408,5.5990783410179296e-06,feasible,False,0.00016841903658395408,5.5990783410179296e-06,1,0.60998,,,1.0,0,0.0,,,1.0,0,0.0,,,1.0,0,0.0,,,1.0,0,0,4,False,False,0.0,0
2296,TFK,5,5,analyzed,saved,0.9099299999999999,0.90996,-3.0000000000085514e-05,0.0032968482131176665,missing_class,False,gate_rejected,False,False,False,True,raw_fallback,,,,-3.0000000000085514e-05,0.0032968482131176665,feasible,False,0.17874495046807937,0.0017725848074897667,feasible,False,0.1313867709338077,0.0018922850942239625,feasible,False,0.18242391862167384,0.0017632860222070341,feasible,False,-0.012161401008313005,0.0022551106401089913,feasible,False,0.07986337013937306,0.002022513196513094,1,0.14622,,,1.0,1,0.28519,,,1.0,0,0.0,,,1.0,3,0.47858,,,1.0,0,0,4,False,False,0.0,0
1584,TFL,21,16,analyzed,saved,6.797540000000001,6.79761,-6.999999999912632e-05,0.0010297736998610735,negative_factor,False,feasible,False,True,True,True,improvement_l2,0.5871396493648962,0.15476486481880883,2/3/4,0.0,0.0,feasible,False,-0.8213358062827105,0.2026943763033154,feasible,True,0.5871396493648962,0.15476486481880883,feasible,False,-1.0157576920247966,0.20654939456873583,feasible,False,-1.7760916521343086,0.18127040112387674,feasible,True,0.2768999898348253,0.158955920829278,3,2.14066,,-2.611578357377913,0.0,6,2.1784499999999998,,0.5296727441483235,0.9165802737201092,1,0.99729,,0.8890598403985608,0.9491396798459539,6,1.48123,,6.985567107829294,2.6019699554006035,4,0,0,True,True,0.0,0
2222,TGG,2,1,analyzed,saved,0.5751499999999999,0.57515,-1.1102230246251565e-16,1.9303190900202668e-14,missing_class,False,gate_rejected,False,False,False,True,raw_fallback,,,,-1.1102230246251565e-16,1.9303190900202668e-14,feasible,False,0.00027786266193997856,5.45339412359909e-06,feasible,False,0.0002778626619399175,5.4533941235869465e-06,feasible,False,0.00027786266193997856,5.45339412359909e-06,feasible,False,0.00027786266193997856,5.45339412359909e-06,feasible,False,0.00027786266193997856,5.45339412359909e-06,1,0.57516,,,1.0,0,0.0,,,1.0,0,0.0,,,1.0,0,0.0,,,1.0,0,0,4,False,False,0.0,0
325,TGH,1,1,analyzed,saved,0.38699000000000006,0.38700999999999997,-1.999999999990898e-05,0.005167825120774394,missing_class,False,gate_rejected,False,False,False,True,raw_fallback,,,,-1.999999999990898e-05,0.005167825120774394,feasible,False,8.913875748037947e-05,1.1449399657066303e-06,feasible,False,8.913875748026875e-05,1.1449399656970893e-06,feasible,False,8.913875748026875e-05,1.1449399656970893e-06,feasible,False,8.913875748037947e-05,1.1449399657066303e-06,feasible,False,8.913875748037947e-05,1.1449399657066303e-06,1,0.387,,,1.0,0,0.0,,,1.0,0,0.0,,,1.0,0,0.0,,,1.0,0,0,4,False,False,0.0,0
843,TGR,1,1,analyzed,saved,0.22477999999999998,0.22478,-2.7755575615628914e-17,1.2347884872154511e-14,missing_class,False,gate_rejected,False,False,False,True,raw_fallback,,,,-2.7755575615628914e-17,1.2347884872154511e-14,feasible,False,1.1390120289987492e-05,1.0869565217341837e-06,feasible,False,1.1390120289987492e-05,1.0869565217341837e-06,feasible,False,1.1390120290049073e-05,1.0869565217411226e-06,feasible,False,1.1390120290049073e-05,1.0869565217411226e-06,feasible,False,1.1390120289987492e-05,1.0869565217341837e-06,1,0.22478,,,1.0,0,0.0,,,1.0,0,0.0,,,1.0,0,0.0,,,1.0,0,0,4,False,False,0.0,0
1585,TGT,3,3,analyzed,saved,0.79565,0.79565,0.0,0.0,missing_class,False,gate_rejected,False,False,False,True,raw_fallback,,,,0.0,0.0,feasible,False,-3.8217071864229983,-0.0002279850794679253,feasible,False,0.23379649426390692,2.2006373788449607e-05,feasible,False,-5.215657134424677,-0.00031391166237967894,feasible,False,-3.5056258206516655,-0.00020850102860817468,feasible,False,9.404066315424407e-05,7.600366395722757e-06,1,0.48469,,,1.0,2,0.31098,,,1.0,0,0.0,,,1.0,0,0.0,,,1.0,0,0,4,False,False,0.0,0
830,TGY,1,1,analyzed,saved,0.00192,0.00192,0.0,0.0,missing_class,False,gate_rejected,False,False,False,True,raw_fallback,,,,0.0,0.0,feasible,False,-0.10130614845492263,2.4848677922903775e-07,feasible,False,-0.10130614845492263,2.4848677922903775e-07,feasible,False,-0.1013061484549208,2.4848677922909217e-07,feasible,False,-0.10130614845492263,2.4848677922903775e-07,feasible,False,-0.10130614845492263,2.4848677922903775e-07,1,0.00192,,,1.0,0,0.0,,,1.0,0,0.0,,,1.0,0,0.0,,,1.0,0,0,4,False,False,0.0,0
2238,THD,1,1,analyzed,saved,1.1020100000000002,1.10201,2.220446049250313e-16,2.014905535567112e-14,missing_class,False,gate_rejected,False,False,False,True,raw_fallback,,,,2.220446049250313e-16,2.014905535567112e-14,feasible,False,5.6130961005665216e-05,2.051222690906823e-06,feasible,False,5.6130961005786524e-05,2.0512226909311093e-06,feasible,False,5.6130961005665216e-05,2.051222690906823e-06,feasible,False,5.6130961005786524e-05,2.0512226909311093e-06,feasible,False,5.6130961005786524e-05,2.0512226909311093e-06,1,1.10201,,,1.0,0,0.0,,,1.0,0,0.0,,,1.0,0,0.0,,,1.0,0,0,4,False,False,0.0,0
333,THO,3,3,analyzed,saved,1.24149,1.24148,1.0000000000065512e-05,0.0008054902213539898,missing_class,False,gate_rejected,False,False,False,True,raw_fallback,,,,1.0000000000065512e-05,0.0008054902213539898,feasible,False,0.5057360944942895,0.0726405798479087,feasible,False,0.5057360944942895,0.0726405798479087,feasible,False,0.5057360944942895,0.0726405798479087,feasible,False,0.5057360944942895,0.0726405798479087,feasible,False,0.5057360944942895,0.0726405798479087,2,0.9814400000000001,,,1.0,0,0.0,,,1.0,0,0.0,,,1.0,1,0.26005,,,1.0,0,0,4,False,False,0.0,0
208,THP,2,2,analyzed,saved,0.83673,0.83677,-4.0000000000040004e-05,0.004780286100127873,missing_class,False,gate_rejected,False,False,False,True,raw_fallback,,,,-4.0000000000040004e-05,0.004780286100127873,feasible,False,0.20651043852921105,0.009719459070515513,feasible,False,0.20651043852921105,0.009719459070515513,feasible,False,0.20651043852921108,0.0097194590705155,feasible,False,0.20651043852921105,0.009719459070515513,feasible,False,0.20651043852921105,0.009719459070515513,1,0.15455,,,1.0,0,0.0,,,1.0,0,0.0,,,1.0,1,0.6822,,,1.0,0,0,4,False,False,0.0,0
1619,THT,4,4,analyzed,saved,6.79111,6.79112,-1.0000000000509601e-05,0.00014725111617096444,negative_factor,False,feasible,False,True,True,True,improvement_l2,0.3090268178208941,0.06020410922869555,3/4,8.881784197001252e-16,1.3078526365314193e-14,feasible,True,0.11483580140479603,0.0721995411755641,feasible,True,0.3090268178208941,0.06020410922869555,feasible,True,0.16671102063826376,0.0689951413349936,feasible,False,-0.9911950788427274,0.1405205088495577,feasible,True,0.04512424033381869,0.029338290162288387,1,0.69815,,-56.780595210230764,0.0,1,0.76308,,19.84934577421949,0.0,1,4.66972,,0.8509793563833924,0.840943153193719,1,0.66018,,41.37034217003363,4.33836531438407,4,0,0,True,True,0.0,0
1778,THU,6,6,analyzed,saved,5.555390000000001,5.555439999999999,-4.9999999998107114e-05,0.0009000187203553117,negative_factor,False,feasible,False,True,True,True,minimax_ratio,0.14208117029250683,0.02289499435376901,1/2/4,1.7763568394002505e-15,3.197508819103889e-14,feasible,False,-2.351749767706992,-0.050606295882608884,feasible,False,0.43906215652550373,0.06157334135130762,feasible,False,-5.673942564643895,-0.08321323092790885,feasible,False,-0.4984745400413747,0.06804111947211933,feasible,True,0.14208117029250683,0.02289499435376901,2,3.23842,,-0.5407838922171986,0.7811245928398183,1,0.36638,,-0.35226436516865045,0.8076514382415385,2,0.64914,,-6.034693625695513,0.0,1,1.30152,,8.723038402264839,2.0974632568028353,4,0,0,True,True,0.0,0
892,TIB,59,51,analyzed,saved,41.804500000000004,41.804809999999996,-0.0003099999999918168,0.0007415414637497858,missing_class,False,feasible,False,True,True,True,minimax_ratio,0.000133121864065895,0.00011958331475192541,1/3/4,7.105427357601002e-15,1.699667420471712e-14,feasible,False,0.3541878005065767,0.4018645086885191,feasible,False,0.37133665267026417,0.3179532214908404,feasible,False,0.29460944433381386,0.36564893434733436,feasible,False,0.40417258565075925,0.4302476452563502,feasible,True,0.000133121864065895,0.00011958331475192541,3,0.7254999999999999,,,1.0087661471001965,0,0.0,,,0.0,1,11.92511,,,0.9999786496179124,47,29.154189999999996,,,0.9997751236478659,4,0,0,True,True,0.0,0
1422,TID,1,1,analyzed,saved,9.19568,9.19568,0.0,0.0,missing_class,False,gate_rejected,False,False,False,True,raw_fallback,,,,0.0,0.0,feasible,False,-9.8508017724849e-06,-2.5898470490393066e-07,feasible,False,-9.8508017724849e-06,-2.5898470490393066e-07,feasible,False,-9.8508017724849e-06,-2.5898470490393066e-07,feasible,False,-9.8508017724849e-06,-2.5898470490393066e-07,feasible,False,-9.8508017724849e-06,-2.5898470490393066e-07,1,9.19569,,,1.0,0,0.0,,,1.0,0,0.0,,,1.0,0,0.0,,,1.0,0,0,4,False,False,0.0,0
2158,TIR,10,10,analyzed,saved,8.17507,8.17517,-9.999999999976694e-05,0.0012232161533003833,negative_factor,False,feasible,False,True,True,True,improvement_l2,0.615867544406727,0.3720907341795874,2/3/4,1.7763568394002505e-15,2.1728683799850652e-14,feasible,True,0.5417091015723382,0.3280872489076837,feasible,True,0.615867544406727,0.3720907341795874,feasible,True,0.5863924915748058,0.351814979478395,feasible,True,0.5769151848852578,0.36230018609143944,feasible,True,0.40585784822026916,0.2621103922366331,5,2.3185100000000003,,-13.584482710828366,0.0,1,1.4812,,2.048271251578017,3.3629937180340916,1,2.91006,,1.7603618639817562,0.729739257681141,3,1.46536,,21.506115463845138,0.7303812313253202,4,0,0,True,True,0.0,0
1378,TJP,16,14,analyzed,saved,2.47021,2.47025,-4.000000000026205e-05,0.0016192693047368503,negative_factor,False,feasible,True,True,True,True,improvement_l2,0.9465322200378329,0.06830843520315939,1/3/4,4.440892098500626e-16,1.797750065175843e-14,feasible,True,0.9446239244058314,0.06902827728790906,feasible,True,0.9465322200378329,0.06830843520315939,feasible,True,0.9413697676087025,0.06883257449613343,feasible,True,0.9454320603988882,0.06898455530665679,feasible,True,0.9288114761354496,0.06714372070137478,1,0.13598,,6.951078617321093,6.385097754494105,3,0.32597000000000004,,-0.8122303030657073,0.0,2,0.89723,,0.4640217431289626,0.4480847736528219,8,1.11111,,1.2359890837278489,1.0798328495010432,4,0,0,True,True,0.0,0
2291,TKR,16,16,analyzed,saved,4.1744699999999995,4.1745,-3.0000000000640625e-05,0.0007186489400081596,negative_factor,False,feasible,False,True,True,True,improvement_l2,0.7533454351717767,0.11524412100297195,1/3/4,8.881784197001252e-16,2.1276282661399574e-14,feasible,True,0.7103870659401622,0.1259320197739514,feasible,True,0.7533454351717767,0.11524412100297195,feasible,True,0.7105996160326398,0.12589393570862778,feasible,True,0.698903353871065,0.12798963563053117,feasible,True,0.7166024922990724,0.12377099854249511,2,0.53355,,34.36296873018629,6.478977210236973,2,0.7824099999999999,,-25.98324795381935,0.0,2,1.01308,,0.43991315147884885,0.34174770443795977,10,1.84555,,3.1012935042508802,0.20117628525755907,4,0,0,True,True,0.0,0
1278,TKU,2,2,analyzed,saved,11.04118,11.04121,-2.999999999886427e-05,0.00027170935068587836,missing_class,False,gate_rejected,False,False,False,True,raw_fallback,,,,-2.999999999886427e-05,0.00027170935068587836,feasible,False,0.4026551650443463,0.1194380265372271,feasible,False,0.4026551650443463,0.1194380265372271,feasible,False,0.4026551650443463,0.1194380265372271,feasible,False,0.4026551650443463,0.1194380265372271,feasible,False,0.4026551650443463,0.1194380265372271,0,0.0,,,1.0,1,5.56471,,,1.0,0,0.0,,,1.0,1,5.47649,,,1.0,0,0,4,False,False,0.0,0
1609,TLA,1,1,analyzed,saved,0.5829599999999999,0.58297,-1.0000000000065512e-05,0.0017153541348723796,missing_class,False,gate_rejected,False,False,False,True,raw_fallback,,,,-1.0000000000065512e-05,0.0017153541348723796,feasible,False,9.123105664935595e-05,2.8083257683723245e-06,feasible,False,9.123105664935595e-05,2.8083257683723245e-06,feasible,False,9.123105664935595e-05,2.8083257683723245e-06,feasible,False,9.123105664935595e-05,2.8083257683723245e-06,feasible,False,9.123105664940883e-05,2.8083257683740592e-06,1,0.58297,,,1.0,0,0.0,,,1.0,0,0.0,,,1.0,0,0.0,,,1.0,0,0,4,False,False,0.0,0
1586,TLE,46,39,analyzed,saved,25.2209,25.22117,-0.00027000000000043656,0.0010705292419044658,feasible,True,feasible,True,True,True,True,balanced_l2,0.9999999999999993,1.1525374999999993,1/2/3/4,0.0,0.0,feasible,True,0.9999999999999993,1.1525374999999993,feasible,True,0.9999999999999861,1.1525374999999807,feasible,True,0.9999999999999987,1.1525374999999984,feasible,True,0.9999999999999899,1.1525374999999904,feasible,True,0.9999999999999986,1.1525374999999984,19,9.44985,,0.08190287837485741,0.08190287837485619,1,0.0423,,43.63302107986313,43.63302107986311,5,8.06235,,0.7507602028210383,0.7507602028210384,14,7.66678,,2.1583886358911544,2.158388635891156,4,0,0,True,True,0.0,0
1676,TLL,1,1,analyzed,saved,1.5305,1.5304900000000001,9.999999999843467e-06,0.0006533855170464013,missing_class,False,gate_rejected,False,False,False,True,raw_fallback,,,,9.999999999843467e-06,0.0006533855170464013,feasible,False,3.681192167227903e-05,5.583717357924775e-06,feasible,False,3.681192167227903e-05,5.583717357924775e-06,feasible,False,3.6811921672306906e-05,5.5837173579282445e-06,feasible,False,3.681192167227903e-05,5.583717357924775e-06,feasible,False,3.6811921672306906e-05,5.5837173579282445e-06,1,1.5305,,,1.0,0,0.0,,,1.0,0,0.0,,,1.0,0,0.0,,,1.0,0,0,4,False,False,0.0,0
1950,TLM,1,1,analyzed,saved,0.8469500000000001,0.84696,-9.99999999995449e-06,0.0011806933031022113,missing_class,False,gate_rejected,False,False,False,True,raw_fallback,,,,-9.99999999995449e-06,0.0011806933031022113,feasible,False,-3.976276795712584e-05,1.7637681817110618e-06,feasible,False,-3.976276795771847e-05,1.7637681816833062e-06,feasible,False,-3.976276795712584e-05,1.7637681817110618e-06,feasible,False,-3.976276795712584e-05,1.7637681817110618e-06,feasible,False,-3.976276795712584e-05,1.7637681817110618e-06,1,0.84696,,,1.0,0,0.0,,,1.0,0,0.0,,,1.0,0,0.0,,,1.0,0,0,4,False,False,0.0,0
1741,TLO,1,1,analyzed,saved,0.36059,0.36058999999999997,5.551115123125783e-17,1.539453429969157e-14,missing_class,False,gate_rejected,False,False,False,True,raw_fallback,,,,5.551115123125783e-17,1.539453429969157e-14,feasible,False,0.0005948260194898755,7.667592551121281e-06,feasible,False,0.0005948260194898755,7.667592551121281e-06,feasible,False,0.0005948260194899829,7.667592551133316e-06,feasible,False,0.0005948260194899829,7.667592551133316e-06,feasible,False,0.0005948260194898755,7.667592551121281e-06,1,0.3606,,,1.0,0,0.0,,,1.0,0,0.0,,,1.0,0,0.0,,,1.0,0,0,4,False,False,0.0,0
1685,TLP,1,1,analyzed,saved,0.47309999999999997,0.47311,-1.0000000000010001e-05,0.0021136733529221537,missing_class,False,gate_rejected,False,False,False,True,raw_fallback,,,,-1.0000000000010001e-05,0.0021136733529221537,feasible,False,3.674735303890339e-05,4.19615960101094e-06,feasible,False,3.674735303890339e-05,4.19615960101094e-06,feasible,False,3.674735303890339e-05,4.19615960101094e-06,feasible,False,3.674735303890339e-05,4.19615960101094e-06,feasible,False,3.674735303884151e-05,4.1961596009970625e-06,1,0.47311,,,1.0,0,0.0,,,1.0,0,0.0,,,1.0,0,0.0,,,1.0,0,0,4,False,False,0.0,0
1698,TLQ,2,2,analyzed,saved,0.7806200000000001,0.7806099999999999,1.0000000000176534e-05,0.0012810494357203385,missing_class,False,gate_rejected,False,False,False,True,raw_fallback,,,,1.0000000000176534e-05,0.0012810494357203385,feasible,False,0.0444764737598806,0.0016633125000000346,feasible,False,0.0444764737598806,0.0016633125000000346,feasible,False,0.0444764737598806,0.0016633125000000346,feasible,False,0.0444764737598806,0.0016633125000000346,feasible,False,9.54454112907846e-05,3.970743270445901e-06,0,0.0,,,1.0,1,0.34342,,,1.0,0,0.0,,,1.0,1,0.4372,,,1.0,0,0,4,False,False,0.0,0
1729,TLT,1,1,analyzed,saved,0.24711,0.24712,-1.0000000000010001e-05,0.004046617028168501,missing_class,False,gate_rejected,False,False,False,True,raw_fallback,,,,-1.0000000000010001e-05,0.004046617028168501,feasible,False,0.0003098399537764871,4.544237652111521e-06,feasible,False,0.0003098399537764871,4.544237652111521e-06,feasible,False,0.0003098399537767233,4.544237652118026e-06,feasible,False,0.0003098399537764871,4.544237652111521e-06,feasible,False,0.0003098399537765544,4.544237652112388e-06,1,0.24712,,,1.0,0,0.0,,,1.0,0,0.0,,,1.0,0,0.0,,,1.0,0,0,4,False,False,0.0,0
1417,TLW,1,1,analyzed,saved,0.28296,0.28297,-1.0000000000010001e-05,0.0035339435275859635,missing_class,False,gate_rejected,False,False,False,True,raw_fallback,,,,-1.0000000000010001e-05,0.0035339435275859635,feasible,False,-0.0005002556807246412,1.0343025281655139e-06,feasible,False,-0.0005002556807246412,1.0343025281655139e-06,feasible,False,-0.0005002556807246412,1.0343025281655139e-06,feasible,False,-0.0005002556807240863,1.034302528173537e-06,feasible,False,-0.0005002556807240863,1.034302528173537e-06,1,0.28298,,,1.0,0,0.0,,,1.0,0,0.0,,,1.0,0,0.0,,,1.0,0,0,4,False,False,0.0,0
1613,TLX,4,4,analyzed,saved,2.0849,2.0848899999999997,1.0000000000509601e-05,0.0004796416118121149,negative_factor,False,feasible,False,True,True,True,minimax_ratio,0.02066091365371758,0.0019852401075453815,2/3/4,-4.440892098500626e-16,2.130036643899979e-14,feasible,False,0.2565589625255167,0.011489791380549777,feasible,False,0.3668587643580856,0.011442080760512093,feasible,False,0.2510297473199226,0.011492183064681591,feasible,False,-3.088618010600541,0.01293676104753725,feasible,True,0.02066091365371758,0.0019852401075453815,1,0.14019,,-47.701614768866236,0.0,1,0.39085,,3.7133396771168643,1.055833689167852,1,1.09844,,8.457722157603877,1.1536371119451254,1,0.45545,,-4.323473397090872,0.8892049458019606,4,0,0,True,True,0.0,0
1716,TLY,1,1,analyzed,saved,0.70479,0.7047899999999999,1.1102230246251565e-16,1.575253656585872e-14,missing_class,False,gate_rejected,False,False,False,True,raw_fallback,,,,1.1102230246251565e-16,1.575253656585872e-14,feasible,False,0.0007499658517736823,4.801726591425288e-06,feasible,False,0.000749965851773975,4.801726591452827e-06,feasible,False,0.0007499658517736823,4.801726591425288e-06,feasible,False,0.000749965851773975,4.801726591452827e-06,feasible,False,0.0007499658517736823,4.801726591425288e-06,1,0.7048,,,1.0,0,0.0,,,1.0,0,0.0,,,1.0,0,0.0,,,1.0,0,0,4,False,False,0.0,0
1678,TLZ,1,1,analyzed,saved,0.50547,0.50547,0.0,0.0,missing_class,False,gate_rejected,False,False,False,True,raw_fallback,,,,0.0,0.0,feasible,False,3.7109840096638075e-05,1.2293701003949359e-06,feasible,False,3.7109840096638075e-05,1.2293701003949359e-06,feasible,False,3.7109840096638075e-05,1.2293701003949359e-06,feasible,False,3.7109840096638075e-05,1.2293701003949359e-06,feasible,False,3.710984009684772e-05,1.229370100407079e-06,1,0.50547,,,1.0,0,0.0,,,1.0,0,0.0,,,1.0,0,0.0,,,1.0,0,0,4,False,False,0.0,0
2292,TMK,1,0,no_valid_locations,saved,,,,,,,,,,,,,,,,,,,,,,,,,,,,,,,,,,,,,,,,,,,,,,,,,,,,,,,,,,,,,,,,
609,TMN,2,2,analyzed,saved,0.6276399999999999,0.6276700000000001,-3.0000000000196536e-05,0.004779581627319536,missing_class,False,gate_rejected,False,False,False,True,raw_fallback,,,,-3.0000000000196536e-05,0.004779581627319536,feasible,False,0.16659465401731569,-7.604203583378918e-05,feasible,False,0.233216370169636,9.673208873855338e-05,feasible,False,0.16659465401731569,-7.604203583378918e-05,feasible,False,-1.9868297613125738,-0.0008091200948217043,feasible,False,0.0051405950095788425,3.6696356588393486e-06,0,0.0,,,1.0,1,0.55095,,,1.0,0,0.0,,,1.0,1,0.07671,,,1.0,0,0,4,False,False,0.0,0
1673,TMS,1,1,analyzed,saved,0.94897,0.9489700000000001,-1.1102230246251565e-16,1.1699242595921435e-14,missing_class,False,gate_rejected,False,False,False,True,raw_fallback,,,,-1.1102230246251565e-16,1.1699242595921435e-14,feasible,False,5.414678083179096e-05,3.759327519576444e-06,feasible,False,5.41467808318956e-05,3.7593275195816483e-06,feasible,False,5.41467808318956e-05,3.7593275195816483e-06,feasible,False,5.41467808318956e-05,3.7593275195816483e-06,feasible,False,5.414678083162658e-05,3.7593275195538928e-06,1,0.94898,,,1.0,0,0.0,,,1.0,0,0.0,,,1.0,0,0.0,,,1.0,0,0,4,False,False,0.0,0
1708,TMT,2,2,analyzed,saved,1.48838,1.48837,1.0000000000065512e-05,0.000671875944829949,missing_class,False,gate_rejected,False,False,False,True,raw_fallback,,,,1.0000000000065512e-05,0.000671875944829949,feasible,False,0.13543243422442672,0.009492205998551346,feasible,False,0.13543243422442708,0.009492205998551394,feasible,False,0.13543243422442708,0.009492205998551394,feasible,False,0.13543243422442672,0.009492205998551346,feasible,False,0.13543243422442708,0.009492205998551394,1,0.60706,,,1.0,0,0.0,,,1.0,0,0.0,,,1.0,1,0.88132,,,1.0,0,0,4,False,False,0.0,0
1595,TNC,1,1,analyzed,saved,0.13601000000000002,0.13606,-4.999999999996674e-05,0.03674849331174977,missing_class,False,gate_rejected,False,False,False,True,raw_fallback,,,,-4.999999999996674e-05,0.03674849331174977,feasible,False,-0.00022011260047749266,-7.499896858301387e-06,feasible,False,-0.000220112600477656,-7.499896858307459e-06,feasible,False,-0.00022011260047749266,-7.499896858301387e-06,feasible,False,-0.00022011260047749266,-7.499896858301387e-06,feasible,False,-0.000220112600477656,-7.499896858307459e-06,1,0.13603,,,1.0,0,0.0,,,1.0,0,0.0,,,1.0,0,0.0,,,1.0,0,0,4,False,False,0.0,0
2106,TNG,2,2,analyzed,saved,0.8437199999999999,0.8437399999999999,-2.0000000000020002e-05,0.0023703984639841663,missing_class,False,gate_rejected,False,False,False,True,raw_fallback,,,,-2.0000000000020002e-05,0.0023703984639841663,feasible,False,0.2237189963934264,0.010973806714840498,feasible,False,0.22371899639342638,0.010973806714840474,feasible,False,0.2237189963934264,0.010973806714840498,feasible,False,0.2237189963934264,0.010973806714840498,feasible,False,0.22371899639342638,0.010973806714840474,1,0.56197,,,1.0,0,0.0,,,1.0,0,0.0,,,1.0,1,0.28177,,,1.0,0,0,4,False,False,0.0,0
1266,TNK,4,4,analyzed,saved,2.3480000000000003,2.34814,-0.0001399999999995849,0.0059621657992958215,missing_class,False,feasible,False,True,True,True,minimax_ratio,0.016391472155280033,0.007435204816714475,3/4,4.440892098500626e-16,1.891238213437285e-14,feasible,False,0.07167688977082357,0.10840927976870098,feasible,False,0.04367181615519584,0.05726041404130786,feasible,False,0.07167688977082376,0.10840927976870102,feasible,False,0.07167688977082357,0.10840927976870098,feasible,True,0.016391472155280033,0.007435204816714475,1,0.16677,,,0.0,0,0.0,,,0.0,1,1.83747,,,1.0039238662533783,2,0.3438,,,1.4643560567165452,4,0,0,True,True,0.0,0
1649,TNL,3,3,analyzed,saved,0.8375900000000001,0.8376100000000001,-2.0000000000020002e-05,0.0023877460870834876,missing_class,False,gate_rejected,False,False,False,True,raw_fallback,,,,-2.0000000000020002e-05,0.0023877460870834876,feasible,False,0.4284803321475297,0.014392726933134113,feasible,False,0.4284803321475297,0.014392726933134113,feasible,False,0.4284803321475297,0.014392726933134113,feasible,False,0.4284803321475297,0.014392726933134113,feasible,False,0.42848033214752923,0.014392726933134087,1,0.29905,,,1.0,1,0.24642,,,1.0,0,0.0,,,1.0,1,0.29215,,,1.0,0,0,4,False,False,0.0,0
180,TNN,1,1,analyzed,saved,0.25586,0.25587,-1.0000000000010001e-05,0.0039082346504123195,missing_class,False,gate_rejected,False,False,False,True,raw_fallback,,,,-1.0000000000010001e-05,0.0039082346504123195,feasible,False,0.0004085304548048927,3.5697674418576006e-06,feasible,False,0.0004085304548048927,3.5697674418576006e-06,feasible,False,0.0004085304548048927,3.5697674418576006e-06,feasible,False,0.0004085304548048927,3.5697674418576006e-06,feasible,False,0.000408530454805091,3.569767441863672e-06,1,0.25587,,,1.0,0,0.0,,,1.0,0,0.0,,,1.0,0,0.0,,,1.0,0,0,4,False,False,0.0,0
833,TNP,1,1,analyzed,saved,0.30542,0.30544,-1.999999999996449e-05,0.006547930853838558,missing_class,False,gate_rejected,False,False,False,True,raw_fallback,,,,-1.999999999996449e-05,0.006547930853838558,feasible,False,0.0013447223048132077,2.037807957435474e-06,feasible,False,0.0013447223048132077,2.037807957435474e-06,feasible,False,0.0013447223048132077,2.037807957435474e-06,feasible,False,0.0013447223048132077,2.037807957435474e-06,feasible,False,0.0013447223048132077,2.037807957435474e-06,1,0.30543,,,1.0,0,0.0,,,1.0,0,0.0,,,1.0,0,0.0,,,1.0,0,0,4,False,False,0.0,0
914,TNQ,3,3,analyzed,saved,2.3103000000000002,2.31033,-2.9999999999752447e-05,0.0012985157964339486,missing_class,False,gate_rejected,False,False,False,True,raw_fallback,,,,-2.9999999999752447e-05,0.0012985157964339486,feasible,False,0.08221556386967575,0.025710897373540778,feasible,False,0.08221556386967575,0.025710897373540778,feasible,False,0.08221556386967575,0.025710897373540778,feasible,False,0.08221556386967575,0.025710897373540778,feasible,False,0.08221556386967575,0.025710897373540778,1,0.07213,,,1.0,1,0.91177,,,1.0,0,0.0,,,1.0,1,1.32642,,,1.0,0,0,4,False,False,0.0,0
2247,TNT,4,4,analyzed,saved,8.37486,8.37488,-1.9999999999242846e-05,0.0002388093918867237,missing_class,False,gate_rejected,False,False,False,True,raw_fallback,,,,-1.9999999999242846e-05,0.0002388093918867237,feasible,False,0.38304776419682784,0.041579027566693676,feasible,False,0.40070079662451863,0.0409234076955732,feasible,False,0.3763260464598068,0.040531278130604656,feasible,False,0.39999209381331025,0.04256224810459209,feasible,False,-6.1948654342607374e-06,5.013435369488617e-07,1,0.61162,,,1.0,0,0.0,,,1.0,2,4.9521,,,1.0,1,2.81117,,,1.0,0,0,4,False,False,0.0,0
1705,TNX,1,1,analyzed,saved,0.8249900000000001,0.82499,1.1102230246251565e-16,1.3457411903479516e-14,missing_class,False,gate_rejected,False,False,False,True,raw_fallback,,,,1.1102230246251565e-16,1.3457411903479516e-14,feasible,False,8.32698782031654e-05,2.7471013897203966e-06,feasible,False,8.32698782031654e-05,2.7471013897203966e-06,feasible,False,8.326987820262238e-05,2.7471013896935084e-06,feasible,False,8.32698782031654e-05,2.7471013897203966e-06,feasible,False,8.326987820262238e-05,2.7471013896935084e-06,1,0.82499,,,1.0,0,0.0,,,1.0,0,0.0,,,1.0,0,0.0,,,1.0,0,0,4,False,False,0.0,0
870,TNZ,5,4,analyzed,saved,0.39474,0.39471,2.999999999997449e-05,0.007600516835138328,missing_class,False,gate_rejected,False,False,False,True,raw_fallback,,,,2.999999999997449e-05,0.007600516835138328,feasible,False,0.019492208870569246,0.0036502112676056325,feasible,False,0.019492208870569246,0.0036502112676056325,feasible,False,0.019492208870569246,0.0036502112676056325,feasible,False,0.019492208870569246,0.0036502112676056325,feasible,False,0.019492208870569183,0.0036502112676056186,1,0.12577,,,1.0,2,0.21469,,,1.0,0,0.0,,,1.0,1,0.05428,,,1.0,0,0,4,False,False,0.0,0
1000,TOD,1,1,analyzed,saved,0.31964000000000004,0.31962999999999997,1.0000000000065512e-05,0.00312861746396318,missing_class,False,gate_rejected,False,False,False,True,raw_fallback,,,,1.0000000000065512e-05,0.00312861746396318,feasible,False,0.00014919351577193993,4.038541450241892e-06,feasible,False,0.00014919351577193993,4.038541450241892e-06,feasible,False,0.00014919351577225178,4.038541450254035e-06,feasible,False,0.00014919351577193993,4.038541450241892e-06,feasible,False,0.00014919351577225178,4.038541450254035e-06,1,0.31964,,,1.0,0,0.0,,,1.0,0,0.0,,,1.0,0,0.0,,,1.0,0,0,4,False,False,0.0,0
2014,TOG,3,3,analyzed,saved,1.04222,1.0422,1.999999999990898e-05,0.00191901746305018,missing_class,False,gate_rejected,False,False,False,True,raw_fallback,,,,1.999999999990898e-05,0.00191901746305018,feasible,False,-0.19289790787329952,0.005031200220806907,feasible,False,0.07070734914124292,-0.0018474999999999742,feasible,False,-0.2811598007637376,0.007334367877591598,feasible,False,-0.2811598007637376,0.007334367877591598,feasible,False,-2.2198534369884815e-05,-1.833639913059737e-06,0,0.0,,,1.0,2,0.20942,,,1.0,0,0.0,,,1.0,1,0.8328,,,1.0,0,0,4,False,False,0.0,0
1724,TOH,4,4,analyzed,saved,5.693770000000001,5.69377,8.881784197001252e-16,1.5599127110861965e-14,negative_factor,False,feasible,False,True,True,True,target_l2,0.42931620823737,0.03482940680292777,2/3/4,0.0,0.0,feasible,True,0.42724043799898415,0.034665808797510245,feasible,False,0.5191323097253744,0.04184030181537782,feasible,True,0.42931620823737,0.03482940680292777,feasible,False,-0.15141966078755967,0.03742613671569843,feasible,True,0.04947976660547034,0.021306977095646454,1,1.33173,,-19.221697286518122,0.0,1,2.08267,,8.903586500034185,0.7197614405419421,1,0.60566,,1.5927840134330182,1.5813003404496129,1,1.67374,,7.040507789977719,1.9339769763803214,4,0,0,True,True,0.0,0
1184,TON,1,1,analyzed,saved,1.08293,1.08294,-1.0000000000065512e-05,0.0009234121927406422,missing_class,False,gate_rejected,False,False,False,True,raw_fallback,,,,-1.0000000000065512e-05,0.0009234121927406422,feasible,False,2.8859593163461175e-05,3.383750186679302e-07,feasible,False,2.8859593163461175e-05,3.383750186679302e-07,feasible,False,2.8859593163461175e-05,3.383750186679302e-07,feasible,False,2.8859593163461175e-05,3.383750186679302e-07,feasible,False,2.8859593163179076e-05,3.383750186401746e-07,1,1.08294,,,1.0,0,0.0,,,1.0,0,0.0,,,1.0,0,0.0,,,1.0,0,0,4,False,False,0.0,0
1632,TOT,1,1,analyzed,saved,0.49273999999999996,0.49274,-5.551115123125783e-17,1.126580980461457e-14,missing_class,False,gate_rejected,False,False,False,True,raw_fallback,,,,-5.551115123125783e-17,1.126580980461457e-14,feasible,False,0.00139505641915063,6.82805029216969e-06,feasible,False,0.00139505641915063,6.82805029216969e-06,feasible,False,0.00139505641915063,6.82805029216969e-06,feasible,False,0.00139505641915063,6.82805029216969e-06,feasible,False,0.00139505641915063,6.82805029216969e-06,1,0.49275,,,1.0,0,0.0,,,1.0,0,0.0,,,1.0,0,0.0,,,1.0,0,0,4,False,False,0.0,0
1001,TOX,1,0,no_valid_locations,saved,,,,,,,,,,,,,,,,,,,,,,,,,,,,,,,,,,,,,,,,,,,,,,,,,,,,,,,,,,,,,,,,
1730,TOZ,2,2,analyzed,saved,0.42029,0.42029,0.0,0.0,missing_class,False,gate_rejected,False,False,False,True,raw_fallback,,,,0.0,0.0,feasible,False,0.22245991865811165,8.873813520608178e-05,feasible,False,0.21925293749949232,8.761120146990101e-05,feasible,False,0.23034566406523393,9.150918751186978e-05,feasible,False,-0.27685827012766756,-8.672236306367538e-05,feasible,False,0.0011338947136795112,1.0964131948193174e-05,0,0.0,,,1.0,1,0.12814,,,1.0,1,0.29217,,,1.0,0,0.0,,,1.0,0,0,4,False,False,0.0,0
874,TPG,5,1,analyzed,saved,0.29566,0.29566,0.0,0.0,missing_class,False,gate_rejected,False,False,False,True,raw_fallback,,,,0.0,0.0,feasible,False,1.8874001767842087e-05,3.3850931677112395e-06,feasible,False,1.8874001767769276e-05,3.3850931676973617e-06,feasible,False,1.8874001767769276e-05,3.3850931676973617e-06,feasible,False,1.8874001767842087e-05,3.3850931677112395e-06,feasible,False,1.8874001767842087e-05,3.3850931677112395e-06,0,0.0,,,1.0,0,0.0,,,1.0,0,0.0,,,1.0,1,0.29566,,,1.0,0,0,4,False,False,0.0,0
1615,TPL,1,1,analyzed,saved,0.98967,0.9896699999999999,1.1102230246251565e-16,1.1218113357231771e-14,missing_class,False,gate_rejected,False,False,False,True,raw_fallback,,,,1.1102230246251565e-16,1.1218113357231771e-14,feasible,False,-0.0008129008138432327,3.0102083391440188e-06,feasible,False,-0.0008129008138433642,3.0102083391197326e-06,feasible,False,-0.0008129008138433642,3.0102083391197326e-06,feasible,False,-0.0008129008138433642,3.0102083391197326e-06,feasible,False,-0.0008129008138432327,3.0102083391440188e-06,1,0.98968,,,1.0,0,0.0,,,1.0,0,0.0,,,1.0,0,0.0,,,1.0,0,0,4,False,False,0.0,0
1652,TPN,1,1,analyzed,saved,1.5735999999999999,1.5736,-2.220446049250313e-16,1.4110612921011141e-14,missing_class,False,gate_rejected,False,False,False,True,raw_fallback,,,,-2.220446049250313e-16,1.4110612921011141e-14,feasible,False,7.323222337886118e-05,6.433868974090734e-06,feasible,False,7.323222337849741e-05,6.433868974038692e-06,feasible,False,7.323222337886118e-05,6.433868974090734e-06,feasible,False,7.323222337849741e-05,6.433868974038692e-06,feasible,False,7.323222337849741e-05,6.433868974038692e-06,1,1.57361,,,1.0,0,0.0,,,1.0,0,0.0,,,1.0,0,0.0,,,1.0,0,0,4,False,False,0.0,0
2031,TPS,4,4,analyzed,saved,1.2938299999999998,1.29386,-3.0000000000196536e-05,0.002318643439027139,missing_class,False,gate_rejected,False,False,False,True,raw_fallback,,,,-3.0000000000196536e-05,0.002318643439027139,feasible,False,0.43451173562835577,0.018908122419735593,feasible,False,0.5439597840315702,0.02054919088661264,feasible,False,0.30683083350340046,0.01696733401168753,feasible,False,0.2940759640989816,0.018210954984462173,feasible,False,0.0004429667340929625,1.903621180205121e-05,1,0.45704,,,1.0,0,0.0,,,1.0,1,0.09578,,,1.0,2,0.74102,,,1.0,0,0,4,False,False,0.0,0
1681,TPT,1,1,analyzed,saved,1.3153400000000002,1.31534,2.220446049250313e-16,1.6881156577389217e-14,missing_class,False,gate_rejected,False,False,False,True,raw_fallback,,,,2.220446049250313e-16,1.6881156577389217e-14,feasible,False,-0.0003416881548798256,2.107939632513614e-06,feasible,False,-0.0003416881548794355,2.1079396325630537e-06,feasible,False,-0.0003416881548794355,2.1079396325630537e-06,feasible,False,-0.0003416881548794355,2.1079396325630537e-06,feasible,False,-0.0003416881548794657,2.107939632561319e-06,1,1.31535,,,1.0,0,0.0,,,1.0,0,0.0,,,1.0,0,0.0,,,1.0,0,0,4,False,False,0.0,0
1746,TPX,1,1,analyzed,saved,2.20493,2.20493,0.0,0.0,missing_class,False,gate_rejected,False,False,False,True,raw_fallback,,,,0.0,0.0,feasible,False,-0.0005246909759947211,8.428271338072231e-07,feasible,False,-0.000524690975994841,8.428271338137283e-07,feasible,False,-0.0005246909759947211,8.428271338072231e-07,feasible,False,-0.000524690975994841,8.428271338137283e-07,feasible,False,-0.0005246909759947211,8.428271338072231e-07,1,2.20494,,,1.0,0,0.0,,,1.0,0,0.0,,,1.0,0,0.0,,,1.0,0,0,4,False,False,0.0,0
1690,TPY,2,2,analyzed,saved,2.9365200000000002,2.9365399999999995,-1.9999999999242846e-05,0.0006810736444673953,missing_class,False,gate_rejected,False,False,False,True,raw_fallback,,,,-1.9999999999242846e-05,0.0006810736444673953,feasible,False,-1.1250518007132633,0.017896944702351092,feasible,False,0.22531494196580323,-0.0036489220070929857,feasible,False,-1.0465549584829166,0.016644483095919857,feasible,False,-4.300926488228564,0.06856982529132823,feasible,False,-0.00021870317375495964,-5.040487608661947e-05,1,2.43435,,,1.0,0,0.0,,,1.0,0,0.0,,,1.0,1,0.5022,,,1.0,0,0,4,False,False,0.0,0
2043,TRB,1,1,analyzed,saved,0.6630900000000001,0.6631,-9.99999999995449e-06,0.0015080681646741803,missing_class,False,gate_rejected,False,False,False,True,raw_fallback,,,,-9.99999999995449e-06,0.0015080681646741803,feasible,False,-0.000320075926939625,-3.8066490241003836e-06,feasible,False,-0.0003200759269400558,-3.8066490241246698e-06,feasible,False,-0.0003200759269400558,-3.8066490241246698e-06,feasible,False,-0.0003200759269400558,-3.8066490241246698e-06,feasible,False,-0.00032007592693985437,-3.8066490241220677e-06,1,0.6631,,,1.0,0,0.0,,,1.0,0,0.0,,,1.0,0,0.0,,,1.0,0,0,4,False,False,0.0,0
40,TRE,8,6,analyzed,saved,28.06339,28.06353,-0.00014000000000180535,0.0004988681039121071,missing_class,False,feasible,False,True,True,True,improvement_l2,0.611355966794149,0.8650972380610471,1/4,0.0,0.0,feasible,True,0.5670355098528914,0.834545610417034,feasible,True,0.611355966794149,0.8650972380610471,feasible,True,0.5620023239469409,0.8310760608619499,feasible,False,0.5264885185982324,0.9139360020625539,feasible,True,0.2598472468029799,0.3982028285543182,1,0.57087,,,28.474613161520807,0,0.0,,,0.0,1,13.35062,,,0.0,4,14.14197,,,0.8349612116013434,4,0,0,True,True,0.0,0
256,TRF,8,8,analyzed,saved,26.91503,26.915159999999997,-0.0001299999999950785,0.00048299917219544124,negative_factor,False,feasible,False,True,True,True,improvement_l2,0.4181837864880875,0.24708672321153238,1/4,0.0,0.0,feasible,False,-0.13917876015182207,-0.14172089560539586,feasible,True,0.4181837864880875,0.24708672321153238,feasible,False,-0.3297795413608642,-0.27468109598716195,feasible,False,-0.20485672056622103,0.340641647391138,feasible,True,0.2852569418463639,0.15435898207863924,1,1.24127,,56.08804979483703,14.659287503381139,2,11.043140000000001,,-6.396738973003011,0.0,1,4.30868,,-3.393686898935061,0.0,4,10.32206,,4.122881431359808,0.844684865652354,4,0,0,True,True,0.0,0
1022,TRH,6,6,analyzed,saved,0.8430700000000001,0.84308,-9.99999999995449e-06,0.0011861270579250473,missing_class,False,gate_rejected,False,False,False,True,raw_fallback,,,,-9.99999999995449e-06,0.0011861270579250473,feasible,False,-0.3950801295223121,-0.001128001701800975,feasible,False,0.09502510972154828,0.00012495256905169921,feasible,False,-0.5661049405993658,-0.002143220637522373,feasible,False,-0.07897821973174263,0.0007484081735620596,feasible,False,0.017165742862450765,0.00040392343003727016,1,0.02827,,,1.0,1,0.27086,,,1.0,0,0.0,,,1.0,4,0.54398,,,1.0,0,0,4,False,False,0.0,0
1838,TRI,5,5,analyzed,saved,1.81315,1.81323,-7.999999999985796e-05,0.004412016125911107,negative_factor,False,feasible,False,True,True,True,minimax_ratio,0.004689468126491345,0.001502083447913128,2/3/4,4.440892098500626e-16,2.4491609440063458e-14,feasible,False,0.39485408326205573,0.06437658260353485,feasible,False,0.3966059178873151,0.06455942008890994,feasible,False,0.2694180173025404,0.06032222258301405,feasible,False,-0.5219022056404695,0.03395980870871441,feasible,True,0.004689468126491345,0.001502083447913128,1,0.10889,,-231.4465324718302,0.0,1,0.71332,,5.386254419786831,1.0185873736679216,1,0.19187,,-8.891357429745304,0.9581078365515783,2,0.7991199999999999,,31.135310460610043,1.1297301034905143,4,0,0,True,True,0.0,0
397,TRK,6,5,analyzed,saved,0.82252,0.8225000000000001,1.999999999990898e-05,0.0024316109422381736,missing_class,False,gate_rejected,False,False,False,True,raw_fallback,,,,1.999999999990898e-05,0.0024316109422381736,feasible,False,0.2319376690357854,3.089613678941561e-05,feasible,False,0.23208138096634923,3.090550094569933e-05,feasible,False,0.18863656833746642,2.8074671153309472e-05,feasible,False,-3.0684609276573758,-0.0001841552377918887,feasible,False,0.002190979890560276,1.5926023374739084e-05,1,0.13559,,,1.0,4,0.68693,,,1.0,0,0.0,,,1.0,0,0.0,,,1.0,0,0,4,False,False,0.0,0
2178,TRN,1,1,analyzed,saved,0.79268,0.79269,-9.99999999995449e-06,0.001261527204828431,missing_class,False,gate_rejected,False,False,False,True,raw_fallback,,,,-9.99999999995449e-06,0.001261527204828431,feasible,False,1.311572588964282e-05,5.012084919190155e-07,feasible,False,1.311572588964282e-05,5.012084919190155e-07,feasible,False,1.311572588964282e-05,5.012084919190155e-07,feasible,False,1.311572588964282e-05,5.012084919190155e-07,feasible,False,1.311572588964282e-05,5.012084919190155e-07,1,0.79268,,,1.0,0,0.0,,,1.0,0,0.0,,,1.0,0,0.0,,,1.0,0,0,4,False,False,0.0,0
1139,TRP,4,4,analyzed,saved,1.70267,1.70275,-8.000000000008001e-05,0.0046982821905787705,missing_class,False,feasible,False,True,True,True,minimax_ratio,0.00023626068320382928,4.10555873930768e-05,1/3/4,1.3322676295501878e-15,7.824211596242478e-14,feasible,False,0.17568403099024452,0.043063577398409825,feasible,False,0.2683390613177831,0.04915239998691884,feasible,False,0.17568403099024432,0.0430635773984098,feasible,False,0.17568403099024452,0.043063577398409825,feasible,True,0.00023626068320382928,4.10555873930768e-05,2,0.24728,,,0.9989525680625739,0,0.0,,,0.0,1,1.40108,,,1.0000944632726063,1,0.05435,,,1.002523733218851,4,0,0,True,True,0.0,0
2052,TRS,4,4,analyzed,saved,1.45895,1.4589599999999998,-9.999999999843467e-06,0.0006854197510448174,missing_class,False,gate_rejected,False,False,False,True,raw_fallback,,,,-9.999999999843467e-06,0.0006854197510448174,feasible,False,0.307989633788995,0.016734543484821358,feasible,False,0.44500102087196386,0.017103600285811007,feasible,False,0.36215791269598885,0.016825160501749252,feasible,False,0.12460358220145767,0.016775062576008033,feasible,False,0.00014339160579106156,9.00970931598695e-06,1,0.59436,,,1.0,0,0.0,,,1.0,1,0.66825,,,1.0,2,0.19635999999999998,,,1.0,0,0,4,False,False,0.0,0
318,TRY,2,2,analyzed,saved,1.17484,1.17486,-1.999999999990898e-05,0.001702330490433667,missing_class,False,gate_rejected,False,False,False,True,raw_fallback,,,,-1.999999999990898e-05,0.001702330490433667,feasible,False,0.020772545240526873,0.0020946309682329037,feasible,False,0.020772545240526873,0.0020946309682329037,feasible,False,0.020772545240526664,0.0020946309682328586,feasible,False,0.020772545240526664,0.0020946309682328586,feasible,False,0.020772545240526873,0.0020946309682329037,1,0.09417,,,1.0,0,0.0,,,1.0,0,0.0,,,1.0,1,1.08069,,,1.0,0,0,4,False,False,0.0,0
1732,TSE,1,1,analyzed,saved,0.36776000000000003,0.36775,1.0000000000010001e-05,0.0027192386131910267,missing_class,False,gate_rejected,False,False,False,True,raw_fallback,,,,1.0000000000010001e-05,0.0027192386131910267,feasible,False,0.00013562256514000246,4.672853571321099e-06,feasible,False,0.00013562256514000246,4.672853571321099e-06,feasible,False,0.00013562256513974667,4.672853571307655e-06,feasible,False,0.00013562256514000246,4.672853571321099e-06,feasible,False,0.00013562256514000246,4.672853571321099e-06,1,0.36776,,,1.0,0,0.0,,,1.0,0,0.0,,,1.0,0,0.0,,,1.0,0,0,4,False,False,0.0,0
917,TSK,3,2,analyzed,saved,1.08169,1.08171,-1.999999999990898e-05,0.0018489243882287285,missing_class,False,gate_rejected,False,False,False,True,raw_fallback,,,,-1.999999999990898e-05,0.0018489243882287285,feasible,False,0.0067188309913748055,0.00156268803272034,feasible,False,0.0067188309913748055,0.00156268803272034,feasible,False,0.0067188309913749165,0.0015626880327203885,feasible,False,0.0067188309913748055,0.00156268803272034,feasible,False,0.0067188309913748055,0.00156268803272034,1,0.17862,,,1.0,1,0.90309,,,1.0,0,0.0,,,1.0,0,0.0,,,1.0,0,0,4,False,False,0.0,0
2138,TSM,7,6,analyzed,saved,3.6888,3.6888699999999996,-6.99999999995704e-05,0.0018976000780610435,missing_class,False,gate_rejected,False,False,False,True,raw_fallback,,,,-6.99999999995704e-05,0.0018976000780610435,feasible,False,0.20260093653759015,0.004240202926603882,feasible,False,0.15296981756162753,0.005008572382622412,feasible,False,0.20556652367410042,0.0041942908734028395,feasible,False,-0.2222307330590258,0.010817279680112805,feasible,False,-0.00032901300547838583,-5.3181776404453984e-05,3,0.48100999999999994,,,1.0,0,0.0,,,1.0,2,2.1547799999999997,,,1.0,1,1.05307,,,1.0,0,0,4,False,False,0.0,0
182,TST,1,1,analyzed,saved,0.27192,0.27191,1.0000000000010001e-05,0.0036776874701224677,missing_class,False,gate_rejected,False,False,False,True,raw_fallback,,,,1.0000000000010001e-05,0.0036776874701224677,feasible,False,0.00038939691413487313,6.220930232566681e-06,feasible,False,0.000389396914134681,6.220930232560609e-06,feasible,False,0.00038939691413487313,6.220930232566681e-06,feasible,False,0.000389396914134681,6.220930232560609e-06,feasible,False,0.000389396914134681,6.220930232560609e-06,1,0.27192,,,1.0,0,0.0,,,1.0,0,0.0,,,1.0,0,0.0,,,1.0,0,0,4,False,False,0.0,0
1725,TTA,3,3,analyzed,saved,2.8073599999999996,2.8073799999999998,-2.0000000000131024e-05,0.0007124080103203352,missing_class,False,gate_rejected,False,False,False,True,raw_fallback,,,,-2.0000000000131024e-05,0.0007124080103203352,feasible,False,0.22898462654065335,-6.940479056254849e-05,feasible,False,0.2036295180559151,0.00017164633631500028,feasible,False,0.22894858486111536,-6.90621421581398e-05,feasible,False,-0.05246491701605024,0.0026063372467606508,feasible,False,0.00011139786701507045,1.206608002813931e-05,0,0.0,,,1.0,1,0.38251,,,1.0,1,0.10243,,,1.0,1,2.32244,,,1.0,0,0,4,False,False,0.0,0
1638,TTC,1,1,analyzed,saved,1.71858,1.7186,-1.999999999990898e-05,0.0011637379262137194,missing_class,False,gate_rejected,False,False,False,True,raw_fallback,,,,-1.999999999990898e-05,0.0011637379262137194,feasible,False,0.0008589417010960958,6.923904291559644e-06,feasible,False,0.0008589417010959452,6.9239042915078194e-06,feasible,False,0.0008589417010959452,6.9239042915078194e-06,feasible,False,0.0008589417010959452,6.9239042915078194e-06,feasible,False,0.0008589417010959452,6.9239042915078194e-06,1,1.7186,,,1.0,0,0.0,,,1.0,0,0.0,,,1.0,0,0.0,,,1.0,0,0,4,False,False,0.0,0
1519,TTE,1,1,analyzed,saved,0.8351499999999998,0.8351600000000001,-1.0000000000287557e-05,0.0011973753532601604,missing_class,False,gate_rejected,False,False,False,True,raw_fallback,,,,-1.0000000000287557e-05,0.0011973753532601604,feasible,False,-3.036776388202215e-05,-2.123264719971346e-06,feasible,False,-3.036776388202215e-05,-2.123264719971346e-06,feasible,False,-3.036776388202215e-05,-2.123264719971346e-06,feasible,False,-3.036776388202215e-05,-2.123264719971346e-06,feasible,False,-3.0367763882653386e-05,-2.123264720002571e-06,1,0.83516,,,1.0,0,0.0,,,1.0,0,0.0,,,1.0,0,0.0,,,1.0,0,0,4,False,False,0.0,0
1520,TTN,2,2,analyzed,saved,3.38858,3.38863,-4.999999999988347e-05,0.0014755225563098794,missing_class,False,feasible,False,True,True,True,improvement_l2,0.2625036795509468,0.03956059366758628,3/4,0.0,0.0,feasible,True,0.21463248240342417,0.0465184351097703,feasible,True,0.2625036795509468,0.03956059366758628,feasible,True,0.2523059890894641,0.04104277747612599,feasible,False,-0.09244684165483114,0.09115089417249427,feasible,True,0.11490761864304291,0.06101295020931689,0,0.0,,,0.0,0,0.0,,,0.0,1,1.95427,,,0.598925888725643,1,1.43434,,,1.546461248057327,4,0,0,True,True,0.0,0
1596,TTZ,4,4,analyzed,saved,1.2809800000000002,1.2810099999999998,-2.9999999999530402e-05,0.0023419020928431788,missing_class,False,gate_rejected,False,False,False,True,raw_fallback,,,,-2.9999999999530402e-05,0.0023419020928431788,feasible,False,0.05648510383133308,0.006927248701740427,feasible,False,0.05648510383133308,0.006927248701740427,feasible,False,0.05648510383133308,0.006927248701740427,feasible,False,0.05648510383133308,0.006927248701740427,feasible,False,9.309597406803966e-05,1.3008954605472911e-05,0,0.0,,,1.0,0,0.0,,,1.0,1,1.17821,,,1.0,3,0.1028,,,1.0,0,0,4,False,False,0.0,0
2245,TUB,1,1,analyzed,saved,0.13347,0.13348,-9.999999999982245e-06,0.0074917590650151675,missing_class,False,gate_rejected,False,False,False,True,raw_fallback,,,,-9.999999999982245e-06,0.0074917590650151675,feasible,False,0.00028238974627687983,3.106391435685847e-06,feasible,False,0.00028238974627687983,3.106391435685847e-06,feasible,False,0.0002823897462768489,3.1063914356823773e-06,feasible,False,0.0002823897462768489,3.1063914356823773e-06,feasible,False,0.00028238974627687983,3.106391435685847e-06,1,0.13348,,,1.0,0,0.0,,,1.0,0,0.0,,,1.0,0,0.0,,,1.0,0,0,4,False,False,0.0,0
1191,TUL,1,1,analyzed,saved,0.72114,0.7211399999999999,1.1102230246251565e-16,1.539538819958894e-14,missing_class,False,gate_rejected,False,False,False,True,raw_fallback,,,,1.1102230246251565e-16,1.539538819958894e-14,feasible,False,-0.00019283124954230926,4.91963724526083e-06,feasible,False,-0.0001928312495425865,4.9196372452343755e-06,feasible,False,-0.00019283124954230926,4.91963724526083e-06,feasible,False,-0.0001928312495425865,4.9196372452343755e-06,feasible,False,-0.0001928312495425865,4.9196372452343755e-06,1,0.72115,,,1.0,0,0.0,,,1.0,0,0.0,,,1.0,0,0.0,,,1.0,0,0,4,False,False,0.0,0
1587,TUN,64,40,analyzed,saved,49.39396,49.3945,-0.0005400000000008731,0.0010932391258153702,negative_factor,False,feasible,False,True,True,True,absolute_l2,0.8725986687649762,1.116129846470712,1/3/4,-7.105427357601002e-15,1.4385057764732918e-14,feasible,True,0.8615187367369439,1.1051330939829225,feasible,True,0.8663327932539092,1.1115851060677584,feasible,True,0.8641498297748014,1.1093867265793138,feasible,True,0.8725986687649762,1.116129846470712,feasible,True,0.7664321436818118,0.9482664617712715,11,6.988700000000001,,10.022725709277806,0.31284604542631284,8,5.80574,,-7.225553191468933,0.0,6,14.210639999999998,,0.86990039487012,0.7282314572349599,15,22.389299999999995,,0.3991171103167397,1.6462875979834277,4,0,0,True,True,0.0,0
41,TUR,23,20,analyzed,saved,60.268390000000004,60.268519999999995,-0.00012999999999152578,0.0002157013312945561,negative_factor,False,feasible,False,True,True,True,improvement_l2,0.3052201307645471,0.3048032676952941,3/4,7.105427357601002e-15,1.1789616465778489e-14,feasible,False,-34.10999675861593,1.0728859036725311,feasible,True,0.3052201307645471,0.3048032676952941,feasible,False,-31.579334528147953,1.335226316587753,feasible,False,-23.057653314272017,1.416162532984329,feasible,True,0.08073955162046037,0.31548168754361705,7,4.13885,,-3.8072083181558387,0.0,7,6.766070000000001,,-25.502613012874384,0.0,3,36.96576,,0.7924908976217001,0.9809507303392035,3,12.397870000000001,,17.68730081055416,1.9363708875152859,4,0,0,True,True,0.0,0
1604,TUT,1,1,analyzed,saved,0.46357,0.46357,0.0,0.0,missing_class,False,gate_rejected,False,False,False,True,raw_fallback,,,,0.0,0.0,feasible,False,6.0650639744074925e-05,1.3900686843225374e-06,feasible,False,6.065063974441708e-05,1.3900686843355478e-06,feasible,False,6.065063974441708e-05,1.3900686843355478e-06,feasible,False,6.065063974441708e-05,1.3900686843355478e-06,feasible,False,6.0650639744074925e-05,1.3900686843225374e-06,1,0.46357,,,1.0,0,0.0,,,1.0,0,0.0,,,1.0,0,0.0,,,1.0,0,0,4,False,False,0.0,0
1963,TUV,6,6,analyzed,saved,2.7084,2.70846,-5.999999999994898e-05,0.0022152810083940315,missing_class,False,gate_rejected,False,False,False,True,raw_fallback,,,,-5.999999999994898e-05,0.0022152810083940315,feasible,False,0.011232149115364576,0.024340309947255126,feasible,False,0.38063206085563794,0.017976323044781015,feasible,False,-0.11606162687837634,0.026533315136060512,feasible,False,-0.07086574565302656,0.02575468474925585,feasible,False,0.29037922854134446,0.01953119034307961,1,0.02025,,,1.0,1,0.11562,,,1.0,0,0.0,,,1.0,4,2.57257,,,1.0,0,0,4,False,False,0.0,0
1592,TUZ,1,1,analyzed,saved,0.5351800000000001,0.53518,1.1102230246251565e-16,2.0744852659388553e-14,missing_class,False,gate_rejected,False,False,False,True,raw_fallback,,,,1.1102230246251565e-16,2.0744852659388553e-14,feasible,False,0.0007113494273696192,7.970330966004108e-06,feasible,False,0.0007113494273696192,7.970330966004108e-06,feasible,False,0.0007113494273696192,7.970330966004108e-06,feasible,False,0.0007113494273696192,7.970330966004108e-06,feasible,False,0.0007113494273698407,7.970330966017118e-06,1,0.5352,,,1.0,0,0.0,,,1.0,0,0.0,,,1.0,0,0.0,,,1.0,0,0,4,False,False,0.0,0
2035,TVE,3,3,analyzed,saved,0.33332,0.33340000000000003,-8.00000000000245e-05,0.02399520095981538,missing_class,False,gate_rejected,False,False,False,True,raw_fallback,,,,-8.00000000000245e-05,0.02399520095981538,feasible,False,0.17752460019178198,0.01735196394726159,feasible,False,0.13469416457468666,0.013163236165407426,feasible,False,0.19417927800123977,0.018980756898656678,feasible,False,0.16034097220423463,0.015671440765383016,feasible,False,0.0001008885518990148,2.9288909872242364e-07,0,0.0,,,1.0,0,0.0,,,1.0,1,0.18397,,,1.0,2,0.1494,,,1.0,0,0,4,False,False,0.0,0
59,TVS,1,1,analyzed,saved,4.33553,4.33553,0.0,0.0,missing_class,False,gate_rejected,False,False,False,True,raw_fallback,,,,0.0,0.0,feasible,False,-1.0123441230782042e-05,2.415136519445457e-06,feasible,False,-1.0123441230782042e-05,2.415136519445457e-06,feasible,False,-1.0123441230782042e-05,2.415136519445457e-06,feasible,False,-1.0123441230782042e-05,2.415136519445457e-06,feasible,False,-1.0123441230782042e-05,2.415136519445457e-06,1,4.33554,,,1.0,0,0.0,,,1.0,0,0.0,,,1.0,0,0.0,,,1.0,0,0,4,False,False,0.0,0
253,TWI,6,6,analyzed,saved,30.962339999999998,30.96238,-4.0000000002038405e-05,0.0001291890352164091,missing_class,False,feasible,False,True,True,True,improvement_l2,0.5603049906121162,0.24156253596812338,1/3/4,7.105427357601002e-15,2.2948582627049348e-14,feasible,True,0.4195545100567918,0.29238271132278587,feasible,True,0.5603049906121162,0.24156253596812338,feasible,False,0.2968929342799346,0.33627879909999614,feasible,False,-4.980312298894599,0.38900949310258615,feasible,True,0.2916099397970648,0.2788993542959212,1,4.90145,,,2.751596957783955,0,0.0,,,0.0,1,3.21488,,,0.9956424338907458,4,22.84608,,,0.6248180363192362,4,0,0,True,True,0.0,0
842,TXI,1,1,analyzed,saved,0.045200000000000004,0.045200000000000004,0.0,0.0,missing_class,False,gate_rejected,False,False,False,True,raw_fallback,,,,0.0,0.0,feasible,False,0.0015644981306411076,3.118034316521094e-06,feasible,False,0.0015644981306411076,3.118034316521094e-06,feasible,False,0.0015644981306411076,3.118034316521094e-06,feasible,False,0.0015644981306411076,3.118034316521094e-06,feasible,False,0.0015644981306411076,3.118034316521094e-06,1,0.0452,,,1.0,0,0.0,,,1.0,0,0.0,,,1.0,0,0.0,,,1.0,0,0,4,False,False,0.0,0
1639,TXP,1,1,analyzed,saved,1.63625,1.63625,0.0,0.0,missing_class,False,gate_rejected,False,False,False,True,raw_fallback,,,,0.0,0.0,feasible,False,4.37661043371314e-05,4.796774467796805e-06,feasible,False,4.376610433738953e-05,4.796774467848847e-06,feasible,False,4.3766104336903416e-05,4.796774467748233e-06,feasible,False,4.37661043371314e-05,4.796774467796805e-06,feasible,False,4.376610433738953e-05,4.796774467848847e-06,1,1.63626,,,1.0,0,0.0,,,1.0,0,0.0,,,1.0,0,0.0,,,1.0,0,0,4,False,False,0.0,0
314,TYR,4,4,analyzed,saved,2.45491,2.4549,1.0000000000065512e-05,0.00040734856817245156,missing_class,False,gate_rejected,False,False,False,True,raw_fallback,,,,1.0000000000065512e-05,0.00040734856817245156,feasible,False,0.4421638266756127,0.1262358830450015,feasible,False,0.5203944496604653,0.15016436171112596,feasible,False,0.4683254287141173,0.1336170406716615,feasible,False,0.4853247966783421,0.14760788330920743,feasible,False,0.35577852544837263,0.10186338765858316,2,1.80861,,,1.0,1,0.4619,,,1.0,0,0.0,,,1.0,1,0.18442,,,1.0,0,0,4,False,False,0.0,0
1439,TYY,2,2,analyzed,saved,0.19409,0.19408,1.0000000000010001e-05,0.005152514427045549,missing_class,False,gate_rejected,False,False,False,True,raw_fallback,,,,1.0000000000010001e-05,0.005152514427045549,feasible,False,0.18290579117286485,0.0019403746779932027,feasible,False,0.29810611587967606,0.0017067718687235746,feasible,False,0.18257070813662624,0.001941054158183918,feasible,False,0.03612886530839422,0.002238008406935896,feasible,False,0.1980180421070573,0.0019097301092248372,1,0.16336,,,1.0,1,0.03074,,,1.0,0,0.0,,,1.0,0,0.0,,,1.0,0,0,4,False,False,0.0,0
1667,TZC,1,1,analyzed,saved,2.5993299999999997,2.5993399999999998,-1.0000000000065512e-05,0.00038471304254408866,missing_class,False,gate_rejected,False,False,False,True,raw_fallback,,,,-1.0000000000065512e-05,0.00038471304254408866,feasible,False,-1.7963416993651e-05,2.5362197560220047e-06,feasible,False,-1.7963416993651e-05,2.5362197560220047e-06,feasible,False,-1.7963416993651e-05,2.5362197560220047e-06,feasible,False,-1.7963416993651e-05,2.5362197560220047e-06,feasible,False,-1.7963416993651e-05,2.5362197560220047e-06,1,2.59934,,,1.0,0,0.0,,,1.0,0,0.0,,,1.0,0,0.0,,,1.0,0,0,4,False,False,0.0,0
1767,TZE,2,2,analyzed,saved,3.2514200000000004,3.25143,-9.999999999621423e-06,0.0003075569826083115,missing_class,False,gate_rejected,False,False,False,True,raw_fallback,,,,-9.999999999621423e-06,0.0003075569826083115,feasible,False,0.20426920474861276,-0.0005252341272709007,feasible,False,0.23461296762231382,-0.0006036699520801628,feasible,False,0.2095331836456841,-0.0005388410265960617,feasible,False,-11.096123195748202,0.028685236646884153,feasible,False,6.0478200188022075e-06,2.767269869829482e-06,0,0.0,,,1.0,0,0.0,,,1.0,1,0.06777,,,1.0,1,3.18368,,,1.0,0,0,4,False,False,0.0,0
1642,TZH,1,1,analyzed,saved,0.93931,0.93933,-2.0000000000020002e-05,0.0021291771794811195,missing_class,False,gate_rejected,False,False,False,True,raw_fallback,,,,-2.0000000000020002e-05,0.0021291771794811195,feasible,False,-0.09276161545741334,-1.1855474751636293e-06,feasible,False,-0.09276161545741334,-1.1855474751636293e-06,feasible,False,-0.09276161545741334,-1.1855474751636293e-06,feasible,False,-0.09276161545741334,-1.1855474751636293e-06,feasible,False,-0.09276161545741334,-1.1855474751636293e-06,1,0.93932,,,1.0,0,0.0,,,1.0,0,0.0,,,1.0,0,0.0,,,1.0,0,0,4,False,False,0.0,0
1593,TZI,1,1,analyzed,saved,1.18169,1.1817,-1.0000000000065512e-05,0.0008462384700063902,missing_class,False,gate_rejected,False,False,False,True,raw_fallback,,,,-1.0000000000065512e-05,0.0008462384700063902,feasible,False,4.9919470049819876e-05,3.23959267658179e-06,feasible,False,4.991947005021669e-05,3.2395926766338318e-06,feasible,False,4.991947005018826e-05,3.239592676632097e-06,feasible,False,4.991947005021669e-05,3.2395926766338318e-06,feasible,False,4.991947005021669e-05,3.2395926766338318e-06,1,1.1817,,,1.0,0,0.0,,,1.0,0,0.0,,,1.0,0,0.0,,,1.0,0,0,4,False,False,0.0,0
1622,TZL,3,3,analyzed,saved,2.91491,2.91493,-2.0000000000131024e-05,0.0006861228228510126,missing_class,False,gate_rejected,False,False,False,True,raw_fallback,,,,-2.0000000000131024e-05,0.0006861228228510126,feasible,False,0.15157798550922988,0.031530575238095215,feasible,False,0.15157798550922988,0.031530575238095215,feasible,False,0.15157798550922988,0.031530575238095215,feasible,False,0.15157798550922988,0.031530575238095215,feasible,False,0.010240386672377902,0.003164216490117354,0,0.0,,,1.0,1,2.20101,,,1.0,1,0.60946,,,1.0,1,0.10446,,,1.0,0,0,4,False,False,0.0,0
1715,TZM,2,2,analyzed,saved,0.7780599999999999,0.77805,9.999999999843467e-06,0.0012852644431390614,missing_class,False,gate_rejected,False,False,False,True,raw_fallback,,,,9.999999999843467e-06,0.0012852644431390614,feasible,False,0.1446515965838106,-2.8916149398199465e-05,feasible,False,0.20740552761568687,-4.599142375585636e-05,feasible,False,0.14462892069879763,-2.890997931526704e-05,feasible,False,-0.746831544442751,0.00021365541493213822,feasible,False,0.0002196746675480879,1.0383614810628716e-05,0,0.0,,,1.0,1,0.38348,,,1.0,1,0.3946,,,1.0,0,0.0,,,1.0,0,0,4,False,False,0.0,0
1643,TZP,1,1,analyzed,saved,0.41042,0.41043,-1.0000000000010001e-05,0.0024364690690276054,missing_class,False,gate_rejected,False,False,False,True,raw_fallback,,,,-1.0000000000010001e-05,0.0024364690690276054,feasible,False,0.00018305937736996607,4.356250540343311e-06,feasible,False,0.00018305937736972966,4.356250540331168e-06,feasible,False,0.00018305937736949325,4.356250540319025e-06,feasible,False,0.00018305937736972966,4.356250540331168e-06,feasible,False,0.00018305937736972966,4.356250540331168e-06,1,0.41043,,,1.0,0,0.0,,,1.0,0,0.0,,,1.0,0,0.0,,,1.0,0,0,4,False,False,0.0,0
1768,TZU,1,1,analyzed,saved,0.98642,0.98642,0.0,0.0,missing_class,False,gate_rejected,False,False,False,True,raw_fallback,,,,0.0,0.0,feasible,False,6.816644632711953e-05,4.768528044081163e-06,feasible,False,6.816644632711953e-05,4.768528044081163e-06,feasible,False,6.816644632711953e-05,4.768528044081163e-06,feasible,False,6.816644632735521e-05,4.768528044107184e-06,feasible,False,6.816644632760076e-05,4.76852804413147e-06,1,0.98643,,,1.0,0,0.0,,,1.0,0,0.0,,,1.0,0,0.0,,,1.0,0,0,4,False,False,0.0,0
1646,TZZ,1,1,analyzed,saved,0.16935999999999998,0.16937000000000002,-1.0000000000037756e-05,0.005904233335323702,missing_class,False,gate_rejected,False,False,False,True,raw_fallback,,,,-1.0000000000037756e-05,0.005904233335323702,feasible,False,0.0004782422009347442,4.652877290891363e-06,feasible,False,0.0004782422009347442,4.652877290891363e-06,feasible,False,0.0004782422009350903,4.652877290897868e-06,feasible,False,0.0004782422009347442,4.652877290891363e-06,feasible,False,0.0004782422009347442,4.652877290891363e-06,1,0.16937,,,1.0,0,0.0,,,1.0,0,0.0,,,1.0,0,0.0,,,1.0,0,0,4,False,False,0.0,0
1679,UAU,1,1,analyzed,saved,1.77684,1.77684,0.0,0.0,missing_class,False,gate_rejected,False,False,False,True,raw_fallback,,,,0.0,0.0,feasible,False,4.0482374317765446e-05,7.669282236257013e-06,feasible,False,4.0482374317765446e-05,7.669282236257013e-06,feasible,False,4.04823743179175e-05,7.669282236305586e-06,feasible,False,4.04823743179175e-05,7.669282236305586e-06,feasible,False,4.04823743179175e-05,7.669282236305586e-06,1,1.77685,,,1.0,0,0.0,,,1.0,0,0.0,,,1.0,0,0.0,,,1.0,0,0,4,False,False,0.0,0
1754,UAY,3,3,analyzed,saved,1.8574700000000002,1.8574599999999997,1.0000000000509601e-05,0.0005383696015262565,missing_class,False,feasible,False,True,True,True,minimax_ratio,0.09586124599005502,0.005290180508251276,3/4,0.0,0.0,feasible,False,0.2462234709019468,0.007804509324975201,feasible,False,0.27261757452421537,0.00977468989458645,feasible,False,0.2744894748890907,0.009253990064293095,feasible,False,-0.0015478318981595567,0.002818801250000162,feasible,True,0.09586124599005502,0.005290180508251276,1,0.3861,,,0.0,0,0.0,,,0.0,1,1.18495,,,0.942433661279066,1,0.28643,,,2.58593995846978,4,0,0,True,True,0.0,0
2206,UBL,1,1,analyzed,saved,0.42739,0.42739,0.0,0.0,missing_class,False,gate_rejected,False,False,False,True,raw_fallback,,,,0.0,0.0,feasible,False,3.570248061692333e-05,3.6060641696415707e-06,feasible,False,3.570248061692333e-05,3.6060641696415707e-06,feasible,False,3.570248061692333e-05,3.6060641696415707e-06,feasible,False,3.570248061692333e-05,3.6060641696415707e-06,feasible,False,3.57024806172155e-05,3.606064169655015e-06,1,0.4274,,,1.0,0,0.0,,,1.0,0,0.0,,,1.0,0,0.0,,,1.0,0,0,4,False,False,0.0,0
2152,UBV,17,17,analyzed,saved,18.95621,18.95637,-0.0001600000000010482,0.0008440434534726226,negative_factor,False,feasible,False,True,True,True,improvement_l2,0.44666586352087273,0.3032002423780022,2/3,0.0,0.0,feasible,False,0.48247741310079256,0.38619677853526707,feasible,True,0.44666586352087273,0.3032002423780022,feasible,False,0.5051694858861104,0.4037548238986454,feasible,False,0.49503365671057664,0.3801674432676626,feasible,True,0.4438026781924361,0.29864408329309594,10,8.49572,,-2.6192775805567527,0.0,2,3.6519399999999997,,-8.215661575899778,4.263212787617691,1,4.25673,,0.421927069277796,0.795749016736196,4,2.55201,,27.200390701681258,0.0,4,0,0,True,True,0.0,0
2191,UFF,4,4,analyzed,saved,2.13373,2.1337599999999997,-2.9999999999752447e-05,0.0014059688062271506,singular,False,gate_rejected,False,False,False,True,raw_fallback,,,,-2.9999999999752447e-05,0.0014059688062271506,feasible,False,0.07174557981698186,0.0343979075745592,feasible,False,0.07174557981698186,0.0343979075745592,feasible,False,0.07174557981698186,0.0343979075745592,feasible,False,0.07174557981698186,0.0343979075745592,feasible,False,0.07174557981698186,0.0343979075745592,1,0.61466,,,1.0,1,0.41897,,,1.0,1,0.92582,,,1.0,1,0.17431,,,1.0,0,0,4,False,False,0.0,0
1909,UGH,3,3,analyzed,saved,2.9609,2.96089,1.0000000000065512e-05,0.00033773628875323003,missing_class,False,gate_rejected,False,False,False,True,raw_fallback,,,,1.0000000000065512e-05,0.00033773628875323003,feasible,False,0.3445637154779276,0.08128146090534985,feasible,False,0.3445637154779276,0.08128146090534985,feasible,False,0.3445637154779276,0.08128146090534985,feasible,False,0.3445637154779276,0.08128146090534985,feasible,False,0.3445637154779276,0.08128146090534977,1,0.84389,,,1.0,1,1.0377,,,1.0,0,0.0,,,1.0,1,1.07931,,,1.0,0,0,4,False,False,0.0,0
2029,UGL,3,3,analyzed,saved,0.61808,0.61807,9.99999999995449e-06,0.0016179397155588345,missing_class,False,gate_rejected,False,False,False,True,raw_fallback,,,,9.99999999995449e-06,0.0016179397155588345,feasible,False,0.02681644360037814,0.0010681302060499814,feasible,False,0.02681644360037814,0.0010681302060499814,feasible,False,0.02681644360037814,0.0010681302060499814,feasible,False,0.02681644360037814,0.0010681302060499814,feasible,False,0.02150657583942403,0.0008810737620286741,1,0.27686,,,1.0,1,0.0338,,,1.0,1,0.30743,,,1.0,0,0.0,,,1.0,0,0,4,False,False,0.0,0
541,UGW,1,1,analyzed,saved,0.36769999999999997,0.36771,-1.0000000000010001e-05,0.0027195344157107506,missing_class,False,gate_rejected,False,False,False,True,raw_fallback,,,,-1.0000000000010001e-05,0.0027195344157107506,feasible,False,0.001627824621666859,4.182759307192786e-06,feasible,False,0.001627824621666859,4.182759307192786e-06,feasible,False,0.001627824621666859,4.182759307192786e-06,feasible,False,0.001627824621666859,4.182759307192786e-06,feasible,False,0.0016278246216664706,4.1827593071815106e-06,1,0.36771,,,1.0,0,0.0,,,1.0,0,0.0,,,1.0,0,0.0,,,1.0,0,0,4,False,False,0.0,0
260,UJJ,5,5,analyzed,saved,26.250559999999997,26.250670000000003,-0.00011000000000649379,0.00041903692365373446,negative_factor,False,feasible,False,True,True,True,improvement_l2,0.7771356854058709,0.0443032400870072,1/2/3,0.0,0.0,feasible,False,0.24568043598340905,0.04273270505244471,feasible,True,0.7771356854058709,0.0443032400870072,feasible,False,0.25671463780067333,0.0427560013116651,feasible,True,0.7152908498896904,0.044036345850344216,feasible,True,0.5424921089908501,0.03358895595653408,1,6.43377,,0.31740599547349474,0.46163041024646745,1,3.07084,,9.806540508171267,6.498985955993625,2,16.22678,,0.37821463182909093,0.20480107003099463,1,0.51923,,-23.19395290164815,0.0,4,0,0,True,True,0.0,0
2196,ULM,1,1,analyzed,saved,1.73993,1.73996,-2.999999999997449e-05,0.0017241775672989317,missing_class,False,gate_rejected,False,False,False,True,raw_fallback,,,,-2.999999999997449e-05,0.0017241775672989317,feasible,False,1.327589033344075e-06,1.8702415759130897e-06,feasible,False,1.327589033344075e-06,1.8702415759130897e-06,feasible,False,1.327589033344075e-06,1.8702415759130897e-06,feasible,False,1.327589033344075e-06,1.8702415759130897e-06,feasible,False,1.327589033344075e-06,1.8702415759130897e-06,1,1.73995,,,1.0,0,0.0,,,1.0,0,0.0,,,1.0,0,0.0,,,1.0,0,0,4,False,False,0.0,0
295,ULS,3,3,analyzed,saved,1.6978900000000001,1.6979000000000002,-1.0000000000065512e-05,0.0005889628364488786,missing_class,False,feasible,False,True,True,True,target_l2,0.6756393767178887,0.031089808705050407,3/4,0.0,0.0,feasible,True,0.654289919086845,0.031836949093458716,feasible,True,0.646442787368206,0.03211156539245225,feasible,True,0.6756393767178887,0.031089808705050407,feasible,False,0.0902331270089557,0.04226028153918362,feasible,True,0.5758019998766202,0.03458369308375203,0,0.0,,,0.0,1,0.06096,,,0.0,1,1.21424,,,0.683914021076225,1,0.42272,,,2.0520403636309523,4,0,0,True,True,0.0,0
116,UMA,1,1,analyzed,saved,0.43695,0.43695,0.0,0.0,missing_class,False,gate_rejected,False,False,False,True,raw_fallback,,,,0.0,0.0,feasible,False,-0.0005671891553509835,2.803148076172858e-06,feasible,False,-0.0005671891553535114,2.803148076158113e-06,feasible,False,-0.0005671891553509835,2.803148076172858e-06,feasible,False,-0.0005671891553535114,2.803148076158113e-06,feasible,False,-0.0005671891553509835,2.803148076172858e-06,1,0.43696,,,1.0,0,0.0,,,1.0,0,0.0,,,1.0,0,0.0,,,1.0,0,0,4,False,False,0.0,0
301,UMH,1,1,analyzed,saved,0.38289999999999996,0.3829,-5.551115123125783e-17,1.449755843072808e-14,missing_class,False,gate_rejected,False,False,False,True,raw_fallback,,,,-5.551115123125783e-17,1.449755843072808e-14,feasible,False,0.00020725957600143205,6.701865057577236e-06,feasible,False,0.00020725957600140364,6.701865057576802e-06,feasible,False,0.00020725957600161663,6.701865057588945e-06,feasible,False,0.00020725957600140364,6.701865057576802e-06,feasible,False,0.00020725957600161663,6.701865057588945e-06,1,0.38291,,,1.0,0,0.0,,,1.0,0,0.0,,,1.0,0,0.0,,,1.0,0,0,4,False,False,0.0,0
1521,URB,3,2,analyzed,saved,2.71632,2.7163500000000003,-3.0000000000196536e-05,0.001104423214983214,missing_class,False,gate_rejected,False,False,False,True,raw_fallback,,,,-3.0000000000196536e-05,0.001104423214983214,feasible,False,0.07978280739505761,0.0026480947876341976,feasible,False,0.24895977720079585,0.008258723269476756,feasible,False,0.10667185277579103,0.0035398499954259477,feasible,False,-0.8339900778421292,-0.007014123485313703,feasible,False,0.00034304611686275245,1.3534139515158916e-05,0,0.0,,,1.0,0,0.0,,,1.0,1,0.7337,,,1.0,1,1.98263,,,1.0,0,0,4,False,False,0.0,0
68,URC,3,3,analyzed,saved,2.14629,2.1463099999999997,-1.9999999999686935e-05,0.0009318318416112741,missing_class,False,gate_rejected,False,False,False,True,raw_fallback,,,,-1.9999999999686935e-05,0.0009318318416112741,feasible,False,0.21008590925059167,0.0028876301873775453,feasible,False,0.23596657831258233,-0.003956059826224257,feasible,False,0.2501662626312984,-0.003923721203502289,feasible,False,-0.14953770454867196,0.01021439055118115,feasible,False,-0.00014589793209520874,-1.2665544899181144e-05,0,0.0,,,1.0,1,0.65106,,,1.0,1,0.55427,,,1.0,1,0.94099,,,1.0,0,0,4,False,False,0.0,0
2167,URI,1,1,analyzed,saved,1.99973,1.99974,-1.0000000000065512e-05,0.0005000650084543747,missing_class,False,gate_rejected,False,False,False,True,raw_fallback,,,,-1.0000000000065512e-05,0.0005000650084543747,feasible,False,-1.0919715464590135e-05,8.292497214248962e-08,feasible,False,-1.0919715464590135e-05,8.292497214248962e-08,feasible,False,-1.0919715464590135e-05,8.292497214248962e-08,feasible,False,-1.0919715464590135e-05,8.292497214248962e-08,feasible,False,-1.0919715464594225e-05,8.292497214248962e-08,1,1.99974,,,1.0,0,0.0,,,1.0,0,0.0,,,1.0,0,0.0,,,1.0,0,0,4,False,False,0.0,0
1002,USS,1,1,analyzed,saved,0.21969,0.21968,1.0000000000010001e-05,0.004552075746544975,missing_class,False,gate_rejected,False,False,False,True,raw_fallback,,,,1.0000000000010001e-05,0.004552075746544975,feasible,False,0.0007441796959095641,8.862763915557653e-06,feasible,False,0.0007441796959092623,8.862763915551582e-06,feasible,False,0.0007441796959095641,8.862763915557653e-06,feasible,False,0.0007441796959092623,8.862763915551582e-06,feasible,False,0.0007441796959092623,8.862763915551582e-06,1,0.2197,,,1.0,0,0.0,,,1.0,0,0.0,,,1.0,0,0.0,,,1.0,0,0,4,False,False,0.0,0
143,UTB,7,7,analyzed,saved,1.8710200000000001,1.8710499999999999,-2.9999999999752447e-05,0.001603377782515296,singular,False,gate_rejected,False,False,False,True,raw_fallback,,,,-2.9999999999752447e-05,0.001603377782515296,feasible,False,0.14075252060100854,0.020341016439853067,feasible,False,0.14075252060100854,0.020341016439853067,feasible,False,0.14075252060100854,0.020341016439853067,feasible,False,0.14075252060100854,0.020341016439853067,feasible,False,0.14075252060100854,0.020341016439853067,4,0.91401,,,1.0,1,0.35827,,,1.0,1,0.30349,,,1.0,1,0.2953,,,1.0,0,0,4,False,False,0.0,0
1557,UTR,9,5,analyzed,saved,4.69668,4.69679,-0.00011000000000027654,0.0023420250852236642,negative_factor,False,feasible,False,True,True,True,minimax_ratio,0.005383057116014311,0.0004676750360091825,1/3/4,-4.440892098500626e-15,9.455164268576253e-14,feasible,False,-3.871203885825522,-3.0044630692671603e-05,feasible,False,0.36920089259308814,0.04570099551831028,feasible,False,-2.651146572898781,0.01873698343734835,feasible,False,-1.4989336627354568,0.06579600957375273,feasible,True,0.005383057116014311,0.0004676750360091825,2,1.6780599999999999,,187.42273508096176,1.4471367598479663,1,0.14319,,-415.3758119648368,0.0,1,0.77513,,-309.2572063405893,0.2561934887949704,1,2.10036,,-5.054333733254241,0.9854462052077018,4,0,0,True,True,0.0,0
1554,VBG,1,1,analyzed,saved,0.040389999999999995,0.04043,-4.000000000000531e-05,0.09893643334159116,missing_class,False,gate_rejected,False,False,False,True,raw_fallback,,,,-4.000000000000531e-05,0.09893643334159116,feasible,False,-0.001603864785810642,-6.729228191092618e-06,feasible,False,-0.001603864785810642,-6.729228191092618e-06,feasible,False,-0.001603864785810642,-6.729228191092618e-06,feasible,False,-0.001603864785810642,-6.729228191092618e-06,feasible,False,-0.001603864785810642,-6.729228191092618e-06,1,0.04041,,,1.0,0,0.0,,,1.0,0,0.0,,,1.0,0,0.0,,,1.0,0,0,4,False,False,0.0,0
1966,VBK,15,15,analyzed,saved,3.5854500000000002,3.58553,-7.999999999963592e-05,0.0022311903679410276,negative_factor,False,feasible,False,True,True,True,minimax_ratio,0.05059124596281586,0.022054454543872726,2/3/4,4.440892098500626e-16,1.2385594594106385e-14,feasible,False,-0.2769447330833368,0.05437557977983884,feasible,False,0.484782224035988,0.04943107882827273,feasible,False,-0.2674534452963581,0.0553583134532675,feasible,False,-0.3028125435205281,0.04205696318706557,feasible,True,0.05059124596281586,0.022054454543872726,3,0.6630800000000001,,-18.782830304794643,0.0,2,0.7322,,-4.729375292101026,0.7093009955633768,8,1.78369,,4.360230722264973,1.1695932591602747,2,0.4066,,28.837499188904538,2.4098333278927804,4,0,0,True,True,0.0,0
1279,VDK,1,1,analyzed,saved,1.8742699999999999,1.87428,-1.0000000000065512e-05,0.0005335382120102393,missing_class,False,gate_rejected,False,False,False,True,raw_fallback,,,,-1.0000000000065512e-05,0.0005335382120102393,feasible,False,1.628198056543369e-05,1.6623358835843316e-06,feasible,False,1.6281980563667734e-05,1.6623358835218816e-06,feasible,False,1.6281980563667734e-05,1.6623358835218816e-06,feasible,False,1.6281980563783594e-05,1.6623358835288204e-06,feasible,False,1.6281980563783594e-05,1.6623358835288204e-06,1,1.87428,,,1.0,0,0.0,,,1.0,0,0.0,,,1.0,0,0.0,,,1.0,0,0,4,False,False,0.0,0
1177,VDM,2,2,analyzed,saved,1.25438,1.25441,-2.999999999997449e-05,0.0023915625672606636,missing_class,False,feasible,False,True,True,True,target_l2,0.3698574602608148,0.012173607778588754,3/4,2.220446049250313e-16,1.7701118846711307e-14,feasible,True,0.3556892096415234,0.01310598044158268,feasible,True,0.3287107333532473,0.01488135797098418,feasible,True,0.3698574602608148,0.012173607778588754,feasible,False,0.22564786229038886,0.021663635199891805,feasible,True,0.2821578441794246,0.017944872473611533,0,0.0,,,0.0,0,0.0,,,0.0,1,0.76583,,,0.524921989883321,1,0.48858,,,1.7446253130349647,4,0,0,True,True,0.0,0
1192,VDU,2,2,analyzed,saved,1.5739999999999998,1.57402,-2.0000000000131024e-05,0.0012706318852448524,missing_class,False,gate_rejected,False,False,False,True,raw_fallback,,,,-2.0000000000131024e-05,0.0012706318852448524,feasible,False,-0.1413621731490009,0.0034436968484241742,feasible,False,0.04757175370510638,-0.0011482208251436601,feasible,False,-0.1413621731490009,0.0034436968484241742,feasible,False,-0.1413621731490009,0.0034436968484241742,feasible,False,3.1911235426121394e-05,7.204494543458506e-06,0,0.0,,,1.0,1,1.1786,,,1.0,0,0.0,,,1.0,1,0.39542,,,1.0,0,0,4,False,False,0.0,0
400,VDZ,2,2,analyzed,saved,0.77417,0.7742,-2.999999999997449e-05,0.003874967708599134,missing_class,False,feasible,False,True,True,True,absolute_l2,0.4028050244804455,0.03262981771518821,4,0.0,0.0,feasible,True,0.402805024480445,0.03262981771518819,feasible,True,0.4028050244804455,0.03262981771518821,feasible,True,0.402805024480446,0.03262981771518824,feasible,True,0.4028050244804455,0.03262981771518821,feasible,True,0.4028050244804455,0.03262981771518821,0,0.0,,,0.0,0,0.0,,,0.0,1,0.13073,,,0.0,1,0.64346,,,1.203166111263386,4,0,0,True,True,0.0,0
2220,VEL,2,2,analyzed,saved,2.02944,2.02944,0.0,0.0,missing_class,False,gate_rejected,False,False,False,True,raw_fallback,,,,0.0,0.0,feasible,False,0.03897870911840375,-0.022851541007311883,feasible,False,0.0189439607210426,-0.011092210510299098,feasible,False,0.055302289082949194,-0.03243261324692065,feasible,False,-0.09036514626923729,0.053066414790996747,feasible,False,3.141057864351759e-05,8.449365972926226e-06,1,1.25939,,,1.0,0,0.0,,,1.0,1,0.77007,,,1.0,0,0.0,,,1.0,0,0,4,False,False,0.0,0
1522,VEN,14,6,analyzed,saved,15.26012,15.260180000000002,-6.000000000128125e-05,0.00039318015908908834,missing_class,False,feasible,False,True,True,True,improvement_l2,0.03611368616770822,0.06127637024706037,3/4,0.0,0.0,feasible,False,0.004741937660575506,0.4004552446100472,feasible,True,0.03611368616770822,0.06127637024706037,feasible,False,0.030399117377204597,0.3907023392066458,feasible,False,0.03195984997931733,0.30073127251966464,feasible,True,0.03605797124112066,0.06448815128417473,1,1.55016,,,0.0,0,0.0,,,0.0,2,11.97815,,,0.96683005434689,3,1.7318600000000002,,,2.124461450900926,4,0,0,True,True,0.0,0
1523,VER,20,12,analyzed,saved,23.80109,23.801340000000003,-0.0002500000000047464,0.0010503610301132054,negative_factor,False,feasible,False,True,True,True,minimax_ratio,0.043232905965981984,0.09186840023845977,1/2/3/4,3.552713678800501e-15,1.4926527997165288e-14,feasible,False,0.23326640868448228,0.4991574163594438,feasible,False,0.31009356000002786,0.4137682511933982,feasible,False,0.31283152574416595,0.6134167103990359,feasible,False,0.31503219911752167,0.5517361015319826,feasible,True,0.043232905965981984,0.09186840023845977,3,2.8597799999999998,,-22.170007401930174,0.0,2,0.91597,,0.6712852741432285,0.9880933409670405,2,16.95599,,0.7318777076994314,0.9883572063362966,5,3.06948,,24.166253081955166,1.9995622491972966,4,0,0,True,True,0.0,0
1264,VIJ,36,35,analyzed,saved,72.07459999999999,72.07526,-0.000660000000010541,0.0009157094958943485,feasible,True,feasible,True,True,True,True,balanced_l2,0.999999999999929,0.49518499999998267,1/2/3/4,1.4210854715202004e-14,1.9716688798905484e-14,feasible,True,0.999999999999929,0.49518499999998267,feasible,True,0.9999999999989118,0.49518499999929055,feasible,True,0.9999999999999409,0.4951849999999869,feasible,True,0.9999999999995841,0.4951849999998652,feasible,True,0.9999999999999876,0.4951849999999969,21,31.836080000000003,,0.4209005362131862,0.4209005362132126,5,10.17432,,3.6598678317129867,3.659867831712892,3,14.32599,,0.8769902284695827,0.8769902284695824,6,15.73868,,0.563884091459738,0.5638840914597465,4,0,0,True,True,0.0,0
1276,VLD,2,2,analyzed,saved,9.33909,9.3391,-9.999999999621423e-06,0.00010707669903546833,missing_class,False,gate_rejected,False,False,False,True,raw_fallback,,,,-9.999999999621423e-06,0.00010707669903546833,feasible,False,-0.7497989055547609,-0.02358800265267555,feasible,False,0.2932102128175049,0.019045839843329644,feasible,False,-0.871418065476689,-0.03225820183416403,feasible,False,0.11493140228988646,0.017576825315889007,feasible,False,-1.2628356832558064e-05,-5.653606508990161e-08,0,0.0,,,1.0,0,0.0,,,1.0,1,7.66392,,,1.0,1,1.67518,,,1.0,0,0,4,False,False,0.0,0
1182,VLN,6,6,analyzed,saved,1.5333600000000003,1.53344,-7.999999999963592e-05,0.005217028380610648,negative_factor,False,feasible,False,True,True,True,improvement_l2,0.321966492687949,0.024718069182940772,2/3,-2.220446049250313e-16,1.448016257075799e-14,feasible,True,0.26958467153047544,0.02310157062932049,feasible,True,0.321966492687949,0.024718069182940772,feasible,True,0.31903023463545477,0.024677548325788806,feasible,False,-0.6023017618903492,0.005362986146241609,feasible,True,0.136811281287587,0.02085755800959356,2,0.91293,,-11.19633198711812,0.0,1,0.15674,,22.218057736994382,8.178721993180366,1,0.22644,,3.3227018611655903,1.1103903558271753,2,0.23731,,31.68611049870863,0.0,4,0,0,True,True,0.0,0
2028,VLR,8,8,analyzed,saved,3.81033,3.81037,-3.999999999981796e-05,0.001049766820540209,missing_class,False,feasible,False,True,True,True,improvement_l2,0.7073997376561768,0.0954299009558607,1/3/4,0.0,0.0,feasible,False,-1.1805343750023267,0.08963442301785238,feasible,True,0.7073997376561768,0.0954299009558607,feasible,False,-0.973523900522586,0.09366182912556384,feasible,False,0.09509751702043412,0.0963867288920847,feasible,True,0.3794169080131714,0.061649521863864895,1,0.35417,,,3.5659862239466444,0,0.0,,,0.0,1,0.88411,,,1.751219467310643,6,2.57212,,,0.3884212106880734,4,0,0,True,True,0.0,0
1525,VLT,1,1,analyzed,saved,0.32805999999999996,0.3281,-4.0000000000040004e-05,0.012191405059445291,missing_class,False,gate_rejected,False,False,False,True,raw_fallback,,,,-4.0000000000040004e-05,0.012191405059445291,feasible,False,-0.00011765089203794227,-8.81705626185579e-06,feasible,False,-0.00011765089203779904,-8.817056261840178e-06,feasible,False,-0.00011765089203794227,-8.81705626185579e-06,feasible,False,-0.00011765089203794227,-8.81705626185579e-06,feasible,False,-0.00011765089203794227,-8.81705626185579e-06,1,0.32808,,,1.0,0,0.0,,,1.0,0,0.0,,,1.0,0,0.0,,,1.0,0,0,4,False,False,0.0,0
1533,VNA,1,1,analyzed,saved,0.43361000000000005,0.4336,1.0000000000065512e-05,0.0023062730627457363,missing_class,False,gate_rejected,False,False,False,True,raw_fallback,,,,1.0000000000065512e-05,0.0023062730627457363,feasible,False,5.3386618703598716e-05,3.6348495290770486e-06,feasible,False,5.3386618703540176e-05,3.6348495290675076e-06,feasible,False,5.3386618703540176e-05,3.6348495290675076e-06,feasible,False,5.3386618703540176e-05,3.6348495290675076e-06,feasible,False,5.3386618703540176e-05,3.6348495290675076e-06,1,0.43361,,,1.0,0,0.0,,,1.0,0,0.0,,,1.0,0,0.0,,,1.0,0,0,4,False,False,0.0,0
1272,VND,4,4,analyzed,saved,9.892159999999999,9.892249999999999,-9.000000000014552e-05,0.0009098031287133415,missing_class,False,feasible,False,True,True,True,improvement_l2,0.46299315505718036,0.022400572904945737,2/3/4,0.0,0.0,feasible,True,0.3089689904641194,0.022679411004601885,feasible,True,0.46299315505718036,0.022400572904945737,feasible,True,0.36616976465711687,0.02441202592735886,feasible,True,0.35796791346373363,0.024155513228996145,feasible,True,0.09382539585085603,0.012065820557795648,0,0.0,,,0.0,1,0.64097,,,0.44278535320590473,1,1.25687,,,0.9546110119508895,2,7.99439,,,1.0518128888854368,4,0,0,True,True,0.0,0
1202,VNT,2,2,analyzed,saved,2.4933,2.49332,-2.0000000000131024e-05,0.0008021433269749178,missing_class,False,gate_rejected,False,False,False,True,raw_fallback,,,,-2.0000000000131024e-05,0.0008021433269749178,feasible,False,0.0260327630783973,-0.03250039227287041,feasible,False,0.012791057966597965,-0.016015399295436116,feasible,False,0.0260327630783973,-0.03250039227287041,feasible,False,-0.04920657022225522,0.0611672940723634,feasible,False,-5.787505985887789e-05,-1.9379982188904785e-05,1,1.62814,,,1.0,0,0.0,,,1.0,1,0.86518,,,1.0,0,0.0,,,1.0,0,0,4,False,False,0.0,0
543,VOH,1,0,no_valid_locations,saved,,,,,,,,,,,,,,,,,,,,,,,,,,,,,,,,,,,,,,,,,,,,,,,,,,,,,,,,,,,,,,,,
1959,VOL,37,37,analyzed,saved,17.29757,17.29789,-0.00031999999999854367,0.0018499366107574025,negative_factor,False,feasible,False,True,True,True,improvement_l2,0.722080964536698,0.7770175294880474,1/2/3,0.0,0.0,feasible,True,0.6922135753600037,0.8074849788668759,feasible,True,0.722080964536698,0.7770175294880474,feasible,True,0.6922824351477219,0.8074353297813,feasible,True,0.6417483531978956,0.8438712678277704,feasible,True,0.656231974218776,0.8301667296681591,3,0.93341,,26.420843433354698,15.600119003026691,4,2.8461100000000004,,3.1732624664351077,0.5436884970538004,17,9.17815,,0.050277495118855715,0.129517149132916,13,4.3402400000000005,,-3.883853003143354,0.0,4,0,0,True,True,0.0,0
1877,VRD,2,2,analyzed,saved,2.0303,2.0303199999999997,-1.9999999999686935e-05,0.0009850663934595008,missing_class,False,gate_rejected,False,False,False,True,raw_fallback,,,,-1.9999999999686935e-05,0.0009850663934595008,feasible,False,0.2280070851237758,-0.0008149923832199996,feasible,False,0.2148609689473919,-0.0007677894472370959,feasible,False,0.23121690964982455,-0.0008265176991069361,feasible,False,-0.01970955245144929,7.446823225658317e-05,feasible,False,1.555941580070345e-05,3.6425085041362493e-06,0,0.0,,,1.0,0,0.0,,,1.0,1,1.93384,,,1.0,1,0.09648,,,1.0,0,0,4,False,False,0.0,0
2111,VTN,32,25,analyzed,saved,13.044060000000002,13.04411,-4.9999999998107114e-05,0.00038331476810688587,negative_factor,False,feasible,False,True,True,True,improvement_l2,0.5654063385920355,0.15216341279955028,2/3/4,0.0,0.0,feasible,True,0.3761892211080458,0.09982142304853803,feasible,True,0.5654063385920355,0.15216341279955028,feasible,True,0.3846786926568837,0.10106405792599607,feasible,False,-0.02151715691851852,0.11860166180092019,feasible,True,0.23299923833681552,0.09265914709325504,12,6.931020000000001,,-4.99193500563318,0.0,2,0.93019,,-9.308388547834518,7.5695246225560595,8,4.05038,,0.7075283330492638,0.7203224698034956,3,1.1327,,47.17530485056746,2.723726876912024,4,0,0,True,True,0.0,0
2214,VUD,4,4,analyzed,saved,2.34313,2.34319,-5.999999999994898e-05,0.0025606118155142767,missing_class,False,feasible,False,True,True,True,balanced_l2,0.2937776006021693,0.017697431518220542,3/4,4.440892098500626e-16,1.8952334631423943e-14,feasible,True,0.2937776006021693,0.017697431518220542,feasible,True,0.289855575925223,0.017684437829876172,feasible,True,0.29366456438561817,0.01769849754117294,feasible,False,-1.3174718207913516,0.011751482297906707,feasible,True,0.20640596844235035,0.015692937285468476,2,1.1272,,,0.0,0,0.0,,,0.0,1,0.57545,,,0.4468734861548962,1,0.64052,,,3.2567409960721587,4,0,0,True,True,0.0,0
1530,VUN,3,3,analyzed,saved,1.64509,1.6451,-1.0000000000065512e-05,0.0006078657832390439,missing_class,False,gate_rejected,False,False,False,True,raw_fallback,,,,-1.0000000000065512e-05,0.0006078657832390439,feasible,False,0.49214882602336524,0.017404263675627297,feasible,False,0.44535489639294723,0.014773414870627742,feasible,False,0.4940632166732616,0.017459365273257997,feasible,False,0.39645644581378175,0.01655096154839783,feasible,False,0.0005457547997303172,1.7682173784543814e-05,0,0.0,,,1.0,1,0.51385,,,1.0,1,0.29007,,,1.0,1,0.8412,,,1.0,0,0,4,False,False,0.0,0
2042,VYA,10,10,analyzed,saved,3.57939,3.57944,-4.999999999988347e-05,0.0013968665489541233,negative_factor,False,feasible,False,True,True,True,minimax_ratio,0.22345044324211472,0.050859025122037715,1/2,-4.440892098500626e-16,1.2406667239849324e-14,feasible,False,0.5680576981718561,0.15806265368106664,feasible,False,0.565530459700353,0.15145856392813656,feasible,False,0.5377946336714683,0.16299991857493584,feasible,False,0.49747307511056693,0.16203667618434647,feasible,True,0.22345044324211472,0.050859025122037715,1,0.09113,,93.92327347884972,5.055435757815502,1,0.66866,,27.569022599666162,4.664024400251375,3,1.61205,,-1.06567864939577,0.0,5,1.20763,,-17.966087064317072,0.0,4,0,0,True,True,0.0,0
2063,VYT,20,16,analyzed,saved,6.05203,6.05204,-9.999999999621423e-06,0.00016523354108071697,singular,False,gate_rejected,False,False,False,True,raw_fallback,,,,-9.999999999621423e-06,0.00016523354108071697,feasible,False,0.30353683788312574,0.09789359812012827,feasible,False,0.3287797696437309,0.10484395766147642,feasible,False,0.16088770524628504,0.07286894988909026,feasible,False,0.35004177031153044,0.11069821225484411,feasible,False,0.30353683788312574,0.09789359812012827,1,1.07707,,,1.0,1,0.27531,,,1.0,1,0.20406,,,1.0,13,4.495679999999999,,,1.0,0,0,4,False,False,0.0,0
382,WAL,44,44,analyzed,saved,22.45938,22.45984,-0.000460000000000349,0.0020481000755141134,negative_factor,False,feasible,False,True,True,True,target_l2,0.8979785635347438,0.5739476402254445,2/3,-3.552713678800501e-15,1.5818072073534366e-14,feasible,True,0.8967898496145823,0.5730314980456226,feasible,True,0.8921259615912319,0.5694370381274818,feasible,True,0.8979785635347438,0.5739476402254445,feasible,True,0.8891209116219785,0.571730342074853,feasible,True,0.8486334116841063,0.5359173166855851,3,0.38215,,-8.274950605253135,0.0,1,0.03771,,713.5775487014937,590.6097747064629,3,2.15082,,-0.07377345430354282,0.0848740741112793,37,19.889109999999995,,-0.05704093762928605,0.0,4,0,0,True,True,0.0,0
1233,WAR,6,6,analyzed,saved,3.20194,3.2020099999999996,-6.99999999995704e-05,0.0021861268390657874,singular,False,gate_rejected,False,False,False,True,raw_fallback,,,,-6.99999999995704e-05,0.0021861268390657874,feasible,False,0.4476719117217003,0.01056845669376176,feasible,False,0.49878179031244274,0.011132088463303907,feasible,False,0.36757428298195993,0.009613616596776411,feasible,False,0.5146226214323245,0.011357067658621198,feasible,False,0.42260812717941487,0.01005023301605211,1,0.915,,,1.0,1,0.09273,,,1.0,1,0.75309,,,1.0,3,1.44116,,,1.0,0,0,4,False,False,0.0,0
2188,WBG,7,7,analyzed,saved,4.96956,4.96966,-9.999999999976694e-05,0.002012210090826474,missing_class,False,feasible,False,True,True,True,minimax_ratio,0.08510279166651286,0.012287158921388472,1/3/4,-8.881784197001252e-16,1.7872015785790684e-14,feasible,False,-0.008013897090051514,-0.009335474468317922,feasible,False,0.2510629620976262,0.02065940094621825,feasible,False,0.1098831611526206,0.004044884540753954,feasible,False,-0.4368113599921758,-0.014041999349053105,feasible,True,0.08510279166651286,0.012287158921388472,3,1.81399,,,0.0,0,0.0,,,0.0,1,1.69238,,,0.9149355008416129,3,1.46326,,,2.338051105187991,4,0,0,True,True,0.0,0
2203,WDB,1,1,analyzed,saved,0.9478400000000001,0.94785,-9.999999999843467e-06,0.0010550192540848729,missing_class,False,gate_rejected,False,False,False,True,raw_fallback,,,,-9.999999999843467e-06,0.0010550192540848729,feasible,False,-0.00011507010850509374,3.272170412184708e-06,feasible,False,-0.0001150701085052278,3.2721704121838405e-06,feasible,False,-0.00011507010850509374,3.272170412184708e-06,feasible,False,-0.00011507010850509374,3.272170412184708e-06,feasible,False,-0.00011507010850483528,3.272170412206392e-06,1,0.94786,,,1.0,0,0.0,,,1.0,0,0.0,,,1.0,0,0.0,,,1.0,0,0,4,False,False,0.0,0
1888,WDE,1,1,analyzed,saved,4.05786,4.05789,-3.0000000000640625e-05,0.0007393004739073908,missing_class,False,gate_rejected,False,False,False,True,raw_fallback,,,,-3.0000000000640625e-05,0.0007393004739073908,feasible,False,-0.0006288335847175668,-4.916041884508657e-06,feasible,False,-0.0006288335847175668,-4.916041884508657e-06,feasible,False,-0.0006288335847094083,-4.9160418844097775e-06,feasible,False,-0.0006288335847175668,-4.916041884508657e-06,feasible,False,-0.0006288335847094083,-4.9160418844097775e-06,1,4.05789,,,1.0,0,0.0,,,1.0,0,0.0,,,1.0,0,0.0,,,1.0,0,0,4,False,False,0.0,0
804,WDG,3,3,analyzed,saved,1.7638,1.7637900000000002,9.999999999843467e-06,0.0005669609193749521,missing_class,False,gate_rejected,False,False,False,True,raw_fallback,,,,9.999999999843467e-06,0.0005669609193749521,feasible,False,0.006954900260385238,0.0068477406417111475,feasible,False,0.006954900260385238,0.0068477406417111475,feasible,False,0.006954900260385238,0.0068477406417111475,feasible,False,0.006954900260385238,0.0068477406417111475,feasible,False,0.006954900260385238,0.0068477406417111475,0,0.0,,,1.0,2,0.54167,,,1.0,0,0.0,,,1.0,1,1.22213,,,1.0,0,0,4,False,False,0.0,0
2186,WEI,1,1,analyzed,saved,0.48245,0.48245000000000005,-5.551115123125783e-17,1.1506094150949906e-14,missing_class,False,gate_rejected,False,False,False,True,raw_fallback,,,,-5.551115123125783e-17,1.1506094150949906e-14,feasible,False,-0.00031554772569059286,-1.8438585785694218e-06,feasible,False,-0.000315547725690698,-1.8438585785728913e-06,feasible,False,-0.0003155477256905445,-1.8438585785620493e-06,feasible,False,-0.000315547725690698,-1.8438585785728913e-06,feasible,False,-0.00031554772569059286,-1.8438585785694218e-06,1,0.48246,,,1.0,0,0.0,,,1.0,0,0.0,,,1.0,0,0.0,,,1.0,0,0,4,False,False,0.0,0
1003,WEJ,1,0,no_valid_locations,saved,,,,,,,,,,,,,,,,,,,,,,,,,,,,,,,,,,,,,,,,,,,,,,,,,,,,,,,,,,,,,,,,
1004,WEK,1,0,no_valid_locations,saved,,,,,,,,,,,,,,,,,,,,,,,,,,,,,,,,,,,,,,,,,,,,,,,,,,,,,,,,,,,,,,,,
2159,WER,2,2,analyzed,saved,3.92375,3.9237599999999997,-9.999999999621423e-06,0.00025485758557152897,missing_class,False,gate_rejected,False,False,False,True,raw_fallback,,,,-9.999999999621423e-06,0.00025485758557152897,feasible,False,0.2539231498292653,-0.0028010122337627603,feasible,False,0.3433836420018418,-0.0011094199809573006,feasible,False,0.25101014128715743,-0.0028560937849873612,feasible,False,-2.2272638289104947,0.007047915167932537,feasible,False,6.67634035462741e-05,-4.7507055354824475e-06,0,0.0,,,1.0,0,0.0,,,1.0,1,0.53935,,,1.0,1,3.38442,,,1.0,0,0,4,False,False,0.0,0
1885,WGO,1,1,analyzed,saved,0.63456,0.63458,-2.0000000000020002e-05,0.00315169088216143,missing_class,False,gate_rejected,False,False,False,True,raw_fallback,,,,-2.0000000000020002e-05,0.00315169088216143,feasible,False,4.836541545281158e-05,8.076119749015481e-07,feasible,False,4.836541545396891e-05,8.076119749258343e-07,feasible,False,4.836541545281158e-05,8.076119749015481e-07,feasible,False,4.836541545396891e-05,8.076119749258343e-07,feasible,False,4.836541545281158e-05,8.076119749015481e-07,1,0.63458,,,1.0,0,0.0,,,1.0,0,0.0,,,1.0,0,0.0,,,1.0,0,0,4,False,False,0.0,0
1419,WHL,4,4,analyzed,saved,0.66896,0.6689600000000001,-1.1102230246251565e-16,1.6596254254741036e-14,missing_class,False,feasible,False,True,True,True,target_l2,0.7166048052906808,0.02285706666122513,1/3,-1.1102230246251565e-16,1.6596254254741036e-14,feasible,True,0.7070096364841878,0.022990561545840123,feasible,True,0.6755875924743431,0.023427727605558054,feasible,True,0.7166048052906808,0.02285706666122513,feasible,True,0.573798869232875,0.024843885480241447,feasible,True,0.5532019281055327,0.025130444928508397,1,0.09202,,,5.0535380473368665,2,0.05927,,,0.0,1,0.51769,,,0.393826324528004,0,0.0,,,0.0,4,0,0,True,True,0.0,0
1896,WIE,1,1,analyzed,saved,3.0292399999999997,3.0292499999999998,-1.0000000000065512e-05,0.0003301147148655777,missing_class,False,gate_rejected,False,False,False,True,raw_fallback,,,,-1.0000000000065512e-05,0.0003301147148655777,feasible,False,1.0796194228676594e-05,2.6541232985982655e-06,feasible,False,1.079619422849241e-05,2.654123298494182e-06,feasible,False,1.079619422849241e-05,2.654123298494182e-06,feasible,False,1.079619422849241e-05,2.654123298494182e-06,feasible,False,1.0796194228676594e-05,2.6541232985982655e-06,1,3.02925,,,1.0,0,0.0,,,1.0,0,0.0,,,1.0,0,0.0,,,1.0,0,0,4,False,False,0.0,0
2210,WLD,1,1,analyzed,saved,0.53447,0.53447,0.0,0.0,missing_class,False,gate_rejected,False,False,False,True,raw_fallback,,,,0.0,0.0,feasible,False,2.6800782036517108e-05,1.2749225514301077e-06,feasible,False,2.6800782036660562e-05,1.2749225514353119e-06,feasible,False,2.6800782036660562e-05,1.2749225514353119e-06,feasible,False,2.6800782036660562e-05,1.2749225514353119e-06,feasible,False,2.6800782036517108e-05,1.2749225514301077e-06,1,0.53447,,,1.0,0,0.0,,,1.0,0,0.0,,,1.0,0,0.0,,,1.0,0,0,4,False,False,0.0,0
313,WLS,8,8,analyzed,saved,9.44407,9.44414,-7.000000000090267e-05,0.0007412003634095076,negative_factor,False,feasible,False,True,True,True,balanced_l2,0.89617044008861,0.2892693424077761,1/3/4,1.7763568394002505e-15,1.8809090498449308e-14,feasible,True,0.89617044008861,0.2892693424077761,feasible,True,0.8940365449736059,0.28120030449710054,feasible,True,0.8691903665133396,0.2901859797519217,feasible,False,0.5968095505499601,0.2938475665144996,feasible,True,0.8678688839128039,0.2824533269394103,2,1.50783,,0.9845968921543632,1.2915368938942708,3,2.84947,,-0.16583741917800007,0.0,2,1.4659499999999999,,1.1447780526530253,1.047733454720565,1,3.62089,,1.865244413356724,1.6462081706239629,4,0,0,True,True,0.0,0
1824,WMA,1,1,analyzed,saved,0.6531900000000002,0.6532,-9.999999999843467e-06,0.0015309246784818535,missing_class,False,gate_rejected,False,False,False,True,raw_fallback,,,,-9.999999999843467e-06,0.0015309246784818535,feasible,False,0.0007237531059418023,4.446556168212143e-06,feasible,False,0.0007237531059416864,4.446556168211926e-06,feasible,False,0.000723753105941675,4.446556168239465e-06,feasible,False,0.0007237531059416864,4.446556168211926e-06,feasible,False,0.0007237531059416864,4.446556168211926e-06,1,0.65321,,,1.0,0,0.0,,,1.0,0,0.0,,,1.0,0,0.0,,,1.0,0,0,4,False,False,0.0,0
916,WMO,1,1,analyzed,saved,0.2719,0.27188999999999997,1.0000000000010001e-05,0.003677957997723345,missing_class,False,gate_rejected,False,False,False,True,raw_fallback,,,,1.0000000000010001e-05,0.003677957997723345,feasible,False,0.00021640365452603243,7.482991544369025e-06,feasible,False,0.00021640365452603243,7.482991544369025e-06,feasible,False,0.0002164036545260202,7.482991544375747e-06,feasible,False,0.00021640365452603243,7.482991544369025e-06,feasible,False,0.0002164036545260202,7.482991544375747e-06,1,0.27191,,,1.0,0,0.0,,,1.0,0,0.0,,,1.0,0,0.0,,,1.0,0,0,4,False,False,0.0,0
596,WNA,1,0,no_valid_locations,saved,,,,,,,,,,,,,,,,,,,,,,,,,,,,,,,,,,,,,,,,,,,,,,,,,,,,,,,,,,,,,,,,
807,WNG,4,4,analyzed,saved,1.7860300000000002,1.78603,2.220446049250313e-16,1.2432299845189124e-14,missing_class,False,gate_rejected,False,False,False,True,raw_fallback,,,,2.220446049250313e-16,1.2432299845189124e-14,feasible,False,-0.254785969257057,0.00662727046005529,feasible,False,0.09011898358756971,0.0016677489270580798,feasible,False,-0.30863522570564106,0.007401589717259294,feasible,False,-0.1317178595506646,0.0048576265767763666,feasible,False,0.011676957314654205,0.0027956971202744846,1,0.2108,,,1.0,2,0.51327,,,1.0,0,0.0,,,1.0,1,1.06197,,,1.0,0,0,4,False,False,0.0,0
2123,WNT,2,2,analyzed,saved,3.98006,3.9800800000000005,-2.0000000000575113e-05,0.0005025024622765149,missing_class,False,gate_rejected,False,False,False,True,raw_fallback,,,,-2.0000000000575113e-05,0.0005025024622765149,feasible,False,0.17203230751346427,0.040388662221945114,feasible,False,0.17203230751346427,0.040388662221945114,feasible,False,0.17203230751346427,0.040388662221945114,feasible,False,0.17203230751346427,0.040388662221945114,feasible,False,0.17203230751346427,0.040388662221945114,1,3.93466,,,1.0,0,0.0,,,1.0,0,0.0,,,1.0,1,0.04541,,,1.0,0,0,4,False,False,0.0,0
1811,WOL,15,13,analyzed,saved,17.871170000000003,17.871380000000002,-0.0002099999999991553,0.0011750631456505054,negative_factor,False,feasible,False,True,True,True,improvement_l2,0.719053062225008,0.7755233243074839,2/3/4,0.0,0.0,feasible,False,0.43658535901160755,0.5754865578157673,feasible,True,0.719053062225008,0.7755233243074839,feasible,False,0.5109539467830405,0.6538822561501938,feasible,True,0.5809005382495442,0.8047787084777935,feasible,True,0.5895244822334923,0.8188070792738538,3,0.84516,,-13.0705173421778,0.0,1,0.01496,,-49.86912290481641,7.697265126405298,2,12.8627,,0.6170454409328319,0.7394338122211939,7,4.1485,,5.237440794203012,1.9874488960086607,4,0,0,True,True,0.0,0
1990,WRC,2,2,analyzed,saved,0.26344999999999996,0.26349999999999996,-4.999999999999449e-05,0.01897533206830911,missing_class,False,gate_rejected,False,False,False,True,raw_fallback,,,,-4.999999999999449e-05,0.01897533206830911,feasible,False,0.19431684668475205,0.007589610264582979,feasible,False,0.20356848298923463,0.007951047635425621,feasible,False,-0.15697915867843495,-0.006134611093370285,feasible,False,-0.04340909854990499,-0.001697724191600393,feasible,False,-2.5942741161226806e-05,-2.857115300394439e-06,0,0.0,,,1.0,0,0.0,,,1.0,1,0.13858,,,1.0,1,0.12488,,,1.0,0,0,4,False,False,0.0,0
1292,WRG,3,3,analyzed,saved,3.91611,3.9161699999999997,-5.9999999999504894e-05,0.001532109178087389,missing_class,False,gate_rejected,False,False,False,True,raw_fallback,,,,-5.9999999999504894e-05,0.001532109178087389,feasible,False,0.21482228261907607,-0.0009825490114311677,feasible,False,0.22180582252939482,-0.0010844688384674891,feasible,False,0.2244172434414026,-0.0011225806801821604,feasible,False,-3.5472631289101253,0.05392242745652632,feasible,False,3.982449667879158e-05,2.427729945967544e-06,1,2.83887,,,1.0,1,0.12834,,,1.0,0,0.0,,,1.0,1,0.94893,,,1.0,0,0,4,False,False,0.0,0
1842,WRM,1,1,analyzed,saved,0.0507,0.05073,-2.9999999999995308e-05,0.05913660555883168,missing_class,False,gate_rejected,False,False,False,True,raw_fallback,,,,-2.9999999999995308e-05,0.05913660555883168,feasible,False,-0.0009160846624831316,-7.2525275992987946e-06,feasible,False,-0.0009160846624831316,-7.2525275992987946e-06,feasible,False,-0.0009160846624832806,-7.252527599301071e-06,feasible,False,-0.0009160846624831316,-7.2525275992987946e-06,feasible,False,-0.0009160846624831316,-7.2525275992987946e-06,1,0.05072,,,1.0,0,0.0,,,1.0,0,0.0,,,1.0,0,0.0,,,1.0,0,0,4,False,False,0.0,0
1806,WRN,2,2,analyzed,saved,0.66561,0.6656299999999999,-1.999999999990898e-05,0.0030046722653589803,missing_class,False,gate_rejected,False,False,False,True,raw_fallback,,,,-1.999999999990898e-05,0.0030046722653589803,feasible,False,-0.06863760378193492,0.0012957912323918286,feasible,False,0.18210506384236594,-0.0034671853388658427,feasible,False,-0.5698272450601696,0.010816127526899248,feasible,False,-0.569827245060169,0.01081612752689927,feasible,False,-2.9032489119691556e-05,-7.461304367409154e-06,1,0.50376,,,1.0,0,0.0,,,1.0,1,0.16188,,,1.0,0,0.0,,,1.0,0,0,4,False,False,0.0,0
812,WSA,3,3,analyzed,saved,0.89459,0.89459,0.0,0.0,missing_class,False,gate_rejected,False,False,False,True,raw_fallback,,,,0.0,0.0,feasible,False,0.01592270821229259,0.005785818181818211,feasible,False,0.01592270821229259,0.005785818181818211,feasible,False,0.015922708212292472,0.005785818181818156,feasible,False,0.01592270821229259,0.005785818181818211,feasible,False,0.01592270821229259,0.005785818181818211,1,0.48189,,,1.0,1,0.19837,,,1.0,0,0.0,,,1.0,1,0.21434,,,1.0,0,0,4,False,False,0.0,0
1856,WTG,1,1,analyzed,saved,0.5010899999999999,0.5011,-1.0000000000065512e-05,0.001995609658763822,missing_class,False,gate_rejected,False,False,False,True,raw_fallback,,,,-1.0000000000065512e-05,0.001995609658763822,feasible,False,0.0001722830023927548,3.199369462539292e-06,feasible,False,0.0001722830023924763,3.1993694625167407e-06,feasible,False,0.0001722830023924763,3.1993694625167407e-06,feasible,False,0.0001722830023924763,3.1993694625167407e-06,feasible,False,0.0001722830023924763,3.1993694625167407e-06,1,0.5011,,,1.0,0,0.0,,,1.0,0,0.0,,,1.0,0,0.0,,,1.0,0,0,4,False,False,0.0,0
1837,WTZ,1,0,no_valid_locations,saved,,,,,,,,,,,,,,,,,,,,,,,,,,,,,,,,,,,,,,,,,,,,,,,,,,,,,,,,,,,,,,,,
1407,WUN,1,1,analyzed,saved,0.25624,0.25626,-1.999999999996449e-05,0.007804573480045459,missing_class,False,gate_rejected,False,False,False,True,raw_fallback,,,,-1.999999999996449e-05,0.007804573480045459,feasible,False,0.00021077329530209317,1.2107623318354313e-06,feasible,False,0.00021077329530209317,1.2107623318354313e-06,feasible,False,0.00021077329530209317,1.2107623318354313e-06,feasible,False,0.00021077329530209317,1.2107623318354313e-06,feasible,False,0.00021077329530209317,1.2107623318354313e-06,1,0.25625,,,1.0,0,0.0,,,1.0,0,0.0,,,1.0,0,0.0,,,1.0,0,0,4,False,False,0.0,0
2198,WUR,10,10,analyzed,saved,7.3032,7.30326,-5.9999999999504894e-05,0.0008215509238272345,negative_factor,False,feasible,False,True,True,True,minimax_ratio,0.12107375605221105,0.06498333235681117,3/4,-1.7763568394002505e-15,2.432279337446908e-14,feasible,False,0.299915102506305,0.11767321009053885,feasible,False,0.3214684488635036,0.1306572915746864,feasible,False,0.3303374651195961,0.1319177439488144,feasible,False,0.20773260765613805,0.09338343520516112,feasible,True,0.12107375605221105,0.06498333235681117,7,2.8557099999999997,,-13.745942336825246,0.0,1,0.45537,,191.76424712532224,0.0,1,2.09627,,-2.1939357334782974,1.0243379674484696,1,1.89592,,-19.076652415475817,2.7194901861148706,4,0,0,True,True,0.0,0
1006,WUY,2,1,analyzed,saved,0.6734600000000001,0.67345,1.0000000000065512e-05,0.0014848912317270045,missing_class,False,gate_rejected,False,False,False,True,raw_fallback,,,,1.0000000000065512e-05,0.0014848912317270045,feasible,False,0.0001469782221338433,7.376436725904049e-06,feasible,False,0.00014697822213389835,7.376436725904266e-06,feasible,False,0.0001469782221338433,7.376436725904049e-06,feasible,False,0.0001469782221338433,7.376436725904049e-06,feasible,False,0.00014697822213389835,7.376436725904266e-06,1,0.67347,,,1.0,0,0.0,,,1.0,0,0.0,,,1.0,0,0.0,,,1.0,0,0,4,False,False,0.0,0
845,WZH,1,1,analyzed,saved,0.19946000000000003,0.19946,2.7755575615628914e-17,1.3915359277864692e-14,missing_class,False,gate_rejected,False,False,False,True,raw_fallback,,,,2.7755575615628914e-17,1.3915359277864692e-14,feasible,False,-3.75845081852857e-06,-3.7499999999343614e-07,feasible,False,-3.75845081852857e-06,-3.7499999999343614e-07,feasible,False,-3.758450818490916e-06,-3.749999999899667e-07,feasible,False,-3.758450818490916e-06,-3.749999999899667e-07,feasible,False,-3.758450818490916e-06,-3.749999999899667e-07,1,0.19947,,,1.0,0,0.0,,,1.0,0,0.0,,,1.0,0,0.0,,,1.0,0,0,4,False,False,0.0,0
1644,XAL,3,3,analyzed,saved,2.2175200000000004,2.2175199999999995,8.881784197001252e-16,4.005278057019217e-14,missing_class,False,feasible,False,True,True,True,target_l2,0.35309205094559953,0.010883390164246314,3/4,0.0,0.0,feasible,True,0.3343518368262019,0.011476429856029795,feasible,True,0.33000514752256677,0.011613982141637832,feasible,True,0.35309205094559953,0.010883390164246314,feasible,False,0.030353250104039775,0.02109655623365316,feasible,True,0.2498294239221321,0.014151166941639865,1,0.04296,,,0.0,0,0.0,,,0.0,1,0.8664,,,0.6642920813965265,1,1.30818,,,1.255148061165542,4,0,0,True,True,0.0,0
1721,XAP,3,3,analyzed,saved,1.83908,1.83909,-9.999999999843467e-06,0.0005437471793029959,missing_class,False,gate_rejected,False,False,False,True,raw_fallback,,,,-9.999999999843467e-06,0.0005437471793029959,feasible,False,-0.12036730688705359,0.0016197420627908007,feasible,False,0.12525866575301575,-0.0016254505685161062,feasible,False,-0.08853800855105867,0.0011992156693096494,feasible,False,-0.8192164909492876,0.010852887068334937,feasible,False,0.000512729190005027,2.2683746306387254e-05,1,0.44537,,,1.0,0,0.0,,,1.0,1,0.65401,,,1.0,1,0.73973,,,1.0,0,0,4,False,False,0.0,0
868,XCG,1,0,no_valid_locations,saved,,,,,,,,,,,,,,,,,,,,,,,,,,,,,,,,,,,,,,,,,,,,,,,,,,,,,,,,,,,,,,,,
1694,XCH,1,1,analyzed,saved,1.72018,1.72019,-1.0000000000065512e-05,0.0005813311320299218,missing_class,False,gate_rejected,False,False,False,True,raw_fallback,,,,-1.0000000000065512e-05,0.0005813311320299218,feasible,False,1.5847471278666753e-05,1.1945031035617837e-06,feasible,False,1.5847471278666753e-05,1.1945031035617837e-06,feasible,False,1.5847471278666753e-05,1.1945031035617837e-06,feasible,False,1.5847471278666753e-05,1.1945031035617837e-06,feasible,False,1.5847471278666753e-05,1.1945031035617837e-06,1,1.72018,,,1.0,0,0.0,,,1.0,0,0.0,,,1.0,0,0.0,,,1.0,0,0,4,False,False,0.0,0
1737,XCP,1,1,analyzed,saved,0.35622000000000004,0.35623,-9.99999999995449e-06,0.002807175139644188,missing_class,False,gate_rejected,False,False,False,True,raw_fallback,,,,-9.99999999995449e-06,0.002807175139644188,feasible,False,0.00017933662143527533,4.448490605892495e-06,feasible,False,0.00017933662143505765,4.448490605880352e-06,feasible,False,0.00017933662143505765,4.448490605880352e-06,feasible,False,0.0001793366214350275,4.448490605879485e-06,feasible,False,0.00017933662143505765,4.448490605880352e-06,1,0.35623,,,1.0,0,0.0,,,1.0,0,0.0,,,1.0,0,0.0,,,1.0,0,0,4,False,False,0.0,0
1703,XCT,2,2,analyzed,saved,1.31197,1.31198,-9.999999999843467e-06,0.000762206740944486,missing_class,False,gate_rejected,False,False,False,True,raw_fallback,,,,-9.999999999843467e-06,0.000762206740944486,feasible,False,0.3836239466464231,0.01379111122164739,feasible,False,0.38362394664642396,0.013791111221647442,feasible,False,0.38362394664642396,0.013791111221647442,feasible,False,0.38362394664642396,0.013791111221647442,feasible,False,0.38362394664642396,0.013791111221647442,1,0.27139,,,1.0,0,0.0,,,1.0,0,0.0,,,1.0,1,1.04058,,,1.0,0,0,4,False,False,0.0,0
1723,XIC,2,2,analyzed,saved,1.81784,1.8178400000000001,-2.220446049250313e-16,1.2214749643809757e-14,missing_class,False,gate_rejected,False,False,False,True,raw_fallback,,,,-2.220446049250313e-16,1.2214749643809757e-14,feasible,False,-0.20635396341392004,0.013726494823887188,feasible,False,0.030931245661510634,-0.0020042843314119797,feasible,False,-0.20635396341392004,0.013726494823887188,feasible,False,-0.20635396341392004,0.013726494823887188,feasible,False,0.00038484058475532544,2.078395718067491e-05,0,0.0,,,1.0,1,0.23263,,,1.0,0,0.0,,,1.0,1,1.58522,,,1.0,0,0,4,False,False,0.0,0
1710,XIH,1,1,analyzed,saved,0.40965999999999997,0.40965999999999997,0.0,0.0,missing_class,False,gate_rejected,False,False,False,True,raw_fallback,,,,0.0,0.0,feasible,False,0.00015412029209865215,3.974696889858659e-06,feasible,False,0.00015412029209828924,3.974696889844781e-06,feasible,False,0.00015412029209828924,3.974696889844781e-06,feasible,False,0.00015412029209828924,3.974696889844781e-06,feasible,False,0.00015412029209828924,3.974696889844781e-06,1,0.40967,,,1.0,0,0.0,,,1.0,0,0.0,,,1.0,0,0.0,,,1.0,0,0,4,False,False,0.0,0
1605,XIL,3,3,analyzed,saved,2.1688899999999998,2.16888,9.999999999621423e-06,0.0004610674633737884,missing_class,False,gate_rejected,False,False,False,True,raw_fallback,,,,9.999999999621423e-06,0.0004610674633737884,feasible,False,-0.4631733687212638,0.0024914863022761882,feasible,False,0.2576139749559452,0.0020714303495996244,feasible,False,-0.4744810968283554,0.002498076149537474,feasible,False,-14.853478648268982,0.01087777866242039,feasible,False,9.744440109518599e-05,1.7074634182311435e-05,0,0.0,,,1.0,1,0.37829,,,1.0,1,1.12739,,,1.0,1,0.66323,,,1.0,0,0,4,False,False,0.0,0
1750,XIU,3,3,analyzed,saved,2.4416,2.44169,-8.999999999970143e-05,0.0036859716016243434,missing_class,False,feasible,False,True,True,True,minimax_ratio,0.03720223765370464,0.007018922460996883,3/4,0.0,0.0,feasible,False,0.3084261409241288,0.04369524544642817,feasible,False,0.36956251105653415,0.052236339981172566,feasible,False,-0.19869563295121725,-0.024880428553265457,feasible,False,0.372108373228355,0.052306691901773644,feasible,True,0.03720223765370464,0.007018922460996883,1,0.72492,,,0.0,0,0.0,,,0.0,1,0.47113,,,1.01919237756619,1,1.24558,,,1.5747737401493644,4,0,0,True,True,0.0,0
803,XLG,1,1,analyzed,saved,0.13362000000000002,0.13361,1.0000000000010001e-05,0.007484469725327446,missing_class,False,gate_rejected,False,False,False,True,raw_fallback,,,,1.0000000000010001e-05,0.007484469725327446,feasible,False,4.620053152732981e-05,3.101092896173538e-06,feasible,False,4.620053152732981e-05,3.101092896173538e-06,feasible,False,4.620053152732981e-05,3.101092896173538e-06,feasible,False,4.620053152732981e-05,3.101092896173538e-06,feasible,False,4.620053152743154e-05,3.1010928961804768e-06,1,0.13362,,,1.0,0,0.0,,,1.0,0,0.0,,,1.0,0,0.0,,,1.0,0,0,4,False,False,0.0,0
62,XLL,5,5,analyzed,saved,2.9088600000000002,2.90888,-1.9999999999686935e-05,0.0006875498473531715,missing_class,False,gate_rejected,False,False,False,True,raw_fallback,,,,-1.9999999999686935e-05,0.0006875498473531715,feasible,False,0.336894934188343,0.022857509975673637,feasible,False,0.3117602877869106,0.022628569696659537,feasible,False,0.31147746739463755,0.02262599361190059,feasible,False,0.17949186163353148,0.021423795620881356,feasible,False,0.0004346772792316321,3.330727669181334e-05,0,0.0,,,1.0,0,0.0,,,1.0,1,0.20933,,,1.0,4,2.69957,,,1.0,0,0,4,False,False,0.0,0
1654,XLT,1,1,analyzed,saved,0.23450000000000001,0.23450000000000001,0.0,0.0,missing_class,False,gate_rejected,False,False,False,True,raw_fallback,,,,0.0,0.0,feasible,False,0.00033785587079269584,4.723664046664324e-06,feasible,False,0.000337855870792942,4.723664046670396e-06,feasible,False,0.00033785587079269584,4.723664046664324e-06,feasible,False,0.000337855870792942,4.723664046670396e-06,feasible,False,0.00033785587079269584,4.723664046664324e-06,1,0.23451,,,1.0,0,0.0,,,1.0,0,0.0,,,1.0,0,0.0,,,1.0,0,0,4,False,False,0.0,0
856,XNG,1,1,analyzed,saved,0.32104,0.32104,0.0,0.0,missing_class,False,gate_rejected,False,False,False,True,raw_fallback,,,,0.0,0.0,feasible,False,2.3087642516220354e-05,3.7431693989120607e-06,feasible,False,2.3087642516220354e-05,3.7431693989120607e-06,feasible,False,2.3087642516220354e-05,3.7431693989120607e-06,feasible,False,2.3087642516220354e-05,3.7431693989120607e-06,feasible,False,2.3087642516220354e-05,3.7431693989120607e-06,1,0.32104,,,1.0,0,0.0,,,1.0,0,0.0,,,1.0,0,0.0,,,1.0,0,0,4,False,False,0.0,0
851,XNL,1,1,analyzed,saved,0.09742,0.09741,1.0000000000010001e-05,0.010265886459306027,missing_class,False,gate_rejected,False,False,False,True,raw_fallback,,,,1.0000000000010001e-05,0.010265886459306027,feasible,False,0.00011101761978861087,4.999999999999796e-06,feasible,False,0.00011101761978861087,4.999999999999796e-06,feasible,False,0.00011101761978861087,4.999999999999796e-06,feasible,False,0.00011101761978861087,4.999999999999796e-06,feasible,False,0.00011101761978861087,4.999999999999796e-06,1,0.09742,,,1.0,0,0.0,,,1.0,0,0.0,,,1.0,0,0.0,,,1.0,0,0,4,False,False,0.0,0
1659,XOC,2,2,analyzed,saved,0.56435,0.56436,-9.99999999995449e-06,0.0017719186334882858,missing_class,False,gate_rejected,False,False,False,True,raw_fallback,,,,-9.99999999995449e-06,0.0017719186334882858,feasible,False,-0.044037076732425906,0.003051001088441082,feasible,False,0.2582655089314103,0.001991911976647459,feasible,False,-0.046442638372531736,0.003059428750861482,feasible,False,-0.3787880294572853,0.004223770049099828,feasible,False,0.08989891041271524,0.002581768761660762,1,0.24434,,,1.0,0,0.0,,,1.0,0,0.0,,,1.0,1,0.32003,,,1.0,0,0,4,False,False,0.0,0
1759,XOL,6,5,analyzed,saved,4.90865,4.90864,9.999999999621423e-06,0.00020372241597716315,negative_factor,False,feasible,False,True,True,True,minimax_ratio,0.04509588337016872,0.006578447261809098,2/3/4,8.881784197001252e-16,1.809418534869384e-14,feasible,False,0.5236934896568485,0.032518045350574995,feasible,False,0.5186406426127057,0.03336480920915062,feasible,False,0.5258690450669752,0.032580970630359654,feasible,False,-0.2555859024909676,0.02992099822625128,feasible,True,0.04509588337016872,0.006578447261809098,1,0.1799,,-54.41508103094052,0.0,1,3.5289,,0.3059180059588412,0.9817845636273081,2,0.45304,,20.661137156887563,0.6340070005987333,1,0.74685,,5.7014543686975,1.548849361960368,4,0,0,True,True,0.0,0
888,XSY,1,0,no_valid_locations,saved,,,,,,,,,,,,,,,,,,,,,,,,,,,,,,,,,,,,,,,,,,,,,,,,,,,,,,,,,,,,,,,,
1651,YAH,1,1,analyzed,saved,0.28275,0.28275,0.0,0.0,missing_class,False,gate_rejected,False,False,False,True,raw_fallback,,,,0.0,0.0,feasible,False,0.0005843006741046993,8.449223041910462e-06,feasible,False,0.0005843006741046993,8.449223041910462e-06,feasible,False,0.0005843006741046699,8.449223041910245e-06,feasible,False,0.0005843006741046699,8.449223041910245e-06,feasible,False,0.0005843006741046993,8.449223041910462e-06,1,0.28276,,,1.0,0,0.0,,,1.0,0,0.0,,,1.0,0,0.0,,,1.0,0,0,4,False,False,0.0,0
148,YAM,7,7,analyzed,saved,1.7101399999999998,1.71016,-2.0000000000131024e-05,0.0011694812181392985,singular,False,gate_rejected,False,False,False,True,raw_fallback,,,,-2.0000000000131024e-05,0.0011694812181392985,feasible,False,0.27265831188440853,0.02024292145043413,feasible,False,0.28698640365869027,0.020259700034479716,feasible,False,0.24278336908047035,0.020207937082202247,feasible,False,-0.3845576918518899,0.019473303686360556,feasible,False,0.04496958473472647,0.006826923635050636,4,0.7144300000000001,,,1.0,1,0.51261,,,1.0,1,0.30491,,,1.0,1,0.17823,,,1.0,0,0,4,False,False,0.0,0
793,YAN,3,0,no_valid_locations,saved,,,,,,,,,,,,,,,,,,,,,,,,,,,,,,,,,,,,,,,,,,,,,,,,,,,,,,,,,,,,,,,,
2015,YAP,2,0,no_valid_locations,saved,,,,,,,,,,,,,,,,,,,,,,,,,,,,,,,,,,,,,,,,,,,,,,,,,,,,,,,,,,,,,,,,
2033,YAR,7,7,analyzed,saved,3.12626,3.12632,-6.000000000039307e-05,0.0019191893344377116,missing_class,False,gate_rejected,False,False,False,True,raw_fallback,,,,-6.000000000039307e-05,0.0019191893344377116,feasible,False,-0.024197339123336555,-0.003912070120690857,feasible,False,0.18134822419229413,0.0292625138527174,feasible,False,-0.28087474219684233,-0.045339216126575196,feasible,False,0.12157382712724663,0.019615062830633113,feasible,False,1.6040569187153057e-05,-4.085998181899142e-06,0,0.0,,,1.0,0,0.0,,,1.0,1,1.23059,,,1.0,6,1.89576,,,1.0,0,0,4,False,False,0.0,0
149,YAS,3,3,analyzed,saved,1.21177,1.21177,0.0,0.0,missing_class,False,gate_rejected,False,False,False,True,raw_fallback,,,,0.0,0.0,feasible,False,0.5365259375122151,0.046382473925817194,feasible,False,0.5337243111592106,0.04484641975132962,feasible,False,0.5365340901231626,0.046386943776718564,feasible,False,0.536206872262883,0.04620753928200051,feasible,False,0.5369957562437162,0.04664006253073623,1,0.95694,,,1.0,1,0.08436,,,1.0,0,0.0,,,1.0,1,0.17049,,,1.0,0,0,4,False,False,0.0,0
2301,YAT,5,3,analyzed,saved,0.60242,0.60245,-3.0000000000085514e-05,0.004979666362367917,missing_class,False,gate_rejected,False,False,False,True,raw_fallback,,,,-3.0000000000085514e-05,0.004979666362367917,feasible,False,0.038773502940722016,-0.004843995667691274,feasible,False,0.15898940084698723,0.0023062496697180534,feasible,False,0.20537818002911556,0.0028040473079575835,feasible,False,-0.09199958574121844,-0.0013301364916591275,feasible,False,0.0001167753074987936,4.466532590549632e-06,0,0.0,,,1.0,0,0.0,,,1.0,1,0.54545,,,1.0,2,0.056999999999999995,,,1.0,0,0,4,False,False,0.0,0
1618,YAU,1,0,no_valid_locations,saved,,,,,,,,,,,,,,,,,,,,,,,,,,,,,,,,,,,,,,,,,,,,,,,,,,,,,,,,,,,,,,,,
1625,YCH,2,2,analyzed,saved,1.4356900000000001,1.43571,-1.999999999990898e-05,0.0013930389841896329,missing_class,False,gate_rejected,False,False,False,True,raw_fallback,,,,-1.999999999990898e-05,0.0013930389841896329,feasible,False,0.010431718859237523,0.00047105696494468066,feasible,False,0.010431718859237523,0.00047105696494468066,feasible,False,0.010431718859237327,0.0004710569649446286,feasible,False,0.010431718859237327,0.0004710569649446286,feasible,False,0.010431718859237327,0.0004710569649446286,1,0.09768,,,1.0,0,0.0,,,1.0,0,0.0,,,1.0,1,1.33803,,,1.0,0,0,4,False,False,0.0,0
1268,YDR,9,4,analyzed,saved,3.52096,3.5210100000000004,-5.000000000032756e-05,0.0014200470887707661,missing_class,False,gate_rejected,False,False,False,True,raw_fallback,,,,-5.000000000032756e-05,0.0014200470887707661,feasible,False,0.2526521963312397,0.0043986629912089615,feasible,False,0.26981553798989855,0.004519748544368372,feasible,False,0.25349315122168353,0.004404423483442667,feasible,False,-0.23195951310504878,0.0034179579388202135,feasible,False,0.002804685482380318,2.227880641175739e-05,2,1.13962,,,1.0,0,0.0,,,1.0,1,0.78288,,,1.0,1,1.59853,,,1.0,0,0,4,False,False,0.0,0
1617,YDZ,1,1,analyzed,saved,2.51914,2.51913,1.0000000000065512e-05,0.00039696244338583206,missing_class,False,gate_rejected,False,False,False,True,raw_fallback,,,,1.0000000000065512e-05,0.00039696244338583206,feasible,False,1.2638575587624441e-05,4.290969153990243e-06,feasible,False,1.263857558784392e-05,4.290969154094326e-06,feasible,False,1.2638575588099984e-05,4.2909691542053485e-06,feasible,False,1.2638575587624441e-05,4.290969153990243e-06,feasible,False,1.2638575587624441e-05,4.290969153990243e-06,1,2.51914,,,1.0,0,0.0,,,1.0,0,0.0,,,1.0,0,0.0,,,1.0,0,0,4,False,False,0.0,0
134,YEM,69,69,analyzed,saved,93.86835,93.86895,-0.0005999999999914962,0.0006391889969915465,negative_factor,False,feasible,False,True,True,True,improvement_l2,0.614015245700704,0.7945204890219066,1/3/4,-1.4210854715202004e-14,1.5139036619885494e-14,feasible,False,0.24692705791595035,0.6497942041004661,feasible,True,0.614015245700704,0.7945204890219066,feasible,False,0.3280146023583675,0.6831434481198115,feasible,True,0.48983321940790914,0.7259699005403313,feasible,True,0.39707259699557074,0.586254853613033,3,5.62719,,38.24799180364741,6.9949021214587574,55,65.9695,,-3.9091629885837493,0.0,2,14.57021,,0.8432459093002095,0.7390477619963459,9,7.70193,,16.130904222851143,5.678920936121555,4,0,0,True,True,0.0,0
836,YGS,3,3,analyzed,saved,0.14159000000000002,0.14162000000000002,-3.0000000000002247e-05,0.021183448665444315,missing_class,False,gate_rejected,False,False,False,True,raw_fallback,,,,-3.0000000000002247e-05,0.021183448665444315,feasible,False,0.010083221211191033,0.00014632582203435865,feasible,False,0.010083221211191033,0.00014632582203435865,feasible,False,0.01008322121119071,0.00014632582203435215,feasible,False,0.010083221211191033,0.00014632582203435865,feasible,False,0.0016332641111841855,2.052299980380445e-05,1,0.00362,,,1.0,1,0.13209,,,1.0,0,0.0,,,1.0,1,0.00591,,,1.0,0,0,4,False,False,0.0,0
1008,YIM,1,1,analyzed,saved,0.03392,0.03394,-1.9999999999999185e-05,0.05892751915144133,missing_class,False,gate_rejected,False,False,False,True,raw_fallback,,,,-1.9999999999999185e-05,0.05892751915144133,feasible,False,-0.024872808275574664,3.6335060029782777e-06,feasible,False,-0.024872808275574664,3.6335060029782777e-06,feasible,False,-0.024872808275574664,3.6335060029782777e-06,feasible,False,-0.024872808275574664,3.6335060029782777e-06,feasible,False,-0.024872808275574664,3.6335060029782777e-06,1,0.03394,,,1.0,0,0.0,,,1.0,0,0.0,,,1.0,0,0.0,,,1.0,0,0,4,False,False,0.0,0
791,YJI,4,4,analyzed,saved,1.10874,1.10873,1.0000000000065512e-05,0.0009019328420864874,missing_class,False,gate_rejected,False,False,False,True,raw_fallback,,,,1.0000000000065512e-05,0.0009019328420864874,feasible,False,0.01870158006791841,0.009217500000000003,feasible,False,0.01870158006791841,0.009217500000000003,feasible,False,0.01870158006791841,0.009217500000000003,feasible,False,0.01870158006791841,0.009217500000000003,feasible,False,0.01870158006791841,0.009217500000000003,1,0.20859,,,1.0,2,0.69762,,,1.0,0,0.0,,,1.0,1,0.20253,,,1.0,0,0,4,False,False,0.0,0
913,YNG,5,5,analyzed,saved,1.17124,1.17124,0.0,0.0,singular,False,gate_rejected,False,False,False,True,raw_fallback,,,,0.0,0.0,feasible,False,0.021668282490902444,0.009108924731182827,feasible,False,0.021668282490902444,0.009108924731182827,feasible,False,0.021668282490902444,0.009108924731182827,feasible,False,0.021668282490902444,0.009108924731182827,feasible,False,0.021668282490902333,0.009108924731182771,1,0.14587,,,1.0,2,0.39207,,,1.0,1,0.25413,,,1.0,1,0.37917,,,1.0,0,0,4,False,False,0.0,0
841,YNH,1,1,analyzed,saved,0.28079000000000004,0.28081,-1.999999999996449e-05,0.007122253480988743,missing_class,False,gate_rejected,False,False,False,True,raw_fallback,,,,-1.999999999996449e-05,0.007122253480988743,feasible,False,0.0001305345980672606,3.760691537763039e-06,feasible,False,0.0001305345980672606,3.760691537763039e-06,feasible,False,0.0001305345980672606,3.760691537763039e-06,feasible,False,0.0001305345980672606,3.760691537763039e-06,feasible,False,0.0001305345980672606,3.760691537763039e-06,1,0.2808,,,1.0,0,0.0,,,1.0,0,0.0,,,1.0,0,0.0,,,1.0,0,0,4,False,False,0.0,0
787,YNJ,5,4,analyzed,saved,1.45651,1.4565000000000001,9.999999999843467e-06,0.000686577411592411,singular,False,gate_rejected,False,False,False,True,raw_fallback,,,,9.999999999843467e-06,0.000686577411592411,feasible,False,0.014641624826404725,0.010412065217391187,feasible,False,0.014641624826404725,0.010412065217391187,feasible,False,0.014641624826404725,0.010412065217391187,feasible,False,0.014641624826404725,0.010412065217391187,feasible,False,0.014641624826404798,0.010412065217391242,1,0.17572,,,1.0,1,1.16169,,,1.0,1,0.10332,,,1.0,1,0.01578,,,1.0,0,0,4,False,False,0.0,0
810,YNL,1,1,analyzed,saved,0.82159,0.8216,-9.99999999995449e-06,0.0012171372930811209,missing_class,False,gate_rejected,False,False,False,True,raw_fallback,,,,-9.99999999995449e-06,0.0012171372930811209,feasible,False,5.348405380629265e-05,3.751151366287314e-06,feasible,False,5.348405380629265e-05,3.751151366287314e-06,feasible,False,5.348405380629265e-05,3.751151366287314e-06,feasible,False,5.348405380629265e-05,3.751151366287314e-06,feasible,False,5.348405380629265e-05,3.751151366287314e-06,1,0.8216,,,1.0,0,0.0,,,1.0,0,0.0,,,1.0,0,0.0,,,1.0,0,0,4,False,False,0.0,0
861,YNN,3,3,analyzed,saved,1.50267,1.50263,4.0000000000040004e-05,0.002661999294572849,missing_class,False,gate_rejected,False,False,False,True,raw_fallback,,,,4.0000000000040004e-05,0.002661999294572849,feasible,False,0.0037336464308076983,0.002031043956044018,feasible,False,0.0037336464308076983,0.002031043956044018,feasible,False,0.0037336464308076983,0.002031043956044018,feasible,False,0.0037336464308076983,0.002031043956044018,feasible,False,0.0037336464308076983,0.002031043956044018,1,0.14161,,,1.0,1,0.24183,,,1.0,0,0.0,,,1.0,1,1.11924,,,1.0,0,0,4,False,False,0.0,0
1680,YOH,3,3,analyzed,saved,2.3943200000000004,2.39432,4.440892098500626e-16,1.8547613094743502e-14,missing_class,False,feasible,False,True,True,True,balanced_l2,0.330219308518285,0.014846756558952016,3/4,0.0,0.0,feasible,True,0.330219308518285,0.014846756558952016,feasible,True,0.31682031224801044,0.01510326889895359,feasible,True,0.3299521501172278,0.014851871078370014,feasible,False,-0.13551647596825092,0.023762870385041948,feasible,True,0.044176007427285516,0.00823796863915081,1,1.49049,,,0.0,0,0.0,,,0.0,1,0.47656,,,1.6623850820007335,1,0.42731,,,3.7491778806972755,4,0,0,True,True,0.0,0
1758,YOK,3,3,analyzed,saved,10.33109,10.33113,-4.000000000026205e-05,0.00038717933082114004,missing_class,False,feasible,False,True,True,True,minimax_ratio,0.01097508733613513,0.010219154363183613,1/2/4,5.329070518200751e-15,5.1582648928052896e-14,feasible,False,0.13268292178749852,-0.0038802723350213984,feasible,False,0.21528340901010293,-0.013449249714999277,feasible,False,0.16994199902738227,-0.008196606043156932,feasible,False,-0.7499291785984395,0.0983672507471033,feasible,True,0.01097508733613513,0.010219154363183613,1,1.45521,,,0.0,1,5.53172,,,1.295683934641703,0,0.0,,,0.0,1,3.3442,,,0.9460443633527333,4,0,0,True,True,0.0,0
1009,YOO,1,1,analyzed,saved,0.0196,0.0196,0.0,0.0,missing_class,False,gate_rejected,False,False,False,True,raw_fallback,,,,0.0,0.0,feasible,False,0.001975867799319927,3.185053380782302e-06,feasible,False,0.001975867799319927,3.185053380782302e-06,feasible,False,0.001975867799319927,3.185053380782302e-06,feasible,False,0.001975867799319927,3.185053380782302e-06,feasible,False,0.001975867799319897,3.185053380782275e-06,1,0.0196,,,1.0,0,0.0,,,1.0,0,0.0,,,1.0,0,0.0,,,1.0,0,0,4,False,False,0.0,0
1610,YPZ,1,1,analyzed,saved,1.3329999999999997,1.333,-2.220446049250313e-16,1.6657509746814053e-14,missing_class,False,gate_rejected,False,False,False,True,raw_fallback,,,,-2.220446049250313e-16,1.6657509746814053e-14,feasible,False,2.3185636321678375e-05,2.0906262154785082e-06,feasible,False,2.318563632139794e-05,2.0906262154282013e-06,feasible,False,2.318563632139794e-05,2.0906262154282013e-06,feasible,False,2.3185636321678375e-05,2.0906262154785082e-06,feasible,False,2.318563632139794e-05,2.0906262154282013e-06,1,1.333,,,1.0,0,0.0,,,1.0,0,0.0,,,1.0,0,0.0,,,1.0,0,0,4,False,False,0.0,0
1007,YRN,1,1,analyzed,saved,0.011729999999999999,0.01172,9.999999999999593e-06,0.0853242320819078,missing_class,False,gate_rejected,False,False,False,True,raw_fallback,,,,9.999999999999593e-06,0.0853242320819078,feasible,False,0.005717476540216286,5.4044962257951054e-06,feasible,False,0.005717476540216286,5.4044962257951054e-06,feasible,False,0.005717476540216286,5.4044962257951054e-06,feasible,False,0.005717476540216645,5.404496225795539e-06,feasible,False,0.005717476540216645,5.404496225795539e-06,1,0.01173,,,1.0,0,0.0,,,1.0,0,0.0,,,1.0,0,0.0,,,1.0,0,0,4,False,False,0.0,0
2030,YRV,1,1,analyzed,saved,0.81761,0.81762,-1.0000000000065512e-05,0.001223062058176844,missing_class,False,gate_rejected,False,False,False,True,raw_fallback,,,,-1.0000000000065512e-05,0.001223062058176844,feasible,False,-0.00028806512671225413,2.3057336854025515e-06,feasible,False,-0.00028806512671225413,2.3057336854025515e-06,feasible,False,-0.00028806512671261474,2.305733685374796e-06,feasible,False,-0.00028806512671261474,2.305733685374796e-06,feasible,False,-0.00028806512671225413,2.3057336854025515e-06,1,0.81763,,,1.0,0,0.0,,,1.0,0,0.0,,,1.0,0,0.0,,,1.0,0,0,4,False,False,0.0,0
869,YSN,1,0,no_valid_locations,saved,,,,,,,,,,,,,,,,,,,,,,,,,,,,,,,,,,,,,,,,,,,,,,,,,,,,,,,,,,,,,,,,
1943,YSU,21,19,analyzed,saved,35.526810000000005,35.52703,-0.00021999999999877673,0.0006192468101014262,negative_factor,False,feasible,False,True,True,True,minimax_ratio,0.049315333603799964,0.10410194351293311,2/3/4,-7.105427357601002e-15,2.0000060116483143e-14,feasible,False,-0.8784332538316744,0.17802462999903024,feasible,False,0.13539739895909567,-0.09640117688885885,feasible,False,-0.7349326409395233,0.34658346405012475,feasible,False,-0.3240965029412461,0.5415981350257337,feasible,True,0.049315333603799964,0.10410194351293311,4,3.18198,,-19.28846489456183,0.0,2,0.7555799999999999,,-10.323106898894503,0.4375988526215142,2,22.92212,,0.6995199927429697,0.9851777073483713,11,8.66732,,10.230136189087947,1.455335688598039,4,0,0,True,True,0.0,0
838,YYG,1,1,analyzed,saved,0.00049,0.00049,0.0,0.0,missing_class,False,gate_rejected,False,False,False,True,raw_fallback,,,,0.0,0.0,feasible,False,0.00838251847382517,1.359018275949288e-06,feasible,False,0.00838251847382517,1.359018275949288e-06,feasible,False,0.008382518473825254,1.3590182759493286e-06,feasible,False,0.008382518473825226,1.359018275949315e-06,feasible,False,0.008382518473825226,1.359018275949315e-06,1,0.00049,,,1.0,0,0.0,,,1.0,0,0.0,,,1.0,0,0.0,,,1.0,0,0,4,False,False,0.0,0
815,YZO,1,1,analyzed,saved,0.09768,0.09766,2.0000000000006124e-05,0.0204792135982041,missing_class,False,gate_rejected,False,False,False,True,raw_fallback,,,,2.0000000000006124e-05,0.0204792135982041,feasible,False,9.458423311211173e-05,5.136612021857875e-06,feasible,False,9.45842331121755e-05,5.136612021861345e-06,feasible,False,9.45842331121755e-05,5.136612021861345e-06,feasible,False,9.45842331121755e-05,5.136612021861345e-06,feasible,False,9.458423311211173e-05,5.136612021857875e-06,1,0.09768,,,1.0,0,0.0,,,1.0,0,0.0,,,1.0,0,0.0,,,1.0,0,0,4,False,False,0.0,0
1588,ZAB,11,10,analyzed,saved,9.989620000000002,9.989700000000001,-7.999999999874774e-05,0.0008008248495825472,negative_factor,False,feasible,False,True,True,True,target_l2,0.6709137212608229,0.23278183840093217,2/3/4,0.0,0.0,feasible,True,0.6684069293427292,0.23259326922738383,feasible,True,0.5932877431426604,0.2045286869667562,feasible,True,0.6709137212608229,0.23278183840093217,feasible,False,0.46282051237293587,0.2343309691035356,feasible,True,0.4548361775717211,0.1551821999174016,3,2.5631399999999998,,-2.9830069214928288,0.0,2,2.16934,,3.6322070589769524,0.6837674384312384,2,4.52947,,0.500544195627034,0.498535904114637,3,0.72776,,10.289922690840076,8.585273463449832,4,0,0,True,True,0.0,0
1972,ZAG,4,4,analyzed,saved,1.66789,1.66792,-2.999999999997449e-05,0.0017986474171407796,missing_class,False,gate_rejected,False,False,False,True,raw_fallback,,,,-2.999999999997449e-05,0.0017986474171407796,feasible,False,-0.008885493962997842,-0.0005841898021825519,feasible,False,0.09313327464981991,-0.0008707578204549538,feasible,False,-0.003178918628355152,-0.0006471972054689409,feasible,False,-0.03859379990753527,0.0004336229009176129,feasible,False,-7.040416067036144e-05,-3.618488635913353e-07,1,0.0676,,,1.0,0,0.0,,,1.0,1,1.11795,,,1.0,2,0.48236,,,1.0,0,0,4,False,False,0.0,0
2307,ZAM,17,17,analyzed,saved,15.178769999999998,15.17889,-0.0001200000000025625,0.0007905716426073481,missing_class,False,gate_rejected,False,False,False,True,raw_fallback,,,,-0.0001200000000025625,0.0007905716426073481,feasible,False,0.19373736377451806,0.004984780519024998,feasible,False,0.145944701732177,0.00377742592500753,feasible,False,0.19320289511529584,0.004996422839388101,feasible,False,-0.5739832234392348,-0.014792685552724671,feasible,False,-0.0005524852877447288,-1.381645884160343e-06,0,0.0,,,1.0,0,0.0,,,1.0,3,1.38536,,,1.0,14,13.79355,,,1.0,0,0,4,False,False,0.0,0
534,ZAN,21,9,analyzed,saved,7.69003,7.69004,-9.999999999621423e-06,0.00013003833529632385,negative_factor,False,feasible,False,True,True,True,improvement_l2,0.3094520572572056,0.14631504002602158,3/4,8.881784197001252e-16,1.154972431482964e-14,feasible,False,-1.746296875407941,0.3658068028952179,feasible,True,0.3094520572572056,0.14631504002602158,feasible,False,-1.9524277349164398,0.36733158300459223,feasible,False,-1.543318544874666,0.34413486091578743,feasible,True,0.13907254198949076,0.16450641523176124,1,1.73238,,-6.948337573076417,0.0,3,0.60513,,-24.997916138829034,0.0,3,4.144909999999999,,-1.9050357721770936,0.7723164888299971,2,1.20765,,35.39983974262198,3.716949559489028,4,0,0,True,True,0.0,0
1614,ZAP,5,5,analyzed,saved,2.38478,2.3848200000000004,-4.000000000026205e-05,0.001677275433796347,missing_class,False,gate_rejected,False,False,False,True,raw_fallback,,,,-4.000000000026205e-05,0.001677275433796347,feasible,False,0.09097469972658308,0.04875495479763697,feasible,False,0.20042978880574372,0.10790371173323786,feasible,False,0.23748156783702373,0.12792623138390274,feasible,False,0.23748156783702373,0.12792623138390274,feasible,False,7.070020992158752e-05,2.899213286250424e-05,0,0.0,,,1.0,1,0.83286,,,1.0,1,0.52467,,,1.0,3,1.02728,,,1.0,0,0,4,False,False,0.0,0
479,ZAQ,4,1,analyzed,saved,0.02352,0.023540000000000002,-2.0000000000002655e-05,0.08496176720476913,missing_class,False,gate_rejected,False,False,False,True,raw_fallback,,,,-2.0000000000002655e-05,0.08496176720476913,feasible,False,-0.0011846022883080988,1.3612578367999412e-07,feasible,False,-0.0011846022883080988,1.3612578367999412e-07,feasible,False,-0.0011846022883080498,1.3612578368048201e-07,feasible,False,-0.0011846022883080988,1.3612578367999412e-07,feasible,False,-0.0011846022883081357,1.3612578367993991e-07,0,0.0,,,1.0,0,0.0,,,1.0,1,0.02354,,,1.0,0,0.0,,,1.0,0,0,4,False,False,0.0,0
1697,ZAT,1,1,analyzed,saved,1.1661000000000001,1.16611,-9.999999999843467e-06,0.0008575520319561163,missing_class,False,gate_rejected,False,False,False,True,raw_fallback,,,,-9.999999999843467e-06,0.0008575520319561163,feasible,False,4.5493316059229433e-05,2.877902862265941e-06,feasible,False,4.5493316059229433e-05,2.877902862265941e-06,feasible,False,4.5493316059229433e-05,2.877902862265941e-06,feasible,False,4.5493316059640746e-05,2.877902862321452e-06,feasible,False,4.5493316059640746e-05,2.877902862321452e-06,1,1.16611,,,1.0,0,0.0,,,1.0,0,0.0,,,1.0,0,0.0,,,1.0,0,0,4,False,False,0.0,0
531,ZBR,2,2,analyzed,saved,0.48873,0.48874,-1.0000000000010001e-05,0.0020460776691103655,missing_class,False,gate_rejected,False,False,False,True,raw_fallback,,,,-1.0000000000010001e-05,0.0020460776691103655,feasible,False,0.10681549415688855,0.009576748547279447,feasible,False,0.10681549415688855,0.009576748547279447,feasible,False,0.10681549415688855,0.009576748547279447,feasible,False,0.10681549415688855,0.009576748547279447,feasible,False,0.10681549415688855,0.009576748547279447,1,0.35774,,,1.0,0,0.0,,,1.0,0,0.0,,,1.0,1,0.131,,,1.0,0,0,4,False,False,0.0,0
1683,ZCT,1,1,analyzed,saved,1.3234600000000003,1.32347,-9.999999999621423e-06,0.0007555894730988555,missing_class,False,gate_rejected,False,False,False,True,raw_fallback,,,,-9.999999999621423e-06,0.0007555894730988555,feasible,False,4.0555757459903116e-05,2.1871832512326134e-06,feasible,False,4.0555757459903116e-05,2.1871832512326134e-06,feasible,False,4.0555757459903116e-05,2.1871832512326134e-06,feasible,False,4.0555757459903116e-05,2.1871832512326134e-06,feasible,False,4.0555757459903116e-05,2.1871832512326134e-06,1,1.32347,,,1.0,0,0.0,,,1.0,0,0.0,,,1.0,0,0.0,,,1.0,0,0,4,False,False,0.0,0
1747,ZCZ,1,1,analyzed,saved,0.38234,0.38234,0.0,0.0,missing_class,False,gate_rejected,False,False,False,True,raw_fallback,,,,0.0,0.0,feasible,False,0.00017281785659284797,4.881530984194096e-06,feasible,False,0.00017281785659313764,4.881530984207107e-06,feasible,False,0.00017281785659284797,4.881530984194096e-06,feasible,False,0.00017281785659284797,4.881530984194096e-06,feasible,False,0.00017281785659284797,4.881530984194096e-06,1,0.38235,,,1.0,0,0.0,,,1.0,0,0.0,,,1.0,0,0.0,,,1.0,0,0,4,False,False,0.0,0
1545,ZEE,1,1,analyzed,saved,1.5165,1.51654,-4.0000000000040004e-05,0.0026375829190156542,missing_class,False,gate_rejected,False,False,False,True,raw_fallback,,,,-4.0000000000040004e-05,0.0026375829190156542,feasible,False,-7.193576168776736e-06,-3.8129718071544527e-06,feasible,False,-7.193576168649432e-06,-3.8129718070850638e-06,feasible,False,-7.193576168776736e-06,-3.8129718071544527e-06,feasible,False,-7.193576168776736e-06,-3.8129718071544527e-06,feasible,False,-7.193576168649432e-06,-3.8129718070850638e-06,1,1.51652,,,1.0,0,0.0,,,1.0,0,0.0,,,1.0,0,0.0,,,1.0,0,0,4,False,False,0.0,0
576,ZFI,1,0,no_valid_locations,saved,,,,,,,,,,,,,,,,,,,,,,,,,,,,,,,,,,,,,,,,,,,,,,,,,,,,,,,,,,,,,,,,
2284,ZGH,1,1,analyzed,saved,0.34523000000000004,0.34524,-9.99999999995449e-06,0.0028965357432378896,missing_class,False,gate_rejected,False,False,False,True,raw_fallback,,,,-9.99999999995449e-06,0.0028965357432378896,feasible,False,-0.003741903447365652,-1.8223249669728839e-06,feasible,False,-0.003741903447365652,-1.8223249669728839e-06,feasible,False,-0.003741903447365201,-1.8223249669832922e-06,feasible,False,-0.003741903447365652,-1.8223249669728839e-06,feasible,False,-0.003741903447365201,-1.8223249669832922e-06,1,0.34523,,,1.0,0,0.0,,,1.0,0,0.0,,,1.0,0,0.0,,,1.0,0,0,4,False,False,0.0,0
829,ZGL,2,2,analyzed,saved,0.28594,0.28592,2.0000000000020002e-05,0.006994963626196139,missing_class,False,gate_rejected,False,False,False,True,raw_fallback,,,,2.0000000000020002e-05,0.006994963626196139,feasible,False,0.035517505765966836,0.0004840572442866638,feasible,False,0.03551750576596737,0.00048405724428667767,feasible,False,0.035517505765966836,0.0004840572442866638,feasible,False,0.035517505765966836,0.0004840572442866638,feasible,False,0.03551750576596737,0.00048405724428667767,1,0.24643,,,1.0,1,0.03951,,,1.0,0,0.0,,,1.0,0,0.0,,,1.0,0,0,4,False,False,0.0,0
155,ZIB,4,4,analyzed,saved,4.1771899999999995,4.1771899999999995,0.0,0.0,missing_class,False,gate_rejected,False,False,False,True,raw_fallback,,,,0.0,0.0,feasible,False,0.42802274334250084,0.1255640024978854,feasible,False,0.42802274334250084,0.1255640024978854,feasible,False,0.42802274334250084,0.1255640024978854,feasible,False,0.42802274334250084,0.1255640024978854,feasible,False,0.42802274334250084,0.1255640024978854,1,3.80317,,,1.0,1,0.10838,,,1.0,0,0.0,,,1.0,2,0.26566,,,1.0,0,0,4,False,False,0.0,0
1984,ZIE,1,1,analyzed,saved,2.6231999999999998,2.6232100000000003,-1.0000000000509601e-05,0.00038121233147592453,missing_class,False,gate_rejected,False,False,False,True,raw_fallback,,,,-1.0000000000509601e-05,0.00038121233147592453,feasible,False,1.3522794102142799e-05,1.8237032171353196e-06,feasible,False,1.3522794102142799e-05,1.8237032171353196e-06,feasible,False,1.3522794102142799e-05,1.8237032171353196e-06,feasible,False,1.3522794102142799e-05,1.8237032171353196e-06,feasible,False,1.3522794102090381e-05,1.8237032171110334e-06,1,2.62321,,,1.0,0,0.0,,,1.0,0,0.0,,,1.0,0,0.0,,,1.0,0,0,4,False,False,0.0,0
1834,ZIG,1,1,analyzed,saved,0.43826000000000004,0.43826000000000004,0.0,0.0,missing_class,False,gate_rejected,False,False,False,True,raw_fallback,,,,0.0,0.0,feasible,False,-9.78828490949343e-05,2.1438837432140485e-06,feasible,False,-9.78828490949343e-05,2.1438837432140485e-06,feasible,False,-9.78828490949343e-05,2.1438837432140485e-06,feasible,False,-9.78828490949343e-05,2.1438837432140485e-06,feasible,False,-9.78828490949343e-05,2.1438837432140485e-06,1,0.43827,,,1.0,0,0.0,,,1.0,0,0.0,,,1.0,0,0.0,,,1.0,0,0,4,False,False,0.0,0
1606,ZIN,1,1,analyzed,saved,0.45293,0.45296000000000003,-3.0000000000030003e-05,0.006623101377611709,missing_class,False,gate_rejected,False,False,False,True,raw_fallback,,,,-3.0000000000030003e-05,0.006623101377611709,feasible,False,-0.0011543167049113045,-2.8857653321871617e-06,feasible,False,-0.0011543167049113045,-2.8857653321871617e-06,feasible,False,-0.0011543167049113045,-2.8857653321871617e-06,feasible,False,-0.0011543167049113045,-2.8857653321871617e-06,feasible,False,-0.0011543167049106462,-2.8857653321617913e-06,1,0.45295,,,1.0,0,0.0,,,1.0,0,0.0,,,1.0,0,0.0,,,1.0,0,0,4,False,False,0.0,0
478,ZIP,5,2,analyzed,saved,4.820099999999999,4.82008,1.9999999999242846e-05,0.00041493087250093043,missing_class,False,gate_rejected,False,False,False,True,raw_fallback,,,,1.9999999999242846e-05,0.00041493087250093043,feasible,False,0.04687527353186821,0.05006588428665332,feasible,False,0.04687527353186828,0.050065884286653484,feasible,False,0.04687527353186821,0.05006588428665332,feasible,False,0.04687527353186821,0.05006588428665332,feasible,False,0.04687527353186821,0.05006588428665332,0,0.0,,,1.0,0,0.0,,,1.0,1,2.68831,,,1.0,1,2.13179,,,1.0,0,0,4,False,False,0.0,0
886,ZLD,1,1,analyzed,saved,0.03042,0.0304,1.9999999999999185e-05,0.06578947368420784,missing_class,False,gate_rejected,False,False,False,True,raw_fallback,,,,1.9999999999999185e-05,0.06578947368420784,feasible,False,0.0002546573380156917,4.102564102563891e-06,feasible,False,0.0002546573380156917,4.102564102563891e-06,feasible,False,0.0002546573380156917,4.102564102563891e-06,feasible,False,0.0002546573380156917,4.102564102563891e-06,feasible,False,0.0002546573380156917,4.102564102563891e-06,1,0.03042,,,1.0,0,0.0,,,1.0,0,0.0,,,1.0,0,0.0,,,1.0,0,0,4,False,False,0.0,0
1269,ZMR,2,2,analyzed,saved,2.51559,2.5157100000000003,-0.00012000000000034206,0.004770025161896325,missing_class,False,gate_rejected,False,False,False,True,raw_fallback,,,,-0.00012000000000034206,0.004770025161896325,feasible,False,0.12635947921360383,0.10318556844656761,feasible,False,0.12085840254062033,0.09869158587664466,feasible,False,0.12635947921360383,0.10318556844656761,feasible,False,0.12635947921360383,0.10318556844656761,feasible,False,8.976339081190884e-05,3.2324863616775557e-05,0,0.0,,,1.0,0,0.0,,,1.0,1,2.07741,,,1.0,1,0.4382,,,1.0,0,0,4,False,False,0.0,0
557,ZMW,22,21,analyzed,saved,22.97619,22.97626,-7.000000000090267e-05,0.00030466229055948476,missing_class,False,feasible,False,True,True,True,minimax_ratio,0.0330446156494108,0.0060260081468474225,3/4,-3.552713678800501e-15,1.546254124387738e-14,feasible,False,-0.1116685723301605,-0.10145393561637775,feasible,False,0.2566023312517435,0.006718850237018036,feasible,False,-0.23103196320770172,-0.13646554746991907,feasible,False,-3.0947730923033254,-0.003667612816367481,feasible,True,0.0330446156494108,0.0060260081468474225,2,0.16592,,,0.0,0,0.0,,,0.0,1,0.5601,,,1.1616115024756315,18,22.2503,,,1.0033780574232096,4,0,0,True,True,0.0,0
896,ZNK,3,3,analyzed,saved,1.03363,1.03366,-2.999999999997449e-05,0.0029023083025341494,missing_class,False,gate_rejected,False,False,False,True,raw_fallback,,,,-2.999999999997449e-05,0.0029023083025341494,feasible,False,0.12660529481008798,0.011779908038145884,feasible,False,0.038725363509804295,0.0035916730673068546,feasible,False,0.07870793060195369,0.012868003268655191,feasible,False,0.09430906133568989,0.013090286036410275,feasible,False,0.0002894802738929134,1.0399862028911272e-05,1,0.03937,,,1.0,0,0.0,,,1.0,0,0.0,,,1.0,2,0.99428,,,1.0,0,0,4,False,False,0.0,0
873,ZNN,3,1,analyzed,saved,0.16535,0.16535,0.0,0.0,missing_class,False,gate_rejected,False,False,False,True,raw_fallback,,,,0.0,0.0,feasible,False,9.521637218755e-06,8.928571428451493e-07,feasible,False,9.521637218824431e-06,8.928571428520882e-07,feasible,False,9.521637218824431e-06,8.928571428520882e-07,feasible,False,9.521637218824431e-06,8.928571428520882e-07,feasible,False,9.521637218893861e-06,8.928571428590271e-07,0,0.0,,,1.0,0,0.0,,,1.0,0,0.0,,,1.0,1,0.16535,,,1.0,0,0,4,False,False,0.0,0
811,ZNX,3,1,analyzed,saved,0.12074,0.12073,9.999999999996123e-06,0.008282945415386501,missing_class,False,gate_rejected,False,False,False,True,raw_fallback,,,,9.999999999996123e-06,0.008282945415386501,feasible,False,4.7431186416234093e-05,2.463503649633575e-06,feasible,False,4.743118641630107e-05,2.4635036496370444e-06,feasible,False,4.7431186416234093e-05,2.463503649633575e-06,feasible,False,4.743118641630107e-05,2.4635036496370444e-06,feasible,False,4.7431186416234093e-05,2.463503649633575e-06,0,0.0,,,1.0,0,0.0,,,1.0,0,0.0,,,1.0,1,0.12074,,,1.0,0,0,4,False,False,0.0,0
827,ZNZ,2,2,analyzed,saved,1.51984,1.51984,0.0,0.0,missing_class,False,gate_rejected,False,False,False,True,raw_fallback,,,,0.0,0.0,feasible,False,-0.0025088875558029024,-0.0011097313296610399,feasible,False,0.009112184234308908,0.0038662259124411574,feasible,False,-0.00039817211209501515,-0.00020595670475331233,feasible,False,0.009112184234308908,0.0038662259124411574,feasible,False,0.00012616599670297208,1.8556494795163476e-05,0,0.0,,,1.0,1,1.26474,,,1.0,0,0.0,,,1.0,1,0.25512,,,1.0,0,0,4,False,False,0.0,0
1677,ZOM,1,1,analyzed,saved,0.69449,0.6944899999999999,1.1102230246251565e-16,1.5986162862318487e-14,missing_class,False,gate_rejected,False,False,False,True,raw_fallback,,,,1.1102230246251565e-16,1.5986162862318487e-14,feasible,False,0.00015939360442623278,6.198238256858481e-06,feasible,False,0.00015939360442584574,6.198238256833327e-06,feasible,False,0.00015939360442623278,6.198238256858481e-06,feasible,False,0.00015939360442584574,6.198238256833327e-06,feasible,False,0.00015939360442584574,6.198238256833327e-06,1,0.6945,,,1.0,0,0.0,,,1.0,0,0.0,,,1.0,0,0.0,,,1.0,0,0,4,False,False,0.0,0
56,ZRQ,1,1,analyzed,saved,0.11227,0.11228,-1.0000000000010001e-05,0.00890630566441931,missing_class,False,gate_rejected,False,False,False,True,raw_fallback,,,,-1.0000000000010001e-05,0.00890630566441931,feasible,False,0.0003000837448688596,4.712098440725438e-06,feasible,False,0.0003000837448692983,4.712098440728691e-06,feasible,False,0.0003000837448688596,4.712098440725438e-06,feasible,False,0.0003000837448688596,4.712098440725438e-06,feasible,False,0.0003000837448692983,4.712098440728691e-06,1,0.1123,,,1.0,0,0.0,,,1.0,0,0.0,,,1.0,0,0.0,,,1.0,0,0,4,False,False,0.0,0
2038,ZUB,5,5,analyzed,saved,1.3349600000000001,1.3350000000000002,-4.0000000000040004e-05,0.002996254681650936,missing_class,False,feasible,False,True,True,True,minimax_ratio,0.10828175230953851,0.01650833257322892,1/3/4,2.220446049250313e-16,1.6632554676032306e-14,feasible,False,0.46877134371420254,0.05718771901016292,feasible,False,0.4693061893871556,0.05710394572124533,feasible,False,0.4487791022647609,0.06031911915743789,feasible,False,0.31040943276097815,0.06472066912539517,feasible,True,0.10828175230953851,0.01650833257322892,1,0.31161,,,1.3852865522719622,0,0.0,,,0.0,2,0.66396,,,0.012001600370388665,2,0.35942999999999997,,,2.490891885638537,4,0,0,True,True,0.0,0
2164,ZUR,1,1,analyzed,saved,0.08986,0.08988,-2.0000000000006124e-05,0.022251891410776728,missing_class,False,gate_rejected,False,False,False,True,raw_fallback,,,,-2.0000000000006124e-05,0.022251891410776728,feasible,False,2.9901841288011298e-05,2.06313366096951e-07,feasible,False,2.9901841288011298e-05,2.06313366096951e-07,feasible,False,2.9901841287927073e-05,2.0631336609348155e-07,feasible,False,2.9901841288011298e-05,2.06313366096951e-07,feasible,False,2.9901841288011298e-05,2.06313366096951e-07,1,0.08987,,,1.0,0,0.0,,,1.0,0,0.0,,,1.0,0,0.0,,,1.0,0,0,4,False,False,0.0,0
1854,ZUT,2,2,analyzed,saved,0.28505,0.28511,-5.999999999994898e-05,0.021044509136806493,missing_class,False,gate_rejected,False,False,False,True,raw_fallback,,,,-5.999999999994898e-05,0.021044509136806493,feasible,False,0.17764600215034587,0.007183765603435387,feasible,False,0.2153320871672367,0.00870772554112515,feasible,False,-0.32079893375743845,-0.01297248339741864,feasible,False,-0.021298747188045843,-0.0008612151280349926,feasible,False,6.209064145303083e-05,2.580118222454686e-06,0,0.0,,,1.0,0,0.0,,,1.0,1,0.12728,,,1.0,1,0.15781,,,1.0,0,0,4,False,False,0.0,0
1844,ZWE,3,3,analyzed,saved,3.78643,3.78646,-2.9999999999752447e-05,0.0007922967626688898,missing_class,False,feasible,False,True,True,True,minimax_ratio,0.021887866712606948,0.00497172378479516,3/4,4.440892098500626e-16,1.1728348110109776e-14,feasible,False,-0.01633838978718748,-0.01866823709160195,feasible,False,0.057648636130715636,0.02708697302345636,feasible,False,-0.21687593196882762,-0.08948994380039078,feasible,False,0.1227408666641433,0.06734144531728217,feasible,True,0.021887866712606948,0.00497172378479516,1,0.60925,,,0.0,0,0.0,,,0.0,1,1.32396,,,0.7860590380669703,1,1.85326,,,1.4815682083668813,4,0,0,True,True,0.0,0
813,ZYI,2,2,analyzed,saved,0.4788,0.47879,1.0000000000010001e-05,0.0020885983416550056,missing_class,False,gate_rejected,False,False,False,True,raw_fallback,,,,1.0000000000010001e-05,0.0020885983416550056,feasible,False,0.023752007908897692,0.004782107142857116,feasible,False,0.02375200790889775,0.00478210714285713,feasible,False,0.023752007908897692,0.004782107142857116,feasible,False,0.023752007908897692,0.004782107142857116,feasible,False,0.02375200790889775,0.00478210714285713,0,0.0,,,1.0,1,0.33081,,,1.0,0,0.0,,,1.0,1,0.14799,,,1.0,0,0,4,False,False,0.0,0
552,ZZB,1,1,analyzed,saved,0.30723,0.30724,-1.0000000000010001e-05,0.003254784533267153,missing_class,False,gate_rejected,False,False,False,True,raw_fallback,,,,-1.0000000000010001e-05,0.003254784533267153,feasible,False,0.00023025726034784998,-2.6587667445541335e-07,feasible,False,0.00023025726035607927,-2.6587667444240293e-07,feasible,False,0.00023025726034784998,-2.6587667445541335e-07,feasible,False,0.00023025726034784998,-2.6587667445541335e-07,feasible,False,0.00023025726035607927,-2.6587667444240293e-07,1,0.30724,,,1.0,0,0.0,,,1.0,0,0.0,,,1.0,0,0.0,,,1.0,0,0,4,False,False,0.0,0
57,ZZR,1,1,analyzed,saved,0.3731,0.37310000000000004,-5.551115123125783e-17,1.4878357338852272e-14,missing_class,False,gate_rejected,False,False,False,True,raw_fallback,,,,-5.551115123125783e-17,1.4878357338852272e-14,feasible,False,0.0011546245170252622,5.654538634646336e-06,feasible,False,0.0011546245170252622,5.654538634646336e-06,feasible,False,0.0011546245170252622,5.654538634646336e-06,feasible,False,0.0011546245170252622,5.654538634646336e-06,feasible,False,0.0011546245170252622,5.654538634646336e-06,1,0.37311,,,1.0,0,0.0,,,1.0,0,0.0,,,1.0,0,0.0,,,1.0,0,0,4,False,False,0.0,0
2264,ZZZ,9,9,analyzed,saved,5.91136,5.911439999999999,-7.999999999874774e-05,0.0013533081617803405,negative_factor,False,feasible,False,True,True,True,minimax_ratio,0.11562877597840318,0.03477056700373164,3/4,0.0,0.0,feasible,False,-0.24205707937004725,0.04573821733233949,feasible,False,0.13748523543281208,0.026470651969380074,feasible,False,-0.13142927160382817,0.07312785125610952,feasible,False,0.016452348524379518,0.07243247299523213,feasible,True,0.11562877597840318,0.03477056700373164,3,1.3939300000000001,,-17.347967768288047,0.0,2,0.39282,,239.8660089008263,0.0,1,2.59835,,-6.048932909460122,0.9843191779143328,3,1.52635,,-31.720626389164714,2.1972515157420864,4,0,0,True,True,0.0,0
