location_id,location,owner_id,owner_tag,controller_id,market_id,province_id,rank,raw_material,development,control,pop_group_count,population_total,sol_population_total,population_nobles,population_clergy,population_burghers,population_laborers,population_peasants,population_soldiers,population_tribesmen,population_slaves,population_commoners,population_lower,population_share_nobles,population_share_clergy,population_share_burghers,population_share_laborers,population_share_peasants,population_share_soldiers,population_share_tribesmen,population_share_commoners,population_share_lower,sol_class_label,sol_structural_class_label,gls_location_actual_per_capita_spending,sol_location_anchor_score_burghers,sol_location_anchor_score_clergy,sol_location_anchor_score_commoners,sol_location_anchor_score_nobles,sol_location_anchor_score_tribesmen,sol_location_base_total_spending,sol_location_baseline_total_spending,sol_location_burghers_base_spending,sol_location_burghers_income,sol_location_burghers_liquid_funds,sol_location_burghers_net_income,sol_location_clergy_base_spending,sol_location_clergy_income,sol_location_clergy_liquid_funds,sol_location_clergy_net_income,sol_location_commoners_base_spending,sol_location_commoners_income,sol_location_commoners_liquid_funds,sol_location_commoners_net_income,sol_location_demand_class,sol_location_demand_class_confidence,sol_location_demand_class_penalty_candidate,sol_location_demand_class_score,sol_location_demand_class_score_candidate,sol_location_demand_class_selected_affinity,sol_location_demand_class_selected_penalty,sol_location_demand_score_burghers,sol_location_demand_score_clergy,sol_location_demand_score_lower,sol_location_demand_score_nobles,sol_location_demand_structural_best_score,sol_location_demand_structural_class,sol_location_demand_structural_second_score,sol_location_estate_building_maintenance_burghers,sol_location_estate_building_maintenance_clergy,sol_location_estate_building_maintenance_commoners,sol_location_estate_building_maintenance_nobles,sol_location_estate_building_maintenance_tribesmen,sol_location_estate_buildings_burghers,sol_location_estate_buildings_clergy,sol_location_estate_buildings_commoners,sol_location_estate_buildings_nobles,sol_location_estate_buildings_tribesmen,sol_location_final_demand_scale,sol_location_laborers_base_spending,sol_location_liquid_funds,sol_location_liquid_funds_multiplier,sol_location_lower_base_spending,sol_location_nobles_base_spending,sol_location_nobles_income,sol_location_nobles_liquid_funds,sol_location_nobles_net_income,sol_location_peasants_base_spending,sol_location_pop_demand_modifier_size,sol_location_raw_demand_scale,sol_location_savings_pressure_adjustment,sol_location_share_burghers,sol_location_share_clergy,sol_location_share_lower,sol_location_share_nobles,sol_location_soldiers_base_spending,sol_location_total_income,sol_location_tribesmen_base_spending,sol_location_tribesmen_income,sol_location_tribesmen_liquid_funds,sol_location_tribesmen_net_income
3383,bihar,381,HUN,381,22,1280,rural_settlement,wine,17.00005,0.18256,7,21.34423,21.34423,0.05335,0.11212,0.00000,2.10062,19.02813,0.05001,0.00000,0.00000,21.17876,21.17876,0.0024995045,0.0052529419,0.0000000000,0.0984162933,0.8914882383,0.0023430220,0.0000000000,0.9922475536,0.9922475536,lower,lower,0.04122,0.00000,0.00297,0.00476,0.16314,0.00000,0.27883,0.87986,0.00000,0.00000,0.00000,0.00000,0.02898,0.16320,0.17029,0.16320,0.03655,0.11537,0.12038,0.11537,4.00000,0.42655,0.04052,0.58035,0.58035,0.62087,0.04052,-1.00000,0.19432,0.62087,0.11381,0.62087,4.00000,0.19432,0.00000,0.00000,0.00000,1.00000,0.00000,0.00000,0.00000,0.00000,1.00000,0.00000,3.15557,0.00520,0.87987,1.04346,0.03655,0.21330,1.56466,0.58920,0.56466,0.03120,2.15557,3.15557,0.04346,0.0000000000,0.1039300000,0.1310800000,0.7649800000,0.00015,0.84323,0.00000,0.00000,0.00000,0.00000
3384,beius,381,HUN,381,22,1280,rural_settlement,iron,16.00004,0.01111,10,15.72683,15.72683,0.03893,0.07763,0.00000,1.10031,14.45995,0.05001,0.00000,0.00000,15.61027,15.61027,0.0024753876,0.0049361505,0.0000000000,0.0699638770,0.9194446688,0.0031799161,0.0000000000,0.9925884619,0.9925884619,lower,lower,0.07657,0.00000,0.00197,0.00346,0.11973,0.00000,0.20228,1.20420,0.00000,0.00000,0.00000,0.00000,0.02006,0.09581,0.09997,0.09581,0.02658,0.07676,0.08009,0.07676,4.00000,0.48532,0.02538,0.59944,0.59944,0.62482,0.02538,-1.00000,0.13950,0.62482,0.12028,0.62482,4.00000,0.13950,0.00000,0.00000,0.00000,0.00000,0.00000,0.00000,0.00000,0.00000,0.00000,0.00000,5.95318,0.00272,1.20421,1.04346,0.02658,0.15564,0.98149,1.02414,0.98149,0.02371,4.95318,5.95318,0.04346,0.0000000000,0.0991600000,0.1314000000,0.7694200000,0.00015,1.15406,0.00000,0.00000,0.00000,0.00000
3385,cheresig,381,HUN,381,22,1280,rural_settlement,wool,17.00005,0.18011,7,23.41785,23.41785,0.08196,0.13951,0.00000,2.10061,21.04576,0.05001,0.00000,0.00000,23.19638,23.19638,0.0034998943,0.0059574214,0.0000000000,0.0897012322,0.8987059017,0.0021355504,0.0000000000,0.9905426843,0.9905426843,lower,lower,0.08757,0.00000,0.00322,0.00391,0.26603,0.00000,0.40360,2.05075,0.00000,0.00000,0.00000,0.00000,0.03606,0.17758,0.18529,0.17758,0.03986,0.11060,0.11540,0.11060,4.00000,0.03910,0.05393,0.16728,0.16728,0.22121,0.05393,-1.00000,0.02666,0.22121,0.18211,0.22121,4.00000,0.18211,0.00000,0.00000,0.00000,0.00000,0.00000,0.00000,0.00000,0.00000,0.00000,0.00000,5.08116,0.00520,2.05076,1.04346,0.03986,0.32768,1.67717,1.75005,1.67717,0.03451,4.08116,5.08116,0.04346,0.0000000000,0.0893400000,0.0987600000,0.8118900000,0.00015,1.96535,0.00000,0.00000,0.00000,0.00000
3386,debrecen,381,HUN,381,22,1280,rural_settlement,beeswax,19.00009,0.17778,6,22.17632,22.17632,0.06178,0.11625,0.01000,2.10062,19.83766,0.05001,0.00000,0.00000,21.98829,21.98829,0.0027858545,0.0052420780,0.0004509314,0.0947235610,0.8945424669,0.0022551082,0.0000000000,0.9915211361,0.9915211361,lower,lower,0.01616,0.00018,0.00278,0.00442,0.18882,0.00000,0.32305,0.35850,0.00812,0.02371,0.02474,0.02371,0.03005,0.18715,0.19528,0.18715,0.03788,0.13272,0.13848,0.13272,4.00000,0.33662,0.04863,0.40122,0.40122,0.44985,0.04863,-0.82702,0.06883,0.44985,0.11323,0.44985,4.00000,0.11323,0.00000,0.00000,0.00000,2.00000,0.00000,0.00000,0.00000,0.00000,2.00000,0.00000,1.10976,0.00520,0.35851,1.04346,0.03788,0.24700,1.85830,0.00000,0.00000,0.03253,0.10976,1.10976,0.04346,0.0251300000,0.0930100000,0.1172500000,0.7645800000,0.00015,0.34358,0.00000,0.00000,0.00000,0.00000
3387,oradea,381,HUN,381,22,1280,rural_settlement,wheat,17.00005,0.18266,7,22.17322,22.17322,0.06008,0.10986,0.00000,2.10062,19.85265,0.05001,0.00000,0.00000,22.00328,22.00328,0.0027095749,0.0049546254,0.0000000000,0.0947368041,0.8953435721,0.0022554234,0.0000000000,0.9923357997,0.9923357997,lower,lower,0.00556,0.00000,0.00261,0.00466,0.18822,0.00000,0.30650,0.12335,0.00000,0.00000,0.00000,0.00000,0.02840,0.06758,0.07051,0.06758,0.03790,0.05065,0.05285,0.05065,4.00000,0.38795,0.04543,0.48356,0.48356,0.52899,0.04543,-1.00000,0.06469,0.52899,0.14104,0.52899,4.00000,0.14104,0.00000,0.00000,0.00000,1.00000,0.00000,0.00000,0.00000,0.00000,1.00000,0.00000,0.40247,0.00520,0.12336,1.04346,0.03790,0.24020,0.70406,0.00000,0.00000,0.03255,-0.59753,0.40247,0.04346,0.0000000000,0.0926500000,0.1236500000,0.7836800000,0.00015,0.11823,0.00000,0.00000,0.00000,0.00000
3388,eger,381,HUN,381,22,1293,rural_settlement,clay,16.00005,0.64612,6,26.02016,26.02016,0.09559,0.15511,0.01000,2.10051,23.60894,0.05001,0.00000,0.00000,25.75946,25.75946,0.0036736899,0.0059611470,0.0003843174,0.0807262523,0.9073326221,0.0019219713,0.0000000000,0.9899808456,0.9899808456,lower,nobles,0.00514,0.00012,0.00337,0.00408,0.30785,0.00000,0.47445,0.13378,0.00812,0.00568,0.00592,0.00568,0.04009,0.07747,0.08083,0.07747,0.04406,0.04507,0.04702,0.04507,4.00000,0.02458,0.05548,0.09278,0.09278,0.14826,0.05548,-0.88222,-0.02907,0.14826,0.17284,0.17284,1.00000,0.14826,0.00000,0.00000,0.00000,1.00000,0.00000,0.00000,0.00000,0.00000,1.00000,0.00000,0.28198,0.00520,0.13379,1.04346,0.04406,0.38218,0.72419,0.00000,0.00000,0.03871,-0.71802,0.28198,0.04346,0.0171100000,0.0844900000,0.0928600000,0.8055200000,0.00015,0.12822,0.00000,0.00000,0.00000,0.00000
3389,heves,381,HUN,381,22,1293,rural_settlement,fish,20.00009,0.40293,6,22.73046,22.73046,0.05682,0.11265,0.01000,2.10063,20.40035,0.05001,0.00000,0.00000,22.55099,22.55099,0.0024997294,0.0049559050,0.0004399383,0.0924147598,0.8974895361,0.0022001315,0.0000000000,0.9921044273,0.9921044273,lower,lower,0.06460,0.00019,0.00277,0.00494,0.17017,0.00000,0.30321,1.46850,0.00812,0.01380,0.01439,0.01380,0.02912,0.11849,0.12363,0.11849,0.03880,0.08139,0.08492,0.08139,4.00000,0.47876,0.03051,0.55178,0.55178,0.58229,0.03051,-0.81566,0.10353,0.58229,0.09085,0.58229,4.00000,0.10353,0.00000,0.00000,0.00000,0.00000,0.00000,0.00000,0.00000,0.00000,0.00000,0.00000,4.84321,0.00520,1.46851,1.04346,0.03880,0.22717,1.19367,1.24554,1.19367,0.03345,3.84321,4.84321,0.04346,0.0267800000,0.0960300000,0.1279600000,0.7492100000,0.00015,1.40735,0.00000,0.00000,0.00000,0.00000
3390,miskolc,381,HUN,381,22,1293,rural_settlement,stone,12.00003,0.33137,6,24.27060,24.27060,0.06605,0.12034,0.00000,2.10052,21.93368,0.05001,0.00000,0.00000,24.08421,24.08421,0.0027213996,0.0049582623,0.0000000000,0.0865458621,0.9037139585,0.0020605177,0.0000000000,0.9923203382,0.9923203382,lower,lower,0.01292,0.00000,0.00285,0.00505,0.20722,0.00000,0.33650,0.31359,0.00000,0.00000,0.00000,0.00000,0.03111,0.17607,0.18372,0.17607,0.04132,0.12447,0.12987,0.12447,4.00000,0.37576,0.04656,0.47180,0.47180,0.51836,0.04656,-1.00000,0.06239,0.51836,0.14260,0.51836,4.00000,0.14260,0.00000,0.00000,0.00000,2.00000,0.00000,0.00000,0.00000,0.00000,2.00000,0.00000,0.93194,0.00520,0.31360,1.04346,0.04132,0.26407,1.82466,0.00000,0.00000,0.03597,-0.06806,0.93194,0.04346,0.0000000000,0.0924500000,0.1227900000,0.7847500000,0.00015,0.30054,0.00000,0.00000,0.00000,0.00000
3391,borsod,381,HUN,381,22,1293,rural_settlement,livestock,17.00005,0.32871,6,19.62922,19.62922,0.04907,0.09714,0.00000,1.10033,18.33267,0.05001,0.00000,0.00000,19.48301,19.48301,0.0024998446,0.0049487448,0.0000000000,0.0560557169,0.9339479613,0.0025477324,0.0000000000,0.9925514106,0.9925514106,lower,lower,0.05007,0.00000,0.00247,0.00424,0.15136,0.00000,0.25422,0.98297,0.00000,0.00000,0.00000,0.00000,0.02511,0.07963,0.08309,0.07963,0.03293,0.05647,0.05892,0.05647,4.00000,0.46668,0.03532,0.56638,0.56638,0.60170,0.03532,-1.00000,0.13502,0.60170,0.12358,0.60170,4.00000,0.13502,0.00000,0.00000,0.00000,0.00000,0.00000,0.00000,0.00000,0.00000,0.00000,0.00000,3.86665,0.00272,0.98298,1.04346,0.03293,0.19618,0.80594,0.84096,0.80594,0.03006,2.86665,3.86665,0.04346,0.0000000000,0.0987700000,0.1295300000,0.7716900000,0.00015,0.94204,0.00000,0.00000,0.00000,0.00000
3392,crasna,381,HUN,381,22,1277,rural_settlement,lumber,14.00003,0.01843,14,9.47827,9.47827,0.02366,0.12729,0.00000,1.10146,8.17580,0.05006,0.00000,0.00000,9.32732,9.32732,0.0024962361,0.0134296660,0.0000000000,0.1162089706,0.8625835727,0.0052815545,0.0000000000,0.9840740979,0.9840740979,clergy,clergy,0.01409,0.00000,0.00751,0.00180,0.06218,0.00000,0.14377,0.13354,0.00000,0.00000,0.00000,0.00000,0.03290,0.09913,0.10343,0.09913,0.01628,0.02886,0.03011,0.02886,2.00000,1.22948,0.00502,1.61395,0.39512,1.62962,0.01567,-1.00000,1.62962,0.40014,-0.04206,1.62962,2.00000,0.40014,0.00000,0.00000,0.00000,1.00000,0.00000,0.00000,0.00000,0.00000,1.00000,0.00000,0.92891,0.00273,0.13355,1.04346,0.01628,0.09459,0.37180,0.00000,0.00000,0.01340,-0.07109,0.92891,0.04346,0.0000000000,0.2288300000,0.1132300000,0.6579200000,0.00015,0.12799,0.00000,0.00000,0.00000,0.00000
3393,hodod,381,HUN,381,22,1277,rural_settlement,wool,14.00003,0.01552,13,13.19970,13.19970,0.03665,0.06399,0.01000,1.10033,11.93872,0.05001,0.00000,0.00000,13.08906,13.08906,0.0027765783,0.0048478375,0.0007575930,0.0833602279,0.9044690410,0.0037887225,0.0000000000,0.9916179913,0.9916179913,lower,lower,0.00972,0.00030,0.00139,0.00258,0.11088,0.00000,0.19363,0.12838,0.00812,0.01481,0.01545,0.01481,0.01654,0.05968,0.06227,0.05968,0.02244,0.04856,0.05067,0.04856,4.00000,0.33121,0.04876,0.38428,0.38428,0.43304,0.04876,-0.71138,-0.01838,0.43304,0.10183,0.43304,4.00000,0.10183,0.00000,0.00000,0.00000,1.00000,0.00000,0.00000,0.00000,0.00000,1.00000,0.00000,0.66306,0.00272,0.12839,1.04346,0.02244,0.14653,0.64420,0.00000,0.00000,0.01957,-0.33694,0.66306,0.04346,0.0419300000,0.0854200000,0.1158900000,0.7567500000,0.00015,0.12305,0.00000,0.00000,0.00000,0.00000
3394,zalau,381,HUN,381,22,1277,rural_settlement,legumes,14.00003,0.17809,7,14.89058,14.89058,0.05874,0.08933,0.00000,1.10035,13.59215,0.05001,0.00000,0.00000,14.74251,14.74251,0.0039447758,0.0059990947,0.0000000000,0.0738957112,0.9128019191,0.0033584991,0.0000000000,0.9900561294,0.9900561294,nobles,nobles,0.00541,0.00000,0.00187,0.00222,0.19480,0.00000,0.28310,0.08055,0.00000,0.00000,0.00000,0.00000,0.02309,0.04770,0.04977,0.04770,0.02516,0.02951,0.03079,0.02951,1.00000,0.10892,0.05253,0.19506,0.04639,0.20784,0.01278,-1.00000,-0.06274,0.09892,0.20784,0.20784,1.00000,0.09892,0.00000,0.00000,0.00000,2.00000,0.00000,0.00000,0.00000,0.00000,2.00000,0.00000,0.28456,0.00272,0.08056,1.04346,0.02516,0.23485,0.46838,0.00000,0.00000,0.02229,-0.71544,0.28456,0.04346,0.0000000000,0.0815600000,0.0888700000,0.8295600000,0.00015,0.07721,0.00000,0.00000,0.00000,0.00000
3395,pest,381,HUN,381,22,1292,town,wheat,25.00012,0.92934,6,29.69453,29.69453,0.36681,0.57515,0.80022,2.75113,24.60106,0.60016,0.00000,0.00000,27.95235,27.95235,0.0123527801,0.0193688871,0.0269483976,0.0926477031,0.8284711023,0.0202111298,0.0000000000,0.9413299352,0.9413299352,burghers,burghers,0.09203,0.18281,0.00954,0.00103,0.92913,0.00000,2.31481,2.73286,0.65053,0.45229,0.47194,0.45229,0.14868,0.34711,0.36219,0.34711,0.04905,0.25623,0.26736,0.25623,3.00000,1.01187,0.00978,0.91624,-0.74787,0.93433,0.01809,0.93433,-0.26200,-0.73809,-0.07754,0.93433,3.00000,-0.07754,0.00000,0.00000,0.00000,0.00000,0.00000,0.00000,0.00000,0.00000,0.00000,0.00000,1.18060,0.00682,2.73288,1.04346,0.04905,1.46655,1.56343,1.63137,1.56343,0.04034,0.18060,1.18060,0.04346,0.2810200000,0.0642200000,0.0211800000,0.6335500000,0.00189,2.61906,0.00000,0.00000,0.00000,0.00000
3396,abrahamtelke,381,HUN,381,22,1292,rural_settlement,saltpeter,21.00012,0.87371,6,19.56112,19.56112,0.05566,0.09780,0.01000,1.10039,18.24726,0.05001,0.00000,0.00000,19.39766,19.39766,0.0028454403,0.0049997137,0.0005112182,0.0562539364,0.9328330893,0.0025566021,0.0000000000,0.9916436278,0.9916436278,lower,lower,0.02186,0.00020,0.00218,0.00370,0.17148,0.00000,0.28872,0.42775,0.00812,0.01363,0.01422,0.01363,0.02528,0.13657,0.14250,0.13657,0.03279,0.17014,0.00000,0.00000,4.00000,0.28215,0.05094,0.35341,0.35341,0.40435,0.05094,-0.80644,0.00609,0.40435,0.12220,0.40435,4.00000,0.12220,0.00000,0.00000,1.00000,1.00000,0.00000,0.00000,0.00000,1.00000,1.00000,0.00000,1.48157,0.00272,0.42776,1.04346,0.03279,0.22253,1.25975,0.27103,0.25975,0.02992,0.48157,1.48157,0.04346,0.0281200000,0.0875500000,0.1135700000,0.7707400000,0.00015,0.40995,0.00000,0.00000,0.00000,0.00000
3397,jaszbereny,381,HUN,381,22,1292,rural_settlement,wild_game,19.00007,0.44772,7,10.99451,10.99451,0.03375,0.05496,0.00000,1.10040,9.75539,0.05001,0.00000,0.00000,10.90580,10.90580,0.0030697139,0.0049988585,0.0000000000,0.1000863158,0.8872964780,0.0045486338,0.0000000000,0.9919314276,0.9919314276,lower,lower,0.03333,0.00000,0.00119,0.00208,0.10833,0.00000,0.16799,0.36652,0.00000,0.00000,0.00000,0.00000,0.01420,0.10978,0.11455,0.10978,0.01886,0.07337,0.07655,0.07337,4.00000,0.21869,0.05172,0.33643,0.33643,0.38815,0.05172,-1.00000,-0.02872,0.38815,0.16946,0.38815,4.00000,0.16946,0.00000,0.00000,0.00000,1.00000,0.00000,0.00000,0.00000,0.00000,1.00000,0.00000,2.18185,0.00272,0.36653,1.04346,0.01886,0.13493,1.16812,0.17542,0.16812,0.01599,1.18185,2.18185,0.04346,0.0000000000,0.0845200000,0.1122600000,0.8032000000,0.00015,0.35127,0.00000,0.00000,0.00000,0.00000
3398,kecskemet,381,HUN,381,22,1292,rural_settlement,horses,19.00009,0.64294,6,15.39544,15.39544,0.04647,0.08495,0.01000,1.10039,14.10362,0.05001,0.00000,0.00000,15.25402,15.25402,0.0030184262,0.0055178676,0.0006495430,0.0714750601,0.9160907386,0.0032483645,0.0000000000,0.9908141632,0.9908141632,lower,lower,0.02312,0.00024,0.00198,0.00277,0.14268,0.00000,0.24186,0.35601,0.00812,0.02425,0.02530,0.02425,0.02196,0.18059,0.18843,0.18059,0.02599,0.13636,0.14228,0.13636,4.00000,0.21021,0.05187,0.27680,0.27680,0.32867,0.05187,-0.76892,0.04332,0.32867,0.11846,0.32867,4.00000,0.11846,0.00000,0.00000,0.00000,2.00000,0.00000,0.00000,0.00000,0.00000,2.00000,0.00000,1.47200,0.00272,0.35602,1.04346,0.02599,0.18579,1.67085,0.00000,0.00000,0.02312,0.47200,1.47200,0.04346,0.0335700000,0.0907900000,0.1074500000,0.7681700000,0.00015,0.34120,0.00000,0.00000,0.00000,0.00000
3399,szabolcs,381,HUN,381,22,1294,rural_settlement,fish,15.00005,0.23784,6,12.51819,12.51819,0.03129,0.06259,0.01000,1.10038,11.26392,0.05001,0.00000,0.00000,12.41431,12.41431,0.0024995626,0.0049999241,0.0007988375,0.0879024843,0.8998042049,0.0039949865,0.0000000000,0.9917016757,0.9917016757,lower,lower,0.04925,0.00035,0.00152,0.00263,0.09165,0.00000,0.17074,0.61652,0.00812,0.01124,0.01172,0.01124,0.01618,0.04923,0.05136,0.04923,0.02134,0.03578,0.03733,0.03578,4.00000,0.45650,0.03799,0.50745,0.50745,0.54544,0.03799,-0.67270,0.08894,0.54544,0.06680,0.54544,4.00000,0.08894,0.00000,0.00000,0.00000,0.00000,0.00000,0.00000,0.00000,0.00000,0.00000,0.00000,3.61092,0.00272,0.61653,1.04346,0.02134,0.12510,0.49461,0.51610,0.49461,0.01847,2.61092,3.61092,0.04346,0.0475500000,0.0947600000,0.1249800000,0.7326900000,0.00015,0.59086,0.00000,0.00000,0.00000,0.00000
3400,hajduszoboszlo,381,HUN,381,22,1294,rural_settlement,wool,17.00006,0.33407,5,14.49514,14.49514,0.05072,0.09468,0.00000,1.10039,13.19934,0.05001,0.00000,0.00000,14.34974,14.34974,0.0034991038,0.0065318445,0.0000000000,0.0759144099,0.9106045199,0.0034501219,0.0000000000,0.9899690517,0.9899690517,lower,lower,0.07400,0.00000,0.00234,0.00238,0.16329,0.00000,0.25176,1.07267,0.00000,0.00000,0.00000,0.00000,0.02447,0.11305,0.00000,0.00000,0.02451,0.06046,0.06308,0.06046,4.00000,0.03106,0.05516,0.14862,0.14862,0.20378,0.05516,-1.00000,0.11686,0.20378,0.17272,0.20378,4.00000,0.17272,0.00000,1.00000,0.00000,0.00000,0.00000,0.00000,1.00000,0.00000,0.00000,0.00000,4.26072,0.00272,1.07268,1.04346,0.02451,0.20278,0.96755,1.00959,0.96755,0.02164,3.26072,4.26072,0.04346,0.0000000000,0.0971900000,0.0973500000,0.8054400000,0.00015,1.02801,0.00000,0.00000,0.00000,0.00000
3401,nagyboszormeny,381,HUN,381,22,1294,rural_settlement,wool,21.00009,0.18866,6,11.72564,11.72564,0.02931,0.05862,0.01000,1.10039,10.47731,0.05001,0.00000,0.00000,11.62771,11.62771,0.0024996503,0.0049993007,0.0008528319,0.0938447709,0.8935384337,0.0042650124,0.0000000000,0.9916482171,0.9916482171,lower,lower,0.09751,0.00037,0.00137,0.00249,0.08554,0.00000,0.16050,1.14345,0.00812,0.02271,0.02369,0.02271,0.01515,0.09088,0.09482,0.09088,0.02005,0.06731,0.07023,0.06731,4.00000,0.46001,0.03710,0.50760,0.50760,0.54470,0.03710,-0.65177,0.08469,0.54470,0.06301,0.54470,4.00000,0.08469,0.00000,0.00000,0.00000,0.00000,0.00000,0.00000,0.00000,0.00000,0.00000,0.00000,7.12436,0.00272,1.14346,1.04346,0.02005,0.11718,0.91494,0.95470,0.91494,0.01718,6.12436,7.12436,0.04346,0.0505900000,0.0943900000,0.1249200000,0.7300900000,0.00015,1.09584,0.00000,0.00000,0.00000,0.00000
3402,nagykallo,381,HUN,381,22,1294,rural_settlement,wheat,19.00009,0.19097,6,11.15610,11.15610,0.03418,0.05577,0.01000,1.10038,9.90576,0.05001,0.00000,0.00000,11.05615,11.05615,0.0030637947,0.0049990588,0.0008963706,0.0986348276,0.8879231990,0.0044827493,0.0000000000,0.9910407759,0.9910407759,lower,lower,0.00430,0.00033,0.00112,0.00201,0.10471,0.00000,0.17829,0.04802,0.00812,0.00957,0.00998,0.00957,0.01441,0.03646,0.03804,0.03646,0.01911,0.02696,0.00000,0.00000,4.00000,0.20939,0.05197,0.27336,0.27336,0.32533,0.05197,-0.68653,-0.07124,0.32533,0.11594,0.32533,4.00000,0.11594,0.00000,0.00000,1.00000,1.00000,0.00000,0.00000,0.00000,1.00000,1.00000,0.00000,0.26939,0.00272,0.04803,1.04346,0.01911,0.13665,0.39145,0.00000,0.00000,0.01624,-0.73061,0.26939,0.04346,0.0455400000,0.0808200000,0.1071800000,0.7664400000,0.00015,0.04603,0.00000,0.00000,0.00000,0.00000
3403,varda,381,HUN,381,22,1294,rural_settlement,legumes,15.00005,0.19118,5,11.48961,11.48961,0.03519,0.05743,0.00000,1.10038,10.24660,0.05001,0.00000,0.00000,11.39699,11.39699,0.0030627671,0.0049984290,0.0000000000,0.0957717451,0.8918144306,0.0043526282,0.0000000000,0.9919388038,0.9919388038,lower,lower,0.00732,0.00000,0.00125,0.00216,0.11295,0.00000,0.17520,0.08418,0.00000,0.00000,0.00000,0.00000,0.01484,0.04637,0.04838,0.04637,0.01967,0.03432,0.03581,0.03432,4.00000,0.21907,0.05169,0.33658,0.33658,0.38827,0.05169,-1.00000,-0.02666,0.38827,0.16920,0.38827,4.00000,0.16920,0.00000,0.00000,0.00000,1.00000,0.00000,0.00000,0.00000,0.00000,1.00000,0.00000,0.48053,0.00272,0.08419,1.04346,0.01967,0.14069,0.49808,0.00000,0.00000,0.01680,-0.51947,0.48053,0.04346,0.0000000000,0.0847000000,0.1122700000,0.8030200000,0.00015,0.08069,0.00000,0.00000,0.00000,0.00000
3404,szatmar,381,HUN,381,22,1276,rural_settlement,wheat,18.00005,0.18460,7,12.84006,12.84006,0.03709,0.06419,0.00000,1.10037,11.58840,0.05001,0.00000,0.00000,12.73878,12.73878,0.0028886158,0.0049991978,0.0000000000,0.0856981977,0.9025191471,0.0038948416,0.0000000000,0.9921121864,0.9921121864,lower,lower,0.00425,0.00000,0.00144,0.00251,0.11769,0.00000,0.18675,0.05462,0.00000,0.00000,0.00000,0.00000,0.01659,0.03006,0.03136,0.03006,0.02187,0.02230,0.02326,0.02230,4.00000,0.29186,0.05046,0.39754,0.39754,0.44800,0.05046,-1.00000,0.02079,0.44800,0.15614,0.44800,4.00000,0.15614,0.00000,0.00000,0.00000,1.00000,0.00000,0.00000,0.00000,0.00000,1.00000,0.00000,0.29253,0.00272,0.05463,1.04346,0.02187,0.14829,0.31670,0.00000,0.00000,0.01900,-0.70747,0.29253,0.04346,0.0000000000,0.0888300000,0.1171000000,0.7940500000,0.00015,0.05236,0.00000,0.00000,0.00000,0.00000
3405,baia_mare,381,HUN,381,22,1276,rural_settlement,goods_gold,14.00003,0.00475,10,15.31554,15.31554,0.05316,0.09089,0.00000,1.10033,14.02115,0.05001,0.00000,0.00000,15.17149,15.17149,0.0034709844,0.0059344953,0.0000000000,0.0718440225,0.9154851869,0.0032653109,0.0000000000,0.9905945203,0.9905945203,lower,lower,0.07394,0.00000,0.00210,0.00252,0.17247,0.00000,0.26189,1.13255,0.00000,0.00000,0.00000,0.00000,0.02349,0.09708,0.10129,0.09708,0.02586,0.06459,0.06739,0.06459,4.00000,0.03934,0.05360,0.16737,0.16737,0.22097,0.05360,-1.00000,0.03068,0.22097,0.18163,0.22097,4.00000,0.18163,0.00000,0.00000,0.00000,0.00000,0.00000,0.00000,0.00000,0.00000,0.00000,0.00000,4.32456,0.00272,1.13256,1.04346,0.02586,0.21254,0.92372,0.96386,0.92372,0.02299,3.32456,4.32456,0.04346,0.0000000000,0.0896900000,0.0987400000,0.8115600000,0.00015,1.08539,0.00000,0.00000,0.00000,0.00000
3406,carei,381,HUN,381,22,1276,rural_settlement,livestock,12.00003,0.18861,6,10.19499,10.19499,0.02547,0.05870,0.01000,1.10037,8.95044,0.05001,0.00000,0.00000,10.10082,10.10082,0.0024982859,0.0057577300,0.0009808739,0.1079324256,0.8779253339,0.0049053506,0.0000000000,0.9907631101,0.9907631101,lower,lower,0.07419,0.00042,0.00161,0.00210,0.07262,0.00000,0.14266,0.75643,0.00812,0.01880,0.01961,0.01880,0.01517,0.07531,0.00000,0.00000,0.01754,0.04838,0.05048,0.04838,4.00000,0.29831,0.05024,0.46997,0.46997,0.52021,0.05024,-0.60827,0.22190,0.52021,0.03928,0.52021,4.00000,0.22190,0.00000,1.00000,0.00000,0.00000,0.00000,0.00000,1.00000,0.00000,0.00000,0.00000,5.30239,0.00272,0.75644,1.04346,0.01754,0.10183,0.65776,0.68634,0.65776,0.01467,4.30239,5.30239,0.04346,0.0569100000,0.1063300000,0.1229400000,0.7137900000,0.00015,0.72494,0.00000,0.00000,0.00000,0.00000
3407,nagyecsed,381,HUN,381,22,1276,rural_settlement,wool,17.00006,0.17778,6,12.53783,12.53783,0.03840,0.06268,0.01000,1.10037,11.27637,0.05001,0.00000,0.00000,12.42675,12.42675,0.0030627310,0.0049992702,0.0007975862,0.0877639911,0.8993876931,0.0039887285,0.0000000000,0.9911404127,0.9911404127,lower,lower,0.01262,0.00030,0.00130,0.00225,0.11827,0.00000,0.19920,0.15831,0.00812,0.01802,0.01880,0.01802,0.01620,0.07670,0.08003,0.07670,0.02136,0.05701,0.05948,0.05701,4.00000,0.20372,0.05199,0.27384,0.27384,0.32583,0.05199,-0.71943,-0.06550,0.32583,0.12211,0.32583,4.00000,0.12211,0.00000,0.00000,0.00000,2.00000,0.00000,0.00000,0.00000,0.00000,2.00000,0.00000,0.79477,0.00272,0.15832,1.04346,0.02136,0.15352,0.82366,0.00000,0.00000,0.01849,-0.20523,0.79477,0.04346,0.0407600000,0.0813200000,0.1072200000,0.7706800000,0.00015,0.15173,0.00000,0.00000,0.00000,0.00000
3408,syvlyush,381,HUN,381,22,1276,rural_settlement,wine,18.00005,0.17454,10,10.89808,10.89808,0.03509,0.06233,0.01000,1.10037,9.64028,0.05001,0.00000,0.00000,10.79066,10.79066,0.0032198332,0.0057193561,0.0009175928,0.1009691615,0.8845851746,0.0045888817,0.0000000000,0.9901432179,0.9901432179,lower,lower,0.01343,0.00032,0.00136,0.00185,0.10742,0.00000,0.18320,0.14639,0.00812,0.01760,0.01836,0.01760,0.01611,0.07438,0.07761,0.07438,0.01868,0.04833,0.05043,0.04833,4.00000,0.14582,0.05215,0.20863,0.20863,0.26078,0.05215,-0.69493,0.01045,0.26078,0.11496,0.26078,4.00000,0.11496,0.00000,0.00000,0.00000,2.00000,0.00000,0.00000,0.00000,0.00000,2.00000,0.00000,0.79912,0.00272,0.14640,1.04346,0.01868,0.14029,0.70997,0.00000,0.00000,0.01581,-0.20088,0.79912,0.04346,0.0443200000,0.0879300000,0.1019600000,0.7657700000,0.00015,0.14031,0.00000,0.00000,0.00000,0.00000
3409,szolnok,381,HUN,381,22,1283,rural_settlement,wheat,15.00005,0.41049,6,15.55043,15.55043,0.06076,0.09330,0.00000,1.10037,14.24599,0.05001,0.00000,0.00000,15.39637,15.39637,0.0039072875,0.0059998341,0.0000000000,0.0707613873,0.9161155029,0.0032159882,0.0000000000,0.9900928785,0.9900928785,nobles,nobles,0.00306,0.00000,0.00197,0.00231,0.20122,0.00000,0.29326,0.04759,0.00000,0.00000,0.00000,0.00000,0.02411,0.04562,0.04760,0.04562,0.02623,0.02575,0.00000,0.00000,1.00000,0.10009,0.05255,0.18703,0.05342,0.20606,0.01903,-1.00000,-0.05527,0.10597,0.20606,0.20606,1.00000,0.10597,0.00000,0.00000,1.00000,1.00000,0.00000,0.00000,0.00000,1.00000,1.00000,0.00000,0.16231,0.00272,0.04760,1.04346,0.02623,0.24292,0.44217,0.00000,0.00000,0.02336,-0.83769,0.16231,0.04346,0.0000000000,0.0822100000,0.0894400000,0.8283400000,0.00015,0.04562,0.00000,0.00000,0.00000,0.00000
3410,bekes,381,HUN,381,22,1283,rural_settlement,clay,15.00005,0.22604,6,13.27317,13.27317,0.04110,0.07428,0.01000,1.10037,11.99741,0.05001,0.00000,0.00000,13.14779,13.14779,0.0030964721,0.0055962517,0.0007533995,0.0829018238,0.9038843019,0.0037677510,0.0000000000,0.9905538767,0.9905538767,lower,lower,0.00489,0.00028,0.00168,0.00233,0.12606,0.00000,0.21418,0.06492,0.00812,0.00653,0.00681,0.00653,0.01920,0.03373,0.03519,0.03373,0.02254,0.02197,0.02292,0.02197,4.00000,0.18418,0.05205,0.24917,0.24917,0.30122,0.05205,-0.73905,0.03010,0.30122,0.11704,0.30122,4.00000,0.11704,0.00000,0.00000,0.00000,2.00000,0.00000,0.00000,0.00000,0.00000,2.00000,0.00000,0.30315,0.00272,0.06493,1.04346,0.02254,0.16432,0.32407,0.00000,0.00000,0.01967,-0.69685,0.30315,0.04346,0.0379100000,0.0896400000,0.1052300000,0.7672000000,0.00015,0.06223,0.00000,0.00000,0.00000,0.00000
3411,karcag,381,HUN,381,22,1283,rural_settlement,horses,14.00004,0.02286,11,10.81030,10.81030,0.02701,0.05404,0.01000,1.10037,9.56887,0.05001,0.00000,0.00000,10.71925,10.71925,0.0024985431,0.0049989362,0.0009250437,0.1017890345,0.8851622989,0.0046261436,0.0000000000,0.9915774770,0.9915774770,lower,lower,0.17677,0.00040,0.00127,0.00228,0.07838,0.00000,0.14863,1.91100,0.00812,0.04395,0.04586,0.04395,0.01397,0.14998,0.15649,0.14998,0.01856,0.11804,0.12317,0.11804,4.00000,0.46399,0.03593,0.50815,0.50815,0.54408,0.03593,-0.62396,0.08009,0.54408,0.05778,0.54408,4.00000,0.08009,0.00000,0.00000,0.00000,0.00000,0.00000,0.00000,0.00000,0.00000,0.00000,0.00000,12.85749,0.00272,1.91101,1.04346,0.01856,0.10798,1.51945,1.58548,1.51945,0.01569,11.85749,12.85749,0.04346,0.0546300000,0.0939900000,0.1248700000,0.7265000000,0.00015,1.83142,0.00000,0.00000,0.00000,0.00000
3412,szarvas,381,HUN,381,22,1283,rural_settlement,livestock,17.00006,0.31803,6,12.54179,12.54179,0.03135,0.06270,0.01000,1.10039,11.28734,0.05001,0.00000,0.00000,12.43774,12.43774,0.0024996432,0.0049992864,0.0007973344,0.0877378747,0.8999783922,0.0039874691,0.0000000000,0.9917037361,0.9917037361,lower,lower,0.07847,0.00035,0.00152,0.00263,0.09184,0.00000,0.17104,0.98424,0.00812,0.01729,0.01804,0.01729,0.01620,0.07900,0.08243,0.07900,0.02138,0.05565,0.05806,0.05565,4.00000,0.45732,0.03771,0.50798,0.50798,0.54569,0.03771,-0.67325,0.08837,0.54569,0.06697,0.54569,4.00000,0.08837,0.00000,0.00000,0.00000,0.00000,0.00000,0.00000,0.00000,0.00000,0.00000,0.00000,5.75450,0.00272,0.98425,1.04346,0.02138,0.12534,0.79132,0.82571,0.79132,0.01851,4.75450,5.75450,0.04346,0.0474700000,0.0947100000,0.1250000000,0.7328100000,0.00015,0.94326,0.00000,0.00000,0.00000,0.00000
3413,hont,381,HUN,381,22,1298,rural_settlement,silver,18.00004,0.79718,8,24.30412,24.30412,0.06075,0.12700,0.01000,2.10068,21.95568,0.05001,0.00000,0.00000,24.10637,24.10637,0.0024995762,0.0052254515,0.0004114529,0.0864330821,0.9033727615,0.0020576758,0.0000000000,0.9918635194,0.9918635194,lower,lower,0.26442,0.00018,0.00329,0.00522,0.18140,0.00000,0.32518,6.42657,0.00812,0.05368,0.05601,0.05368,0.03283,0.66142,0.69016,0.66142,0.04135,0.75402,0.78678,0.75402,4.00000,0.41233,0.04081,0.53159,0.53159,0.57240,0.04081,-0.82812,0.16007,0.57240,0.08749,0.57240,4.00000,0.16007,0.00000,0.00000,0.00000,1.00000,0.00000,0.00000,0.00000,0.00000,1.00000,0.00000,19.76314,0.00520,6.42658,1.04346,0.04135,0.24288,5.68980,4.89361,4.68980,0.03600,18.76314,19.76314,0.04346,0.0249700000,0.1009500000,0.1271600000,0.7469000000,0.00015,6.15892,0.00000,0.00000,0.00000,0.00000
3414,banska_bystrica,381,HUN,381,22,1298,rural_settlement,copper,15.00003,0.01450,11,23.20505,23.20505,0.05760,0.11502,0.01000,2.10058,20.87184,0.05001,0.00000,0.00000,23.02243,23.02243,0.0024822183,0.0049566797,0.0004309407,0.0905225371,0.8994524899,0.0021551343,0.0000000000,0.9921301613,0.9921301613,lower,lower,0.21397,0.00019,0.00285,0.00506,0.17233,0.00000,0.30771,4.96530,0.00812,0.05417,0.05652,0.05417,0.02973,0.39198,0.40901,0.39198,0.03957,0.31223,0.32579,0.31223,4.00000,0.47988,0.02731,0.56277,0.56277,0.59008,0.02731,-0.81841,0.11020,0.59008,0.08966,0.59008,4.00000,0.11020,0.00000,0.00000,0.00000,0.00000,0.00000,0.00000,0.00000,0.00000,0.00000,0.00000,16.13632,0.00520,4.96531,1.04346,0.03957,0.23029,4.00013,4.17397,4.00013,0.03422,15.13632,16.13632,0.04346,0.0263800000,0.0966100000,0.1285900000,0.7483900000,0.00015,4.75851,0.00000,0.00000,0.00000,0.00000
3415,kremnica,381,HUN,381,22,1298,rural_settlement,goods_gold,15.00003,0.28822,9,23.16803,23.16803,0.06199,0.11484,0.00000,2.10058,20.84061,0.05001,0.00000,0.00000,22.99120,22.99120,0.0026756699,0.0049568306,0.0000000000,0.0906671823,0.8995417392,0.0021585780,0.0000000000,0.9923674995,0.9923674995,lower,lower,0.32034,0.00000,0.00277,0.00492,0.19372,0.00000,0.31704,7.42183,0.00000,0.00000,0.00000,0.00000,0.02968,0.75632,0.78918,0.75632,0.03952,0.54408,0.56772,0.54408,4.00000,0.40316,0.04295,0.49841,0.49841,0.54136,0.04295,-1.00000,0.07572,0.54136,0.13820,0.54136,4.00000,0.13820,0.00000,0.00000,0.00000,2.00000,0.00000,0.00000,0.00000,0.00000,2.00000,0.00000,23.40979,0.00520,7.42184,1.04346,0.03952,0.24784,7.81233,6.06493,5.81233,0.03417,22.40979,23.40979,0.04346,0.0000000000,0.0936100000,0.1246500000,0.7817300000,0.00015,7.11273,0.00000,0.00000,0.00000,0.00000
3416,krupina,381,HUN,381,22,1298,town,wine,17.00003,0.32955,10,16.76127,16.76127,0.22100,0.36821,0.80019,1.75076,13.02097,0.60014,0.00000,0.00000,15.37187,15.37187,0.0131851584,0.0219679058,0.0477404159,0.1044527056,0.7768486517,0.0358051627,0.0000000000,0.9171065200,0.9171065200,burghers,burghers,0.07213,0.25540,0.00546,0.00045,0.47120,0.00000,1.65685,1.20908,0.65051,0.37667,0.39304,0.37667,0.09518,0.12700,0.13251,0.12700,0.02758,0.04968,0.05183,0.04968,3.00000,1.92597,0.00000,1.70019,-0.79423,1.70243,0.00224,1.70243,-0.33992,-0.79423,-0.22354,1.70243,3.00000,-0.22354,0.00000,0.00000,0.00000,0.00000,0.00000,0.00000,0.00000,0.00000,0.00000,0.00000,0.72975,0.00434,1.20910,1.04346,0.02758,0.88358,0.60540,0.63171,0.60540,0.02135,-0.27025,0.72975,0.04346,0.3926100000,0.0574400000,0.0166400000,0.5332800000,0.00189,1.15875,0.00000,0.00000,0.00000,0.00000
3417,stary_tekov,381,HUN,381,22,1298,rural_settlement,fruit,16.00003,0.49537,7,23.17995,23.17995,0.06294,0.12113,0.00000,2.10067,20.84520,0.05001,0.00000,0.00000,22.99588,22.99588,0.0027152776,0.0052256368,0.0000000000,0.0906244405,0.8992771770,0.0021574680,0.0000000000,0.9920590855,0.9920590855,lower,lower,0.01286,0.00000,0.00303,0.00483,0.19635,0.00000,0.32248,0.29831,0.00000,0.00000,0.00000,0.00000,0.03131,0.17576,0.18339,0.17576,0.03953,0.11014,0.11492,0.11014,4.00000,0.37961,0.04629,0.46947,0.46947,0.51576,0.04629,-1.00000,0.11572,0.51576,0.13615,0.51576,4.00000,0.13615,0.00000,0.00000,0.00000,2.00000,0.00000,0.00000,0.00000,0.00000,2.00000,0.00000,0.92508,0.00520,0.29832,1.04346,0.03953,0.25164,1.71563,0.00000,0.00000,0.03418,-0.07492,0.92508,0.04346,0.0000000000,0.0970900000,0.1225800000,0.7803200000,0.00015,0.28590,0.00000,0.00000,0.00000,0.00000
3418,zvolen,381,HUN,381,22,1298,rural_settlement,lumber,15.00003,0.21034,11,20.39041,20.39041,0.05055,0.10094,0.01000,2.10060,18.07831,0.05001,0.00000,0.00000,20.22892,20.22892,0.0024791066,0.0049503664,0.0004904266,0.1030190173,0.8866084596,0.0024526236,0.0000000000,0.9920801004,0.9920801004,lower,lower,0.07881,0.00022,0.00250,0.00449,0.15053,0.00000,0.27130,1.60701,0.00812,0.01961,0.02046,0.01961,0.02609,0.13653,0.14246,0.13653,0.03499,0.10133,0.00000,0.00000,4.00000,0.48975,0.02473,0.57005,0.57005,0.59478,0.02473,-0.79405,0.10503,0.59478,0.08462,0.59478,4.00000,0.10503,0.00000,0.00000,1.00000,0.00000,0.00000,0.00000,0.00000,1.00000,0.00000,0.00000,5.92340,0.00520,1.60702,1.04346,0.03499,0.20210,1.38395,1.44409,1.38395,0.02964,4.92340,5.92340,0.04346,0.0299200000,0.0961600000,0.1289700000,0.7449300000,0.00015,1.54009,0.00000,0.00000,0.00000,0.00000
3419,khust,381,HUN,381,22,1274,rural_settlement,fur,16.00003,0.17244,10,9.51622,9.51622,0.02378,0.04757,0.00000,1.10035,8.29451,0.05001,0.00000,0.00000,9.44487,9.44487,0.0024988914,0.0049988336,0.0000000000,0.1156288947,0.8716181425,0.0052552379,0.0000000000,0.9925022751,0.9925022751,lower,lower,0.07321,0.00000,0.00121,0.00218,0.07292,0.00000,0.12383,0.69673,0.00000,0.00000,0.00000,0.00000,0.01229,0.05646,0.05891,0.05646,0.01647,0.04211,0.04394,0.04211,4.00000,0.50419,0.01975,0.62486,0.62486,0.64461,0.01975,-1.00000,0.14042,0.64461,0.11783,0.64461,4.00000,0.14042,0.00000,0.00000,0.00000,0.00000,0.00000,0.00000,0.00000,0.00000,0.00000,0.00000,5.62658,0.00272,0.69674,1.04346,0.01647,0.09507,0.56916,0.59389,0.56916,0.01360,4.62658,5.62658,0.04346,0.0000000000,0.0992400000,0.1330000000,0.7677400000,0.00015,0.66773,0.00000,0.00000,0.00000,0.00000
3420,mezhorje,381,HUN,381,22,1274,rural_settlement,lumber,14.00001,0.01115,13,5.28798,5.28798,0.01949,0.02643,0.00000,1.10036,4.09169,0.05001,0.00000,0.00000,5.24206,5.24206,0.0036857174,0.0049981278,0.0000000000,0.2080870200,0.7737718373,0.0094572975,0.0000000000,0.9913161548,0.9913161548,lower,lower,0.01221,0.00000,0.00042,0.00095,0.06434,0.00000,0.09433,0.06456,0.00000,0.00000,0.00000,0.00000,0.00683,0.03457,0.03607,0.03457,0.00958,0.02732,0.02850,0.02732,4.00000,0.05301,0.05268,0.20303,0.20303,0.25571,0.05268,-1.00000,-0.16800,0.25571,0.20270,0.25571,4.00000,0.20270,0.00000,0.00000,0.00000,1.00000,0.00000,0.00000,0.00000,0.00000,1.00000,0.00000,0.68451,0.00272,0.06457,1.04346,0.00958,0.07792,0.39969,0.00000,0.00000,0.00671,-0.31549,0.68451,0.04346,0.0000000000,0.0724000000,0.1015500000,0.8260300000,0.00015,0.06189,0.00000,0.00000,0.00000,0.00000
3421,sighet,381,HUN,381,22,1274,rural_settlement,salt,15.00001,0.00259,16,10.80339,10.80339,0.04405,0.06481,0.01000,1.10033,9.53419,0.05001,0.00000,0.00000,10.68453,10.68453,0.0040774238,0.0059990429,0.0009256354,0.1018504377,0.8825183577,0.0046291025,0.0000000000,0.9889978979,0.9889978979,nobles,nobles,0.00386,0.00027,0.00127,0.00154,0.14128,0.00000,0.21948,0.04178,0.00812,0.00517,0.00539,0.00517,0.01675,0.02105,0.02196,0.02105,0.01850,0.01383,0.01443,0.01383,1.00000,0.12599,0.05246,0.16739,-0.01017,0.16828,0.00089,-0.74538,-0.12307,0.04229,0.16828,0.16828,1.00000,0.04229,0.00000,0.00000,0.00000,1.00000,0.00000,0.00000,0.00000,0.00000,1.00000,0.00000,0.19040,0.00272,0.04179,1.04346,0.01850,0.17611,0.21077,0.00000,0.00000,0.01563,-0.80960,0.19040,0.04346,0.0369900000,0.0763100000,0.0842900000,0.8023900000,0.00015,0.04005,0.00000,0.00000,0.00000,0.00000
3422,cuhea,381,HUN,381,22,1274,rural_settlement,stone,14.00001,0.00242,14,7.29777,7.29777,0.03505,0.03648,0.00000,1.85058,5.32565,0.05001,0.00000,0.00000,7.22624,7.22624,0.0048028370,0.0049987873,0.0000000000,0.2535815735,0.7297640238,0.0068527783,0.0000000000,0.9901983757,0.9901983757,nobles,nobles,0.00565,0.00000,0.00049,0.00110,0.12041,0.00000,0.16302,0.04129,0.00000,0.00000,0.00000,0.00000,0.00943,0.02212,0.02308,0.02212,0.01346,0.01746,0.01821,0.01746,1.00000,0.23066,0.05167,0.25155,-0.03078,0.25155,0.00000,-1.00000,-0.33532,0.02089,0.25155,0.25155,1.00000,0.02089,0.00000,0.00000,0.00000,2.00000,0.00000,0.00000,0.00000,0.00000,2.00000,0.00000,0.25334,0.00458,0.04130,1.04346,0.01346,0.14013,0.28522,0.00000,0.00000,0.00873,-0.74666,0.25334,0.04346,0.0000000000,0.0578400000,0.0825600000,0.8595800000,0.00015,0.03958,0.00000,0.00000,0.00000,0.00000
3423,rakhiv,381,HUN,381,17,1274,rural_settlement,amber,15.00000,,16,4.79140,4.79140,0.04388,0.03876,0.00000,1.10036,3.55839,0.05001,0.00000,0.00000,4.70876,4.70876,0.0091580749,0.0080894937,0.0000000000,0.2296531285,0.7426618525,0.0104374504,0.0000000000,0.9827524314,0.9827524314,unclassified,nobles,0.00000,0.00000,0.00041,0.00061,0.11344,0.00000,0.14624,0.00000,0.00000,0.00000,0.00000,0.00000,0.00776,0.00000,0.00000,0.00000,0.00964,0.00000,0.00000,0.00000,0.00000,0.00000,0.05012,0.45521,0.45521,0.50533,0.05012,-1.00000,-1.00000,-1.00000,-1.00000,-1.00000,1.00000,-1.00000,0.00000,0.00000,0.00000,1.00000,0.00000,0.00000,0.00000,0.00000,1.00000,0.00000,0.00000,0.00289,0.00000,1.04346,0.00964,0.12884,0.00000,0.00000,0.00000,0.00658,-1.00000,0.00000,0.04346,0.0000000000,0.0000000000,0.0000000000,0.0000000000,0.00017,0.00000,0.00000,0.00000,0.00000,0.00000
3426,nograd,381,HUN,381,22,1297,rural_settlement,fruit,23.00008,0.86722,6,13.03762,13.03762,0.04098,0.06518,0.00000,1.10043,11.78102,0.05001,0.00000,0.00000,12.93146,12.93146,0.0031432117,0.0049993787,0.0000000000,0.0844042087,0.9036173780,0.0038358228,0.0000000000,0.9918574096,0.9918574096,lower,lower,0.01548,0.00000,0.00138,0.00241,0.13229,0.00000,0.20288,0.20182,0.00000,0.00000,0.00000,0.00000,0.01685,0.08795,0.09177,0.08795,0.02219,0.10548,0.11006,0.10548,4.00000,0.17659,0.05207,0.30034,0.30034,0.35241,0.05207,-1.00000,-0.04562,0.35241,0.17582,0.35241,4.00000,0.17582,0.00000,0.00000,0.00000,3.00000,0.00000,0.00000,0.00000,0.00000,3.00000,0.00000,0.99482,0.00272,0.20183,1.04346,0.02219,0.16384,0.84825,0.00000,0.00000,0.01932,-0.00518,0.99482,0.04346,0.0000000000,0.0830500000,0.1093700000,0.8075700000,0.00015,0.19343,0.00000,0.00000,0.00000,0.00000
3427,balassagyarmat,381,HUN,381,22,1297,rural_settlement,medicaments,19.00005,0.63872,8,14.73781,14.73781,0.03684,0.07368,0.01000,1.10036,13.46692,0.05001,0.00000,0.00000,14.61729,14.61729,0.0024996930,0.0049993859,0.0006785269,0.0746623820,0.9137666994,0.0033933128,0.0000000000,0.9918223942,0.9918223942,lower,lower,0.05394,0.00030,0.00180,0.00310,0.10877,0.00000,0.19940,0.79501,0.00812,0.01018,0.01062,0.01018,0.01904,0.06561,0.06846,0.06561,0.02495,0.05281,0.05510,0.05281,4.00000,0.44996,0.03845,0.50872,0.50872,0.54717,0.03845,-0.71971,0.09721,0.54717,0.07549,0.54717,4.00000,0.09721,0.00000,0.00000,0.00000,0.00000,0.00000,0.00000,0.00000,0.00000,0.00000,0.00000,3.98706,0.00272,0.79502,1.04346,0.02495,0.14729,0.63331,0.66083,0.63331,0.02208,2.98706,3.98706,0.04346,0.0407200000,0.0954800000,0.1251200000,0.7386600000,0.00015,0.76191,0.00000,0.00000,0.00000,0.00000
3428,gemer,381,HUN,381,22,1297,rural_settlement,fruit,16.00003,0.37747,7,16.32301,16.32301,0.04884,0.08964,0.00000,1.10036,15.03416,0.05001,0.00000,0.00000,16.18453,16.18453,0.0029920952,0.0054916342,0.0000000000,0.0674115865,0.9210409110,0.0030637732,0.0000000000,0.9915162706,0.9915162706,lower,lower,0.00341,0.00000,0.00215,0.00304,0.15499,0.00000,0.24595,0.05577,0.00000,0.00000,0.00000,0.00000,0.02317,0.08539,0.00000,0.00000,0.02752,0.05346,0.05578,0.05346,4.00000,0.22765,0.05168,0.33189,0.33189,0.38357,0.05168,-1.00000,0.08250,0.38357,0.15592,0.38357,4.00000,0.15592,0.00000,1.00000,0.00000,1.00000,0.00000,0.00000,1.00000,0.00000,1.00000,0.00000,0.22679,0.00272,0.05578,1.04346,0.02752,0.19526,0.82205,0.00000,0.00000,0.02465,-0.77321,0.22679,0.04346,0.0000000000,0.0942000000,0.1118900000,0.7939000000,0.00015,0.05346,0.00000,0.00000,0.00000,0.00000
3429,podmuran,381,HUN,381,22,1297,rural_settlement,iron,15.00003,0.02192,8,11.87129,11.87129,0.03361,0.05835,0.00000,1.10034,10.62898,0.05001,0.00000,0.00000,11.77933,11.77933,0.0028312003,0.0049152198,0.0000000000,0.0926891686,0.8953517267,0.0042126846,0.0000000000,0.9922535799,0.9922535799,lower,lower,0.01895,0.00000,0.00129,0.00241,0.10633,0.00000,0.16975,0.22497,0.00000,0.00000,0.00000,0.00000,0.01508,0.11970,0.12490,0.11970,0.02030,0.09591,0.10007,0.09591,4.00000,0.32613,0.04879,0.42987,0.42987,0.47866,0.04879,-1.00000,0.02079,0.47866,0.15253,0.47866,4.00000,0.15253,0.00000,0.00000,0.00000,2.00000,0.00000,0.00000,0.00000,0.00000,2.00000,0.00000,1.32536,0.00272,0.22498,1.04346,0.02030,0.13437,1.28253,0.00000,0.00000,0.01743,0.32536,1.32536,0.04346,0.0000000000,0.0888300000,0.1195800000,0.7915700000,0.00015,0.21561,0.00000,0.00000,0.00000,0.00000
3430,rimavska_sobota,381,HUN,381,22,1297,rural_settlement,copper,18.00005,0.21334,11,8.44986,8.44986,0.02768,0.04224,0.01000,1.10036,7.21957,0.05001,0.00000,0.00000,8.36994,8.36994,0.0032757939,0.0049988994,0.0011834516,0.1302222759,0.8544011380,0.0059184413,0.0000000000,0.9905418551,0.9905418551,lower,lower,0.11184,0.00041,0.00076,0.00145,0.08476,0.00000,0.14440,0.94510,0.00812,0.05005,0.05222,0.05005,0.01091,0.14604,0.15238,0.14604,0.01471,0.10704,0.11169,0.10704,4.00000,0.14376,0.05219,0.20736,0.20736,0.25955,0.05219,-0.61295,-0.13180,0.25955,0.11579,0.25955,4.00000,0.11579,0.00000,0.00000,0.00000,1.00000,0.00000,0.00000,0.00000,0.00000,1.00000,0.00000,6.54508,0.00272,0.94511,1.04346,0.01471,0.11066,1.60262,0.62880,0.60262,0.01184,5.54508,6.54508,0.04346,0.0562300000,0.0755500000,0.1018600000,0.7663400000,0.00015,0.90575,0.00000,0.00000,0.00000,0.00000
3431,roznava,381,HUN,381,22,1297,rural_settlement,stone,15.00003,0.02691,10,12.36787,12.36787,0.03875,0.06967,0.01000,1.10034,11.09910,0.05001,0.00000,0.00000,12.24945,12.24945,0.0031331183,0.0056331446,0.0008085467,0.0889676234,0.8974140252,0.0040435419,0.0000000000,0.9904251904,0.9904251904,lower,lower,0.00693,0.00029,0.00158,0.00217,0.11874,0.00000,0.20212,0.08577,0.00812,0.02020,0.02107,0.02020,0.01801,0.08902,0.00000,0.00000,0.02107,0.06201,0.06470,0.06201,4.00000,0.17300,0.05213,0.23685,0.23685,0.28898,0.05213,-0.72349,0.02390,0.28898,0.11598,0.28898,4.00000,0.11598,0.00000,1.00000,0.00000,1.00000,0.00000,0.00000,1.00000,0.00000,1.00000,0.00000,0.42440,0.00272,0.08578,1.04346,0.02107,0.15492,0.85971,0.00000,0.00000,0.01820,-0.57560,0.42440,0.04346,0.0401700000,0.0891000000,0.1042400000,0.7664700000,0.00015,0.08221,0.00000,0.00000,0.00000,0.00000
3432,salgotarjan,381,HUN,381,22,1297,rural_settlement,wild_game,19.00006,0.63972,8,17.64998,17.64998,0.06954,0.11367,0.01000,1.10036,16.30640,0.05001,0.00000,0.00000,17.45677,17.45677,0.0039399478,0.0064402339,0.0005665729,0.0623434134,0.9238764010,0.0028334310,0.0000000000,0.9890532454,0.9890532454,nobles,nobles,0.01317,0.00017,0.00249,0.00252,0.22396,0.00000,0.34514,0.23258,0.00812,0.01288,0.01343,0.01288,0.02938,0.12814,0.13370,0.12814,0.02961,0.08189,0.08544,0.08189,1.00000,0.11205,0.05253,0.16515,0.00830,0.17288,0.00773,-0.83810,-0.02183,0.06083,0.17288,0.17288,1.00000,0.06083,0.00000,0.00000,0.00000,2.00000,0.00000,0.00000,0.00000,0.00000,2.00000,0.00000,0.67390,0.00272,0.23259,1.04346,0.02961,0.27803,1.12327,0.00000,0.00000,0.02674,-0.32610,0.67390,0.04346,0.0235200000,0.0851200000,0.0857900000,0.8055500000,0.00015,0.22291,0.00000,0.00000,0.00000,0.00000
3433,bratislava,381,HUN,381,22,1299,town,beeswax,24.00009,0.47988,11,25.80307,25.80307,0.31594,0.51288,0.80021,2.75106,20.82283,0.60015,0.00000,0.00000,24.17404,24.17404,0.0122442795,0.0198767046,0.0310122013,0.1066175459,0.8069904085,0.0232588603,0.0000000000,0.9368668147,0.9368668147,burghers,burghers,0.08635,0.20256,0.00841,0.00087,0.76375,0.00000,2.08913,2.22830,0.65053,0.50389,0.52578,0.50389,0.13258,0.25684,0.26800,0.25684,0.04285,0.17711,0.18480,0.17711,3.00000,1.26295,0.00024,1.12740,-0.74662,1.14330,0.01590,1.14330,-0.27074,-0.74638,-0.11965,1.14330,3.00000,-0.11965,0.00000,0.00000,0.00000,0.00000,0.00000,0.00000,0.00000,0.00000,0.00000,0.00000,1.06662,0.00682,2.22831,1.04346,0.04285,1.26317,1.19767,1.24972,1.19767,0.03414,0.06662,1.06662,0.04346,0.3113800000,0.0634600000,0.0205100000,0.6046300000,0.00189,2.13551,0.00000,0.00000,0.00000,0.00000
3434,hlohovec,381,HUN,381,22,1299,rural_settlement,wheat,20.00005,0.44776,8,22.93917,22.93917,0.05693,0.11369,0.00000,2.10068,20.61786,0.05001,0.00000,0.00000,22.76855,22.76855,0.0024817812,0.0049561514,0.0000000000,0.0915761120,0.8988058417,0.0021801138,0.0000000000,0.9925620674,0.9925620674,lower,lower,0.04083,0.00000,0.00290,0.00516,0.17490,0.00000,0.29616,0.93671,0.00000,0.00000,0.00000,0.00000,0.02939,0.07665,0.07998,0.07665,0.03916,0.05170,0.05394,0.05170,4.00000,0.49465,0.02263,0.61233,0.61233,0.63496,0.02263,-1.00000,0.14031,0.63496,0.11898,0.63496,4.00000,0.14031,0.00000,0.00000,0.00000,0.00000,0.00000,0.00000,0.00000,0.00000,0.00000,0.00000,3.16288,0.00520,0.93672,1.04346,0.03916,0.22761,0.76936,0.80279,0.76936,0.03381,2.16288,3.16288,0.04346,0.0000000000,0.0992300000,0.1322200000,0.7685300000,0.00015,0.89771,0.00000,0.00000,0.00000,0.00000
3435,holic,381,HUN,381,22,1299,rural_settlement,lumber,19.00008,0.33409,10,17.83446,17.83446,0.04958,0.09422,0.01000,1.10034,16.53031,0.05001,0.00000,0.00000,17.68066,17.68066,0.0027800113,0.0052830307,0.0005607122,0.0616974105,0.9268747133,0.0028041219,0.0000000000,0.9913762458,0.9913762458,lower,lower,0.00655,0.00023,0.00226,0.00341,0.15073,0.00000,0.26066,0.11697,0.00812,0.00896,0.00934,0.00896,0.02435,0.06206,0.06475,0.06206,0.02997,0.04109,0.04287,0.04109,4.00000,0.31444,0.05013,0.37153,0.37153,0.42166,0.05013,-0.78558,0.07343,0.42166,0.10722,0.42166,4.00000,0.10722,0.00000,0.00000,0.00000,2.00000,0.00000,0.00000,0.00000,0.00000,2.00000,0.00000,0.44878,0.00272,0.11698,1.04346,0.02997,0.19822,0.60725,0.00000,0.00000,0.02710,-0.55122,0.44878,0.04346,0.0311500000,0.0934100000,0.1149700000,0.7604500000,0.00015,0.11211,0.00000,0.00000,0.00000,0.00000
3436,nitra,381,HUN,381,22,1299,rural_settlement,fruit,22.00008,0.68405,9,23.33178,23.33178,0.06560,0.11665,0.01000,2.10069,20.98883,0.05001,0.00000,0.00000,23.13953,23.13953,0.0028116157,0.0049996185,0.0004286000,0.0900355652,0.8995811721,0.0021434284,0.0000000000,0.9917601657,0.9917601657,lower,lower,0.01404,0.00017,0.00264,0.00464,0.20210,0.00000,0.34031,0.32779,0.00812,0.01488,0.01552,0.01488,0.03015,0.15616,0.16294,0.15616,0.03977,0.14311,0.14932,0.14311,4.00000,0.32293,0.04886,0.39617,0.39617,0.44503,0.04886,-0.83576,0.01804,0.44503,0.12210,0.44503,4.00000,0.12210,0.00000,0.00000,0.00000,2.00000,0.00000,0.00000,0.00000,0.00000,2.00000,0.00000,0.96323,0.00520,0.32780,1.04346,0.03977,0.26227,1.53559,0.00000,0.00000,0.03442,-0.03677,0.96323,0.04346,0.0238600000,0.0885900000,0.1168600000,0.7706700000,0.00015,0.31415,0.00000,0.00000,0.00000,0.00000
3437,prievidza,381,HUN,381,22,1299,rural_settlement,saffron,15.00003,0.18780,10,14.45613,14.45613,0.03613,0.08064,0.01000,1.10034,13.17901,0.05001,0.00000,0.00000,14.32936,14.32936,0.0024992858,0.0055782564,0.0006917481,0.0761158069,0.9116554707,0.0034594321,0.0000000000,0.9912307097,0.9912307097,lower,lower,0.26244,0.00030,0.00217,0.00298,0.10541,0.00000,0.19789,3.79400,0.00812,0.07756,0.08093,0.07756,0.02084,0.42670,0.44524,0.42670,0.02448,0.28320,0.29550,0.28320,4.00000,0.31943,0.04903,0.48058,0.48058,0.52961,0.04903,-0.71757,0.21018,0.52961,0.06281,0.52961,4.00000,0.21018,0.00000,0.00000,0.00000,1.00000,0.00000,0.00000,0.00000,0.00000,1.00000,0.00000,19.17231,0.00272,3.79401,1.04346,0.02448,0.14445,3.84853,2.97232,2.84853,0.02161,18.17231,19.17231,0.04346,0.0410300000,0.1053100000,0.1237000000,0.7299500000,0.00015,3.63599,0.00000,0.00000,0.00000,0.00000
3438,samorin,381,HUN,381,22,1299,rural_settlement,fiber_crops,18.00008,0.67563,8,23.34903,23.34903,0.05837,0.11575,0.01000,2.10081,21.01409,0.05001,0.00000,0.00000,23.16491,23.16491,0.0024998897,0.0049573794,0.0004282833,0.0899741874,0.8999984154,0.0021418449,0.0000000000,0.9921144476,0.9921144476,lower,lower,0.09132,0.00019,0.00285,0.00507,0.17498,0.00000,0.31123,2.13242,0.00812,0.01703,0.01777,0.01703,0.02992,0.17640,0.18406,0.17640,0.03982,0.16058,0.16755,0.16058,4.00000,0.47736,0.03093,0.55111,0.55111,0.58204,0.03093,-0.82041,0.10468,0.58204,0.09175,0.58204,4.00000,0.10468,0.00000,0.00000,0.00000,0.00000,0.00000,0.00000,0.00000,0.00000,0.00000,0.00000,6.85162,0.00521,2.13243,1.04346,0.03982,0.23337,1.68961,1.76304,1.68961,0.03446,5.85162,6.85162,0.04346,0.0260900000,0.0961300000,0.1279400000,0.7498300000,0.00015,2.04362,0.00000,0.00000,0.00000,0.00000
3439,trnava,381,HUN,381,22,1299,rural_settlement,wine,21.00005,0.60430,7,18.86583,18.86583,0.05405,0.09432,0.00000,1.10044,17.56701,0.05001,0.00000,0.00000,18.71746,18.71746,0.0028649680,0.0049995150,0.0000000000,0.0583297952,0.9311548975,0.0026508243,0.0000000000,0.9921355170,0.9921355170,lower,lower,0.05490,0.00000,0.00216,0.00367,0.17156,0.00000,0.27214,1.03588,0.00000,0.00000,0.00000,0.00000,0.02438,0.08312,0.08673,0.08312,0.03167,0.05745,0.05994,0.05745,4.00000,0.28286,0.05064,0.38833,0.38833,0.43897,0.05064,-1.00000,0.02941,0.43897,0.15611,0.43897,4.00000,0.15611,0.00000,0.00000,0.00000,0.00000,0.00000,0.00000,0.00000,0.00000,0.00000,0.00000,3.80645,0.00272,1.03589,1.04346,0.03167,0.21609,0.85218,0.88921,0.85218,0.02880,2.80645,3.80645,0.04346,0.0000000000,0.0895800000,0.1163700000,0.7940300000,0.00015,0.99275,0.00000,0.00000,0.00000,0.00000
3440,levoca,381,HUN,381,17,1295,rural_settlement,silver,15.00001,0.00799,10,21.55467,21.55467,0.05189,0.10579,0.00000,2.10062,19.24636,0.05001,0.00000,0.00000,21.39699,21.39699,0.0024073669,0.0049079851,0.0000000000,0.0974554470,0.8929090540,0.0023201469,0.0000000000,0.9926846479,0.9926846479,lower,lower,0.48401,0.00000,0.00204,0.00791,0.10802,0.00000,0.21485,10.43283,0.00000,0.00000,0.00000,0.00000,0.02120,0.83135,0.86748,0.83135,0.04129,0.67022,0.69934,0.67022,4.00000,1.24253,0.00024,1.37616,1.37616,1.37640,0.00024,-1.00000,0.13387,1.37640,0.03251,1.37640,4.00000,0.13387,0.00000,0.00000,0.00000,0.00000,0.00000,0.00000,0.00000,0.00000,0.00000,0.00000,48.55871,0.00552,10.43284,1.04346,0.04129,0.15236,8.49675,8.86601,8.49675,0.03560,47.55871,48.55871,0.04346,0.0000000000,0.0986700000,0.1921800000,0.7091400000,0.00017,9.99832,0.00000,0.00000,0.00000,0.00000
3441,bardejov,381,HUN,381,17,1295,rural_settlement,fiber_crops,15.00003,0.01261,12,21.68080,21.68080,0.05220,0.10641,0.00000,2.10057,19.37161,0.05001,0.00000,0.00000,21.52219,21.52219,0.0024076602,0.0049080292,0.0000000000,0.0968861850,0.8934914763,0.0023066492,0.0000000000,0.9926843105,0.9926843105,lower,lower,0.11964,0.00000,0.00208,0.00795,0.10869,0.00000,0.21611,2.59392,0.00000,0.00000,0.00000,0.00000,0.02132,0.20672,0.21570,0.20672,0.04152,0.16650,0.17373,0.16650,4.00000,1.24202,0.00323,1.37243,1.37243,1.37566,0.00323,-1.00000,0.13364,1.37566,0.03262,1.37566,4.00000,0.13364,0.00000,0.00000,0.00000,0.00000,0.00000,0.00000,0.00000,0.00000,0.00000,0.00000,12.00282,0.00552,2.59393,1.04346,0.04152,0.15327,2.11268,2.20449,2.11268,0.03583,11.00282,12.00282,0.04346,0.0000000000,0.0986500000,0.1921200000,0.7092200000,0.00017,2.48590,0.00000,0.00000,0.00000,0.00000
3442,gonc,381,HUN,381,22,1295,rural_settlement,goods_gold,16.00003,0.18536,6,21.70024,21.70024,0.05424,0.10750,0.00000,2.10065,19.38784,0.05001,0.00000,0.00000,21.53850,21.53850,0.0024995115,0.0049538623,0.0000000000,0.0968030768,0.8934389666,0.0023045828,0.0000000000,0.9925466262,0.9925466262,lower,lower,0.35241,0.00000,0.00273,0.00486,0.16686,0.00000,0.28178,7.64750,0.00000,0.00000,0.00000,0.00000,0.02779,0.61507,0.64180,0.61507,0.03714,0.46070,0.48072,0.46070,4.00000,0.49647,0.01995,0.60982,0.60982,0.62977,0.01995,-1.00000,0.13330,0.62977,0.12049,0.62977,4.00000,0.13330,0.00000,0.00000,0.00000,0.00000,0.00000,0.00000,0.00000,0.00000,0.00000,0.00000,27.14000,0.00520,7.64751,1.04346,0.03714,0.21685,6.25323,6.52499,6.25323,0.03179,26.14000,27.14000,0.04346,0.0000000000,0.0986200000,0.1318000000,0.7695700000,0.00015,7.32900,0.00000,0.00000,0.00000,0.00000
3443,kosice,381,HUN,381,22,1295,town,lead,18.00003,0.24436,7,19.29334,19.29334,0.25377,0.40871,0.80019,1.75074,15.47979,0.60014,0.00000,0.00000,17.83067,17.83067,0.0131532436,0.0211839941,0.0414749338,0.0907432306,0.8023385272,0.0311060708,0.0000000000,0.9241878285,0.9241878285,burghers,burghers,0.03485,0.23477,0.00619,0.00054,0.57114,0.00000,1.80237,0.67255,0.65051,0.43390,0.45275,0.43390,0.10565,0.15546,0.16221,0.15546,0.03161,0.05519,0.05758,0.05519,3.00000,1.66461,0.00000,1.48080,-0.78323,1.48423,0.00343,1.48423,-0.32647,-0.78323,-0.18038,1.48423,3.00000,-0.18038,0.00000,0.00000,0.00000,1.00000,0.00000,0.00000,0.00000,0.00000,1.00000,0.00000,0.37315,0.00434,0.67256,1.04346,0.03161,1.01460,0.78260,0.00000,0.00000,0.02538,-0.62685,0.37315,0.04346,0.3609100000,0.0586100000,0.0175300000,0.5629200000,0.00189,0.64455,0.00000,0.00000,0.00000,0.00000
3444,lubica,381,HUN,381,17,1295,rural_settlement,alum,15.00003,0.00648,13,23.59449,23.59449,0.06044,0.11599,0.00000,2.10055,21.26750,0.05001,0.00000,0.00000,23.41806,23.41806,0.0025616150,0.0049159783,0.0000000000,0.0890271415,0.9013757025,0.0021195627,0.0000000000,0.9925224067,0.9925224067,lower,lower,0.10782,0.00000,0.00219,0.00822,0.12814,0.00000,0.24573,2.54398,0.00000,0.00000,0.00000,0.00000,0.02324,0.28191,0.29416,0.28191,0.04503,0.22686,0.23671,0.22686,4.00000,1.17909,0.00502,1.26083,1.26083,1.26585,0.00502,-1.00000,0.08676,1.26585,0.05148,1.26585,4.00000,0.08676,0.00000,0.00000,0.00000,1.00000,0.00000,0.00000,0.00000,0.00000,1.00000,0.00000,10.35278,0.00552,2.54399,1.04346,0.04503,0.17746,2.92927,2.01311,1.92927,0.03934,9.35278,10.35278,0.04346,0.0000000000,0.0945700000,0.1832400000,0.7221700000,0.00017,2.43804,0.00000,0.00000,0.00000,0.00000
3445,presov,381,HUN,381,17,1295,rural_settlement,gems,16.00003,0.01576,14,23.77573,23.77573,0.06089,0.11689,0.01000,2.10064,21.43730,0.05001,0.00000,0.00000,23.58795,23.58795,0.0025610150,0.0049163580,0.0004205970,0.0883522819,0.9016463427,0.0021034054,0.0000000000,0.9921020301,0.9921020301,lower,lower,0.36485,0.00019,0.00211,0.00803,0.12528,0.00000,0.25509,8.67466,0.00755,0.10272,0.10718,0.10272,0.02342,0.75580,0.78864,0.75580,0.04534,0.60668,0.63304,0.60668,4.00000,1.14280,0.00696,1.19088,1.19088,1.19784,0.00696,-0.79632,0.05504,1.19784,0.02044,1.19784,4.00000,0.05504,0.00000,0.00000,0.00000,1.00000,0.00000,0.00000,0.00000,0.00000,1.00000,0.00000,34.00631,0.00552,8.67467,1.04346,0.04534,0.17878,7.84818,7.14580,6.84818,0.03965,33.00631,34.00631,0.04346,0.0295900000,0.0918100000,0.1777400000,0.7008500000,0.00017,8.31338,0.00000,0.00000,0.00000,0.00000
3446,turna,381,HUN,381,22,1295,rural_settlement,copper,15.00003,0.18526,6,8.30765,8.30765,0.02795,0.04153,0.00000,1.10035,7.08781,0.05001,0.00000,0.00000,8.23817,8.23817,0.0033643690,0.0049990069,0.0000000000,0.1324502116,0.8531666596,0.0060197529,0.0000000000,0.9916366241,0.9916366241,lower,lower,0.02741,0.00000,0.00080,0.00146,0.09112,0.00000,0.13696,0.22778,0.00000,0.00000,0.00000,0.00000,0.01073,0.12535,0.13079,0.12535,0.01449,0.09296,0.09700,0.09296,4.00000,0.12026,0.05246,0.25568,0.25568,0.30814,0.05246,-1.00000,-0.09974,0.30814,0.18788,0.30814,4.00000,0.18788,0.00000,0.00000,0.00000,2.00000,0.00000,0.00000,0.00000,0.00000,2.00000,0.00000,1.66318,0.00272,0.22779,1.04346,0.01449,0.11174,1.39126,0.00000,0.00000,0.01162,0.66318,1.66318,0.04346,0.0000000000,0.0783400000,0.1057900000,0.8158500000,0.00015,0.21831,0.00000,0.00000,0.00000,0.00000
3447,trencin,381,HUN,381,22,1300,rural_settlement,dyes,16.00003,0.37875,10,23.98988,23.98988,0.05957,0.11894,0.00000,2.10053,21.66083,0.05001,0.00000,0.00000,23.81137,23.81137,0.0024831304,0.0049579239,0.0000000000,0.0875590040,0.9029153126,0.0020846290,0.0000000000,0.9925589457,0.9925589457,lower,lower,0.25992,0.00000,0.00303,0.00539,0.18310,0.00000,0.30977,6.23565,0.00000,0.00000,0.00000,0.00000,0.03074,0.50833,0.53042,0.50833,0.04087,0.35267,0.36799,0.35267,4.00000,0.49107,0.02290,0.60848,0.60848,0.63138,0.02290,-1.00000,0.14031,0.63138,0.11940,0.63138,4.00000,0.14031,0.00000,0.00000,0.00000,0.00000,0.00000,0.00000,0.00000,0.00000,0.00000,0.00000,20.12996,0.00520,6.23566,1.04346,0.04087,0.23816,5.11495,5.33724,5.11495,0.03552,19.12996,20.12996,0.04346,0.0000000000,0.0992300000,0.1319300000,0.7688200000,0.00015,5.97595,0.00000,0.00000,0.00000,0.00000
3448,povazska_bystrica,381,HUN,381,17,1300,rural_settlement,stone,16.00003,0.27961,12,18.70720,18.70720,0.04477,0.09254,0.01000,1.10030,17.40958,0.05001,0.00000,0.00000,18.55989,18.55989,0.0023931962,0.0049467585,0.0005345535,0.0588169261,0.9306352634,0.0026733023,0.0000000000,0.9921254918,0.9921254918,lower,lower,0.06784,0.00025,0.00176,0.00643,0.08957,0.00000,0.19280,1.26911,0.00755,0.01548,0.01615,0.01548,0.01854,0.10231,0.10675,0.10231,0.03526,0.07398,0.07719,0.07398,4.00000,1.15637,0.00575,1.25565,1.25565,1.26140,0.00575,-0.73052,0.10503,1.26140,-0.00730,1.26140,4.00000,0.10503,0.00000,0.00000,0.00000,0.00000,0.00000,0.00000,0.00000,0.00000,0.00000,0.00000,6.58257,0.00289,1.26912,1.04346,0.03526,0.13145,1.02450,1.06902,1.02450,0.03220,5.58257,6.58257,0.04346,0.0391500000,0.0961600000,0.1828800000,0.6817900000,0.00017,1.21627,0.00000,0.00000,0.00000,0.00000
3449,zilina,381,HUN,381,17,1300,rural_settlement,lumber,16.00003,0.18313,12,21.98417,21.98417,0.05740,0.10892,0.01000,2.10054,19.65730,0.05001,0.00000,0.00000,21.80785,21.80785,0.0026109696,0.0049544741,0.0004548728,0.0955478419,0.8941570230,0.0022748187,0.0000000000,0.9919796836,0.9919796836,lower,lower,0.05284,0.00020,0.00195,0.00733,0.11835,0.00000,0.23996,1.16170,0.00755,0.03447,0.03596,0.03447,0.02182,0.25560,0.26670,0.25560,0.04205,0.19148,0.19980,0.19148,4.00000,1.12188,0.00945,1.15736,1.15736,1.16681,0.00945,-0.78345,0.04493,1.16681,0.02264,1.16681,4.00000,0.04493,0.00000,0.00000,0.00000,2.00000,0.00000,0.00000,0.00000,0.00000,2.00000,0.00000,4.84126,0.00552,1.16171,1.04346,0.04205,0.16854,2.63178,0.65923,0.63178,0.03636,3.84126,4.84126,0.04346,0.0314600000,0.0909300000,0.1752300000,0.7023600000,0.00017,1.11333,0.00000,0.00000,0.00000,0.00000
3450,oravsky_podzamok,381,HUN,381,17,1300,rural_settlement,tin,15.00001,0.01529,8,21.28918,21.28918,0.05122,0.10545,0.00000,2.10050,18.98200,0.05001,0.00000,0.00000,21.13251,21.13251,0.0024059170,0.0049532204,0.0000000000,0.0986651435,0.8916266385,0.0023490806,0.0000000000,0.9926408626,0.9926408626,lower,lower,0.17285,0.00000,0.00207,0.00781,0.10649,0.00000,0.21232,3.67992,0.00000,0.00000,0.00000,0.00000,0.02113,0.29585,0.30870,0.29585,0.04080,0.23588,0.24613,0.23588,4.00000,1.23262,0.00397,1.37218,1.37218,1.37615,0.00397,-1.00000,0.14353,1.37615,0.03130,1.37615,4.00000,0.14353,0.00000,0.00000,0.00000,0.00000,0.00000,0.00000,0.00000,0.00000,0.00000,0.00000,17.33199,0.00552,3.67993,1.04346,0.04080,0.15039,2.99494,3.12510,2.99494,0.03511,16.33199,17.33199,0.04346,0.0000000000,0.0995100000,0.1921600000,0.7083100000,0.00017,3.52667,0.00000,0.00000,0.00000,0.00000
3451,turciansky_svaty_martin,381,HUN,381,17,1300,rural_settlement,iron,16.00003,0.09311,11,15.70316,15.70316,0.04246,0.08373,0.01000,1.10031,14.41665,0.05001,0.00000,0.00000,15.56697,15.56697,0.0027039144,0.0053320478,0.0006368145,0.0700693364,0.9180731776,0.0031847093,0.0000000000,0.9913272233,0.9913272233,lower,lower,0.05572,0.00027,0.00156,0.00492,0.08695,0.00000,0.17872,0.87503,0.00755,0.03175,0.03312,0.03175,0.01677,0.17340,0.00000,0.00000,0.02973,0.12472,0.13014,0.12472,4.00000,0.97863,0.00978,1.04710,1.04710,1.05688,0.00978,-0.70925,0.07825,1.05688,0.01566,1.05688,4.00000,0.07825,0.00000,1.00000,0.00000,1.00000,0.00000,0.00000,1.00000,0.00000,1.00000,0.00000,4.89615,0.00289,0.87504,1.04346,0.02973,0.12467,1.68213,0.71177,0.68213,0.02667,3.89615,4.89615,0.04346,0.0422400000,0.0938300000,0.1663400000,0.6975700000,0.00017,0.83860,0.00000,0.00000,0.00000,0.00000
3452,liptovsky_mikulas,381,HUN,381,17,1300,rural_settlement,goods_gold,16.00002,0.01306,10,25.47711,25.47711,0.08717,0.15794,0.01000,2.10058,23.07141,0.05001,0.00000,0.00000,25.22200,25.22200,0.0034215027,0.0061992903,0.0003925092,0.0824496970,0.9055740624,0.0019629385,0.0000000000,0.9899866979,0.9899866979,lower,lower,0.84963,0.00014,0.00291,0.00678,0.19070,0.00000,0.34352,21.64627,0.00755,0.20291,0.21172,0.20291,0.03165,2.01481,1.05891,1.01481,0.04837,1.28108,1.33675,1.28108,4.00000,0.65622,0.01304,0.72802,0.72802,0.74106,0.01304,-0.84877,0.05872,0.74106,0.08484,0.74106,4.00000,0.08484,0.00000,1.00000,0.00000,0.00000,0.00000,0.00000,1.00000,0.00000,0.00000,0.00000,63.01315,0.00552,21.64628,1.04346,0.04837,0.25595,18.24592,19.03888,18.24592,0.04268,62.01315,63.01315,0.04346,0.0219700000,0.0921300000,0.1408000000,0.7450800000,0.00017,20.74472,0.00000,0.00000,0.00000,0.00000
3455,zemplin,381,HUN,381,22,1296,rural_settlement,wheat,17.00003,0.18428,7,14.13610,14.13610,0.05204,0.07067,0.01000,1.10037,12.85301,0.05001,0.00000,0.00000,14.00339,14.00339,0.0036813548,0.0049992572,0.0007074087,0.0778411302,0.9092330982,0.0035377509,0.0000000000,0.9906119793,0.9906119793,lower,nobles,0.00440,0.00023,0.00127,0.00220,0.16750,0.00000,0.25838,0.06227,0.00812,0.00636,0.00663,0.00636,0.01826,0.03063,0.03196,0.03063,0.02394,0.02270,0.02368,0.02270,4.00000,0.02677,0.05546,0.09020,0.09020,0.14566,0.05546,-0.78372,-0.18788,0.14566,0.17243,0.17243,1.00000,0.14566,0.00000,0.00000,0.00000,1.00000,0.00000,0.00000,0.00000,0.00000,1.00000,0.00000,0.24104,0.00272,0.06228,1.04346,0.02394,0.20806,0.35134,0.00000,0.00000,0.02107,-0.75896,0.24104,0.04346,0.0314200000,0.0706700000,0.0926500000,0.8052400000,0.00015,0.05969,0.00000,0.00000,0.00000,0.00000
3456,beregovo,381,HUN,381,22,1296,rural_settlement,wheat,20.00004,0.01325,14,10.29838,10.29838,0.02573,0.05148,0.01000,1.10037,9.06079,0.05001,0.00000,0.00000,10.21117,10.21117,0.0024984512,0.0049988445,0.0009710265,0.1068488442,0.8798267300,0.0048561036,0.0000000000,0.9915316778,0.9915316778,lower,lower,0.03857,0.00042,0.00119,0.00218,0.07450,0.00000,0.14201,0.39730,0.00812,0.00961,0.01002,0.00961,0.01330,0.03112,0.03247,0.03112,0.01772,0.02458,0.02564,0.02458,4.00000,0.46666,0.03560,0.50724,0.50724,0.54284,0.03560,-0.60648,0.07618,0.54284,0.05470,0.54284,4.00000,0.07618,0.00000,0.00000,0.00000,0.00000,0.00000,0.00000,0.00000,0.00000,0.00000,0.00000,2.79776,0.00272,0.39731,1.04346,0.01772,0.10287,0.31546,0.32916,0.31546,0.01485,1.79776,2.79776,0.04346,0.0571700000,0.0936500000,0.1247700000,0.7243800000,0.00015,0.38077,0.00000,0.00000,0.00000,0.00000
3457,humenne,381,HUN,381,17,1296,rural_settlement,fur,15.00003,0.00375,12,19.72318,19.72318,0.07054,0.11735,0.01000,1.10032,18.37496,0.05001,0.00000,0.00000,19.52529,19.52529,0.0035765024,0.0059498519,0.0005070176,0.0557881640,0.9316428689,0.0025355952,0.0000000000,0.9899666281,0.9899666281,lower,lower,0.00644,0.00018,0.00199,0.00497,0.15583,0.00000,0.27523,0.12710,0.00755,0.00919,0.00958,0.00919,0.02351,0.06772,0.07066,0.06772,0.03705,0.04491,0.04686,0.04491,4.00000,0.56884,0.01943,0.64509,0.64509,0.66452,0.01943,-0.81119,-0.01850,0.66452,0.09568,0.66452,4.00000,0.09568,0.00000,0.00000,0.00000,1.00000,0.00000,0.00000,0.00000,0.00000,1.00000,0.00000,0.46183,0.00289,0.12711,1.04346,0.03705,0.20712,0.64970,0.00000,0.00000,0.03399,-0.53817,0.46183,0.04346,0.0274300000,0.0854100000,0.1346100000,0.7525300000,0.00017,0.12182,0.00000,0.00000,0.00000,0.00000
3458,mukachevo,381,HUN,381,17,1296,rural_settlement,wild_game,14.00001,0.01271,12,9.50670,9.50670,0.02276,0.04753,0.01000,1.10034,8.27606,0.05001,0.00000,0.00000,9.42641,9.42641,0.0023941010,0.0049996318,0.0010518897,0.1157436334,0.8705502435,0.0052605005,0.0000000000,0.9915543774,0.9915543774,lower,lower,0.05780,0.00048,0.00088,0.00322,0.04361,0.00000,0.10226,0.54955,0.00755,0.01453,0.01516,0.01453,0.00952,0.04341,0.04529,0.04341,0.01837,0.03428,0.03576,0.03428,4.00000,1.15159,0.00612,1.21522,1.21522,1.22134,0.00612,-0.49180,0.06975,1.22134,-0.04860,1.22134,4.00000,0.06975,0.00000,0.00000,0.00000,0.00000,0.00000,0.00000,0.00000,0.00000,0.00000,0.00000,5.37414,0.00289,0.54956,1.04346,0.01837,0.06682,0.43446,0.45334,0.43446,0.01531,4.37414,5.37414,0.04346,0.0738300000,0.0930900000,0.1796400000,0.6534300000,0.00017,0.52668,0.00000,0.00000,0.00000,0.00000
3459,satoraljaujhely,381,HUN,381,22,1296,rural_settlement,wine,19.00006,0.23589,7,15.88875,15.88875,0.03971,0.07943,0.01000,1.10038,14.60922,0.05001,0.00000,0.00000,15.75961,15.75961,0.0024992526,0.0049991346,0.0006293761,0.0692552907,0.9194694359,0.0031475100,0.0000000000,0.9918722366,0.9918722366,lower,lower,0.06423,0.00028,0.00196,0.00331,0.11763,0.00000,0.21423,1.02054,0.00812,0.01474,0.01538,0.01474,0.02053,0.08179,0.08534,0.08179,0.02682,0.05951,0.06209,0.05951,4.00000,0.44680,0.03918,0.50886,0.50886,0.54804,0.03918,-0.73912,0.10124,0.54804,0.07900,0.54804,4.00000,0.10124,0.00000,0.00000,0.00000,0.00000,0.00000,0.00000,0.00000,0.00000,0.00000,0.00000,4.76380,0.00272,1.02055,1.04346,0.02682,0.15876,0.82201,0.85773,0.82201,0.02395,3.76380,4.76380,0.04346,0.0379000000,0.0958300000,0.1251900000,0.7410700000,0.00015,0.97805,0.00000,0.00000,0.00000,0.00000
3460,uzhorod,381,HUN,381,17,1296,rural_settlement,copper,17.00003,0.00654,13,11.10954,11.10954,0.02676,0.05554,0.01000,1.10037,9.86686,0.05001,0.00000,0.00000,11.01724,11.01724,0.0024087406,0.0049993069,0.0009001273,0.0990473053,0.8881429834,0.0045015365,0.0000000000,0.9916918252,0.9916918252,lower,lower,0.21635,0.00042,0.00101,0.00379,0.05204,0.00000,0.11856,2.40355,0.00755,0.05457,0.05694,0.05457,0.01113,0.19028,0.19854,0.19028,0.02131,0.15044,0.15697,0.15044,4.00000,1.14386,0.00627,1.21630,1.21630,1.22257,0.00627,-0.56167,0.07871,1.22257,-0.03510,1.22257,4.00000,0.07871,0.00000,0.00000,0.00000,0.00000,0.00000,0.00000,0.00000,0.00000,0.00000,0.00000,20.27294,0.00289,2.40356,1.04346,0.02131,0.07857,1.90817,1.99109,1.90817,0.01825,19.27294,20.27294,0.04346,0.0636800000,0.0938700000,0.1797400000,0.6627000000,0.00017,2.30346,0.00000,0.00000,0.00000,0.00000
3461,velikyi_bereznyi,381,HUN,381,17,1296,rural_settlement,lumber,15.00003,0.00654,11,10.21420,10.21420,0.02353,0.05008,0.00000,1.10035,8.99023,0.05001,0.00000,0.00000,10.14059,10.14059,0.0023036557,0.0049029782,0.0000000000,0.1077274774,0.8801697637,0.0048961250,0.0000000000,0.9927933661,0.9927933661,lower,lower,0.08299,0.00000,0.00101,0.00384,0.04827,0.00000,0.09880,0.84773,0.00000,0.00000,0.00000,0.00000,0.01003,0.07316,0.07633,0.07316,0.01969,0.05904,0.00000,0.00000,4.00000,1.29781,0.00000,1.46432,1.46432,1.46432,0.00000,-1.00000,0.16651,1.46432,0.01802,1.46432,4.00000,0.16651,0.00000,0.00000,1.00000,0.00000,0.00000,0.00000,0.00000,1.00000,0.00000,0.00000,8.58036,0.00289,0.84774,1.04346,0.01969,0.06908,0.73928,0.77140,0.73928,0.01663,7.58036,8.58036,0.04346,0.0000000000,0.1015100000,0.1992900000,0.6991900000,0.00017,0.81244,0.00000,0.00000,0.00000,0.00000
3462,csanad,381,HUN,381,22,1282,rural_settlement,medicaments,17.00009,0.24589,6,25.64935,25.64935,0.07090,0.12823,0.01000,2.10062,23.28959,0.05001,0.00000,0.00000,25.44022,25.44022,0.0027642026,0.0049993470,0.0003898734,0.0818975919,0.9079992281,0.0019497570,0.0000000000,0.9918465770,0.9918465770,lower,lower,0.04980,0.00016,0.00295,0.00513,0.21815,0.00000,0.36827,1.27743,0.00812,0.01115,0.01163,0.01115,0.03315,0.10038,0.10474,0.10038,0.04354,0.07275,0.07591,0.07275,4.00000,0.34117,0.04824,0.41361,0.41361,0.46185,0.04824,-0.84829,0.03435,0.46185,0.12068,0.46185,4.00000,0.12068,0.00000,0.00000,0.00000,0.00000,0.00000,0.00000,0.00000,0.00000,0.00000,0.00000,3.46875,0.00520,1.27744,1.04346,0.04354,0.28346,1.03996,1.08515,1.03996,0.03819,2.46875,3.46875,0.04346,0.0220400000,0.0900100000,0.1182200000,0.7697000000,0.00015,1.22424,0.00000,0.00000,0.00000,0.00000
3463,kikinda,381,HUN,381,22,1282,rural_settlement,clay,13.00006,0.34279,6,21.60161,21.60161,0.05981,0.10800,0.01000,2.10064,19.27315,0.05001,0.00000,0.00000,21.42380,21.42380,0.0027687751,0.0049996273,0.0004629285,0.0972446035,0.8922089604,0.0023151052,0.0000000000,0.9917686691,0.9917686691,lower,lower,0.00490,0.00019,0.00246,0.00435,0.18317,0.00000,0.31211,0.10601,0.00812,0.00699,0.00729,0.00699,0.02792,0.05574,0.05816,0.05574,0.03695,0.03888,0.04056,0.03888,4.00000,0.34833,0.04811,0.41572,0.41572,0.46383,0.04811,-0.82096,0.02792,0.46383,0.11550,0.46383,4.00000,0.11550,0.00000,0.00000,0.00000,1.00000,0.00000,0.00000,0.00000,0.00000,1.00000,0.00000,0.33968,0.00520,0.10602,1.04346,0.03695,0.23912,0.57553,0.00000,0.00000,0.03160,-0.66032,0.33968,0.04346,0.0260100000,0.0894500000,0.1183800000,0.7661400000,0.00015,0.10161,0.00000,0.00000,0.00000,0.00000
3464,mako,381,HUN,381,22,1282,rural_settlement,livestock,16.00009,0.31807,5,28.16437,28.16437,0.10417,0.16898,0.00000,2.10067,25.74054,0.05001,0.00000,0.00000,27.89122,27.89122,0.0036986448,0.0059997792,0.0000000000,0.0745860816,0.9139398467,0.0017756477,0.0000000000,0.9903015761,0.9903015761,lower,nobles,0.03059,0.00000,0.00374,0.00445,0.34162,0.00000,0.50772,0.86156,0.00000,0.00000,0.00000,0.00000,0.04368,0.16435,0.17149,0.16435,0.04756,0.09633,0.10051,0.09633,4.00000,0.03607,0.05451,0.10376,0.10376,0.15827,0.05451,-1.00000,-0.01137,0.15827,0.19434,0.19434,1.00000,0.15827,0.00000,0.00000,0.00000,1.00000,0.00000,0.00000,0.00000,0.00000,1.00000,0.00000,1.69693,0.00520,0.86157,1.04346,0.04756,0.41648,1.56501,0.58956,0.56501,0.04221,0.69693,1.69693,0.04346,0.0000000000,0.0860300000,0.0936700000,0.8202900000,0.00015,0.82569,0.00000,0.00000,0.00000,0.00000
3465,szeged,381,HUN,381,22,1304,town,wool,16.00006,0.46964,6,22.97654,22.97654,0.28626,0.46766,0.80022,2.75113,18.07111,0.60016,0.00000,0.00000,21.42240,21.42240,0.0124587949,0.0203538044,0.0348276982,0.1197364790,0.7865026675,0.0261205560,0.0000000000,0.9323597025,0.9323597025,burghers,burghers,0.09969,0.21654,0.00747,0.00074,0.67026,0.00000,1.95426,2.29070,0.65053,0.56035,0.58470,0.56035,0.12089,0.25893,0.27018,0.25893,0.03834,0.13262,0.13838,0.13262,3.00000,1.43853,0.00000,1.27960,-0.75751,1.29123,0.01163,1.29123,-0.28924,-0.75751,-0.14730,1.29123,3.00000,-0.14730,0.00000,0.00000,0.00000,0.00000,0.00000,0.00000,0.00000,0.00000,0.00000,0.00000,1.17216,0.00682,2.29072,1.04346,0.03834,1.14450,1.24342,1.29745,1.24342,0.02963,0.17216,1.17216,0.04346,0.3328700000,0.0618500000,0.0196100000,0.5856400000,0.00189,2.19532,0.00000,0.00000,0.00000,0.00000
3466,halas,381,HUN,381,22,1304,rural_settlement,legumes,16.00008,0.31424,8,16.05161,16.05161,0.04012,0.08024,0.00000,1.10039,14.78085,0.05001,0.00000,0.00000,15.93125,15.93125,0.0024994378,0.0049988755,0.0000000000,0.0685532479,0.9208328635,0.0031155753,0.0000000000,0.9925016867,0.9925016867,lower,lower,0.04661,0.00000,0.00206,0.00350,0.12350,0.00000,0.20825,0.74824,0.00000,0.00000,0.00000,0.00000,0.02074,0.06113,0.06378,0.06113,0.02711,0.04316,0.04503,0.04316,4.00000,0.46530,0.03571,0.57403,0.57403,0.60974,0.03571,-1.00000,0.14444,0.60974,0.12144,0.60974,4.00000,0.14444,0.00000,0.00000,0.00000,0.00000,0.00000,0.00000,0.00000,0.00000,0.00000,0.00000,3.59303,0.00272,0.74825,1.04346,0.02711,0.16040,0.61280,0.63943,0.61280,0.02424,2.59303,3.59303,0.04346,0.0000000000,0.0995900000,0.1301800000,0.7702200000,0.00015,0.71709,0.00000,0.00000,0.00000,0.00000
3467,felegyhaza,381,HUN,381,22,1304,rural_settlement,livestock,16.00008,0.47619,11,15.20633,15.20633,0.03801,0.07602,0.01000,1.10040,13.93189,0.05001,0.00000,0.00000,15.08230,15.08230,0.0024996169,0.0049992339,0.0006576209,0.0723646008,0.9161901655,0.0032887620,0.0000000000,0.9918435283,0.9918435283,lower,lower,0.07018,0.00029,0.00184,0.00321,0.11239,0.00000,0.20544,1.06719,0.00812,0.01438,0.01500,0.01438,0.01965,0.08681,0.09058,0.08681,0.02571,0.05732,0.05981,0.05732,4.00000,0.44837,0.03868,0.50874,0.50874,0.54742,0.03868,-0.72797,0.09905,0.54742,0.07697,0.54742,4.00000,0.09905,0.00000,0.00000,0.00000,0.00000,0.00000,0.00000,0.00000,0.00000,0.00000,0.00000,5.19470,0.00272,1.06720,1.04346,0.02571,0.15196,0.86425,0.90181,0.86425,0.02284,4.19470,5.19470,0.04346,0.0395200000,0.0956400000,0.1251400000,0.7396800000,0.00015,1.02276,0.00000,0.00000,0.00000,0.00000
3468,zenta,381,HUN,381,22,1304,rural_settlement,wheat,20.00010,0.41181,6,23.02663,23.02663,0.06335,0.11513,0.01000,2.10077,20.68737,0.05001,0.00000,0.00000,22.83815,22.83815,0.0027511625,0.0049998632,0.0004342798,0.0912321951,0.8984106663,0.0021718332,0.0000000000,0.9918146946,0.9918146946,lower,lower,0.00606,0.00018,0.00266,0.00466,0.19414,0.00000,0.33043,0.13962,0.00812,0.00847,0.00883,0.00847,0.02976,0.07469,0.07793,0.07469,0.03927,0.05066,0.05286,0.05066,4.00000,0.35347,0.04805,0.42146,0.42146,0.46951,0.04805,-0.83087,0.03493,0.46951,0.11604,0.46951,4.00000,0.11604,0.00000,0.00000,0.00000,1.00000,0.00000,0.00000,0.00000,0.00000,1.00000,0.00000,0.42257,0.00520,0.13963,1.04346,0.03927,0.25328,0.76761,0.00000,0.00000,0.03392,-0.57743,0.42257,0.04346,0.0245700000,0.0900600000,0.1188400000,0.7665100000,0.00015,0.13382,0.00000,0.00000,0.00000,0.00000
3469,timisoara,381,HUN,381,22,1278,rural_settlement,livestock,18.00008,0.18210,8,20.65006,20.65006,0.07227,0.12389,0.00000,2.10070,18.30319,0.05001,0.00000,0.00000,20.45390,20.45390,0.0034997477,0.0059994983,0.0000000000,0.1017285180,0.8863504513,0.0024217847,0.0000000000,0.9905007540,0.9905007540,lower,lower,0.08225,0.00000,0.00286,0.00350,0.23428,0.00000,0.35632,1.69859,0.00000,0.00000,0.00000,0.00000,0.03202,0.14805,0.15448,0.14805,0.03536,0.09149,0.09546,0.09149,4.00000,0.04636,0.05312,0.17391,0.17391,0.22703,0.05312,-1.00000,0.03263,0.22703,0.18067,0.22703,4.00000,0.18067,0.00000,0.00000,0.00000,0.00000,0.00000,0.00000,0.00000,0.00000,0.00000,0.00000,4.76706,0.00520,1.69860,1.04346,0.03536,0.28894,1.38832,1.44865,1.38832,0.03001,3.76706,4.76706,0.04346,0.0000000000,0.0898600000,0.0992300000,0.8109000000,0.00015,1.62786,0.00000,0.00000,0.00000,0.00000
3470,caransebes,381,HUN,381,10,1278,rural_settlement,marble,10.00003,0.00681,9,8.77926,8.77926,0.02194,0.04289,0.00000,1.00031,7.71412,0.00000,0.00000,0.00000,8.71443,8.71443,0.0024990717,0.0048853776,0.0000000000,0.1139401271,0.8786754237,0.0000000000,0.0000000000,0.9926155507,0.9926155507,lower,lower,0.11035,0.00000,0.00186,0.00279,0.06090,0.00000,0.11789,0.96879,0.00000,0.00000,0.00000,0.00000,0.01494,0.07616,0.07946,0.07616,0.01818,0.06168,0.06436,0.06168,4.00000,0.45067,0.03817,0.86871,0.86871,0.90688,0.03817,-1.00000,0.45621,0.90688,0.04695,0.90688,4.00000,0.45621,0.00000,0.00000,0.00000,0.00000,0.00000,0.00000,0.00000,0.00000,0.00000,0.00000,8.21783,0.00283,0.96880,1.04346,0.01818,0.08477,0.79061,0.82496,0.79061,0.01535,7.21783,8.21783,0.04346,0.0000000000,0.1267200000,0.1542100000,0.7190600000,0.00000,0.92845,0.00000,0.00000,0.00000,0.00000
3471,lugoj,381,HUN,381,22,1278,rural_settlement,livestock,14.00004,0.00466,15,9.57205,9.57205,0.02391,0.04784,0.00000,1.10147,8.34877,0.05006,0.00000,0.00000,9.50030,9.50030,0.0024978975,0.0049978845,0.0000000000,0.1150714842,0.8722029241,0.0052298097,0.0000000000,0.9925042180,0.9925042180,lower,lower,0.02886,0.00000,0.00120,0.00216,0.07332,0.00000,0.12452,0.27632,0.00000,0.00000,0.00000,0.00000,0.01236,0.02219,0.02315,0.02219,0.01657,0.01756,0.01832,0.01756,4.00000,0.50483,0.01967,0.62581,0.62581,0.64548,0.01967,-1.00000,0.14065,0.64548,0.11771,0.64548,4.00000,0.14065,0.00000,0.00000,0.00000,0.00000,0.00000,0.00000,0.00000,0.00000,0.00000,0.00000,2.21916,0.00273,0.27633,1.04346,0.01657,0.09559,0.22508,0.23486,0.22508,0.01369,1.21916,2.21916,0.04346,0.0000000000,0.0992600000,0.1330700000,0.7676600000,0.00015,0.26483,0.00000,0.00000,0.00000,0.00000
3472,mihalt,381,HUN,381,10,1278,rural_settlement,lumber,13.00004,0.00926,14,12.59978,12.59978,0.03604,0.06199,0.01000,1.10035,11.34139,0.05001,0.00000,0.00000,12.49175,12.49175,0.0028603674,0.0049199272,0.0007936647,0.0873308899,0.9001260339,0.0039691169,0.0000000000,0.9914260408,0.9914260408,lower,lower,0.01137,0.00050,0.00233,0.00335,0.09844,0.00000,0.19697,0.14331,0.01029,0.01713,0.01787,0.01713,0.02159,0.06668,0.06957,0.06668,0.02584,0.05355,0.05587,0.05355,4.00000,0.36251,0.04775,0.57435,0.57435,0.62210,0.04775,-0.64041,0.25959,0.62210,0.02933,0.62210,4.00000,0.25959,0.00000,0.00000,0.00000,1.00000,0.00000,0.00000,0.00000,0.00000,1.00000,0.00000,0.72762,0.00311,0.14332,1.04346,0.02584,0.13925,0.71607,0.00000,0.00000,0.02256,-0.27238,0.72762,0.04346,0.0522400000,0.1096100000,0.1311800000,0.7069600000,0.00017,0.13736,0.00000,0.00000,0.00000,0.00000
3473,recas,381,HUN,381,22,1278,rural_settlement,clay,16.00008,0.18326,8,19.30620,19.30620,0.04826,0.10381,0.01000,1.10035,17.99377,0.05001,0.00000,0.00000,19.14413,19.14413,0.0024997151,0.0053770291,0.0005179683,0.0569946442,0.9320202836,0.0025903596,0.0000000000,0.9916052874,0.9916052874,lower,lower,0.00290,0.00023,0.00272,0.00399,0.14300,0.00000,0.26027,0.05608,0.00812,0.00415,0.00433,0.00415,0.02683,0.02936,0.03063,0.02936,0.03237,0.02025,0.02113,0.02025,4.00000,0.35335,0.04809,0.48981,0.48981,0.53790,0.04809,-0.78531,0.18455,0.53790,0.07939,0.53790,4.00000,0.18455,0.00000,0.00000,0.00000,1.00000,0.00000,0.00000,0.00000,0.00000,1.00000,0.00000,0.21550,0.00272,0.05609,1.04346,0.03237,0.19295,0.27484,0.00000,0.00000,0.02950,-0.78450,0.21550,0.04346,0.0311900000,0.1030800000,0.1243700000,0.7413400000,0.00015,0.05376,0.00000,0.00000,0.00000,0.00000
3474,zarand,381,HUN,381,22,1281,rural_settlement,wheat,19.00008,0.18243,8,17.80810,17.80810,0.04951,0.08903,0.01000,1.10037,16.50918,0.05001,0.00000,0.00000,17.65956,17.65956,0.0027801955,0.0049994104,0.0005615422,0.0617904212,0.9270601580,0.0028082726,0.0000000000,0.9916588519,0.9916588519,lower,lower,0.00365,0.00023,0.00200,0.00343,0.15126,0.00000,0.25901,0.06514,0.00812,0.00591,0.00000,0.00000,0.02301,0.03584,0.03739,0.03584,0.02994,0.02660,0.02775,0.02660,4.00000,0.31664,0.05012,0.37921,0.37921,0.42933,0.05012,-0.78420,0.02079,0.42933,0.11269,0.42933,4.00000,0.11269,1.00000,0.00000,0.00000,1.00000,0.00000,1.00000,0.00000,0.00000,1.00000,0.00000,0.25153,0.00272,0.06515,1.04346,0.02994,0.19794,0.37291,0.00000,0.00000,0.02707,-0.74847,0.25153,0.04346,0.0313500000,0.0888300000,0.1155900000,0.7642100000,0.00015,0.06244,0.00000,0.00000,0.00000,0.00000
3475,arad,381,HUN,381,22,1281,rural_settlement,wine,17.00008,0.18014,8,19.90948,19.90948,0.04976,0.09954,0.01000,1.10034,18.59983,0.05001,0.00000,0.00000,19.75018,19.75018,0.0024993119,0.0049996283,0.0005022733,0.0552671391,0.9342197787,0.0025118687,0.0000000000,0.9919987865,0.9919987865,lower,lower,0.05069,0.00022,0.00247,0.00417,0.14866,0.00000,0.26616,1.00923,0.00812,0.01195,0.01246,0.01195,0.02573,0.08085,0.08436,0.08085,0.03337,0.06009,0.06270,0.06009,4.00000,0.43937,0.04023,0.51003,0.51003,0.55026,0.04023,-0.79006,0.11089,0.55026,0.08827,0.55026,4.00000,0.11089,0.00000,0.00000,0.00000,0.00000,0.00000,0.00000,0.00000,0.00000,0.00000,0.00000,3.79185,0.00272,1.00924,1.04346,0.03337,0.19894,0.81432,0.84971,0.81432,0.03050,2.79185,3.79185,0.04346,0.0305000000,0.0966700000,0.1253700000,0.7474400000,0.00015,0.96721,0.00000,0.00000,0.00000,0.00000
3476,baia_crisului,381,HUN,381,22,1281,rural_settlement,goods_gold,11.00003,,12,22.31010,22.31010,0.08272,0.13385,0.01000,2.10056,19.93296,0.05001,0.00000,0.00000,22.08353,22.08353,0.0037077378,0.0059995249,0.0004482275,0.0941528725,0.8934500518,0.0022415856,0.0000000000,0.9898445099,0.9898445099,unclassified,nobles,0.00000,0.00014,0.00289,0.00349,0.26579,0.00000,0.41148,0.00000,0.00812,0.00000,0.00000,0.00000,0.03460,0.00000,0.00000,0.00000,0.03804,0.00000,0.00000,0.00000,0.00000,0.00000,0.05548,0.09893,0.09893,0.15441,0.05548,-1.00000,-1.00000,-1.00000,-1.00000,-1.00000,1.00000,-1.00000,0.00000,0.00000,0.00000,1.00000,0.00000,0.00000,0.00000,0.00000,1.00000,0.00000,0.00000,0.00520,0.00000,1.04346,0.03804,0.33072,0.00000,0.00000,0.00000,0.03269,-1.00000,0.00000,0.04346,0.0000000000,0.0000000000,0.0000000000,0.0000000000,0.00015,0.00000,0.00000,0.00000,0.00000,0.00000
3477,ineu,381,HUN,381,22,1281,rural_settlement,wine,14.00005,0.18012,8,19.09522,19.09522,0.04773,0.09546,0.01000,1.10031,17.79171,0.05001,0.00000,0.00000,18.94203,18.94203,0.0024995784,0.0049991569,0.0005236913,0.0576222741,0.9317363194,0.0026189800,0.0000000000,0.9919775734,0.9919775734,lower,lower,0.05027,0.00023,0.00234,0.00398,0.14241,0.00000,0.25566,0.95995,0.00812,0.01184,0.01235,0.01184,0.02467,0.07685,0.08018,0.07685,0.03204,0.05712,0.05960,0.05712,4.00000,0.44082,0.03995,0.50969,0.50969,0.54964,0.03995,-0.78138,0.10882,0.54964,0.08679,0.54964,4.00000,0.10882,0.00000,0.00000,0.00000,0.00000,0.00000,0.00000,0.00000,0.00000,0.00000,0.00000,3.75483,0.00272,0.95996,1.04346,0.03204,0.19083,0.77417,0.80781,0.77417,0.02917,2.75483,3.75483,0.04346,0.0317600000,0.0964900000,0.1253200000,0.7464200000,0.00015,0.91998,0.00000,0.00000,0.00000,0.00000
3478,lipova,381,HUN,381,22,1281,rural_settlement,fruit,15.00005,0.18271,8,19.97247,19.97247,0.06634,0.09986,0.01000,1.10034,18.64592,0.05001,0.00000,0.00000,19.79627,19.79627,0.0033215721,0.0049998823,0.0005006892,0.0550928353,0.9335810743,0.0025039467,0.0000000000,0.9911778563,0.9911778563,lower,lower,0.00602,0.00018,0.00198,0.00333,0.21148,0.00000,0.33260,0.12041,0.00812,0.00899,0.00938,0.00899,0.02581,0.06110,0.06375,0.06110,0.03344,0.04532,0.04728,0.04532,4.00000,0.08215,0.05255,0.19067,0.19067,0.24322,0.05255,-0.83197,-0.10825,0.24322,0.16107,0.24322,4.00000,0.16107,0.00000,0.00000,0.00000,1.00000,0.00000,0.00000,0.00000,0.00000,1.00000,0.00000,0.36205,0.00272,0.12042,1.04346,0.03344,0.26523,0.67480,0.00000,0.00000,0.03057,-0.63795,0.36205,0.04346,0.0244100000,0.0776000000,0.1005400000,0.7974400000,0.00015,0.11541,0.00000,0.00000,0.00000,0.00000
3479,kovin,381,HUN,381,22,1279,rural_settlement,sand,19.00009,0.17363,10,21.02260,21.02260,0.05886,0.10511,0.01000,2.10066,18.69796,0.05001,0.00000,0.00000,20.84863,20.84863,0.0027998440,0.0049998573,0.0004756786,0.0999238914,0.8894218603,0.0023788685,0.0000000000,0.9917246202,0.9917246202,lower,lower,0.00323,0.00019,0.00238,0.00420,0.18060,0.00000,0.30663,0.06797,0.00812,0.00485,0.00506,0.00485,0.02717,0.03456,0.03606,0.03456,0.03601,0.02574,0.02685,0.02574,4.00000,0.33464,0.04874,0.40334,0.40334,0.45208,0.04874,-0.81773,0.01815,0.45208,0.11744,0.45208,4.00000,0.11744,0.00000,0.00000,0.00000,2.00000,0.00000,0.00000,0.00000,0.00000,2.00000,0.00000,0.22170,0.00520,0.06798,1.04346,0.03601,0.23533,0.36051,0.00000,0.00000,0.03066,-0.77830,0.22170,0.04346,0.0264800000,0.0886000000,0.1174300000,0.7674700000,0.00015,0.06515,0.00000,0.00000,0.00000,0.00000
3480,carasova,381,HUN,381,10,1279,rural_settlement,wild_game,14.00004,0.01566,12,22.08888,22.08888,0.07731,0.13848,0.01000,2.10065,19.71243,0.05001,0.00000,0.00000,21.86309,21.86309,0.0034999511,0.0062692178,0.0004527165,0.0950998874,0.8924141921,0.0022640351,0.0000000000,0.9897781146,0.9897781146,clergy,lower,0.03608,0.00024,0.00576,0.00509,0.22162,0.00000,0.40257,0.79713,0.01029,0.00897,0.00935,0.00897,0.04824,0.07818,0.00000,0.00000,0.04533,0.04910,0.05123,0.04910,2.00000,0.01532,0.05552,0.35388,0.33683,0.37703,0.02315,-0.82406,0.37703,0.39235,0.08035,0.39235,4.00000,0.37703,0.00000,1.00000,0.00000,0.00000,0.00000,0.00000,1.00000,0.00000,0.00000,0.00000,1.98012,0.00594,0.79714,1.04346,0.04533,0.29871,0.70587,0.73654,0.70587,0.03922,0.98012,1.98012,0.04346,0.0255600000,0.1198300000,0.1126000000,0.7420000000,0.00017,0.76394,0.00000,0.00000,0.00000,0.00000
3481,modos,381,HUN,381,22,1279,rural_settlement,fish,19.00009,0.36976,10,20.53685,20.53685,0.05133,0.10268,0.01000,2.10066,18.22217,0.05001,0.00000,0.00000,20.37284,20.37284,0.0024994096,0.0049997931,0.0004869296,0.1022873518,0.8872913811,0.0024351349,0.0000000000,0.9920138678,0.9920138678,lower,lower,0.05264,0.00021,0.00254,0.00450,0.15306,0.00000,0.27511,1.08112,0.00812,0.01140,0.01189,0.01140,0.02654,0.08768,0.09149,0.08768,0.03523,0.06050,0.06312,0.06050,4.00000,0.47481,0.03332,0.55008,0.55008,0.58340,0.03332,-0.79687,0.10859,0.58340,0.08610,0.58340,4.00000,0.10859,0.00000,0.00000,0.00000,0.00000,0.00000,0.00000,0.00000,0.00000,0.00000,0.00000,3.92980,0.00520,1.08113,1.04346,0.03523,0.20522,0.87653,0.91462,0.87653,0.02988,2.92980,3.92980,0.04346,0.0295100000,0.0964700000,0.1280500000,0.7459500000,0.00015,1.03611,0.00000,0.00000,0.00000,0.00000
3482,pancevo,381,HUN,381,22,1279,rural_settlement,livestock,15.00005,0.29893,9,20.92884,20.92884,0.05861,0.10464,0.00000,2.10067,18.61491,0.05001,0.00000,0.00000,20.76559,20.76559,0.0028004419,0.0049997993,0.0000000000,0.1003720225,0.8894382106,0.0023895256,0.0000000000,0.9921997588,0.9921997588,lower,lower,0.00977,0.00000,0.00245,0.00430,0.18472,0.00000,0.29725,0.20454,0.00000,0.00000,0.00000,0.00000,0.02705,0.11464,0.11962,0.11464,0.03587,0.08140,0.08493,0.08140,4.00000,0.34435,0.04818,0.44396,0.44396,0.49214,0.04818,-1.00000,0.04573,0.49214,0.14779,0.49214,4.00000,0.14779,0.00000,0.00000,0.00000,2.00000,0.00000,0.00000,0.00000,0.00000,2.00000,0.00000,0.68814,0.00520,0.20455,1.04346,0.03587,0.23433,1.19040,0.00000,0.00000,0.03052,-0.31186,0.68814,0.04346,0.0000000000,0.0910000000,0.1206700000,0.7883200000,0.00015,0.19604,0.00000,0.00000,0.00000,0.00000
3483,semlacu_mare,381,HUN,381,22,1279,rural_settlement,iron,16.00007,0.01325,12,16.16132,16.16132,0.04040,0.08080,0.01000,1.10035,14.87976,0.05001,0.00000,0.00000,16.03012,16.03012,0.0024997958,0.0049995916,0.0006187613,0.0680854039,0.9207020219,0.0030944255,0.0000000000,0.9918818512,0.9918818512,lower,lower,0.07366,0.00027,0.00197,0.00339,0.11974,0.00000,0.21779,1.19048,0.00812,0.01852,0.01932,0.01852,0.02088,0.09410,0.09818,0.09410,0.02727,0.07433,0.07756,0.07433,4.00000,0.44658,0.03947,0.50881,0.50881,0.54828,0.03947,-0.74339,0.10170,0.54828,0.07981,0.54828,4.00000,0.10170,0.00000,0.00000,0.00000,0.00000,0.00000,0.00000,0.00000,0.00000,0.00000,0.00000,5.46622,0.00272,1.19049,1.04346,0.02727,0.16152,0.95396,0.99541,0.95396,0.02440,4.46622,5.46622,0.04346,0.0372800000,0.0958700000,0.1252100000,0.7416300000,0.00015,1.14091,0.00000,0.00000,0.00000,0.00000
3484,veliky_beckerek,381,HUN,381,22,1279,rural_settlement,wheat,15.00005,0.33252,9,20.64454,20.64454,0.05160,0.10953,0.00000,2.10069,18.33271,0.05001,0.00000,0.00000,20.48341,20.48341,0.0024994502,0.0053055190,0.0000000000,0.1017552341,0.8880173644,0.0024224323,0.0000000000,0.9921950307,0.9921950307,lower,lower,0.00668,0.00000,0.00296,0.00462,0.15758,0.00000,0.27002,0.13802,0.00000,0.00000,0.00000,0.00000,0.02831,0.07968,0.08314,0.07968,0.03541,0.05261,0.05489,0.05261,4.00000,0.41671,0.04077,0.58072,0.58072,0.62149,0.04077,-1.00000,0.20478,0.62149,0.11240,0.62149,4.00000,0.20478,0.00000,0.00000,0.00000,1.00000,0.00000,0.00000,0.00000,0.00000,1.00000,0.00000,0.51118,0.00520,0.13803,1.04346,0.03541,0.20630,0.75192,0.00000,0.00000,0.03006,-0.48882,0.51118,0.04346,0.0000000000,0.1048400000,0.1311300000,0.7640100000,0.00015,0.13229,0.00000,0.00000,0.00000,0.00000
3485,bacs,381,HUN,381,22,1284,rural_settlement,wool,13.00009,0.57377,5,28.50268,28.50268,0.07125,0.14973,0.00000,2.10061,26.13108,0.05001,0.00000,0.00000,28.28170,28.28170,0.0024997649,0.0052531902,0.0000000000,0.0736986838,0.9167937892,0.0017545719,0.0000000000,0.9922470448,0.9922470448,lower,lower,0.03693,0.00000,0.00400,0.00624,0.21825,0.00000,0.37176,1.05260,0.00000,0.00000,0.00000,0.00000,0.03870,0.18190,0.18980,0.18190,0.04820,0.10961,0.11437,0.10961,4.00000,0.40703,0.04265,0.56054,0.56054,0.60319,0.04265,-1.00000,0.19616,0.60319,0.11565,0.60319,4.00000,0.19616,0.00000,0.00000,0.00000,1.00000,0.00000,0.00000,0.00000,0.00000,1.00000,0.00000,2.83142,0.00520,1.05261,1.04346,0.04820,0.28486,1.71726,0.74843,0.71726,0.04285,1.83142,2.83142,0.04346,0.0000000000,0.1040900000,0.1296500000,0.7662400000,0.00015,1.00877,0.00000,0.00000,0.00000,0.00000
3486,baja_hungary,381,HUN,381,22,1284,rural_settlement,fiber_crops,18.00012,0.64068,6,32.82689,32.82689,0.08840,0.16412,0.01000,3.10088,29.41348,0.05001,0.00000,0.00000,32.56437,32.56437,0.0026929143,0.0049995598,0.0003046283,0.0944615832,0.8960178683,0.0015234462,0.0000000000,0.9920028976,0.9920028976,lower,lower,0.03765,0.00013,0.00389,0.00682,0.27151,0.00000,0.46004,1.23608,0.00812,0.01879,0.01960,0.01879,0.04242,0.26992,0.28165,0.26992,0.05607,0.16897,0.17631,0.16897,4.00000,0.38854,0.04508,0.46203,0.46203,0.50711,0.04508,-0.87851,0.05952,0.50711,0.11857,0.50711,4.00000,0.11857,0.00000,0.00000,0.00000,2.00000,0.00000,0.00000,0.00000,0.00000,2.00000,0.00000,2.68691,0.00769,1.23609,1.04346,0.05607,0.35343,2.72693,0.75852,0.72693,0.04823,1.68691,2.68691,0.04346,0.0176500000,0.0922000000,0.1218800000,0.7682500000,0.00015,1.18461,0.00000,0.00000,0.00000,0.00000
3487,bodrog,381,HUN,381,22,1284,rural_settlement,livestock,18.00012,0.64069,5,30.17693,30.17693,0.08285,0.15829,0.00000,3.10089,26.78489,0.05001,0.00000,0.00000,29.93579,29.93579,0.0027454748,0.0052453977,0.0000000000,0.1027569736,0.8875949276,0.0016572262,0.0000000000,0.9920091275,0.9920091275,lower,lower,0.08394,0.00000,0.00393,0.00629,0.25879,0.00000,0.42392,2.53326,0.00000,0.00000,0.00000,0.00000,0.04092,0.23690,0.00000,0.00000,0.05176,0.17463,0.18221,0.17463,4.00000,0.37203,0.04674,0.46296,0.46296,0.50970,0.04674,-1.00000,0.10917,0.50970,0.13767,0.50970,4.00000,0.13767,0.00000,1.00000,0.00000,0.00000,0.00000,0.00000,1.00000,0.00000,0.00000,0.00000,5.97582,0.00769,2.53327,1.04346,0.05176,0.33124,2.25313,2.35105,2.25313,0.04392,4.97582,5.97582,0.04346,0.0000000000,0.0965200000,0.1220900000,0.7813700000,0.00015,2.42776,0.00000,0.00000,0.00000,0.00000
3488,titel,381,HUN,381,22,1284,rural_settlement,livestock,14.00010,0.47683,6,33.26594,33.26594,0.12142,0.19958,0.01000,3.10089,29.78404,0.05001,0.00000,0.00000,32.93494,32.93494,0.0036499795,0.0059995298,0.0003006078,0.0932151624,0.8953313810,0.0015033395,0.0000000000,0.9900498829,0.9900498829,lower,nobles,0.04449,0.00009,0.00441,0.00533,0.39156,0.00000,0.60184,1.48017,0.00812,0.01384,0.01444,0.01384,0.05159,0.21935,0.22888,0.21935,0.05668,0.12043,0.12566,0.12043,4.00000,0.00995,0.05552,0.10894,0.10894,0.16446,0.05552,-0.90714,-0.01493,0.16446,0.17441,0.17441,1.00000,0.16446,0.00000,0.00000,0.00000,1.00000,0.00000,0.00000,0.00000,0.00000,1.00000,0.00000,2.45942,0.00769,1.48018,1.04346,0.05668,0.48545,2.06492,1.11120,1.06492,0.04884,1.45942,2.45942,0.04346,0.0134900000,0.0857200000,0.0941700000,0.8066000000,0.00015,1.41854,0.00000,0.00000,0.00000,0.00000
3489,siklos,381,HUN,381,22,1286,rural_settlement,clay,13.00003,0.41077,5,25.47919,25.47919,0.06952,0.12738,0.00000,2.10065,23.13163,0.05001,0.00000,0.00000,25.28229,25.28229,0.0027285012,0.0049993740,0.0000000000,0.0824457135,0.9078636330,0.0019627783,0.0000000000,0.9922721248,0.9922721248,lower,lower,0.00369,0.00000,0.00304,0.00528,0.21812,0.00000,0.35416,0.09404,0.00000,0.00000,0.00000,0.00000,0.03293,0.05369,0.05602,0.05369,0.04328,0.03645,0.03803,0.03645,4.00000,0.36838,0.04750,0.46356,0.46356,0.51106,0.04750,-1.00000,0.06849,0.51106,0.14268,0.51106,4.00000,0.14268,0.00000,0.00000,0.00000,1.00000,0.00000,0.00000,0.00000,0.00000,1.00000,0.00000,0.26555,0.00520,0.09405,1.04346,0.04328,0.27795,0.55058,0.00000,0.00000,0.03793,-0.73445,0.26555,0.04346,0.0000000000,0.0929800000,0.1222000000,0.7848100000,0.00015,0.09014,0.00000,0.00000,0.00000,0.00000
3490,mohacs,381,HUN,381,22,1286,rural_settlement,fish,16.00006,0.64301,6,27.37732,27.37732,0.07442,0.13688,0.01000,2.10065,25.00536,0.05001,0.00000,0.00000,27.15602,27.15602,0.0027183084,0.0049997589,0.0003652658,0.0767295703,0.9133604020,0.0018266945,0.0000000000,0.9919166668,0.9919166668,lower,lower,0.00400,0.00015,0.00322,0.00552,0.22852,0.00000,0.38739,0.10965,0.00812,0.00808,0.00843,0.00808,0.03538,0.09702,0.10123,0.09702,0.04635,0.07257,0.00000,0.00000,4.00000,0.36111,0.04779,0.43162,0.43162,0.47941,0.04779,-0.85572,0.04941,0.47941,0.11830,0.47941,4.00000,0.11830,0.00000,0.00000,1.00000,2.00000,0.00000,0.00000,0.00000,1.00000,2.00000,0.00000,0.28307,0.00520,0.10966,1.04346,0.04635,0.29754,0.96780,0.00000,0.00000,0.04100,-0.71693,0.28307,0.04346,0.0209600000,0.0913200000,0.1196400000,0.7680600000,0.00015,0.10510,0.00000,0.00000,0.00000,0.00000
3491,pecs,381,HUN,381,22,1286,town,horses,19.00006,0.48185,6,33.05980,33.05980,0.39214,0.63497,0.80018,2.75093,27.88145,0.60013,0.00000,0.00000,31.23251,31.23251,0.0118615358,0.0192067103,0.0242040182,0.0832107272,0.8433641462,0.0181528624,0.0000000000,0.9447277358,0.9447277358,burghers,burghers,0.10697,0.17364,0.01105,0.00121,1.00869,0.00000,2.43691,3.53663,0.65050,0.76113,0.79420,0.76113,0.16415,0.48088,0.00000,0.00000,0.05443,0.26786,0.27950,0.26786,3.00000,0.90060,0.01003,0.81354,-0.73390,0.83734,0.02380,0.83734,-0.22603,-0.72387,-0.06326,0.83734,3.00000,-0.06326,0.00000,1.00000,0.00000,0.00000,0.00000,0.00000,1.00000,0.00000,0.00000,0.00000,1.45128,0.00682,3.53666,1.04346,0.05443,1.56783,2.36037,2.46295,2.36037,0.04572,0.45128,1.45128,0.04346,0.2669300000,0.0673500000,0.0223300000,0.6433600000,0.00189,3.38936,0.00000,0.00000,0.00000,0.00000
3492,simontornya,381,HUN,381,22,1286,rural_settlement,wheat,17.00006,0.56579,5,32.43725,32.43725,0.08853,0.16962,0.00000,3.10091,29.02818,0.05001,0.00000,0.00000,32.17910,32.17910,0.0027292696,0.0052291732,0.0000000000,0.0955971915,0.8949026197,0.0015417460,0.0000000000,0.9920415572,0.9920415572,lower,lower,0.00943,0.00000,0.00423,0.00677,0.27640,0.00000,0.45324,0.30616,0.00000,0.00000,0.00000,0.00000,0.04385,0.13378,0.00000,0.00000,0.05544,0.08947,0.00000,0.00000,4.00000,0.37539,0.04665,0.46577,0.46577,0.51242,0.04665,-1.00000,0.11169,0.51242,0.13703,0.51242,4.00000,0.13703,0.00000,1.00000,1.00000,1.00000,0.00000,0.00000,1.00000,1.00000,1.00000,0.00000,0.67551,0.00769,0.30617,1.04346,0.05544,0.35395,1.29342,0.30617,0.29342,0.04760,-0.32449,0.67551,0.04346,0.0000000000,0.0967400000,0.1223100000,0.7809300000,0.00015,0.29342,0.00000,0.00000,0.00000,0.00000
3493,tolna,381,HUN,381,22,1286,rural_settlement,wine,16.00006,0.73400,6,30.16172,30.16172,0.07540,0.15080,0.01000,3.10095,26.77456,0.05001,0.00000,0.00000,29.92552,29.92552,0.0024998574,0.0049997149,0.0003315461,0.1028107813,0.8877000383,0.0016580619,0.0000000000,0.9921688816,0.9921688816,lower,lower,0.11072,0.00014,0.00377,0.00666,0.22700,0.00000,0.40030,3.33974,0.00812,0.02008,0.02095,0.02008,0.03898,0.28146,0.29369,0.28146,0.05175,0.29562,0.30846,0.29562,4.00000,0.47956,0.02900,0.56949,0.56949,0.59849,0.02900,-0.86040,0.11893,0.59849,0.09646,0.59849,4.00000,0.11893,0.00000,0.00000,0.00000,0.00000,0.00000,0.00000,0.00000,0.00000,0.00000,0.00000,8.34311,0.00769,3.33975,1.04346,0.05175,0.30145,2.60349,2.71663,2.60349,0.04391,7.34311,8.34311,0.04346,0.0202800000,0.0973700000,0.1292700000,0.7530600000,0.00015,3.20065,0.00000,0.00000,0.00000,0.00000
3494,buda,381,HUN,381,22,1291,city,wine,24.00010,1.00000,9,34.31993,34.31993,0.47471,1.14270,1.60049,3.55195,26.29970,1.25038,0.00000,0.00000,31.10203,31.10203,0.0138319047,0.0332955225,0.0466344191,0.1034952577,0.7663098380,0.0364330580,0.0000000000,0.9062381537,0.9062381537,burghers,burghers,0.03625,0.47682,0.02457,0.00087,1.01461,0.00000,3.55033,1.24417,1.30111,0.50459,0.52651,0.50459,0.29541,0.40658,0.42424,0.40658,0.05586,0.24408,0.25468,0.24408,3.00000,1.56639,0.00000,1.51663,-0.80549,1.52250,0.00587,1.52250,-0.04389,-0.80549,-0.22164,1.52250,3.00000,-0.04389,0.00000,0.00000,0.00000,1.00000,0.00000,0.00000,0.00000,0.00000,1.00000,0.00000,0.35044,0.00880,1.24420,1.04346,0.05586,1.89795,1.03713,0.03874,0.03713,0.04313,-0.64956,0.35044,0.04346,0.3664700000,0.0832000000,0.0157300000,0.5345800000,0.00393,1.19238,0.00000,0.00000,0.00000,0.00000
3495,esztergom,381,HUN,381,22,1291,town,marble,18.00006,0.92792,8,17.97556,17.97556,0.21578,0.66979,0.80024,1.75092,13.93865,0.60018,0.00000,0.00000,16.28975,16.28975,0.0120040766,0.0372611479,0.0445182236,0.0974055885,0.7754222956,0.0333886677,0.0000000000,0.9062165518,0.9062165518,burghers,burghers,0.16928,0.24669,0.01747,0.00048,0.43384,0.00000,1.71549,3.04295,0.65055,0.86841,0.90615,0.86841,0.17315,0.77528,0.00000,0.00000,0.02908,0.28619,0.29862,0.28619,3.00000,1.45042,0.00000,1.60317,-0.79040,1.61026,0.00709,1.61026,0.15984,-0.79040,-0.26778,1.61026,3.00000,0.15984,0.00000,1.00000,0.00000,0.00000,0.00000,0.00000,1.00000,0.00000,0.00000,0.00000,1.77381,0.00434,3.04296,1.04346,0.02908,0.86271,1.76163,1.83819,1.76163,0.02285,0.77381,1.77381,0.04346,0.3792200000,0.1009300000,0.0169500000,0.5028900000,0.00189,2.91623,0.00000,0.00000,0.00000,0.00000
3496,komarom,381,HUN,381,22,1291,rural_settlement,fish,19.00010,0.77820,6,27.43070,27.43070,0.06857,0.13615,0.01000,2.10080,25.06517,0.05001,0.00000,0.00000,27.21598,27.21598,0.0024997539,0.0049634169,0.0003645550,0.0765857233,0.9137634111,0.0018231398,0.0000000000,0.9921722741,0.9921722741,lower,lower,0.04764,0.00016,0.00337,0.00590,0.20650,0.00000,0.36391,1.30697,0.00812,0.00845,0.00881,0.00845,0.03519,0.11016,0.11494,0.11016,0.04645,0.12823,0.13380,0.12823,4.00000,0.46721,0.03494,0.54339,0.54339,0.57833,0.03494,-0.84643,0.11112,0.57833,0.09686,0.57833,4.00000,0.11112,0.00000,0.00000,0.00000,0.00000,0.00000,0.00000,0.00000,0.00000,0.00000,0.00000,3.59149,0.00520,1.30698,1.04346,0.04645,0.27415,1.00571,1.04941,1.00571,0.04110,2.59149,3.59149,0.04346,0.0223100000,0.0966900000,0.1276400000,0.7533400000,0.00015,1.25255,0.00000,0.00000,0.00000,0.00000
3497,tata,381,HUN,381,22,1291,rural_settlement,livestock,21.00009,0.68698,6,18.70528,18.70528,0.05488,0.10165,0.01000,1.10041,17.38833,0.05001,0.00000,0.00000,18.53875,18.53875,0.0029339310,0.0054342945,0.0005346084,0.0588288440,0.9295947454,0.0026735767,0.0000000000,0.9910971661,0.9910971661,lower,lower,0.00958,0.00021,0.00241,0.00343,0.16880,0.00000,0.28518,0.17920,0.00812,0.01001,0.01044,0.01001,0.02627,0.09176,0.09574,0.09176,0.03138,0.06998,0.07302,0.06998,4.00000,0.24037,0.05162,0.30895,0.30895,0.36057,0.05162,-0.80403,0.05849,0.36057,0.12020,0.36057,4.00000,0.12020,0.00000,0.00000,0.00000,2.00000,0.00000,0.00000,0.00000,0.00000,2.00000,0.00000,0.62841,0.00272,0.17921,1.04346,0.03138,0.21941,0.85105,0.00000,0.00000,0.02851,-0.37159,0.62841,0.04346,0.0284700000,0.0921100000,0.1100300000,0.7693700000,0.00015,0.17175,0.00000,0.00000,0.00000,0.00000
3498,fehervar,381,HUN,381,22,1290,town,wheat,23.00009,0.92704,8,18.20971,18.20971,0.24263,0.69148,0.80022,1.75087,14.12435,0.60016,0.00000,0.00000,16.47538,16.47538,0.0133242100,0.0379731473,0.0439446867,0.0961503506,0.7756493651,0.0329582404,0.0000000000,0.9047579561,0.9047579561,burghers,burghers,0.01282,0.23140,0.01747,0.00047,0.51456,0.00000,1.82874,0.23351,0.65053,0.16074,0.16772,0.16074,0.17876,0.14805,0.00000,0.00000,0.02939,0.06307,0.06581,0.06307,3.00000,1.32521,0.00000,1.43462,-0.80128,1.44851,0.01389,1.44851,0.12330,-0.80128,-0.22766,1.44851,3.00000,0.12330,0.00000,1.00000,0.00000,1.00000,0.00000,0.00000,1.00000,0.00000,1.00000,0.00000,0.12769,0.00434,0.23353,1.04346,0.02939,0.97006,0.34617,0.00000,0.00000,0.02316,-0.87231,0.12769,0.04346,0.3557200000,0.0977500000,0.0160700000,0.5304500000,0.00189,0.22381,0.00000,0.00000,0.00000,0.00000
3499,adony,381,HUN,381,22,1290,rural_settlement,livestock,23.00010,0.80492,6,14.70564,14.70564,0.04331,0.07352,0.01000,1.10041,13.42839,0.05001,0.00000,0.00000,14.57881,14.57881,0.0029451285,0.0049994424,0.0006800112,0.0748291132,0.9131455686,0.0034007360,0.0000000000,0.9913754179,0.9913754179,lower,lower,0.01482,0.00026,0.00159,0.00270,0.13314,0.00000,0.22516,0.21793,0.00812,0.01241,0.01294,0.01241,0.01900,0.08899,0.09285,0.08899,0.02489,0.10747,0.11214,0.10747,4.00000,0.24722,0.05151,0.31537,0.31537,0.36688,0.05151,-0.75178,-0.03033,0.36688,0.11966,0.36688,4.00000,0.11966,0.00000,0.00000,0.00000,1.00000,0.00000,0.00000,0.00000,0.00000,1.00000,0.00000,0.96793,0.00272,0.21794,1.04346,0.02489,0.17315,0.84316,0.00000,0.00000,0.02202,-0.03207,0.96793,0.04346,0.0360600000,0.0843800000,0.1105400000,0.7690000000,0.00015,0.20887,0.00000,0.00000,0.00000,0.00000
3500,kalocsa,381,HUN,381,22,1290,rural_settlement,fruit,21.00012,0.70905,6,13.23147,13.23147,0.03307,0.36626,0.01000,1.10040,11.67173,0.05001,0.00000,0.00000,12.82214,12.82214,0.0024993444,0.0276809757,0.0007557739,0.0831653626,0.8821189180,0.0037796254,0.0000000000,0.9690639060,0.9690639060,clergy,clergy,0.05448,0.00023,0.03486,0.00186,0.06797,0.00000,0.25702,0.72087,0.00812,0.01105,0.01153,0.01105,0.09468,0.37008,0.00000,0.00000,0.02201,0.06453,0.06733,0.06453,2.00000,2.94115,0.00000,3.00000,0.05885,3.00000,0.00000,-0.78255,3.00000,0.05885,-0.25104,3.00000,2.00000,0.05885,0.00000,1.00000,0.00000,0.00000,0.00000,0.00000,1.00000,0.00000,0.00000,0.00000,2.80476,0.00272,0.72088,1.04346,0.02201,0.13221,0.61528,0.64202,0.61528,0.01914,1.80476,2.80476,0.04346,0.0315900000,0.3683700000,0.0856300000,0.5143900000,0.00015,0.69086,0.00000,0.00000,0.00000,0.00000
3501,papa,381,HUN,381,22,1290,rural_settlement,wild_game,17.00006,0.64649,6,17.46768,17.46768,0.05086,0.08733,0.01000,1.10039,16.16909,0.05001,0.00000,0.00000,17.31949,17.31949,0.0029116631,0.0049995191,0.0005724859,0.0629957728,0.9256575573,0.0028630018,0.0000000000,0.9915163319,0.9915163319,lower,lower,0.01180,0.00022,0.00189,0.00326,0.15694,0.00000,0.26341,0.20620,0.00812,0.01323,0.01380,0.01323,0.02257,0.10148,0.10589,0.10148,0.02938,0.08292,0.08652,0.08292,4.00000,0.25516,0.05146,0.32766,0.32766,0.37912,0.05146,-0.78785,-0.01539,0.37912,0.12396,0.37912,4.00000,0.12396,0.00000,0.00000,0.00000,2.00000,0.00000,0.00000,0.00000,0.00000,2.00000,0.00000,0.78284,0.00272,0.20621,1.04346,0.02938,0.20334,1.02594,0.00000,0.00000,0.02651,-0.21716,0.78284,0.04346,0.0308200000,0.0856800000,0.1115300000,0.7719500000,0.00015,0.19763,0.00000,0.00000,0.00000,0.00000
3502,solt,381,HUN,381,22,1290,rural_settlement,millet,16.00008,0.79852,6,12.71156,12.71156,0.03677,0.06355,0.00000,1.10048,11.46074,0.05002,0.00000,0.00000,12.61124,12.61124,0.0028926426,0.0049993864,0.0000000000,0.0865731665,0.9015998036,0.0039350009,0.0000000000,0.9921079710,0.9921079710,lower,lower,0.01211,0.00000,0.00140,0.00248,0.11675,0.00000,0.18509,0.15402,0.00000,0.00000,0.00000,0.00000,0.01642,0.07020,0.07325,0.07020,0.02166,0.07742,0.08078,0.07742,4.00000,0.29057,0.05048,0.39653,0.39653,0.44701,0.05048,-1.00000,0.01942,0.44701,0.15644,0.44701,4.00000,0.15644,0.00000,0.00000,0.00000,1.00000,0.00000,0.00000,0.00000,0.00000,1.00000,0.00000,0.83218,0.00272,0.15403,1.04346,0.02166,0.14701,0.67177,0.00000,0.00000,0.01879,-0.16782,0.83218,0.04346,0.0000000000,0.0887100000,0.1170200000,0.7942600000,0.00015,0.14762,0.00000,0.00000,0.00000,0.00000
3503,veszprem,381,HUN,381,22,1290,rural_settlement,stone,21.00009,0.64653,6,18.40967,18.40967,0.05270,0.09204,0.01000,1.10041,17.10451,0.05001,0.00000,0.00000,18.25493,18.25493,0.0028626260,0.0049995464,0.0005431928,0.0597734777,0.9291046499,0.0027165071,0.0000000000,0.9915946348,0.9915946348,lower,lower,0.01062,0.00021,0.00204,0.00347,0.16228,0.00000,0.27353,0.19567,0.00812,0.01195,0.01246,0.01195,0.02379,0.09662,0.10081,0.09662,0.03092,0.07896,0.08239,0.07896,4.00000,0.27625,0.05113,0.34666,0.34666,0.39779,0.05113,-0.79570,-0.00057,0.39779,0.12154,0.39779,4.00000,0.12154,0.00000,0.00000,0.00000,1.00000,0.00000,0.00000,0.00000,0.00000,1.00000,0.00000,0.71538,0.00272,0.19568,1.04346,0.03092,0.21070,0.97123,0.00000,0.00000,0.02805,-0.28462,0.71538,0.04346,0.0296800000,0.0869700000,0.1130400000,0.7702900000,0.00015,0.18753,0.00000,0.00000,0.00000,0.00000
3504,somogyvar,381,HUN,381,22,1285,rural_settlement,wine,19.00009,0.57649,6,25.25410,25.25410,0.06312,0.12626,0.01000,2.10061,22.90410,0.05001,0.00000,0.00000,25.05472,25.05472,0.0024993961,0.0049995842,0.0003959753,0.0831789690,0.9069458029,0.0019802725,0.0000000000,0.9921050443,0.9921050443,lower,lower,0.08680,0.00017,0.00315,0.00547,0.18950,0.00000,0.33603,2.19213,0.00812,0.01698,0.01771,0.01698,0.03264,0.18043,0.18827,0.18043,0.04291,0.11409,0.11904,0.11409,4.00000,0.46277,0.03648,0.54247,0.54247,0.57895,0.03648,-0.83370,0.11618,0.57895,0.09346,0.57895,4.00000,0.11618,0.00000,0.00000,0.00000,0.00000,0.00000,0.00000,0.00000,0.00000,0.00000,0.00000,6.52364,0.00520,2.19214,1.04346,0.04291,0.25236,1.78934,1.86710,1.78934,0.03756,5.52364,6.52364,0.04346,0.0241600000,0.0971300000,0.1276900000,0.7510000000,0.00015,2.10084,0.00000,0.00000,0.00000,0.00000
3505,csurgo,381,HUN,381,22,1285,rural_settlement,wheat,18.00006,0.57648,5,23.60935,23.60935,0.05901,0.11804,0.00000,2.10062,21.28167,0.05001,0.00000,0.00000,23.43230,23.43230,0.0024994335,0.0049997141,0.0000000000,0.0889740717,0.9014085521,0.0021182286,0.0000000000,0.9925008524,0.9925008524,lower,lower,0.03919,0.00000,0.00303,0.00528,0.18148,0.00000,0.30669,0.92540,0.00000,0.00000,0.00000,0.00000,0.03051,0.07677,0.08010,0.07677,0.04025,0.04856,0.05067,0.04856,4.00000,0.47967,0.02873,0.59412,0.59412,0.62285,0.02873,-1.00000,0.14318,0.62285,0.12006,0.62285,4.00000,0.14318,0.00000,0.00000,0.00000,0.00000,0.00000,0.00000,0.00000,0.00000,0.00000,0.00000,3.01741,0.00520,0.92541,1.04346,0.04025,0.23593,0.76154,0.79463,0.76154,0.03490,2.01741,3.01741,0.04346,0.0000000000,0.0994800000,0.1312400000,0.7692700000,0.00015,0.88687,0.00000,0.00000,0.00000,0.00000
3506,kaposvar,381,HUN,381,22,1285,rural_settlement,wild_game,19.00009,0.34592,5,23.28380,23.28380,0.05820,0.11641,0.00000,2.10062,20.95856,0.05001,0.00000,0.00000,23.10919,23.10919,0.0024995920,0.0049996135,0.0000000000,0.0902180915,0.9001348577,0.0021478453,0.0000000000,0.9925007945,0.9925007945,lower,lower,0.10333,0.00000,0.00297,0.00519,0.17897,0.00000,0.30250,2.40600,0.00000,0.00000,0.00000,0.00000,0.03009,0.19695,0.20550,0.19695,0.03972,0.13730,0.14326,0.13730,4.00000,0.48052,0.02662,0.59697,0.59697,0.62359,0.02662,-1.00000,0.14307,0.62359,0.11998,0.62359,4.00000,0.14307,0.00000,0.00000,0.00000,0.00000,0.00000,0.00000,0.00000,0.00000,0.00000,0.00000,7.95375,0.00520,2.40601,1.04346,0.03972,0.23269,1.97155,2.05723,1.97155,0.03437,6.95375,7.95375,0.04346,0.0000000000,0.0994700000,0.1313000000,0.7692200000,0.00015,2.30580,0.00000,0.00000,0.00000,0.00000
3507,segesd,381,HUN,381,22,1285,rural_settlement,beeswax,15.00005,0.40145,6,28.45287,28.45287,0.10698,0.17812,0.01000,2.10060,26.00716,0.05001,0.00000,0.00000,28.15777,28.15777,0.0037599019,0.0062601769,0.0003514584,0.0738273503,0.9140434691,0.0017576434,0.0000000000,0.9896284628,0.9896284628,lower,nobles,0.00743,0.00011,0.00398,0.00434,0.34524,0.00000,0.52988,0.21167,0.00812,0.01393,0.01453,0.01393,0.04604,0.18894,0.19715,0.18894,0.04800,0.10255,0.00000,0.00000,4.00000,0.05522,0.05262,0.06744,0.06744,0.12006,0.05262,-0.89454,-0.00160,0.12006,0.17528,0.17528,1.00000,0.12006,0.00000,0.00000,1.00000,4.00000,0.00000,0.00000,0.00000,1.00000,4.00000,0.00000,0.39948,0.00520,0.21168,1.04346,0.04800,0.42772,1.72883,0.00000,0.00000,0.04265,-0.60052,0.39948,0.04346,0.0153200000,0.0868800000,0.0905800000,0.8072000000,0.00015,0.20287,0.00000,0.00000,0.00000,0.00000
3509,sopron,381,HUN,381,22,1288,town,wine,19.00006,0.60356,9,24.73081,24.73081,0.31048,0.50173,0.80025,2.75143,19.26658,1.10034,0.00000,0.00000,23.11835,23.11835,0.0125543805,0.0202876493,0.0323584226,0.1112551510,0.7790517173,0.0444926794,0.0000000000,0.9347995476,0.9347995476,burghers,burghers,0.07306,0.20510,0.00815,0.00084,0.74676,0.00000,2.06347,1.80693,0.65056,0.45381,0.47353,0.45381,0.12970,0.24337,0.00000,0.00000,0.04187,0.17705,0.18474,0.17705,3.00000,1.29419,0.00024,1.15596,-0.74934,1.17008,0.01412,1.17008,-0.27775,-0.74910,-0.12411,1.17008,3.00000,-0.12411,0.00000,1.00000,0.00000,0.00000,0.00000,0.00000,1.00000,0.00000,0.00000,0.00000,0.87568,0.00682,1.80695,1.04346,0.04187,1.24134,1.10084,1.14868,1.10084,0.03159,-0.12432,0.87568,0.04346,0.3152700000,0.0628500000,0.0202900000,0.6015700000,0.00346,1.73170,0.00000,0.00000,0.00000,0.00000
3510,gyor,381,HUN,381,22,1288,rural_settlement,medicaments,21.00009,0.68858,6,20.01497,20.01497,0.05680,0.10007,0.01000,1.10039,18.69770,0.05001,0.00000,0.00000,19.84810,19.84810,0.0028378758,0.0049997577,0.0004996260,0.0549783487,0.9341857620,0.0024986298,0.0000000000,0.9916627404,0.9916627404,lower,lower,0.00589,0.00020,0.00224,0.00380,0.17501,0.00000,0.29461,0.11798,0.00812,0.00614,0.00640,0.00614,0.02587,0.05545,0.05785,0.05545,0.03353,0.05149,0.05372,0.05149,4.00000,0.28502,0.05059,0.35673,0.35673,0.40732,0.05059,-0.81029,0.00907,0.40732,0.12230,0.40732,4.00000,0.12230,0.00000,0.00000,0.00000,1.00000,0.00000,0.00000,0.00000,0.00000,1.00000,0.00000,0.40049,0.00272,0.11799,1.04346,0.03353,0.22709,0.54583,0.00000,0.00000,0.03066,-0.59951,0.40049,0.04346,0.0275600000,0.0878100000,0.1138100000,0.7708100000,0.00015,0.11308,0.00000,0.00000,0.00000,0.00000
3511,kapuvar,381,HUN,381,22,1288,rural_settlement,horses,19.00009,0.54971,6,17.81329,17.81329,0.05117,0.08906,0.01000,1.10039,16.51266,0.05001,0.00000,0.00000,17.66306,17.66306,0.0028725744,0.0049996379,0.0005613786,0.0617735410,0.9269854137,0.0028074544,0.0000000000,0.9915664091,0.9915664091,lower,lower,0.04008,0.00022,0.00195,0.00335,0.15752,0.00000,0.26567,0.71411,0.00812,0.01881,0.01962,0.01881,0.02302,0.13878,0.14481,0.13878,0.02995,0.08874,0.09259,0.08874,4.00000,0.27277,0.05119,0.34277,0.34277,0.39396,0.05119,-0.78964,-0.00436,0.39396,0.12119,0.39396,4.00000,0.12119,0.00000,0.00000,0.00000,1.00000,0.00000,0.00000,0.00000,0.00000,1.00000,0.00000,2.68799,0.00272,0.71412,1.04346,0.02995,0.20458,1.43805,0.45708,0.43805,0.02708,1.68799,2.68799,0.04346,0.0305600000,0.0866400000,0.1127300000,0.7700500000,0.00015,0.68438,0.00000,0.00000,0.00000,0.00000
3512,magyarovar,381,HUN,381,22,1288,rural_settlement,wheat,18.00005,0.61470,8,15.53201,15.53201,0.04548,0.07766,0.00000,1.10047,14.25838,0.05002,0.00000,0.00000,15.40887,15.40887,0.0029281465,0.0049999968,0.0000000000,0.0708517442,0.9179996665,0.0032204460,0.0000000000,0.9920718568,0.9920718568,lower,lower,0.00418,0.00000,0.00175,0.00298,0.14490,0.00000,0.22815,0.06495,0.00000,0.00000,0.00000,0.00000,0.02007,0.03675,0.03834,0.03675,0.02625,0.02551,0.02661,0.02551,4.00000,0.26226,0.05141,0.37124,0.37124,0.42265,0.05141,-1.00000,0.01080,0.42265,0.16039,0.42265,4.00000,0.16039,0.00000,0.00000,0.00000,1.00000,0.00000,0.00000,0.00000,0.00000,1.00000,0.00000,0.28472,0.00272,0.06496,1.04346,0.02625,0.18183,0.37903,0.00000,0.00000,0.02338,-0.71528,0.28472,0.04346,0.0000000000,0.0879600000,0.1150500000,0.7969700000,0.00015,0.06226,0.00000,0.00000,0.00000,0.00000
3514,vasvar,381,HUN,381,22,1289,rural_settlement,iron,17.00006,0.45997,5,18.02512,18.02512,0.07019,0.10814,0.00000,1.10035,16.69643,0.05001,0.00000,0.00000,17.84679,17.84679,0.0038940101,0.0059994053,0.0000000000,0.0610453634,0.9262867598,0.0027744614,0.0000000000,0.9901065846,0.9901065846,nobles,nobles,0.01147,0.00000,0.00230,0.00268,0.23239,0.00000,0.33882,0.20678,0.00000,0.00000,0.00000,0.00000,0.02795,0.12761,0.13315,0.12761,0.03025,0.07057,0.07363,0.07057,1.00000,0.10190,0.05255,0.19135,0.05144,0.20589,0.01454,-1.00000,-0.05205,0.10399,0.20589,0.20589,1.00000,0.10399,0.00000,0.00000,0.00000,2.00000,0.00000,0.00000,0.00000,0.00000,2.00000,0.00000,0.61032,0.00272,0.20679,1.04346,0.03025,0.28062,1.23283,0.00000,0.00000,0.02738,-0.38968,0.61032,0.04346,0.0000000000,0.0824900000,0.0892800000,0.8282200000,0.00015,0.19818,0.00000,0.00000,0.00000,0.00000
3515,kormend,381,HUN,381,22,1289,rural_settlement,wool,19.00008,0.24224,9,16.25970,16.25970,0.04782,0.08129,0.01000,1.10040,14.97018,0.05001,0.00000,0.00000,16.12059,16.12059,0.0029410137,0.0049994772,0.0006150175,0.0676765254,0.9206922637,0.0030757025,0.0000000000,0.9914444916,0.9914444916,lower,lower,0.00940,0.00024,0.00177,0.00302,0.14753,0.00000,0.24774,0.15288,0.00812,0.01353,0.01411,0.01353,0.02101,0.07708,0.08042,0.07708,0.02742,0.05592,0.05835,0.05592,4.00000,0.24497,0.05158,0.31703,0.31703,0.36861,0.05158,-0.77443,-0.02551,0.36861,0.12364,0.36861,4.00000,0.12364,0.00000,0.00000,0.00000,2.00000,0.00000,0.00000,0.00000,0.00000,2.00000,0.00000,0.61713,0.00272,0.15289,1.04346,0.02742,0.19119,0.81467,0.00000,0.00000,0.02455,-0.38287,0.61713,0.04346,0.0327700000,0.0848000000,0.1106800000,0.7717300000,0.00015,0.14653,0.00000,0.00000,0.00000,0.00000
3516,olsnica,381,HUN,381,2,1289,rural_settlement,livestock,18.00004,0.00745,9,8.83838,8.83838,0.02208,0.04418,0.00000,1.10148,7.62058,0.05006,0.00000,0.00000,8.77212,8.77212,0.0024981954,0.0049986536,0.0000000000,0.1246246484,0.8622145687,0.0056639339,0.0000000000,0.9925031510,0.9925031510,lower,lower,0.05049,0.00000,0.00175,0.00360,0.05515,0.00000,0.11387,0.44631,0.00000,0.00000,0.00000,0.00000,0.01419,0.03584,0.03739,0.03584,0.02043,0.02836,0.02959,0.02836,4.00000,0.78653,0.01003,1.20846,1.20846,1.21849,0.01003,-1.00000,0.43196,1.21849,0.01332,1.21849,4.00000,0.43196,0.00000,0.00000,0.00000,0.00000,0.00000,0.00000,0.00000,0.00000,0.00000,0.00000,3.91955,0.00333,0.44632,1.04346,0.02043,0.07925,0.36354,0.37933,0.36354,0.01691,2.91955,3.91955,0.04346,0.0000000000,0.1246100000,0.1794100000,0.6959600000,0.00019,0.42774,0.00000,0.00000,0.00000,0.00000
3517,szombathely,381,HUN,381,22,1289,rural_settlement,wheat,17.00005,0.33834,8,17.95995,17.95995,0.05152,0.08980,0.00000,1.10039,16.66823,0.05001,0.00000,0.00000,17.81863,17.81863,0.0028686049,0.0050000139,0.0000000000,0.0612691015,0.9280777508,0.0027845289,0.0000000000,0.9921313812,0.9921313812,lower,lower,0.00346,0.00000,0.00204,0.00350,0.16353,0.00000,0.25939,0.06218,0.00000,0.00000,0.00000,0.00000,0.02321,0.03508,0.03660,0.03508,0.03020,0.02452,0.02558,0.02452,4.00000,0.28339,0.05062,0.38897,0.38897,0.43959,0.05062,-1.00000,0.02815,0.43959,0.15620,0.43959,4.00000,0.15620,0.00000,0.00000,0.00000,2.00000,0.00000,0.00000,0.00000,0.00000,2.00000,0.00000,0.23975,0.00272,0.06219,1.04346,0.03020,0.20598,0.36656,0.00000,0.00000,0.02733,-0.76025,0.23975,0.04346,0.0000000000,0.0894700000,0.1164200000,0.7940900000,0.00015,0.05960,0.00000,0.00000,0.00000,0.00000
3518,zalavar,381,HUN,381,22,1287,rural_settlement,livestock,17.00006,0.57648,5,22.05873,22.05873,0.05514,0.11029,0.00000,2.10063,19.74266,0.05001,0.00000,0.00000,21.89330,21.89330,0.0024996906,0.0049998345,0.0000000000,0.0952289638,0.8950043815,0.0022671296,0.0000000000,0.9925004749,0.9925004749,lower,lower,0.08401,0.00000,0.00282,0.00495,0.16949,0.00000,0.28668,1.85334,0.00000,0.00000,0.00000,0.00000,0.02851,0.15375,0.16043,0.15375,0.03772,0.09725,0.10147,0.09725,4.00000,0.48421,0.02573,0.60120,0.60120,0.62693,0.02573,-1.00000,0.14272,0.62693,0.11962,0.62693,4.00000,0.14272,0.00000,0.00000,0.00000,0.00000,0.00000,0.00000,0.00000,0.00000,0.00000,0.00000,6.46487,0.00520,1.85335,1.04346,0.03772,0.22045,1.52516,1.59144,1.52516,0.03237,5.46487,6.46487,0.04346,0.0000000000,0.0994400000,0.1315700000,0.7689700000,0.00015,1.77616,0.00000,0.00000,0.00000,0.00000
3519,cakovec,381,HUN,381,22,1287,rural_settlement,wheat,20.00008,0.27744,11,11.01492,11.01492,0.03395,0.05506,0.01000,1.10036,9.76554,0.05001,0.00000,0.00000,10.91591,10.91591,0.0030821831,0.0049986745,0.0009078595,0.0998972303,0.8865738471,0.0045402055,0.0000000000,0.9910112829,0.9910112829,lower,lower,0.00611,0.00033,0.00113,0.00197,0.10409,0.00000,0.17696,0.06740,0.00812,0.00835,0.00871,0.00835,0.01423,0.03280,0.03422,0.03280,0.01888,0.02346,0.02447,0.02346,4.00000,0.20252,0.05203,0.26724,0.26724,0.31927,0.05203,-0.68419,-0.07595,0.31927,0.11675,0.31927,4.00000,0.11675,0.00000,0.00000,0.00000,1.00000,0.00000,0.00000,0.00000,0.00000,1.00000,0.00000,0.38093,0.00272,0.06741,1.04346,0.01888,0.13573,0.35163,0.00000,0.00000,0.01601,-0.61907,0.38093,0.04346,0.0458800000,0.0804100000,0.1066900000,0.7670000000,0.00015,0.06461,0.00000,0.00000,0.00000,0.00000
3520,nagykanizsa,381,HUN,381,22,1287,rural_settlement,wine,18.00005,0.43176,6,20.83039,20.83039,0.05786,0.10415,0.00000,2.10075,18.51762,0.05001,0.00000,0.00000,20.66838,20.66838,0.0027776724,0.0049999064,0.0000000000,0.1008502481,0.8889713539,0.0024008192,0.0000000000,0.9922224212,0.9922224212,lower,lower,0.03864,0.00000,0.00244,0.00432,0.18203,0.00000,0.29396,0.80500,0.00000,0.00000,0.00000,0.00000,0.02692,0.14793,0.15435,0.14793,0.03571,0.09954,0.10386,0.09954,4.00000,0.35626,0.04782,0.45422,0.45422,0.50204,0.04782,-1.00000,0.05228,0.50204,0.14578,0.50204,4.00000,0.14578,0.00000,0.00000,0.00000,1.00000,0.00000,0.00000,0.00000,0.00000,1.00000,0.00000,2.73850,0.00520,0.80501,1.04346,0.03571,0.23133,1.52402,0.54679,0.52402,0.03036,1.73850,2.73850,0.04346,0.0000000000,0.0915700000,0.1214700000,0.7869400000,0.00015,0.77149,0.00000,0.00000,0.00000,0.00000
3521,zalaegerszeg,381,HUN,381,22,1287,rural_settlement,fruit,20.00009,0.50980,5,22.21194,22.21194,0.08558,0.14110,0.00000,2.10065,19.83460,0.05001,0.00000,0.00000,21.98526,21.98526,0.0038528827,0.0063524393,0.0000000000,0.0945730089,0.8929701773,0.0022514918,0.0000000000,0.9897946780,0.9897946780,nobles,nobles,0.02471,0.00000,0.00319,0.00343,0.28108,0.00000,0.41650,0.54889,0.00000,0.00000,0.00000,0.00000,0.03647,0.15934,0.00000,0.00000,0.03787,0.08145,0.08498,0.08145,1.00000,0.07185,0.05259,0.10088,0.07168,0.19612,0.09524,-1.00000,0.00620,0.12427,0.19612,0.19612,1.00000,0.12427,0.00000,1.00000,0.00000,1.00000,0.00000,0.00000,1.00000,0.00000,1.00000,0.00000,1.31788,0.00520,0.54890,1.04346,0.03787,0.34216,1.44459,0.46391,0.44459,0.03252,0.31788,1.31788,0.04346,0.0000000000,0.0875600000,0.0909200000,0.8215100000,0.00015,0.52604,0.00000,0.00000,0.00000,0.00000
3522,dabaca,381,HUN,381,22,1275,rural_settlement,livestock,18.00005,0.17578,7,11.22660,11.22660,0.02805,0.05612,0.00000,1.10037,9.99205,0.05001,0.00000,0.00000,11.14243,11.14243,0.0024985303,0.0049988420,0.0000000000,0.0980145369,0.8900334919,0.0044545989,0.0000000000,0.9925026277,0.9925026277,lower,lower,0.06032,0.00000,0.00143,0.00253,0.08616,0.00000,0.14589,0.67720,0.00000,0.00000,0.00000,0.00000,0.01450,0.05489,0.05727,0.05489,0.01925,0.04089,0.04266,0.04089,4.00000,0.48947,0.02519,0.60631,0.60631,0.63150,0.02519,-1.00000,0.14203,0.63150,0.11917,0.63150,4.00000,0.14203,0.00000,0.00000,0.00000,0.00000,0.00000,0.00000,0.00000,0.00000,0.00000,0.00000,4.64192,0.00272,0.67721,1.04346,0.01925,0.11214,0.55323,0.57727,0.55323,0.01638,3.64192,4.64192,0.04346,0.0000000000,0.0993800000,0.1319400000,0.7686600000,0.00015,0.64901,0.00000,0.00000,0.00000,0.00000
3523,baita,381,HUN,381,22,1275,rural_settlement,stone,16.00003,0.01013,11,15.78816,15.78816,0.03946,0.07893,0.01000,1.10033,14.50943,0.05001,0.00000,0.00000,15.65977,15.65977,0.0024993413,0.0049993159,0.0006333860,0.0696933652,0.9190070281,0.0031675635,0.0000000000,0.9918679567,0.9918679567,lower,lower,0.04381,0.00028,0.00192,0.00333,0.11684,0.00000,0.21294,0.69172,0.00812,0.01102,0.01149,0.01102,0.02040,0.05465,0.05702,0.05465,0.02666,0.04321,0.04508,0.04321,4.00000,0.44715,0.03898,0.50906,0.50906,0.54804,0.03898,-0.73754,0.10089,0.54804,0.07869,0.54804,4.00000,0.10089,0.00000,0.00000,0.00000,0.00000,0.00000,0.00000,0.00000,0.00000,0.00000,0.00000,3.24847,0.00272,0.69173,1.04346,0.02666,0.15776,0.55404,0.57811,0.55404,0.02379,2.24847,3.24847,0.04346,0.0381300000,0.0958000000,0.1251900000,0.7408600000,0.00015,0.66292,0.00000,0.00000,0.00000,0.00000
3524,bistrita,381,HUN,381,22,1275,rural_settlement,silver,16.00002,,12,15.87524,15.87524,0.03931,0.07738,0.00000,1.10033,14.60821,0.05001,0.00000,0.00000,15.75855,15.75855,0.0024761830,0.0048742570,0.0000000000,0.0693110781,0.9201882932,0.0031501886,0.0000000000,0.9926495599,0.9926495599,unclassified,nobles,0.00000,0.00000,0.00196,0.00348,0.12104,0.00000,0.20398,0.00000,0.00000,0.00000,0.00000,0.00000,0.02000,0.00000,0.00000,0.00000,0.02682,0.00000,0.00000,0.00000,0.00000,0.00000,0.02215,0.61375,0.61375,0.63590,0.02215,-1.00000,-1.00000,-1.00000,-1.00000,-1.00000,1.00000,-1.00000,0.00000,0.00000,0.00000,0.00000,0.00000,0.00000,0.00000,0.00000,0.00000,0.00000,0.00000,0.00272,0.00000,1.04346,0.02682,0.15716,0.00000,0.00000,0.00000,0.02395,-1.00000,0.00000,0.04346,0.0000000000,0.0000000000,0.0000000000,0.0000000000,0.00015,0.00000,0.00000,0.00000,0.00000,0.00000
3525,dej,381,HUN,381,22,1275,rural_settlement,salt,17.00003,,13,16.81467,16.81467,0.06534,0.10088,0.01000,1.10036,15.48808,0.05001,0.00000,0.00000,16.63845,16.63845,0.0038858925,0.0059995230,0.0005947188,0.0654404755,0.9211052016,0.0029741886,0.0000000000,0.9895198657,0.9895198657,nobles,nobles,0.00633,0.00018,0.00206,0.00244,0.21081,0.00000,0.32369,0.10654,0.00812,0.00888,0.00926,0.00888,0.02607,0.05626,0.05870,0.05626,0.02827,0.03698,0.03858,0.03698,1.00000,0.09516,0.05255,0.15497,0.02733,0.17504,0.02007,-0.82736,-0.07446,0.07988,0.17504,0.17504,1.00000,0.07988,0.00000,0.00000,0.00000,1.00000,0.00000,0.00000,0.00000,0.00000,1.00000,0.00000,0.32917,0.00272,0.10655,1.04346,0.02827,0.26123,0.55247,0.00000,0.00000,0.02540,-0.67083,0.32917,0.04346,0.0250800000,0.0805400000,0.0873300000,0.8070300000,0.00015,0.10212,0.00000,0.00000,0.00000,0.00000
3526,sic,381,HUN,381,22,1275,rural_settlement,millet,18.00005,0.17707,10,16.04751,16.04751,0.04011,0.08023,0.01000,1.10036,14.76680,0.05001,0.00000,0.00000,15.91717,15.91717,0.0024994532,0.0049995295,0.0006231496,0.0685688932,0.9201926031,0.0031163713,0.0000000000,0.9918778677,0.9918778677,lower,lower,0.03008,0.00027,0.00198,0.00337,0.11886,0.00000,0.21630,0.48275,0.00812,0.00708,0.00738,0.00708,0.02074,0.03855,0.04022,0.03855,0.02708,0.02868,0.02992,0.02868,4.00000,0.44623,0.03981,0.50823,0.50823,0.54804,0.03981,-0.74160,0.10181,0.54804,0.07943,0.54804,4.00000,0.10181,0.00000,0.00000,0.00000,0.00000,0.00000,0.00000,0.00000,0.00000,0.00000,0.00000,2.23190,0.00272,0.48276,1.04346,0.02708,0.16036,0.38835,0.40522,0.38835,0.02421,1.23190,2.23190,0.04346,0.0375400000,0.0958800000,0.1251900000,0.7413700000,0.00015,0.46266,0.00000,0.00000,0.00000,0.00000
3529,alba_iulia,381,HUN,381,22,1270,rural_settlement,salt,19.00005,0.17509,9,23.17437,23.17437,0.05792,0.11586,0.01000,2.10065,20.83993,0.05001,0.00000,0.00000,22.99059,22.99059,0.0024993128,0.0049994887,0.0004315112,0.0906453983,0.8992663015,0.0021579875,0.0000000000,0.9920696873,0.9920696873,lower,lower,0.12718,0.00019,0.00287,0.00504,0.17343,0.00000,0.30916,2.94746,0.00812,0.03010,0.03140,0.03010,0.02995,0.23645,0.24672,0.23645,0.03952,0.17608,0.18373,0.17608,4.00000,0.46749,0.03410,0.54658,0.54658,0.58068,0.03410,-0.81924,0.11319,0.58068,0.09057,0.58068,4.00000,0.11319,0.00000,0.00000,0.00000,0.00000,0.00000,0.00000,0.00000,0.00000,0.00000,0.00000,9.53380,0.00520,2.94747,1.04346,0.03952,0.23157,2.38208,2.48560,2.38208,0.03417,8.53380,9.53380,0.04346,0.0262600000,0.0968700000,0.1278300000,0.7490200000,0.00015,2.82471,0.00000,0.00000,0.00000,0.00000
3530,aiud,381,HUN,381,22,1270,rural_settlement,mercury,16.00003,0.17508,9,23.90036,23.90036,0.06413,0.11950,0.01000,2.10056,21.55616,0.05001,0.00000,0.00000,23.70673,23.70673,0.0026832232,0.0049999247,0.0004184037,0.0878882159,0.9019177954,0.0020924371,0.0000000000,0.9918984484,0.9918984484,lower,lower,0.05142,0.00017,0.00282,0.00490,0.19559,0.00000,0.33611,1.22900,0.00812,0.02210,0.02306,0.02210,0.03089,0.17910,0.18688,0.17910,0.04070,0.13335,0.13914,0.13335,4.00000,0.38664,0.04546,0.45188,0.45188,0.49734,0.04546,-0.83376,0.05607,0.49734,0.11070,0.49734,4.00000,0.11070,0.00000,0.00000,0.00000,1.00000,0.00000,0.00000,0.00000,0.00000,1.00000,0.00000,3.65657,0.00520,1.22901,1.04346,0.04070,0.25640,1.84328,0.87992,0.84328,0.03535,2.65657,3.65657,0.04346,0.0241500000,0.0919000000,0.1210900000,0.7628400000,0.00015,1.17783,0.00000,0.00000,0.00000,0.00000
3531,cetatea_balta,381,HUN,381,22,1270,rural_settlement,wild_game,20.00005,0.17510,9,24.37704,24.37704,0.08531,0.14625,0.01000,2.10064,21.98483,0.05001,0.00000,0.00000,24.13548,24.13548,0.0034996045,0.0059994979,0.0004102221,0.0861728906,0.9018662643,0.0020515206,0.0000000000,0.9900906755,0.9900906755,lower,lower,0.05665,0.00014,0.00331,0.00399,0.27154,0.00000,0.42840,1.38100,0.00812,0.01202,0.01254,0.01202,0.03780,0.11926,0.12444,0.11926,0.04140,0.07386,0.07706,0.07386,4.00000,0.03566,0.05476,0.14012,0.14012,0.19488,0.05476,-0.86956,0.01390,0.19488,0.15922,0.19488,4.00000,0.15922,0.00000,0.00000,0.00000,0.00000,0.00000,0.00000,0.00000,0.00000,0.00000,0.00000,3.22364,0.00520,1.38101,1.04346,0.04140,0.34108,1.11836,1.16696,1.11836,0.03605,2.22364,3.22364,0.04346,0.0189500000,0.0882300000,0.0966300000,0.7961700000,0.00015,1.32350,0.00000,0.00000,0.00000,0.00000
3532,deva,381,HUN,381,22,1270,rural_settlement,wool,17.00003,0.15866,9,16.32639,16.32639,0.04658,0.08162,0.01000,1.10035,15.03783,0.05001,0.00000,0.00000,16.18819,16.18819,0.0028530496,0.0049992681,0.0006125053,0.0673970180,0.9210750203,0.0030631389,0.0000000000,0.9915351771,0.9915351771,lower,lower,0.00781,0.00024,0.00181,0.00308,0.14272,0.00000,0.24298,0.12753,0.00812,0.01153,0.01203,0.01153,0.02110,0.06330,0.06605,0.06330,0.02753,0.04740,0.04946,0.04740,4.00000,0.28507,0.05055,0.35046,0.35046,0.40101,0.05055,-0.77003,-0.00218,0.40101,0.11594,0.40101,4.00000,0.11594,0.00000,0.00000,0.00000,1.00000,0.00000,0.00000,0.00000,0.00000,1.00000,0.00000,0.52489,0.00272,0.12754,1.04346,0.02753,0.18623,0.66460,0.00000,0.00000,0.02466,-0.47511,0.52489,0.04346,0.0334100000,0.0868300000,0.1133000000,0.7664400000,0.00015,0.12223,0.00000,0.00000,0.00000,0.00000
3533,felvint,381,HUN,381,22,1270,rural_settlement,lumber,16.00003,0.18072,9,8.85208,8.85208,0.02971,0.05186,0.01000,1.10035,7.61015,0.05001,0.00000,0.00000,8.76051,8.76051,0.0033562733,0.0058585101,0.0011296780,0.1243041184,0.8597019006,0.0056495197,0.0000000000,0.9896555386,0.9896555386,lower,lower,0.01000,0.00038,0.00109,0.00147,0.09058,0.00000,0.15565,0.08852,0.00812,0.01256,0.01310,0.01256,0.01340,0.04428,0.04620,0.04428,0.01535,0.02801,0.02922,0.02801,4.00000,0.10826,0.05253,0.16683,0.16683,0.21936,0.05253,-0.64096,-0.01068,0.21936,0.11110,0.21936,4.00000,0.11110,0.00000,0.00000,0.00000,2.00000,0.00000,0.00000,0.00000,0.00000,2.00000,0.00000,0.56877,0.00272,0.08853,1.04346,0.01535,0.11878,0.41862,0.00000,0.00000,0.01248,-0.43123,0.56877,0.04346,0.0521600000,0.0860900000,0.0986100000,0.7631200000,0.00015,0.08485,0.00000,0.00000,0.00000,0.00000
3534,hateg,381,HUN,381,10,1270,rural_settlement,lumber,14.00000,,12,14.77980,14.77980,0.03694,0.07290,0.01000,1.10030,13.50965,0.05001,0.00000,0.00000,14.65996,14.65996,0.0024993572,0.0049324077,0.0006765991,0.0744462036,0.9140617600,0.0033836723,0.0000000000,0.9918916359,0.9918916359,unclassified,nobles,0.00000,0.00047,0.00306,0.00431,0.09766,0.00000,0.20857,0.00000,0.01029,0.00000,0.00000,0.00000,0.02539,0.00000,0.00000,0.00000,0.03016,0.00000,0.00000,0.00000,0.00000,0.00000,0.04704,0.75890,0.75890,0.80594,0.04704,-1.00000,-1.00000,-1.00000,-1.00000,-1.00000,1.00000,-1.00000,0.00000,0.00000,0.00000,0.00000,0.00000,0.00000,0.00000,0.00000,0.00000,0.00000,0.00000,0.00311,0.00000,1.04346,0.03016,0.14273,0.00000,0.00000,0.00000,0.02688,-1.00000,0.00000,0.04346,0.0000000000,0.0000000000,0.0000000000,0.0000000000,0.00017,0.00000,0.00000,0.00000,0.00000,0.00000
3535,hunedoara,381,HUN,381,10,1270,rural_settlement,iron,17.00003,0.01270,15,19.66479,19.66479,0.06376,0.09832,0.02000,1.10035,18.33235,0.05001,0.00000,0.00000,19.48271,19.48271,0.0032423433,0.0049997991,0.0010170462,0.0559553395,0.9322423479,0.0025431240,0.0000000000,0.9907408114,0.9907408114,lower,lower,0.00555,0.00123,0.00343,0.00463,0.17797,0.00000,0.34095,0.10925,0.02059,0.01894,0.00000,0.00000,0.03425,0.05853,0.06107,0.05853,0.03976,0.04618,0.04818,0.04618,4.00000,0.28761,0.05052,0.39142,0.39142,0.44194,0.05052,-0.58431,0.15433,0.44194,0.05200,0.44194,4.00000,0.15433,1.00000,0.00000,0.00000,2.00000,0.00000,1.00000,0.00000,0.00000,2.00000,0.00000,0.32045,0.00311,0.10926,1.04346,0.03976,0.24635,0.64499,0.00000,0.00000,0.03648,-0.67955,0.32045,0.04346,0.0603900000,0.1004500000,0.1166100000,0.7225300000,0.00017,0.10471,0.00000,0.00000,0.00000,0.00000
3537,sibiu,381,HUN,381,10,1271,rural_settlement,iron,16.00001,0.00525,12,23.62502,23.62502,0.06392,0.11712,0.01000,2.10067,21.28330,0.05001,0.00000,0.00000,23.43398,23.43398,0.0027056062,0.0049574561,0.0004232801,0.0889171734,0.9008796606,0.0021168236,0.0000000000,0.9919136576,0.9919136576,lower,lower,0.00316,0.00028,0.00479,0.00675,0.17600,0.00000,0.34652,0.07472,0.01029,0.00503,0.00524,0.00503,0.04080,0.03705,0.03866,0.03705,0.04846,0.02954,0.03082,0.02954,4.00000,0.37617,0.04654,0.68265,0.68265,0.72919,0.04654,-0.79563,0.35302,0.72919,0.03771,0.72919,4.00000,0.35302,0.00000,0.00000,0.00000,1.00000,0.00000,0.00000,0.00000,0.00000,1.00000,0.00000,0.21565,0.00594,0.07473,1.04346,0.04846,0.24697,0.38807,0.00000,0.00000,0.04235,-0.78435,0.21565,0.04346,0.0296900000,0.1177400000,0.1398400000,0.7127100000,0.00017,0.07162,0.00000,0.00000,0.00000,0.00000
3538,brasov,381,HUN,381,10,1271,town,legumes,18.00001,0.05769,13,13.60586,13.60586,0.18542,0.31582,0.80021,1.75081,9.95345,0.60015,0.00000,0.00000,12.30441,12.30441,0.0136279515,0.0232120572,0.0588136288,0.1286805832,0.7315561089,0.0441096704,0.0000000000,0.9043463625,0.9043463625,burghers,burghers,0.16746,0.40474,0.00721,0.00042,0.30601,0.00000,1.67726,2.27855,0.82393,0.86113,0.89855,0.86113,0.11002,0.21802,0.22749,0.21802,0.02688,0.04438,0.04630,0.04438,3.00000,2.62752,0.00000,2.38126,-0.80190,2.38126,0.00000,2.38126,-0.24626,-0.80190,-0.37808,2.38126,3.00000,-0.24626,0.00000,0.00000,0.00000,0.00000,0.00000,0.00000,0.00000,0.00000,0.00000,0.00000,1.35850,0.00495,2.27856,1.04346,0.02688,0.71643,1.06013,1.10620,1.06013,0.01980,0.35850,1.35850,0.04346,0.4912300000,0.0655900000,0.0160200000,0.4271400000,0.00213,2.18366,0.00000,0.00000,0.00000,0.00000
3539,cincu,381,HUN,381,10,1271,rural_settlement,livestock,17.00003,0.00576,13,16.78193,16.78193,0.04195,0.08390,0.01000,1.10038,15.49569,0.05001,0.00000,0.00000,16.64608,16.64608,0.0024997125,0.0049994250,0.0005958790,0.0655693356,0.9233556569,0.0029799910,0.0000000000,0.9919049835,0.9919049835,lower,lower,0.01149,0.00042,0.00360,0.00492,0.11141,0.00000,0.23570,0.19288,0.01029,0.00289,0.00301,0.00289,0.02922,0.01525,0.01591,0.01525,0.03411,0.01206,0.01258,0.01206,4.00000,0.36480,0.04769,0.74172,0.74172,0.78941,0.04769,-0.69954,0.42461,0.78941,0.00122,0.78941,4.00000,0.42461,0.00000,0.00000,0.00000,0.00000,0.00000,0.00000,0.00000,0.00000,0.00000,0.00000,0.81837,0.00311,0.19289,1.04346,0.03411,0.16208,0.15466,0.16138,0.15466,0.03083,-0.18163,0.81837,0.04346,0.0436500000,0.1239700000,0.1447100000,0.6876500000,0.00017,0.18486,0.00000,0.00000,0.00000,0.00000
3540,fagaras,381,HUN,381,10,1271,rural_settlement,lumber,16.00002,,12,12.41597,12.41597,0.03550,0.06007,0.00000,1.10036,11.17003,0.05001,0.00000,0.00000,12.32040,12.32040,0.0028592208,0.0048381238,0.0000000000,0.0886245698,0.8996502086,0.0040278770,0.0000000000,0.9923026554,0.9923026554,unclassified,nobles,0.00000,0.00000,0.00234,0.00354,0.10246,0.00000,0.18358,0.00000,0.00000,0.00000,0.00000,0.00000,0.02092,0.00000,0.00000,0.00000,0.02550,0.00000,0.00000,0.00000,0.00000,0.00000,0.03992,0.77366,0.77366,0.81358,0.03992,-1.00000,-1.00000,-1.00000,-1.00000,-1.00000,1.00000,-1.00000,0.00000,0.00000,0.00000,1.00000,0.00000,0.00000,0.00000,0.00000,1.00000,0.00000,0.00000,0.00311,0.00000,1.04346,0.02550,0.13716,0.00000,0.00000,0.00000,0.02222,-1.00000,0.00000,0.04346,0.0000000000,0.0000000000,0.0000000000,0.0000000000,0.00017,0.00000,0.00000,0.00000,0.00000,0.00000
3541,medias,381,HUN,381,10,1271,rural_settlement,wine,18.00004,0.00534,12,13.84446,13.84446,0.04460,0.06921,0.01000,1.10038,12.57026,0.05001,0.00000,0.00000,13.72065,13.72065,0.0032215052,0.0049991116,0.0007223106,0.0794816121,0.9079631853,0.0036122752,0.0000000000,0.9910570726,0.9910570726,lower,lower,0.01144,0.00042,0.00246,0.00340,0.12633,0.00000,0.23501,0.15847,0.01029,0.00268,0.00279,0.00268,0.02411,0.01166,0.01216,0.01166,0.02829,0.00921,0.00961,0.00921,4.00000,0.30951,0.05020,0.43823,0.43823,0.48843,0.05020,-0.69865,0.17892,0.48843,0.06760,0.48843,4.00000,0.17892,0.00000,0.00000,0.00000,0.00000,0.00000,0.00000,0.00000,0.00000,0.00000,0.00000,0.67435,0.00311,0.15848,1.04346,0.02829,0.17232,0.12833,0.13390,0.12833,0.02501,-0.32565,0.67435,0.04346,0.0437800000,0.1025900000,0.1203700000,0.7332400000,0.00017,0.15188,0.00000,0.00000,0.00000,0.00000
3542,sebes,381,HUN,381,10,1271,rural_settlement,stone,17.00003,0.00938,10,15.20358,15.20358,0.03800,0.07601,0.01000,1.10038,13.92918,0.05001,0.00000,0.00000,15.07957,15.07957,0.0024994113,0.0049994804,0.0006577398,0.0723763745,0.9161776371,0.0032893568,0.0000000000,0.9918433685,0.9918433685,lower,lower,0.03740,0.00046,0.00326,0.00447,0.10042,0.00000,0.21458,0.56873,0.01029,0.00957,0.00000,0.00000,0.02648,0.04569,0.04767,0.04569,0.03099,0.03613,0.03770,0.03613,4.00000,0.36776,0.04753,0.73829,0.73829,0.78582,0.04753,-0.66994,0.41806,0.78582,-0.00377,0.78582,4.00000,0.41806,1.00000,0.00000,0.00000,0.00000,0.00000,1.00000,0.00000,0.00000,0.00000,0.00000,2.65048,0.00311,0.56874,1.04346,0.03099,0.14682,0.46324,0.48337,0.46324,0.02771,1.65048,2.65048,0.04346,0.0479500000,0.1234000000,0.1444200000,0.6842200000,0.00017,0.54506,0.00000,0.00000,0.00000,0.00000
3543,sighisoara,381,HUN,381,10,1271,rural_settlement,wool,16.00003,0.00577,11,16.27203,16.27203,0.04584,0.08851,0.00000,1.10038,14.98729,0.05001,0.00000,0.00000,16.13768,16.13768,0.0028171040,0.0054393951,0.0000000000,0.0676240150,0.9210461141,0.0030733719,0.0000000000,0.9917435010,0.9917435010,lower,lower,0.00129,0.00000,0.00394,0.00452,0.13010,0.00000,0.24104,0.02100,0.00000,0.00000,0.00000,0.00000,0.03083,0.02771,0.00000,0.00000,0.03310,0.02014,0.02101,0.02014,4.00000,0.22826,0.05167,0.64636,0.64636,0.69803,0.05167,-1.00000,0.46977,0.69803,0.06983,0.69803,4.00000,0.46977,0.00000,1.00000,0.00000,1.00000,0.00000,0.00000,1.00000,0.00000,1.00000,0.00000,0.08716,0.00311,0.02101,1.04346,0.03310,0.17711,0.26795,0.00000,0.00000,0.02982,-0.91284,0.08716,0.04346,0.0000000000,0.1279000000,0.1373200000,0.7347700000,0.00017,0.02014,0.00000,0.00000,0.00000,0.00000
3545,targu_mures,381,HUN,381,10,1272,rural_settlement,horses,20.00005,0.02295,13,14.21149,14.21149,0.05473,0.08526,0.01000,1.10038,12.91111,0.05001,0.00000,0.00000,14.06150,14.06150,0.0038511092,0.0059993709,0.0007036560,0.0774288973,0.9084979830,0.0035189836,0.0000000000,0.9894458639,0.9894458639,lower,lower,0.00851,0.00035,0.00313,0.00295,0.15943,0.00000,0.28042,0.12105,0.01029,0.01171,0.01221,0.01171,0.02970,0.06305,0.06579,0.06305,0.02897,0.04126,0.04305,0.04126,4.00000,0.06028,0.05259,0.22476,0.22476,0.27735,0.05259,-0.74745,0.21707,0.27735,0.09794,0.27735,4.00000,0.21707,0.00000,0.00000,0.00000,1.00000,0.00000,0.00000,0.00000,0.00000,1.00000,0.00000,0.43170,0.00311,0.12106,1.04346,0.02897,0.21146,0.61671,0.00000,0.00000,0.02569,-0.56830,0.43170,0.04346,0.0366900000,0.1059100000,0.1033000000,0.7540800000,0.00017,0.11602,0.00000,0.00000,0.00000,0.00000
3546,chezdi_osorheiu,381,HUN,381,10,1272,rural_settlement,livestock,17.00004,0.00915,13,8.38186,8.38186,0.03095,0.04190,0.00000,1.10150,7.15745,0.05006,0.00000,0.00000,8.30901,8.30901,0.0036924978,0.0049988905,0.0000000000,0.1314147457,0.8539214446,0.0059724214,0.0000000000,0.9913086117,0.9913086117,lower,lower,0.02581,0.00000,0.00138,0.00197,0.09420,0.00000,0.15169,0.21633,0.00000,0.00000,0.00000,0.00000,0.01459,0.09039,0.09431,0.09039,0.01752,0.07144,0.07454,0.07144,4.00000,0.28031,0.05106,0.37703,0.37703,0.42809,0.05106,-1.00000,0.10526,0.42809,0.14778,0.42809,4.00000,0.14778,0.00000,0.00000,0.00000,1.00000,0.00000,0.00000,0.00000,0.00000,1.00000,0.00000,1.42619,0.00311,0.21634,1.04346,0.01752,0.11958,1.04550,0.04747,0.04550,0.01424,0.42619,1.42619,0.04346,0.0000000000,0.0961800000,0.1154900000,0.7883100000,0.00017,0.20733,0.00000,0.00000,0.00000,0.00000
3547,covasna,381,HUN,381,10,1272,rural_settlement,alum,17.00004,0.02245,16,7.40292,7.40292,0.01848,0.04689,0.00000,1.10151,6.18598,0.05006,0.00000,0.00000,7.33755,7.33755,0.0024963123,0.0063339871,0.0000000000,0.1487939894,0.8356135147,0.0067621965,0.0000000000,0.9911697006,0.9911697006,lower,lower,0.19507,0.00000,0.00251,0.00232,0.04926,0.00000,0.10332,1.44413,0.00000,0.00000,0.00000,0.00000,0.01633,0.14398,0.15023,0.14398,0.01559,0.08941,0.09329,0.08941,4.00000,0.04959,0.05270,0.81313,0.81313,0.86583,0.05270,-1.00000,0.81624,0.86583,0.00617,0.86583,4.00000,0.81624,0.00000,0.00000,0.00000,0.00000,0.00000,0.00000,0.00000,0.00000,0.00000,0.00000,13.97735,0.00311,1.44414,1.04346,0.01559,0.07140,1.15061,1.20061,1.15061,0.01231,12.97735,13.97735,0.04346,0.0000000000,0.1580500000,0.1508900000,0.6910500000,0.00017,1.38400,0.00000,0.00000,0.00000,0.00000
3548,cristuru_secuiesc,381,HUN,381,10,1272,rural_settlement,fiber_crops,16.00003,0.02254,12,11.36100,11.36100,0.02839,0.05679,0.01000,1.10038,10.11543,0.05001,0.00000,0.00000,11.26582,11.26582,0.0024988997,0.0049986797,0.0008802042,0.0968559106,0.8903644045,0.0044019012,0.0000000000,0.9916222164,0.9916222164,lower,lower,0.04377,0.00061,0.00239,0.00330,0.07373,0.00000,0.16316,0.49734,0.01029,0.01089,0.01136,0.01089,0.01978,0.03907,0.04076,0.03907,0.02340,0.03076,0.03209,0.03076,4.00000,0.38021,0.04614,0.72719,0.72719,0.77333,0.04614,-0.56594,0.39312,0.77333,-0.02115,0.77333,4.00000,0.39312,0.00000,0.00000,0.00000,0.00000,0.00000,0.00000,0.00000,0.00000,0.00000,0.00000,3.04823,0.00311,0.49735,1.04346,0.02340,0.10969,0.39592,0.41312,0.39592,0.02012,2.04823,3.04823,0.04346,0.0630600000,0.1212300000,0.1434100000,0.6722800000,0.00017,0.47664,0.00000,0.00000,0.00000,0.00000
3549,gheorgheni,381,HUN,381,10,1272,rural_settlement,medicaments,17.00004,0.02241,12,11.03859,11.03859,0.02758,0.05518,0.01000,1.10036,9.79546,0.05001,0.00000,0.00000,10.94583,10.94583,0.0024985075,0.0049988268,0.0009059128,0.0996830211,0.8873832618,0.0045304699,0.0000000000,0.9915967528,0.9915967528,lower,lower,0.02985,0.00062,0.00226,0.00321,0.07145,0.00000,0.15884,0.32959,0.01029,0.00742,0.00774,0.00742,0.01922,0.02588,0.02700,0.02588,0.02277,0.02037,0.02125,0.02037,4.00000,0.38211,0.04605,0.72654,0.72654,0.77259,0.04605,-0.55410,0.39048,0.77259,-0.02322,0.77259,4.00000,0.39048,0.00000,0.00000,0.00000,0.00000,0.00000,0.00000,0.00000,0.00000,0.00000,0.00000,2.07504,0.00311,0.32960,1.04346,0.02277,0.10656,0.26221,0.27360,0.26221,0.01949,1.07504,2.07504,0.04346,0.0647800000,0.1210000000,0.1433500000,0.6708600000,0.00017,0.31588,0.00000,0.00000,0.00000,0.00000
3550,gurghiu,381,HUN,381,22,1272,rural_settlement,stone,17.00003,0.18011,10,11.61852,11.61852,0.02903,0.06576,0.01000,1.10038,10.36334,0.05001,0.00000,0.00000,11.51373,11.51373,0.0024985971,0.0056599291,0.0008606948,0.0947091368,0.8919673074,0.0043043348,0.0000000000,0.9909807790,0.9909807790,lower,lower,0.00933,0.00037,0.00173,0.00242,0.08358,0.00000,0.16104,0.10850,0.00812,0.01238,0.01291,0.01238,0.01700,0.05533,0.05773,0.05533,0.01986,0.03629,0.03786,0.03629,4.00000,0.31186,0.05017,0.47474,0.47474,0.52491,0.05017,-0.65294,0.21305,0.52491,0.04932,0.52491,4.00000,0.21305,0.00000,0.00000,0.00000,1.00000,0.00000,0.00000,0.00000,0.00000,1.00000,0.00000,0.67380,0.00272,0.10851,1.04346,0.01986,0.11606,0.49193,0.00000,0.00000,0.01699,-0.32620,0.67380,0.04346,0.0504200000,0.1055600000,0.1233200000,0.7206900000,0.00015,0.10400,0.00000,0.00000,0.00000,0.00000
3551,odorhei,381,HUN,381,10,1272,rural_settlement,livestock,17.00004,0.02243,12,11.75557,11.75557,0.02937,0.05876,0.01000,1.10038,10.50705,0.05001,0.00000,0.00000,11.65744,11.65744,0.0024983901,0.0049984816,0.0008506606,0.0936049890,0.8937933252,0.0042541536,0.0000000000,0.9916524677,0.9916524677,lower,lower,0.04990,0.00059,0.00243,0.00344,0.07641,0.00000,0.16842,0.58665,0.01029,0.01243,0.01297,0.01243,0.02047,0.04612,0.04812,0.04612,0.02418,0.03631,0.03788,0.03631,4.00000,0.37850,0.04637,0.72882,0.72882,0.77519,0.04637,-0.57950,0.39669,0.77519,-0.01895,0.77519,4.00000,0.39669,0.00000,0.00000,0.00000,0.00000,0.00000,0.00000,0.00000,0.00000,0.00000,0.00000,3.48331,0.00311,0.58666,1.04346,0.02418,0.11348,0.46737,0.48768,0.46737,0.02090,2.48331,3.48331,0.04346,0.0610900000,0.1215400000,0.1435600000,0.6737900000,0.00017,0.56223,0.00000,0.00000,0.00000,0.00000
3552,sfantu_gheorghe,381,HUN,381,10,1272,rural_settlement,millet,18.00005,0.02054,10,11.93994,11.93994,0.02984,0.06543,0.00000,1.10038,10.69428,0.05001,0.00000,0.00000,11.84467,11.84467,0.0024991750,0.0054799270,0.0000000000,0.0921595921,0.8956728426,0.0041884633,0.0000000000,0.9920208979,0.9920208979,lower,lower,0.00672,0.00000,0.00313,0.00368,0.08171,0.00000,0.16264,0.08031,0.00000,0.00000,0.00000,0.00000,0.02279,0.04479,0.04673,0.04479,0.02456,0.03219,0.03358,0.03219,4.00000,0.25699,0.05143,0.81576,0.81576,0.86719,0.05143,-1.00000,0.61020,0.86719,0.03210,0.86719,4.00000,0.61020,0.00000,0.00000,0.00000,1.00000,0.00000,0.00000,0.00000,0.00000,1.00000,0.00000,0.49385,0.00311,0.08032,1.04346,0.02456,0.11529,0.41415,0.00000,0.00000,0.02128,-0.50615,0.49385,0.04346,0.0000000000,0.1401200000,0.1510000000,0.7088600000,0.00017,0.07698,0.00000,0.00000,0.00000,0.00000
3553,miercurea_cluc,381,HUN,381,10,1272,rural_settlement,iron,17.00004,0.02252,12,10.62204,10.62204,0.03073,0.05310,0.01000,1.10036,9.37784,0.05001,0.00000,0.00000,10.52821,10.52821,0.0028930413,0.0049990397,0.0009414387,0.1035921537,0.8828661914,0.0047081352,0.0000000000,0.9911664803,0.9911664803,lower,lower,0.01408,0.00059,0.00200,0.00283,0.08315,0.00000,0.16945,0.14955,0.01029,0.02050,0.02139,0.02050,0.01849,0.06875,0.07173,0.06875,0.02194,0.05409,0.05644,0.05409,4.00000,0.34712,0.04814,0.55282,0.55282,0.60096,0.04814,-0.58204,0.25384,0.60096,0.02018,0.60096,4.00000,0.25384,0.00000,0.00000,0.00000,2.00000,0.00000,0.00000,0.00000,0.00000,2.00000,0.00000,0.88262,0.00311,0.14956,1.04346,0.02194,0.11873,0.72880,0.00000,0.00000,0.01866,-0.11738,0.88262,0.04346,0.0607200000,0.1091100000,0.1294700000,0.7006700000,0.00017,0.14334,0.00000,0.00000,0.00000,0.00000
3560,turda,381,HUN,381,22,1273,rural_settlement,salt,20.00005,0.18009,8,23.54773,23.54773,0.05886,0.11673,0.01000,2.10068,21.21145,0.05001,0.00000,0.00000,23.36214,23.36214,0.0024996040,0.0049571657,0.0004246694,0.0892094482,0.9007853411,0.0021237716,0.0000000000,0.9921185609,0.9921185609,lower,lower,0.18785,0.00019,0.00290,0.00513,0.17650,0.00000,0.31375,4.42349,0.00812,0.04440,0.04632,0.04440,0.03017,0.35225,0.36755,0.35225,0.04013,0.26408,0.27555,0.26408,4.00000,0.47664,0.03154,0.55001,0.55001,0.58155,0.03154,-0.82186,0.10491,0.58155,0.09207,0.58155,4.00000,0.10491,0.00000,0.00000,0.00000,0.00000,0.00000,0.00000,0.00000,0.00000,0.00000,0.00000,14.09880,0.00520,4.42350,1.04346,0.04013,0.23533,3.57854,3.73406,3.57854,0.03478,13.09880,14.09880,0.04346,0.0258800000,0.0961500000,0.1279000000,0.7500500000,0.00015,4.23927,0.00000,0.00000,0.00000,0.00000
3561,baia_de_aries,381,HUN,381,22,1273,rural_settlement,beeswax,14.00001,0.00291,14,13.82602,13.82602,0.03415,0.06713,0.01000,1.10033,12.56440,0.05001,0.00000,0.00000,13.71474,13.71474,0.0024699805,0.0048553380,0.0007232739,0.0795840018,0.9087503128,0.0036170930,0.0000000000,0.9919514076,0.9919514076,lower,lower,0.01093,0.00032,0.00161,0.00296,0.10050,0.00000,0.18547,0.15117,0.00812,0.00276,0.00287,0.00276,0.01735,0.01163,0.01213,0.01163,0.02347,0.00947,0.00988,0.00947,4.00000,0.48981,0.02468,0.54005,0.54005,0.56473,0.02468,-0.69865,0.07492,0.56473,0.07179,0.56473,4.00000,0.07492,0.00000,0.00000,0.00000,0.00000,0.00000,0.00000,0.00000,0.00000,0.00000,0.00000,0.81511,0.00272,0.15118,1.04346,0.02347,0.13653,0.12103,0.12628,0.12103,0.02060,-0.18489,0.81511,0.04346,0.0437800000,0.0935400000,0.1265400000,0.7361200000,0.00015,0.14489,0.00000,0.00000,0.00000,0.00000
3562,cluj,381,HUN,381,22,1273,town,salt,21.00006,0.23813,8,21.42032,21.42032,0.28659,0.44949,0.80020,2.75101,16.53288,0.60015,0.00000,0.00000,19.88404,19.88404,0.0133793519,0.0209842803,0.0373570516,0.1284299207,0.7718316066,0.0280177887,0.0000000000,0.9282793161,0.9282793161,burghers,burghers,0.07289,0.21719,0.00692,0.00065,0.67384,0.00000,1.94836,1.56137,0.65052,0.78846,0.82272,0.78846,0.11620,0.30972,0.00000,0.00000,0.03582,0.11007,0.11485,0.11007,3.00000,1.44191,0.00000,1.28809,-0.77272,1.29818,0.01009,1.29818,-0.31475,-0.77272,-0.14373,1.29818,3.00000,-0.14373,0.00000,1.00000,0.00000,1.00000,0.00000,0.00000,1.00000,0.00000,1.00000,0.00000,0.80138,0.00682,1.56139,1.04346,0.03582,1.14582,1.59783,0.62381,0.59783,0.02711,-0.19862,0.80138,0.04346,0.3338800000,0.0596300000,0.0183800000,0.5880900000,0.00189,1.49636,0.00000,0.00000,0.00000,0.00000
3563,huedin,381,HUN,381,22,1273,rural_settlement,wool,16.00003,0.17149,7,21.96727,21.96727,0.05491,0.10883,0.00000,2.10067,19.65285,0.05001,0.00000,0.00000,21.80353,21.80353,0.0024996279,0.0049541887,0.0000000000,0.0956272673,0.8946423475,0.0022765687,0.0000000000,0.9925461835,0.9925461835,lower,lower,0.07802,0.00000,0.00276,0.00494,0.16894,0.00000,0.28524,1.71399,0.00000,0.00000,0.00000,0.00000,0.02813,0.13775,0.14373,0.13775,0.03758,0.10371,0.10821,0.10371,4.00000,0.49585,0.02214,0.60689,0.60689,0.62903,0.02214,-1.00000,0.13318,0.62903,0.12058,0.62903,4.00000,0.13318,0.00000,0.00000,0.00000,0.00000,0.00000,0.00000,0.00000,0.00000,0.00000,0.00000,6.00897,0.00520,1.71400,1.04346,0.03758,0.21953,1.40116,1.46205,1.40116,0.03223,5.00897,6.00897,0.04346,0.0000000000,0.0986100000,0.1317400000,0.7696300000,0.00015,1.64262,0.00000,0.00000,0.00000,0.00000
3564,reghin,381,HUN,381,22,1273,rural_settlement,lumber,17.00003,0.02286,12,11.58861,11.58861,0.03396,0.05793,0.00000,1.10038,10.34633,0.05001,0.00000,0.00000,11.49672,11.49672,0.0029304636,0.0049988739,0.0000000000,0.0949535794,0.8928016389,0.0043154442,0.0000000000,0.9920706625,0.9920706625,lower,lower,0.00403,0.00000,0.00128,0.00228,0.10804,0.00000,0.17057,0.04674,0.00000,0.00000,0.00000,0.00000,0.01497,0.02507,0.02615,0.02507,0.01983,0.01974,0.02059,0.01974,4.00000,0.27856,0.05112,0.38637,0.38637,0.43749,0.05112,-1.00000,0.00850,0.43749,0.15893,0.43749,4.00000,0.15893,0.00000,0.00000,0.00000,1.00000,0.00000,0.00000,0.00000,0.00000,1.00000,0.00000,0.27408,0.00272,0.04675,1.04346,0.01983,0.13577,0.26710,0.00000,0.00000,0.01696,-0.72592,0.27408,0.04346,0.0000000000,0.0877600000,0.1162500000,0.7959700000,0.00015,0.04481,0.00000,0.00000,0.00000,0.00000
5637,bjelovar,381,HUN,381,2,1305,rural_settlement,clay,15.00004,0.01849,9,24.51536,24.51536,0.09079,0.14708,0.00000,2.10063,22.12685,0.05001,0.00000,0.00000,24.27749,24.27749,0.0037033925,0.0059995040,0.0000000000,0.0856862799,0.9025708780,0.0020399456,0.0000000000,0.9902971035,0.9902971035,lower,lower,0.00432,0.00000,0.00520,0.00720,0.24765,0.00000,0.42879,0.10602,0.00000,0.00000,0.00000,0.00000,0.04725,0.06137,0.06403,0.06137,0.05567,0.04025,0.04199,0.04025,4.00000,0.33915,0.04860,0.55681,0.55681,0.60541,0.04860,-1.00000,0.26626,0.60541,0.10652,0.60541,4.00000,0.26626,0.00000,0.00000,0.00000,1.00000,0.00000,0.00000,0.00000,0.00000,1.00000,0.00000,0.24727,0.00636,0.10603,1.04346,0.05567,0.32587,0.59156,0.00000,0.00000,0.04912,-0.75273,0.24727,0.04346,0.0000000000,0.1101900000,0.1298300000,0.7599700000,0.00019,0.10162,0.00000,0.00000,0.00000,0.00000
5638,koprivnica,381,HUN,381,22,1305,rural_settlement,fur,12.00005,0.33738,10,20.06139,20.06139,0.05427,0.10030,0.01000,2.10065,17.74616,0.05001,0.00000,0.00000,19.89682,19.89682,0.0027051964,0.0049996536,0.0004984699,0.1047110893,0.8845927426,0.0024928482,0.0000000000,0.9917966801,0.9917966801,lower,lower,0.04027,0.00021,0.00234,0.00413,0.16489,0.00000,0.28546,0.80790,0.00812,0.01989,0.02075,0.01989,0.02592,0.14679,0.15316,0.14679,0.03445,0.10261,0.10706,0.10261,4.00000,0.38561,0.04582,0.44645,0.44645,0.49227,0.04582,-0.80424,0.04343,0.49227,0.10666,0.49227,4.00000,0.10666,0.00000,0.00000,0.00000,1.00000,0.00000,0.00000,0.00000,0.00000,1.00000,0.00000,2.83020,0.00520,0.80791,1.04346,0.03445,0.21697,1.50498,0.52692,0.50498,0.02910,1.83020,2.83020,0.04346,0.0284400000,0.0908000000,0.1206800000,0.7600700000,0.00015,0.77427,0.00000,0.00000,0.00000,0.00000
5639,kutina,381,HUN,381,22,1305,rural_settlement,millet,17.00007,0.09309,8,22.56198,22.56198,0.05639,0.11280,0.00000,2.10064,20.24214,0.05001,0.00000,0.00000,22.39279,22.39279,0.0024993374,0.0049995612,0.0000000000,0.0931053037,0.8971792369,0.0022165608,0.0000000000,0.9925011014,0.9925011014,lower,lower,0.05675,0.00000,0.00289,0.00504,0.17335,0.00000,0.29315,1.28057,0.00000,0.00000,0.00000,0.00000,0.02916,0.10332,0.10781,0.10332,0.03854,0.07935,0.08279,0.07935,4.00000,0.48250,0.02626,0.59931,0.59931,0.62557,0.02626,-1.00000,0.14307,0.62557,0.11975,0.62557,4.00000,0.14307,0.00000,0.00000,0.00000,0.00000,0.00000,0.00000,0.00000,0.00000,0.00000,0.00000,4.36834,0.00520,1.28058,1.04346,0.03854,0.22545,1.04458,1.08997,1.04458,0.03319,3.36834,4.36834,0.04346,0.0000000000,0.0994700000,0.1314600000,0.7690600000,0.00015,1.22725,0.00000,0.00000,0.00000,0.00000
5640,pakrac,381,HUN,381,22,1305,rural_settlement,fruit,15.00004,0.16332,10,21.49348,21.49348,0.05372,0.10746,0.01000,2.10065,19.17164,0.05001,0.00000,0.00000,21.32230,21.32230,0.0024993626,0.0049996557,0.0004652574,0.0977342897,0.8919746826,0.0023267521,0.0000000000,0.9920357243,0.9920357243,lower,lower,0.07610,0.00020,0.00267,0.00469,0.16046,0.00000,0.28747,1.63583,0.00812,0.01808,0.01886,0.01808,0.02778,0.13103,0.13672,0.13103,0.03679,0.09800,0.10225,0.09800,4.00000,0.47198,0.03363,0.54878,0.54878,0.58241,0.03363,-0.80561,0.11043,0.58241,0.08782,0.58241,4.00000,0.11043,0.00000,0.00000,0.00000,0.00000,0.00000,0.00000,0.00000,0.00000,0.00000,0.00000,5.69047,0.00520,1.63584,1.04346,0.03679,0.21478,1.32060,1.37799,1.32060,0.03144,4.69047,5.69047,0.04346,0.0282400000,0.0966300000,0.1279700000,0.7471300000,0.00015,1.56771,0.00000,0.00000,0.00000,0.00000
5641,vaska,381,HUN,381,22,1305,rural_settlement,fur,14.00005,0.23611,11,12.31888,12.31888,0.03078,0.06158,0.01000,1.10036,11.06615,0.05001,0.00000,0.00000,12.21652,12.21652,0.0024986038,0.0049988311,0.0008117621,0.0893230553,0.8983081254,0.0040596223,0.0000000000,0.9916908031,0.9916908031,lower,lower,0.07963,0.00035,0.00148,0.00261,0.09006,0.00000,0.16810,0.98099,0.00812,0.01819,0.01898,0.01819,0.01591,0.07829,0.08169,0.07829,0.02101,0.05695,0.05942,0.05695,4.00000,0.45788,0.03743,0.50801,0.50801,0.54544,0.03743,-0.66753,0.08756,0.54544,0.06588,0.54544,4.00000,0.08756,0.00000,0.00000,0.00000,0.00000,0.00000,0.00000,0.00000,0.00000,0.00000,0.00000,5.83581,0.00272,0.98100,1.04346,0.02101,0.12306,0.78672,0.82091,0.78672,0.01814,4.83581,5.83581,0.04346,0.0483000000,0.0946400000,0.1249800000,0.7320600000,0.00015,0.94015,0.00000,0.00000,0.00000,0.00000
5642,virovitica,381,HUN,381,22,1305,rural_settlement,stone,18.00008,0.23410,11,11.71527,11.71527,0.03573,0.05856,0.01000,1.10036,10.46061,0.05001,0.00000,0.00000,11.61098,11.61098,0.0030498657,0.0049986044,0.0008535868,0.0939252787,0.8929038767,0.0042687877,0.0000000000,0.9910979431,0.9910979431,lower,lower,0.01381,0.00032,0.00118,0.00214,0.10960,0.00000,0.18612,0.16183,0.00812,0.01924,0.02007,0.01924,0.01513,0.07864,0.08205,0.07864,0.02002,0.05722,0.05970,0.05722,4.00000,0.21254,0.05182,0.27821,0.27821,0.33003,0.05182,-0.69975,-0.06584,0.33003,0.11749,0.33003,4.00000,0.11749,0.00000,0.00000,0.00000,1.00000,0.00000,0.00000,0.00000,0.00000,1.00000,0.00000,0.86954,0.00272,0.16184,1.04346,0.02002,0.14285,0.84160,0.00000,0.00000,0.01715,-0.13046,0.86954,0.04346,0.0436200000,0.0812900000,0.1075600000,0.7675100000,0.00015,0.15510,0.00000,0.00000,0.00000,0.00000
5643,vukovar,381,HUN,381,22,1269,rural_settlement,fur,19.00010,0.54280,8,23.89125,23.89125,0.09361,0.14940,0.01000,2.10065,21.48758,0.05001,0.00000,0.00000,23.63824,23.63824,0.0039181709,0.0062533354,0.0004185633,0.0879254957,0.8993911997,0.0020932350,0.0000000000,0.9894099304,0.9894099304,nobles,nobles,0.07270,0.00012,0.00322,0.00355,0.30345,0.00000,0.46158,1.73705,0.00812,0.01371,0.01430,0.01371,0.03862,0.16902,0.00000,0.00000,0.04058,0.08648,0.09023,0.08648,1.00000,0.09350,0.05255,0.15816,0.03450,0.18055,0.02239,-0.87892,-0.03861,0.08705,0.18055,0.18055,1.00000,0.08705,0.00000,1.00000,0.00000,0.00000,0.00000,0.00000,1.00000,0.00000,0.00000,0.00000,3.76329,0.00520,1.73706,1.04346,0.04058,0.37426,1.56453,1.63252,1.56453,0.03523,2.76329,3.76329,0.04346,0.0175900000,0.0836600000,0.0879100000,0.8108200000,0.00015,1.66472,0.00000,0.00000,0.00000,0.00000
5644,ilok,381,HUN,381,22,1269,rural_settlement,wine,17.00005,0.31071,9,23.63206,23.63206,0.05907,0.11815,0.00000,2.10065,21.30418,0.05001,0.00000,0.00000,23.45484,23.45484,0.0024995705,0.0049995642,0.0000000000,0.0888898386,0.9014948337,0.0021161930,0.0000000000,0.9925008653,0.9925008653,lower,lower,0.08214,0.00000,0.00302,0.00527,0.18166,0.00000,0.30699,1.94118,0.00000,0.00000,0.00000,0.00000,0.03054,0.15858,0.16547,0.15858,0.04028,0.11212,0.11699,0.11212,4.00000,0.47917,0.02996,0.59239,0.59239,0.62235,0.02996,-1.00000,0.14318,0.62235,0.12010,0.62235,4.00000,0.14318,0.00000,0.00000,0.00000,0.00000,0.00000,0.00000,0.00000,0.00000,0.00000,0.00000,6.32330,0.00520,1.94119,1.04346,0.04028,0.23617,1.58964,1.65872,1.58964,0.03493,5.32330,6.32330,0.04346,0.0000000000,0.0994800000,0.1312000000,0.7693000000,0.00015,1.86034,0.00000,0.00000,0.00000,0.00000
5645,osijek,381,HUN,381,22,1269,rural_settlement,wheat,17.00009,0.47475,7,18.76379,18.76379,0.05411,0.10001,0.00000,1.10034,17.45932,0.05001,0.00000,0.00000,18.60967,18.60967,0.0028837458,0.0053299467,0.0000000000,0.0586416710,0.9304793968,0.0026652398,0.0000000000,0.9917863076,0.9917863076,lower,lower,0.00353,0.00000,0.00241,0.00361,0.17096,0.00000,0.27368,0.06635,0.00000,0.00000,0.00000,0.00000,0.02585,0.03927,0.04097,0.03927,0.03150,0.02433,0.02538,0.02433,4.00000,0.27226,0.05140,0.37174,0.37174,0.42314,0.05140,-1.00000,0.08538,0.42314,0.15088,0.42314,4.00000,0.15088,0.00000,0.00000,0.00000,2.00000,0.00000,0.00000,0.00000,0.00000,2.00000,0.00000,0.24247,0.00272,0.06636,1.04346,0.03150,0.21633,0.38341,0.00000,0.00000,0.02863,-0.75753,0.24247,0.04346,0.0000000000,0.0944500000,0.1150900000,0.7904400000,0.00015,0.06360,0.00000,0.00000,0.00000,0.00000
5646,petrovaradin,381,HUN,381,22,1269,rural_settlement,horses,15.00006,0.19275,14,20.65118,20.65118,0.05836,0.10325,0.01000,2.10066,18.32890,0.05001,0.00000,0.00000,20.47957,20.47957,0.0028259886,0.0049997143,0.0004842338,0.1017210639,0.8875473460,0.0024216534,0.0000000000,0.9916900632,0.9916900632,lower,lower,0.01303,0.00019,0.00233,0.00411,0.17935,0.00000,0.30354,0.26912,0.00812,0.03200,0.03339,0.03200,0.02669,0.22593,0.23574,0.22593,0.03540,0.16706,0.00000,0.00000,4.00000,0.32285,0.04895,0.39311,0.39311,0.44206,0.04895,-0.81587,0.01034,0.44206,0.11921,0.44206,4.00000,0.11921,0.00000,0.00000,1.00000,4.00000,0.00000,0.00000,0.00000,1.00000,4.00000,0.00000,0.88663,0.00520,0.26913,1.04346,0.03540,0.23333,2.36177,0.00000,0.00000,0.03005,-0.11337,0.88663,0.04346,0.0267500000,0.0879200000,0.1166200000,0.7686900000,0.00015,0.25793,0.00000,0.00000,0.00000,0.00000
5647,pozega,381,HUN,381,22,1269,rural_settlement,livestock,17.00008,0.24301,8,21.13093,21.13093,0.08283,0.10565,0.00000,2.10064,18.79180,0.05001,0.00000,0.00000,20.94245,20.94245,0.0039198464,0.0049997799,0.0000000000,0.0994106743,0.8893030264,0.0023666729,0.0000000000,0.9910803737,0.9910803737,nobles,nobles,0.07631,0.00000,0.00187,0.00329,0.27788,0.00000,0.39463,1.61261,0.00000,0.00000,0.00000,0.00000,0.02731,0.11487,0.11986,0.11487,0.03616,0.08327,0.08688,0.08327,1.00000,0.08877,0.05255,0.16165,0.08050,0.22182,0.06017,-1.00000,-0.20478,0.13305,0.22182,0.22182,1.00000,0.13305,0.00000,0.00000,0.00000,0.00000,0.00000,0.00000,0.00000,0.00000,0.00000,0.00000,4.08641,0.00520,1.61262,1.04346,0.03616,0.33116,1.34732,1.40587,1.34732,0.03081,3.08641,4.08641,0.04346,0.0000000000,0.0692000000,0.0916300000,0.8391600000,0.00015,1.54546,0.00000,0.00000,0.00000,0.00000
5648,sremska_mitrovica,381,HUN,381,22,1269,rural_settlement,wheat,14.00003,0.28681,14,21.77238,21.77238,0.05929,0.10885,0.01000,2.10065,19.44358,0.05001,0.00000,0.00000,21.59424,21.59424,0.0027231750,0.0049994534,0.0004592975,0.0964823322,0.8930387950,0.0022969469,0.0000000000,0.9918180741,0.9918180741,lower,lower,0.00623,0.00019,0.00254,0.00444,0.18092,0.00000,0.31052,0.13566,0.00812,0.00905,0.00944,0.00905,0.02813,0.07061,0.07367,0.07061,0.03723,0.05036,0.05254,0.05036,4.00000,0.37105,0.04746,0.43504,0.43504,0.48250,0.04746,-0.82007,0.04091,0.48250,0.11145,0.48250,4.00000,0.11145,0.00000,0.00000,0.00000,1.00000,0.00000,0.00000,0.00000,0.00000,1.00000,0.00000,0.43691,0.00520,0.13567,1.04346,0.03723,0.23704,0.72695,0.00000,0.00000,0.03188,-0.56309,0.43691,0.04346,0.0261400000,0.0905800000,0.1198900000,0.7633600000,0.00015,0.13002,0.00000,0.00000,0.00000,0.00000
5649,zagreb,381,HUN,381,2,1306,town,wheat,21.00008,0.07355,10,29.16813,29.16813,0.35127,0.56673,0.80020,2.75103,24.09875,0.60015,0.00000,0.00000,27.44993,27.44993,0.0120429386,0.0194297680,0.0274340522,0.0943162966,0.8262014054,0.0205755391,0.0000000000,0.9410932412,0.9410932412,burghers,burghers,0.06160,0.30351,0.01409,0.00174,0.67591,0.00000,2.35188,1.79674,0.84488,0.42684,0.44539,0.42684,0.18207,0.19535,0.20383,0.19535,0.06411,0.08789,0.09170,0.08789,3.00000,1.58310,0.00000,1.46857,-0.66303,1.47267,0.00410,1.47267,-0.11043,-0.66303,-0.21944,1.47267,3.00000,-0.11043,0.00000,0.00000,0.00000,0.00000,0.00000,0.00000,0.00000,0.00000,0.00000,0.00000,0.76396,0.00833,1.79676,1.04346,0.06411,1.26082,1.01185,1.05582,1.01185,0.05349,-0.23604,0.76396,0.04346,0.3592300000,0.0774100000,0.0272500000,0.5360900000,0.00229,1.72193,0.00000,0.00000,0.00000,0.00000
5650,karlovac,381,HUN,381,2,1306,rural_settlement,millet,14.00004,0.01180,8,21.17497,21.17497,0.06883,0.10587,0.00000,2.05133,18.94893,0.00001,0.00000,0.00000,21.00027,21.00027,0.0032505359,0.0049997710,0.0000000000,0.0968752258,0.8948739951,0.0000004723,0.0000000000,0.9917496932,0.9917496932,lower,lower,0.01124,0.00000,0.00349,0.00704,0.18531,0.00000,0.32933,0.23812,0.00000,0.00000,0.00000,0.00000,0.03401,0.12749,0.13303,0.12749,0.04827,0.10073,0.10510,0.10073,4.00000,0.62568,0.01924,0.79317,0.79317,0.81241,0.01924,-1.00000,0.18673,0.81241,0.09222,0.81241,4.00000,0.18673,0.00000,0.00000,0.00000,2.00000,0.00000,0.00000,0.00000,0.00000,2.00000,0.00000,0.72307,0.00621,0.23813,1.04346,0.04827,0.24705,1.40713,0.00000,0.00000,0.04206,-0.27693,0.72307,0.04346,0.0000000000,0.1032700000,0.1465700000,0.7501500000,0.00000,0.22822,0.00000,0.00000,0.00000,0.00000
5651,petrinja,381,HUN,381,2,1306,rural_settlement,stone,12.00003,0.02566,10,22.15115,22.15115,0.06360,0.11899,0.00002,2.06134,19.90719,0.00001,0.00000,0.00000,21.96854,21.96854,0.0028711828,0.0053717301,0.0000009029,0.0930579225,0.8986978103,0.0000004514,0.0000000000,0.9917561842,0.9917561842,lower,lower,0.01842,0.00000,0.00460,0.00801,0.16441,0.00000,0.31695,0.40819,0.00002,0.00003,0.00003,0.00003,0.03822,0.13154,0.00000,0.00000,0.05043,0.09626,0.10044,0.09626,4.00000,0.58182,0.01931,0.94816,0.94816,0.96747,0.01931,-0.99958,0.38565,0.96747,0.04865,0.96747,4.00000,0.38565,0.00000,1.00000,0.00000,1.00000,0.00000,0.00000,1.00000,0.00000,1.00000,0.00000,1.28790,0.00624,0.40820,1.04346,0.05043,0.22828,1.29491,0.30772,0.29491,0.04419,0.28790,1.28790,0.04346,0.0000600000,0.1205800000,0.1591100000,0.7202300000,0.00000,0.39120,0.00000,0.00000,0.00000,0.00000
5652,sisak,381,HUN,381,2,1306,rural_settlement,livestock,15.00004,0.01597,9,20.79943,20.79943,0.06200,0.10399,0.00000,2.05137,18.58206,0.00001,0.00000,0.00000,20.63344,20.63344,0.0029808509,0.0049996562,0.0000000000,0.0986262604,0.8933927516,0.0000004808,0.0000000000,0.9920194928,0.9920194928,lower,lower,0.06198,0.00000,0.00365,0.00741,0.16318,0.00000,0.30339,1.28926,0.00000,0.00000,0.00000,0.00000,0.03340,0.09882,0.10311,0.09882,0.04746,0.07799,0.08137,0.07799,4.00000,0.66934,0.01268,0.92165,0.92165,0.93433,0.01268,-1.00000,0.26499,0.93433,0.06793,0.93433,4.00000,0.26499,0.00000,0.00000,0.00000,0.00000,0.00000,0.00000,0.00000,0.00000,0.00000,0.00000,4.24954,0.00621,1.28927,1.04346,0.04746,0.22253,1.05877,1.10478,1.05877,0.04125,3.24954,4.24954,0.04346,0.0000000000,0.1100800000,0.1564300000,0.7334700000,0.00000,1.23558,0.00000,0.00000,0.00000,0.00000
5653,slunj,381,HUN,381,2,1306,rural_settlement,wool,10.00003,0.01173,7,21.11458,21.11458,0.05278,0.10556,0.00000,2.00055,18.95569,0.00000,0.00000,0.00000,20.95624,20.95624,0.0024996945,0.0049993890,0.0000000000,0.0947473263,0.8977535902,0.0000000000,0.0000000000,0.9925009164,0.9925009164,lower,lower,0.41634,0.00000,0.00419,0.00850,0.13215,0.00000,0.27149,8.79104,0.00000,0.00000,0.00000,0.00000,0.03391,0.70601,0.73669,0.70601,0.04814,0.55832,0.58258,0.55832,4.00000,0.75723,0.01016,1.18237,1.18237,1.19253,0.01016,-1.00000,0.43530,1.19253,0.01595,1.19253,4.00000,0.43530,0.00000,0.00000,0.00000,0.00000,0.00000,0.00000,0.00000,0.00000,0.00000,0.00000,32.38075,0.00606,8.79105,1.04346,0.04814,0.18944,7.16058,7.47177,7.16058,0.04208,31.38075,32.38075,0.04346,0.0000000000,0.1249000000,0.1773100000,0.6977700000,0.00000,8.42491,0.00000,0.00000,0.00000,0.00000
5654,varazdin,381,HUN,381,22,1306,rural_settlement,wool,12.00003,0.23737,8,25.21018,25.21018,0.06301,0.12604,0.00000,2.10066,22.87046,0.05001,0.00000,0.00000,25.02113,25.02113,0.0024993872,0.0049995676,0.0000000000,0.0833258628,0.9071914600,0.0019837224,0.0000000000,0.9925010452,0.9925010452,lower,lower,0.07090,0.00000,0.00323,0.00559,0.19385,0.00000,0.32735,1.78757,0.00000,0.00000,0.00000,0.00000,0.03258,0.14542,0.15173,0.14542,0.04285,0.10580,0.11039,0.10580,4.00000,0.47488,0.03281,0.58571,0.58571,0.61852,0.03281,-1.00000,0.14364,0.61852,0.12049,0.61852,4.00000,0.14364,0.00000,0.00000,0.00000,0.00000,0.00000,0.00000,0.00000,0.00000,0.00000,0.00000,5.46076,0.00520,1.78758,1.04346,0.04285,0.25192,1.46191,1.52544,1.46191,0.03750,4.46076,5.46076,0.04346,0.0000000000,0.0995200000,0.1308900000,0.7695700000,0.00015,1.71313,0.00000,0.00000,0.00000,0.00000
5704,dubica,381,HUN,381,2,1303,rural_settlement,legumes,15.00004,0.09535,9,11.85575,11.85575,0.02962,0.06712,0.00000,1.10037,10.60863,0.05001,0.00000,0.00000,11.75901,11.75901,0.0024983658,0.0056613879,0.0000000000,0.0928131919,0.8948088480,0.0042182064,0.0000000000,0.9918402463,0.9918402463,lower,lower,0.05934,0.00000,0.00296,0.00471,0.07293,0.00000,0.15494,0.70355,0.00000,0.00000,0.00000,0.00000,0.02156,0.07024,0.00000,0.00000,0.02707,0.04756,0.04962,0.04756,4.00000,0.56133,0.01947,1.14091,1.14091,1.16038,0.01947,-1.00000,0.59905,1.16038,-0.00099,1.16038,4.00000,0.59905,0.00000,1.00000,0.00000,0.00000,0.00000,0.00000,1.00000,0.00000,0.00000,0.00000,4.54085,0.00333,0.70356,1.04346,0.02707,0.10631,0.62670,0.65393,0.62670,0.02355,3.54085,4.54085,0.04346,0.0000000000,0.1391500000,0.1747100000,0.6861300000,0.00019,0.67426,0.00000,0.00000,0.00000,0.00000
5705,gradiski_brod,381,HUN,381,22,1303,rural_settlement,lumber,15.00004,0.15927,12,20.08842,20.08842,0.07748,0.12764,0.01000,2.10066,17.72263,0.05001,0.00000,0.00000,19.87330,19.87330,0.0038569484,0.0063539094,0.0004977992,0.1045706930,0.8822311561,0.0024894939,0.0000000000,0.9892913430,0.9892913430,nobles,nobles,0.00419,0.00015,0.00280,0.00306,0.24903,0.00000,0.38529,0.08436,0.00812,0.01337,0.01395,0.01337,0.03299,0.11483,0.00000,0.00000,0.03441,0.06749,0.07042,0.06749,1.00000,0.06637,0.05259,0.06343,0.05165,0.17061,0.10718,-0.85496,-0.01608,0.10424,0.17061,0.17061,1.00000,0.10424,0.00000,1.00000,0.00000,3.00000,0.00000,0.00000,1.00000,0.00000,3.00000,0.00000,0.21897,0.00520,0.08437,1.04346,0.03441,0.30977,1.05532,0.00000,0.00000,0.02906,-0.78103,0.21897,0.04346,0.0210700000,0.0856200000,0.0893000000,0.8039900000,0.00015,0.08086,0.00000,0.00000,0.00000,0.00000
5723,debrc,381,HUN,381,22,1302,rural_settlement,beeswax,17.00003,0.18318,13,12.63888,12.63888,0.03842,0.16322,0.00000,1.10036,11.28687,0.05001,0.00000,0.00000,12.43724,12.43724,0.0030398263,0.0129141190,0.0000000000,0.0870615118,0.8930277050,0.0039568379,0.0000000000,0.9840460547,0.9840460547,clergy,clergy,0.01663,0.00000,0.00815,0.00207,0.10862,0.00000,0.21717,0.21025,0.00000,0.00000,0.00000,0.00000,0.04219,0.15681,0.16362,0.15681,0.02138,0.04470,0.04664,0.04470,2.00000,1.01521,0.00978,1.21389,0.20748,1.23247,0.01858,-1.00000,1.23247,0.21726,0.02980,1.23247,2.00000,0.21726,0.00000,0.00000,0.00000,1.00000,0.00000,0.00000,0.00000,0.00000,1.00000,0.00000,0.96818,0.00272,0.21026,1.04346,0.02138,0.15360,0.64701,0.00000,0.00000,0.01851,-0.03182,0.96818,0.04346,0.0000000000,0.1942700000,0.0984400000,0.7072800000,0.00015,0.20151,0.00000,0.00000,0.00000,0.00000
5725,sabac,381,HUN,381,22,1302,rural_settlement,coal,12.00003,0.20874,15,13.97682,13.97682,0.05580,0.08385,0.01000,1.10036,12.67680,0.05001,0.00000,0.00000,13.82717,13.82717,0.0039923244,0.0059992187,0.0007154703,0.0787274931,0.9069874263,0.0035780671,0.0000000000,0.9892929865,0.9892929865,nobles,nobles,0.01949,0.00021,0.00166,0.00198,0.17994,0.00000,0.27653,0.27240,0.00812,0.02532,0.02642,0.02532,0.02167,0.14634,0.15269,0.14634,0.02365,0.08941,0.09329,0.08941,1.00000,0.11712,0.05253,0.17281,0.00496,0.17461,0.00180,-0.79790,-0.09951,0.05749,0.17461,0.17461,1.00000,0.05749,0.00000,0.00000,0.00000,2.00000,0.00000,0.00000,0.00000,0.00000,2.00000,0.00000,0.98510,0.00272,0.27241,1.04346,0.02365,0.22309,1.44130,0.00000,0.00000,0.02078,-0.01490,0.98510,0.04346,0.0293600000,0.0783600000,0.0855200000,0.8067400000,0.00015,0.26107,0.00000,0.00000,0.00000,0.00000
5739,belgrad,381,HUN,381,22,1301,town,dyes,24.00008,0.17056,16,30.71006,30.71006,0.36746,0.69145,0.80023,1.75090,26.49985,0.60017,0.00000,0.00000,28.85092,28.85092,0.0119654602,0.0225154233,0.0260575850,0.0570138906,0.8629045336,0.0195431074,0.0000000000,0.9394615315,0.9394615315,burghers,burghers,0.09949,0.18022,0.01360,0.00104,0.91920,0.00000,2.34812,3.05560,0.65054,0.66622,0.69517,0.66622,0.17875,0.38942,0.40634,0.38942,0.04968,0.11347,0.11840,0.11347,3.00000,0.99595,0.00978,0.88614,-0.74824,0.90693,0.02079,0.90693,-0.12525,-0.73846,-0.08902,0.90693,3.00000,-0.08902,0.00000,0.00000,0.00000,0.00000,0.00000,0.00000,0.00000,0.00000,0.00000,0.00000,1.30130,0.00434,3.05561,1.04346,0.04968,1.46915,1.75924,1.83569,1.75924,0.04345,0.30130,1.30130,0.04346,0.2770400000,0.0761200000,0.0211500000,0.6256700000,0.00189,2.92835,0.00000,0.00000,0.00000,0.00000
