"owner_id","owner_tag","location_count","valid_location_count","analysis_status","approximation_status","approximation_strategy","approximation_accepted","nobles_raw_deviation","nobles_approx_deviation","clergy_raw_deviation","clergy_approx_deviation","burghers_raw_deviation","burghers_approx_deviation","lower_raw_deviation","lower_approx_deviation"
"1851","AAC","1","1","analyzed","gate_rejected","raw_fallback","False","0.16400","0.16400","-0.24134","-0.24134","0.53827","0.53827","-0.46094","-0.46094"
"152","AAD","7","7","analyzed","gate_rejected","raw_fallback","False","0.17576","0.17576","-0.04227","-0.04227","0.00000","0.00000","-0.13353","-0.13353"
"392","AAI","8","7","analyzed","feasible","balanced_l2","True","0.02615","0.00000","-0.00257","0.00000","-0.02210","0.00000","-0.00153","0.00000"
"508","AAL","8","3","analyzed","gate_rejected","raw_fallback","False","0.04267","0.04267","0.13446","0.13446","0.01665","0.01665","-0.19380","-0.19380"
"961","AAR","1","1","analyzed","gate_rejected","raw_fallback","False","0.04272","0.04272","-0.01586","-0.01586","0.00000","0.00000","-0.02686","-0.02686"
"1449","ABA","1","1","analyzed","gate_rejected","raw_fallback","False","0.12505","0.12505","-0.02809","-0.02809","0.00558","0.00558","-0.10256","-0.10256"
"577","ABV","1","0","no_valid_locations","","","","","","","","","","",""
"1235","ABW","3","3","analyzed","gate_rejected","raw_fallback","False","0.06457","0.06457","-0.14944","-0.14944","0.00195","0.00195","0.08290","0.08290"
"1656","ACA","1","1","analyzed","gate_rejected","raw_fallback","False","0.04708","0.04708","-0.02520","-0.02520","0.00400","0.00400","-0.02589","-0.02589"
"197","ACH","12","10","analyzed","feasible","improvement_l2","True","-0.05691","0.00502","-0.07620","-0.07053","0.15473","0.06169","-0.02173","0.00383"
"178","ACO","1","1","analyzed","gate_rejected","raw_fallback","False","0.03037","0.03037","-0.02182","-0.02182","0.00000","0.00000","-0.00856","-0.00856"
"871","ADG","1","0","no_valid_locations","","","","","","","","","","",""
"2095","ADH","1","1","analyzed","gate_rejected","raw_fallback","False","0.49879","0.49879","-0.09457","-0.09457","0.05460","0.05460","-0.45886","-0.45886"
"2275","ADO","1","1","analyzed","gate_rejected","raw_fallback","False","0.02329","0.02329","-0.01597","-0.01597","0.00000","0.00000","-0.00731","-0.00731"
"1218","AFA","9","9","analyzed","gate_rejected","raw_fallback","False","-0.12355","-0.12355","-0.01488","-0.01488","0.00000","0.00000","0.13838","0.13838"
"2151","AGC","1","1","analyzed","gate_rejected","raw_fallback","False","0.74263","0.74263","0.22891","0.22891","-0.52978","-0.52978","-0.44179","-0.44179"
"555","AGH","1","1","analyzed","gate_rejected","raw_fallback","False","-0.00037","-0.00037","-0.00619","-0.00619","0.00000","0.00000","0.00656","0.00656"
"796","AGN","1","1","analyzed","gate_rejected","raw_fallback","False","-0.08115","-0.08115","0.49865","0.49865","0.00000","0.00000","-0.41751","-0.41751"
"15","AHI","6","6","analyzed","feasible","minimax_ratio","True","0.64084","0.63848","-0.49030","-0.48605","0.53522","0.53088","-0.68584","-0.68332"
"250","AHO","10","10","analyzed","feasible","improvement_l2","True","0.62018","0.58404","-0.37228","-0.35151","0.00199","-0.00006","-0.24995","-0.23247"
"1700","AHU","1","1","analyzed","gate_rejected","raw_fallback","False","0.01650","0.01650","-0.01087","-0.01087","0.00000","0.00000","-0.00564","-0.00564"
"572","AHY","1","0","no_valid_locations","","","","","","","","","","",""
"962","AID","1","1","analyzed","gate_rejected","raw_fallback","False","0.00806","0.00806","-0.00369","-0.00369","0.00000","0.00000","-0.00436","-0.00436"
"1684","AJC","1","1","analyzed","gate_rejected","raw_fallback","False","0.03541","0.03541","-0.01914","-0.01914","0.00000","0.00000","-0.01626","-0.01626"
"1230","AJU","28","28","analyzed","feasible","improvement_l2","True","0.03573","0.01902","-0.14014","-0.11370","0.07238","0.07070","0.03181","0.02398"
"2277","AKR","1","1","analyzed","gate_rejected","raw_fallback","False","0.07849","0.07849","-0.06164","-0.06164","0.00000","0.00000","-0.01686","-0.01686"
"207","ALB","3","1","analyzed","gate_rejected","raw_fallback","False","0.46983","0.46983","-0.22445","-0.22445","-0.05279","-0.05279","-0.19261","-0.19261"
"1145","ALE","2","2","analyzed","gate_rejected","raw_fallback","False","0.26228","0.26228","-0.08291","-0.08291","0.01927","0.01927","-0.19867","-0.19867"
"852","ALI","1","1","analyzed","gate_rejected","raw_fallback","False","-0.00365","-0.00365","0.02324","0.02324","0.00000","0.00000","-0.01960","-0.01960"
"1776","ALL","1","1","analyzed","gate_rejected","raw_fallback","False","0.22623","0.22623","-0.05855","-0.05855","0.02835","0.02835","-0.19603","-0.19603"
"411","ALN","7","0","no_valid_locations","","","","","","","","","","",""
"1236","ALO","19","19","analyzed","feasible","minimax_ratio","True","0.15376","0.15325","-0.92103","-0.91769","0.21784","0.21711","0.54917","0.54733"
"1189","ALS","3","3","analyzed","feasible","minimax_ratio","True","0.23048","0.20190","-0.01126","-0.01064","0.00603","0.00570","-0.22529","-0.19696"
"1280","ALU","5","5","analyzed","feasible","improvement_l2","True","-0.04232","-0.00421","-0.13760","-0.01513","0.09051","0.04380","0.08938","-0.02446"
"16","ALY","2","2","analyzed","gate_rejected","raw_fallback","False","0.01790","0.01790","-0.16133","-0.16133","0.34859","0.34859","-0.20518","-0.20518"
"305","AMA","2","2","analyzed","gate_rejected","raw_fallback","False","0.03690","0.03690","-0.12467","-0.12467","0.09505","0.09505","-0.00729","-0.00729"
"929","AMD","12","12","analyzed","gate_rejected","raw_fallback","False","0.97827","0.97827","-0.33837","-0.33837","0.00000","0.00000","-0.63989","-0.63989"
"1704","AME","1","1","analyzed","gate_rejected","raw_fallback","False","0.01418","0.01418","-0.00768","-0.00768","-0.00333","-0.00333","-0.00318","-0.00318"
"1148","AMG","5","5","analyzed","feasible","improvement_l2","True","0.37153","0.35029","-0.26541","-0.23769","0.09613","0.00122","-0.20233","-0.11382"
"315","AMH","1","1","analyzed","gate_rejected","raw_fallback","False","0.05941","0.05941","-0.03761","-0.03761","0.00000","0.00000","-0.02180","-0.02180"
"1706","AML","1","1","analyzed","gate_rejected","raw_fallback","False","0.05766","0.05766","-0.03227","-0.03227","0.00000","0.00000","-0.02539","-0.02539"
"1718","AMP","1","1","analyzed","gate_rejected","raw_fallback","False","0.08377","0.08377","-0.05018","-0.05018","0.00000","0.00000","-0.03359","-0.03359"
"509","AMR","11","8","analyzed","feasible","minimax_ratio","True","0.17532","0.17513","-0.02007","-0.01999","0.07998","0.07989","-0.23529","-0.23503"
"1742","AMT","1","1","analyzed","gate_rejected","raw_fallback","False","0.13460","0.13460","-0.06213","-0.06213","0.00000","0.00000","-0.07247","-0.07247"
"1861","ANB","2","2","analyzed","gate_rejected","raw_fallback","False","0.50044","0.50044","-0.17369","-0.17369","0.03122","0.03122","-0.35799","-0.35799"
"1450","ANC","1","1","analyzed","gate_rejected","raw_fallback","False","0.01242","0.01242","0.00329","0.00329","0.04411","0.04411","-0.05987","-0.05987"
"1205","ANG","3","3","analyzed","feasible","minimax_ratio","True","0.57983","0.57008","-0.10671","-0.10388","-0.06121","-0.06031","-0.41195","-0.40589"
"1818","ANH","1","1","analyzed","gate_rejected","raw_fallback","False","0.22697","0.22697","-0.11123","-0.11123","-0.04109","-0.04109","-0.07466","-0.07466"
"110","ANI","1","1","analyzed","gate_rejected","raw_fallback","False","0.02373","0.02373","-0.01663","-0.01663","-0.00085","-0.00085","-0.00626","-0.00626"
"1171","ANJ","7","7","analyzed","gate_rejected","raw_fallback","False","1.18384","1.18384","0.12931","0.12931","0.46579","0.46579","-1.77903","-1.77903"
"311","ANN","2","2","analyzed","gate_rejected","raw_fallback","False","0.14145","0.14145","-0.09762","-0.09762","0.00000","0.00000","-0.04383","-0.04383"
"1250","ANR","1","1","analyzed","gate_rejected","raw_fallback","False","0.28774","0.28774","-0.11708","-0.11708","0.00000","0.00000","-0.17067","-0.17067"
"2183","ANS","6","6","analyzed","feasible","improvement_l2","True","0.03190","0.00308","-0.02246","0.00424","0.21854","0.11284","-0.22800","-0.12016"
"210","ANT","1","1","analyzed","gate_rejected","raw_fallback","False","0.17435","0.17435","-0.07371","-0.07371","0.00000","0.00000","-0.10063","-0.10063"
"139","ANZ","5","5","analyzed","gate_rejected","raw_fallback","False","0.04970","0.04970","-0.00302","-0.00302","0.00000","0.00000","-0.04667","-0.04667"
"2216","AOS","3","3","analyzed","gate_rejected","raw_fallback","False","0.63887","0.63887","-0.40272","-0.40272","0.00394","0.00394","-0.24014","-0.24014"
"1940","APD","6","5","analyzed","gate_rejected","raw_fallback","False","0.03658","0.03658","0.04266","0.04266","0.00000","0.00000","-0.07929","-0.07929"
"1850","APR","1","1","analyzed","gate_rejected","raw_fallback","False","0.04790","0.04790","-0.03470","-0.03470","0.00787","0.00787","-0.02108","-0.02108"
"1144","AQN","20","19","analyzed","feasible","minimax_ratio","True","-0.99957","-0.98689","0.36101","0.35651","0.93978","0.92806","-0.30144","-0.29768"
"1451","AQU","11","10","analyzed","feasible","balanced_l2","True","-0.92298","0.00000","0.10578","0.00000","0.30469","0.00000","0.51234","0.00000"
"1251","ARA","85","72","analyzed","feasible","minimax_ratio","True","5.00887","4.17454","0.31776","0.26483","4.31185","3.59362","-9.63932","-8.03298"
"1452","ARB","8","8","analyzed","feasible","improvement_l2","True","0.09655","0.03370","-0.06555","-0.04368","-0.00058","0.00000","-0.03051","0.00998"
"515","ARD","3","3","analyzed","gate_rejected","raw_fallback","False","0.14081","0.14081","-0.01466","-0.01466","0.00000","0.00000","-0.12614","-0.12614"
"219","ARG","4","2","analyzed","gate_rejected","raw_fallback","False","0.04868","0.04868","-0.01546","-0.01546","0.00000","0.00000","-0.03324","-0.03324"
"2103","ARK","17","17","analyzed","feasible","minimax_ratio","True","3.32833","3.23160","-0.84359","-0.81907","1.43547","1.25762","-3.92046","-3.67015"
"398","ARM","2","2","analyzed","gate_rejected","raw_fallback","False","-0.12804","-0.12804","0.04427","0.04427","0.12581","0.12581","-0.04206","-0.04206"
"243","ARR","8","8","analyzed","feasible","improvement_l2","True","-0.63903","-0.06205","0.10129","-0.01147","0.18659","-0.01314","0.35111","0.08667"
"1561","ARS","7","7","analyzed","feasible","improvement_l2","True","-0.74868","0.07173","0.48448","0.38250","1.35913","0.13485","-1.09504","-0.58909"
"1939","ART","3","3","analyzed","gate_rejected","raw_fallback","False","0.05220","0.05220","0.03850","0.03850","0.01540","0.01540","-0.10611","-0.10611"
"1371","ARU","24","7","analyzed","feasible","balanced_l2","True","0.12175","0.07020","-0.07893","-0.07174","0.00499","0.00003","-0.04784","0.00151"
"1454","ASC","1","1","analyzed","gate_rejected","raw_fallback","False","0.02701","0.02701","0.02865","0.02865","0.38234","0.38234","-0.43803","-0.43803"
"1455","ASD","1","1","analyzed","gate_rejected","raw_fallback","False","0.73881","0.73881","-0.44167","-0.44167","0.23500","0.23500","-0.53216","-0.53216"
"1928","ASR","2","2","analyzed","gate_rejected","raw_fallback","False","0.17692","0.17692","-0.05760","-0.05760","-0.04353","-0.04353","-0.07583","-0.07583"
"1179","AST","1","1","analyzed","gate_rejected","raw_fallback","False","0.04632","0.04632","-0.01154","-0.01154","0.00188","0.00188","-0.03668","-0.03668"
"963","ASU","1","0","no_valid_locations","","","","","","","","","","",""
"198","ATH","6","6","analyzed","feasible","improvement_l2","True","1.17576","0.47877","-0.45244","-0.01344","-0.08159","-0.00052","-0.64185","-0.46481"
"1456","ATI","1","1","analyzed","gate_rejected","raw_fallback","False","0.58704","0.58704","-0.00372","-0.00372","0.10396","0.10396","-0.68730","-0.68730"
"1369","ATJ","6","6","analyzed","gate_rejected","raw_fallback","False","0.03673","0.03673","-0.00988","-0.00988","0.00000","0.00000","-0.02690","-0.02690"
"1711","ATL","1","1","analyzed","gate_rejected","raw_fallback","False","0.03460","0.03460","-0.02149","-0.02149","0.00000","0.00000","-0.01312","-0.01312"
"1666","ATO","1","1","analyzed","gate_rejected","raw_fallback","False","0.05583","0.05583","-0.02369","-0.02369","0.00000","0.00000","-0.03214","-0.03214"
"1735","ATP","1","1","analyzed","gate_rejected","raw_fallback","False","0.07308","0.07308","-0.04292","-0.04292","-0.00304","-0.00304","-0.02712","-0.02712"
"17","ATQ","12","12","analyzed","feasible","improvement_l2","True","0.54586","0.48313","-0.38302","-0.32721","0.06277","0.00240","-0.22575","-0.15832"
"1738","ATT","1","1","analyzed","gate_rejected","raw_fallback","False","0.08217","0.08217","-0.04478","-0.04478","0.00000","0.00000","-0.03739","-0.03739"
"516","ATZ","8","8","analyzed","feasible","minimax_ratio","True","0.09440","0.00312","-0.04301","0.01589","0.11235","0.04150","-0.16381","-0.06052"
"340","AUD","2","2","analyzed","gate_rejected","raw_fallback","False","0.31006","0.31006","-0.14977","-0.14977","0.00000","0.00000","-0.16030","-0.16030"
"2150","AUG","3","3","analyzed","feasible","target_l2","True","0.04485","0.00669","-0.02032","-0.00221","0.01847","-0.00005","-0.04302","-0.00443"
"1186","AUM","1","1","analyzed","gate_rejected","raw_fallback","False","0.43895","0.43895","-0.14233","-0.14233","0.02893","0.02893","-0.32557","-0.32557"
"1149","AUV","1","1","analyzed","gate_rejected","raw_fallback","False","0.07087","0.07087","-0.01653","-0.01653","0.00563","0.00563","-0.05997","-0.05997"
"1146","AUX","1","1","analyzed","gate_rejected","raw_fallback","False","-0.03134","-0.03134","0.09574","0.09574","0.00000","0.00000","-0.06441","-0.06441"
"396","AVR","2","2","analyzed","gate_rejected","raw_fallback","False","0.00865","0.00865","0.00186","0.00186","0.00000","0.00000","-0.01049","-0.01049"
"2279","AWO","1","1","analyzed","gate_rejected","raw_fallback","False","0.02636","0.02636","-0.01475","-0.01475","0.00000","0.00000","-0.01159","-0.01159"
"1745","AXC","1","1","analyzed","gate_rejected","raw_fallback","False","0.08937","0.08937","-0.03598","-0.03598","-0.00238","-0.00238","-0.05101","-0.05101"
"1601","AXO","3","3","analyzed","feasible","absolute_l2","True","0.21706","0.18693","-0.11909","-0.11056","-0.00419","-0.00270","-0.09378","-0.07367"
"71","AYA","4","4","analyzed","gate_rejected","raw_fallback","False","0.40657","0.40657","-0.52491","-0.52491","-0.00070","-0.00070","0.11904","0.11904"
"18","AYD","9","7","analyzed","feasible","minimax_ratio","True","1.50047","1.48670","-0.61101","-0.60540","0.55431","0.48711","-1.44385","-1.36841"
"1686","AYO","1","1","analyzed","gate_rejected","raw_fallback","False","0.22117","0.22117","-0.13634","-0.13634","0.00000","0.00000","-0.08484","-0.08484"
"154","AZF","3","3","analyzed","feasible","minimax_ratio","True","0.08392","0.07561","-0.07986","-0.06988","0.04897","0.04208","-0.05306","-0.04781"
"1714","AZL","1","1","analyzed","gate_rejected","raw_fallback","False","0.08839","0.08839","-0.04669","-0.04669","0.00000","0.00000","-0.04170","-0.04170"
"1420","BAC","1","1","analyzed","gate_rejected","raw_fallback","False","0.20590","0.20590","-0.05327","-0.05327","0.00000","0.00000","-0.15263","-0.15263"
"1334","BAD","7","7","analyzed","feasible","minimax_ratio","True","-0.26626","-0.26276","0.44372","0.43803","0.02604","0.02571","-0.20359","-0.20098"
"1397","BAI","4","4","analyzed","gate_rejected","raw_fallback","False","0.02188","0.02188","-0.02174","-0.02174","0.00000","0.00000","-0.00014","-0.00014"
"2155","BAM","7","5","analyzed","feasible","improvement_l2","True","0.00033","0.00000","-0.36082","-0.32970","0.50673","0.40428","-0.14628","-0.07458"
"1167","BAR","8","8","analyzed","feasible","target_l2","True","0.41615","0.37891","-0.16741","-0.14541","0.04267","-0.00017","-0.29146","-0.23333"
"2175","BAS","3","3","analyzed","feasible","improvement_l2","True","0.56618","0.53098","-0.07278","-0.06036","0.03387","0.03379","-0.52731","-0.50440"
"1019","BAT","18","12","analyzed","gate_rejected","raw_fallback","False","0.06284","0.06284","-0.03323","-0.03323","0.00000","0.00000","-0.02965","-0.02965"
"964","BAY","1","0","no_valid_locations","","","","","","","","","","",""
"1817","BBG","1","1","analyzed","gate_rejected","raw_fallback","False","0.14075","0.14075","-0.05562","-0.05562","-0.00570","-0.00570","-0.07946","-0.07946"
"2285","BBK","11","8","analyzed","feasible","improvement_l2","True","0.08934","0.05689","-0.19934","-0.16702","-0.00824","0.00061","0.11820","0.10951"
"2162","BCH","3","3","analyzed","gate_rejected","raw_fallback","False","0.08079","0.08079","0.00501","0.00501","0.02122","0.02122","-0.10705","-0.10705"
"2202","BDE","2","2","analyzed","feasible","improvement_l2","True","0.46068","0.45188","-0.16492","-0.16291","-0.00289","0.00012","-0.29290","-0.28909"
"1915","BDS","7","4","analyzed","feasible","minimax_ratio","True","0.29956","0.29661","-0.21065","-0.20817","0.35643","0.35259","-0.44541","-0.44103"
"299","BEA","1","1","analyzed","gate_rejected","raw_fallback","False","-0.00509","-0.00509","-0.01216","-0.01216","0.02703","0.02703","-0.00978","-0.00978"
"1385","BEI","7","4","analyzed","feasible","improvement_l2","True","-0.11931","-0.01004","-0.06472","-0.05019","0.19733","0.05768","-0.01333","0.00255"
"2266","BEN","10","10","analyzed","feasible","minimax_ratio","True","0.44719","0.42101","-0.47437","-0.44659","0.31635","0.28873","-0.28931","-0.26314"
"2135","BES","1","1","analyzed","gate_rejected","raw_fallback","False","0.03515","0.03515","-0.00958","-0.00958","0.00000","0.00000","-0.02557","-0.02557"
"330","BFN","3","3","analyzed","gate_rejected","raw_fallback","False","0.06216","0.06216","-0.02619","-0.02619","0.00000","0.00000","-0.03597","-0.03597"
"19","BFR","2","2","analyzed","gate_rejected","raw_fallback","False","0.57186","0.57186","-0.03256","-0.03256","-0.02472","-0.02472","-0.51459","-0.51459"
"1395","BGG","1","1","analyzed","gate_rejected","raw_fallback","False","0.01355","0.01355","-0.00359","-0.00359","0.00000","0.00000","-0.00995","-0.00995"
"1329","BGK","10","10","analyzed","feasible","target_l2","True","-1.75811","-0.70006","0.46583","0.27498","0.09995","-0.00040","1.19225","0.42547"
"1289","BGL","3","3","analyzed","gate_rejected","raw_fallback","False","-0.36571","-0.36571","0.09718","0.09718","0.00622","0.00622","0.26226","0.26226"
"1563","BGN","1","1","analyzed","gate_rejected","raw_fallback","False","0.16008","0.16008","-0.04097","-0.04097","0.00619","0.00619","-0.12530","-0.12530"
"1291","BGR","3","3","analyzed","feasible","minimax_ratio","True","-0.03626","-0.03525","-0.10478","-0.10187","-0.00883","0.00859","0.14980","0.12854"
"1024","BGT","17","5","analyzed","gate_rejected","raw_fallback","False","-0.00060","-0.00060","0.00874","0.00874","0.00006","0.00006","-0.00823","-0.00823"
"1323","BHA","2","2","analyzed","gate_rejected","raw_fallback","False","0.57672","0.57672","-0.28355","-0.28355","0.02154","0.02154","-0.31473","-0.31473"
"1310","BHD","1","1","analyzed","gate_rejected","raw_fallback","False","0.17400","0.17400","-0.18799","-0.18799","-0.00376","-0.00376","0.01772","0.01772"
"1886","BHL","1","1","analyzed","gate_rejected","raw_fallback","False","0.02614","0.02614","-0.00703","-0.00703","0.00406","0.00406","-0.02317","-0.02317"
"2124","BHM","2","2","analyzed","gate_rejected","raw_fallback","False","0.03237","0.03237","-0.00707","-0.00707","0.00000","0.00000","-0.02531","-0.02531"
"258","BHP","11","10","analyzed","feasible","balanced_l2","True","-1.98505","-0.12089","0.68860","0.19411","0.08071","0.00000","1.21557","-0.07322"
"42","BHT","3","3","analyzed","gate_rejected","raw_fallback","False","0.06764","0.06764","-0.01115","-0.01115","0.00578","0.00578","-0.06228","-0.06228"
"383","BIA","10","10","analyzed","gate_rejected","raw_fallback","False","-0.25737","-0.25737","0.00576","0.00576","0.08598","0.08598","0.16557","0.16557"
"2205","BIB","1","1","analyzed","gate_rejected","raw_fallback","False","0.26482","0.26482","-0.08434","-0.08434","-0.00044","-0.00044","-0.18005","-0.18005"
"241","BID","4","4","analyzed","feasible","minimax_ratio","True","0.09815","0.09684","-0.29759","-0.29362","0.37226","0.36184","-0.17287","-0.16506"
"1414","BIM","1","1","analyzed","gate_rejected","raw_fallback","False","0.01327","0.01327","-0.00460","-0.00460","0.00000","0.00000","-0.00867","-0.00867"
"43","BIN","2","2","analyzed","gate_rejected","raw_fallback","False","0.11216","0.11216","0.02915","0.02915","0.00295","0.00295","-0.14429","-0.14429"
"239","BIO","4","4","analyzed","gate_rejected","raw_fallback","False","0.14409","0.14409","-0.06951","-0.06951","0.00000","0.00000","-0.07460","-0.07460"
"925","BIR","1","1","analyzed","gate_rejected","raw_fallback","False","0.03464","0.03464","-0.01160","-0.01160","0.00000","0.00000","-0.02304","-0.02304"
"44","BIT","2","2","analyzed","gate_rejected","raw_fallback","False","0.06940","0.06940","-0.03013","-0.03013","0.00000","0.00000","-0.03929","-0.03929"
"837","BJG","1","1","analyzed","gate_rejected","raw_fallback","False","0.00272","0.00272","-0.00053","-0.00053","0.00000","0.00000","-0.00218","-0.00218"
"1028","BKH","18","7","analyzed","feasible","improvement_l2","True","-0.70198","-0.27536","0.03410","-0.00758","0.37317","-0.00085","0.29465","0.28378"
"1135","BKZ","4","3","analyzed","feasible","balanced_l2","True","0.11996","0.10569","-0.05402","-0.05108","-0.00370","-0.00101","-0.06227","-0.05360"
"1918","BLA","9","9","analyzed","gate_rejected","raw_fallback","False","0.10015","0.10015","-0.04682","-0.04682","0.00000","0.00000","-0.05338","-0.05338"
"1881","BLB","1","1","analyzed","gate_rejected","raw_fallback","False","0.09666","0.09666","-0.02016","-0.02016","0.00000","0.00000","-0.07651","-0.07651"
"384","BLD","9","9","analyzed","feasible","improvement_l2","True","-0.11032","-0.00603","0.04506","0.00801","0.04657","-0.00076","0.01863","-0.00122"
"1221","BLE","3","3","analyzed","gate_rejected","raw_fallback","False","0.03264","0.03264","-0.02620","-0.02620","0.00000","0.00000","-0.00644","-0.00644"
"1457","BLG","3","3","analyzed","gate_rejected","raw_fallback","False","1.42434","1.42434","-0.62919","-0.62919","0.90595","0.90595","-1.70121","-1.70121"
"1366","BLI","3","3","analyzed","gate_rejected","raw_fallback","False","0.64845","0.64845","0.12592","0.12592","0.03458","0.03458","-0.80900","-0.80900"
"1565","BLL","1","1","analyzed","gate_rejected","raw_fallback","False","0.02913","0.02913","-0.01023","-0.01023","0.00000","0.00000","-0.01891","-0.01891"
"2231","BLM","1","1","analyzed","gate_rejected","raw_fallback","False","0.14054","0.14054","-0.02444","-0.02444","0.00000","0.00000","-0.11611","-0.11611"
"1392","BLN","3","3","analyzed","gate_rejected","raw_fallback","False","-0.02177","-0.02177","-0.05609","-0.05609","0.00000","0.00000","0.07786","0.07786"
"2032","BLO","23","23","analyzed","feasible","improvement_l2","True","-0.68733","-0.28664","-0.16225","-0.15934","0.00840","-0.00024","0.84110","0.44622"
"1176","BLS","5","5","analyzed","feasible","improvement_l2","True","0.69633","0.69404","-0.22746","-0.22063","0.07029","-0.00067","-0.53927","-0.47275"
"553","BMB","1","1","analyzed","gate_rejected","raw_fallback","False","0.00922","0.00922","-0.00629","-0.00629","0.00000","0.00000","-0.00294","-0.00294"
"575","BMK","1","0","no_valid_locations","","","","","","","","","","",""
"1917","BMP","10","10","analyzed","gate_rejected","raw_fallback","False","0.25177","0.25177","-0.03036","-0.03036","0.00000","0.00000","-0.22142","-0.22142"
"2282","BMR","29","29","analyzed","feasible","absolute_l2","True","-0.27864","0.08813","-0.37676","-0.37381","0.39120","0.06601","0.26414","0.21967"
"1880","BMS","1","1","analyzed","gate_rejected","raw_fallback","False","0.06762","0.06762","-0.02708","-0.02708","0.01759","0.01759","-0.05814","-0.05814"
"1342","BNA","2","2","analyzed","gate_rejected","raw_fallback","False","0.23322","0.23322","-0.09782","-0.09782","0.00860","0.00860","-0.14401","-0.14401"
"1819","BNB","2","2","analyzed","gate_rejected","raw_fallback","False","0.14304","0.14304","-0.06145","-0.06145","0.00800","0.00800","-0.08962","-0.08962"
"1328","BND","10","10","analyzed","feasible","balanced_l2","True","-0.67590","0.00000","0.22326","0.00000","0.14529","0.00000","0.30724","0.00000"
"1408","BNE","1","1","analyzed","gate_rejected","raw_fallback","False","0.01621","0.01621","0.00404","0.00404","0.00000","0.00000","-0.02026","-0.02026"
"849","BNI","1","1","analyzed","gate_rejected","raw_fallback","False","-0.00640","-0.00640","0.04248","0.04248","0.00000","0.00000","-0.03607","-0.03607"
"153","BNL","26","26","analyzed","gate_rejected","raw_fallback","False","0.69090","0.69090","0.00456","0.00456","0.00000","0.00000","-0.69550","-0.69550"
"1564","BNT","1","1","analyzed","gate_rejected","raw_fallback","False","0.47347","0.47347","-0.15994","-0.15994","0.00000","0.00000","-0.31354","-0.31354"
"218","BOD","1","1","analyzed","gate_rejected","raw_fallback","False","0.02447","0.02447","-0.00577","-0.00577","0.00000","0.00000","-0.01871","-0.01871"
"2147","BOH","45","45","analyzed","feasible","improvement_l2","True","-9.67939","-3.49401","-1.92603","-0.17258","5.40689","-0.26384","6.19798","3.93043"
"1443","BOL","2","2","analyzed","gate_rejected","raw_fallback","False","0.00857","0.00857","-0.00470","-0.00470","0.00000","0.00000","-0.00385","-0.00385"
"2261","BON","10","3","analyzed","feasible","minimax_ratio","True","0.33468","0.32993","-0.05702","-0.05447","-0.05668","-0.05623","-0.22099","-0.21923"
"2297","BOR","9","6","analyzed","gate_rejected","raw_fallback","False","0.14260","0.14260","0.09014","0.09014","0.00000","0.00000","-0.23279","-0.23279"
"212","BOS","21","16","analyzed","feasible","balanced_l2","True","-0.83218","-0.00935","0.24156","-0.04570","-0.01359","-0.00001","0.60408","0.05505"
"1150","BOU","8","8","analyzed","feasible","target_l2","True","0.47980","0.38820","-0.09202","-0.00117","0.20549","-0.00096","-0.59334","-0.38607"
"1400","BOW","1","1","analyzed","gate_rejected","raw_fallback","False","0.01032","0.01032","0.00006","0.00006","0.00000","0.00000","-0.01038","-0.01038"
"2107","BPR","3","3","analyzed","gate_rejected","raw_fallback","False","0.41798","0.41798","-0.17829","-0.17829","0.42075","0.42075","-0.66053","-0.66053"
"1134","BQA","13","12","analyzed","feasible","minimax_ratio","True","0.11491","0.11097","0.12747","0.12310","0.00320","0.00309","-0.24568","-0.23716"
"1238","BQL","3","3","analyzed","gate_rejected","raw_fallback","False","0.15728","0.15728","-0.03625","-0.03625","0.00000","0.00000","-0.12106","-0.12106"
"1775","BRA","27","10","analyzed","feasible","improvement_l2","True","0.11495","0.06479","-0.32097","-0.29352","0.37775","0.31979","-0.17184","-0.09105"
"1546","BRB","11","10","analyzed","feasible","improvement_l2","True","-0.28804","0.09792","-0.36324","-0.33268","1.44345","0.87249","-0.79242","-0.63773"
"2179","BRC","1","1","analyzed","gate_rejected","raw_fallback","False","0.08467","0.08467","-0.02333","-0.02333","0.00000","0.00000","-0.06137","-0.06137"
"1779","BRE","7","7","analyzed","feasible","minimax_ratio","True","0.14775","0.13666","0.14294","0.13221","0.00955","0.00883","-0.30029","-0.27771"
"1786","BRG","4","4","analyzed","feasible","minimax_ratio","True","0.60300","0.60044","-0.43180","-0.42997","0.28539","0.27893","-0.45668","-0.44941"
"1140","BRI","27","27","analyzed","feasible","improvement_l2","True","-1.47280","-0.18638","-0.07124","-0.00060","0.31673","-0.00405","1.22694","0.19103"
"1942","BRL","13","13","analyzed","feasible","minimax_ratio","True","-0.01104","0.01098","0.24707","0.24567","0.28136","0.25790","-0.51748","-0.51454"
"1780","BRM","1","1","analyzed","gate_rejected","raw_fallback","False","-0.15196","-0.15196","0.02537","0.02537","0.23203","0.23203","-0.10545","-0.10545"
"2172","BRN","2","2","analyzed","gate_rejected","raw_fallback","False","0.11461","0.11461","-0.02966","-0.02966","0.02949","0.02949","-0.11446","-0.11446"
"341","BRO","1","1","analyzed","gate_rejected","raw_fallback","False","0.14504","0.14504","-0.05986","-0.05986","0.00000","0.00000","-0.08517","-0.08517"
"1198","BRR","3","3","analyzed","feasible","target_l2","True","0.56841","0.45053","-0.08778","-0.05472","0.01195","-0.00007","-0.49259","-0.39574"
"1869","BRU","10","10","analyzed","feasible","minimax_ratio","True","0.88157","0.85435","-0.69159","-0.67023","0.46953","0.43459","-0.65963","-0.61871"
"2044","BRY","9","9","analyzed","feasible","balanced_l2","True","-0.34612","-0.20590","0.07272","0.02061","0.08758","-0.00006","0.18576","0.18536"
"1985","BRZ","3","3","analyzed","feasible","target_l2","True","0.12782","0.09142","-0.03311","-0.02249","0.02374","-0.00016","-0.11847","-0.06878"
"1188","BSC","1","1","analyzed","gate_rejected","raw_fallback","False","-0.03196","-0.03196","0.05121","0.05121","0.04372","0.04372","-0.06299","-0.06299"
"1938","BSD","4","4","analyzed","feasible","target_l2","True","0.60579","0.56599","-0.12235","-0.11186","0.06239","0.00182","-0.54584","-0.45595"
"1884","BSK","1","1","analyzed","gate_rejected","raw_fallback","False","0.04303","0.04303","-0.02032","-0.02032","-0.00931","-0.00931","-0.01342","-0.01342"
"2303","BSM","6","6","analyzed","feasible","minimax_ratio","True","0.68169","0.67811","-0.26743","-0.24382","0.13934","0.11642","-0.55362","-0.55071"
"1361","BSP","1","1","analyzed","gate_rejected","raw_fallback","False","0.04125","0.04125","0.01993","0.01993","0.00000","0.00000","-0.06118","-0.06118"
"1287","BST","7","7","analyzed","feasible","improvement_l2","True","-0.19955","-0.03905","-0.03136","0.00380","0.03212","0.00056","0.19876","0.03469"
"1398","BTE","1","1","analyzed","gate_rejected","raw_fallback","False","0.00800","0.00800","0.00238","0.00238","0.00000","0.00000","-0.01037","-0.01037"
"908","BTG","9","9","analyzed","feasible","improvement_l2","True","1.17357","1.05598","-0.40206","-0.33660","0.00698","-0.00002","-0.77847","-0.71935"
"1569","BTL","9","9","analyzed","gate_rejected","raw_fallback","False","0.14725","0.14725","0.03672","0.03672","0.00000","0.00000","-0.18401","-0.18401"
"1401","BTN","1","1","analyzed","gate_rejected","raw_fallback","False","0.02316","0.02316","0.00622","0.00622","0.00000","0.00000","-0.02939","-0.02939"
"1433","BTU","6","6","analyzed","gate_rejected","raw_fallback","False","0.02961","0.02961","-0.01507","-0.01507","0.00000","0.00000","-0.01457","-0.01457"
"1836","BUD","1","1","analyzed","gate_rejected","raw_fallback","False","0.11562","0.11562","-0.04768","-0.04768","0.00000","0.00000","-0.06795","-0.06795"
"598","BUG","3","1","analyzed","gate_rejected","raw_fallback","False","0.00060","0.00060","-0.00050","-0.00050","0.00000","0.00000","-0.00012","-0.00012"
"214","BUL","63","60","analyzed","gate_rejected","raw_fallback","False","-1.14490","-1.14490","0.76119","0.76119","0.21516","0.21516","0.16795","0.16795"
"1142","BUR","14","14","analyzed","feasible","balanced_l2","True","2.77861","2.76957","-0.66864","0.03639","0.82965","-0.11511","-2.93989","-2.69085"
"1373","BUS","7","7","analyzed","feasible","improvement_l2","True","0.17476","0.14633","-0.09310","-0.08325","-0.00110","0.00000","-0.08062","-0.06307"
"1319","BWL","1","1","analyzed","gate_rejected","raw_fallback","False","0.03884","0.03884","0.01024","0.01024","0.00170","0.00170","-0.05079","-0.05079"
"2213","BXN","2","1","analyzed","gate_rejected","raw_fallback","False","0.08081","0.08081","-0.03251","-0.03251","0.00000","0.00000","-0.04831","-0.04831"
"1980","BYM","3","3","analyzed","gate_rejected","raw_fallback","False","0.54832","0.54832","-0.17075","-0.17075","0.00000","0.00000","-0.37760","-0.37760"
"203","BYZ","87","58","analyzed","gate_rejected","raw_fallback","False","-6.10555","-6.10555","1.85133","1.85133","2.90801","2.90801","1.34561","1.34561"
"792","BZH","3","3","analyzed","gate_rejected","raw_fallback","False","-0.08924","-0.08924","0.25892","0.25892","0.00000","0.00000","-0.16966","-0.16966"
"1239","BZN","3","3","analyzed","feasible","improvement_l2","True","0.69107","0.69091","-0.31562","-0.31502","0.00304","-0.00003","-0.37850","-0.37586"
"823","BZU","7","5","analyzed","feasible","minimax_ratio","True","0.01780","0.01630","0.07623","0.06982","0.09790","0.08967","-0.19195","-0.17579"
"1356","CAB","2","2","analyzed","gate_rejected","raw_fallback","False","0.05075","0.05075","-0.01289","-0.01289","0.00612","0.00612","-0.04397","-0.04397"
"1197","CAM","1","1","analyzed","gate_rejected","raw_fallback","False","-0.04079","-0.04079","0.11661","0.11661","0.00019","0.00019","-0.07603","-0.07603"
"1252","CAS","244","243","analyzed","feasible","improvement_l2","True","7.27732","6.05661","1.87878","0.89154","10.84172","10.39850","-20.00041","-17.34664"
"1717","CAU","1","1","analyzed","gate_rejected","raw_fallback","False","0.03361","0.03361","-0.01586","-0.01586","0.00000","0.00000","-0.01774","-0.01774"
"76","CAV","1","0","no_valid_locations","","","","","","","","","","",""
"1355","CBH","1","1","analyzed","gate_rejected","raw_fallback","False","0.01325","0.01325","0.00252","0.00252","0.00000","0.00000","-0.01579","-0.01579"
"2112","CBK","9","5","analyzed","gate_rejected","raw_fallback","False","0.13153","0.13153","0.10668","0.10668","0.00615","0.00615","-0.24438","-0.24438"
"1712","CCL","2","2","analyzed","gate_rejected","raw_fallback","False","0.01464","0.01464","-0.01006","-0.01006","0.00000","0.00000","-0.00457","-0.00457"
"1627","CCN","1","1","analyzed","gate_rejected","raw_fallback","False","0.03519","0.03519","-0.01940","-0.01940","0.00000","0.00000","-0.01578","-0.01578"
"1733","CCP","1","1","analyzed","gate_rejected","raw_fallback","False","0.14900","0.14900","-0.10135","-0.10135","0.00000","0.00000","-0.04765","-0.04765"
"1461","CDC","1","1","analyzed","gate_rejected","raw_fallback","False","0.29500","0.29500","-0.09958","-0.09958","0.00171","0.00171","-0.19714","-0.19714"
"272","CDD","1","1","analyzed","gate_rejected","raw_fallback","False","0.27250","0.27250","-0.09340","-0.09340","0.02534","0.02534","-0.20444","-0.20444"
"890","CDL","12","10","analyzed","feasible","minimax_ratio","True","0.47467","0.43487","-0.22149","-0.20292","-0.02726","-0.02491","-0.22599","-0.20704"
"1428","CEB","3","3","analyzed","gate_rejected","raw_fallback","False","0.13639","0.13639","-0.05579","-0.05579","0.00000","0.00000","-0.08064","-0.08064"
"45","CEM","3","3","analyzed","feasible","improvement_l2","True","0.10069","0.09232","-0.04534","-0.02535","0.04780","0.01997","-0.10317","-0.08695"
"199","CEP","2","2","analyzed","gate_rejected","raw_fallback","False","-0.01780","-0.01780","0.00490","0.00490","0.00000","0.00000","0.01287","0.01287"
"259","CER","4","4","analyzed","feasible","improvement_l2","True","0.58225","0.25308","-0.35350","-0.27232","0.00646","-0.00002","-0.23527","0.01925"
"1463","CES","2","2","analyzed","gate_rejected","raw_fallback","False","0.13886","0.13886","-0.13171","-0.13171","0.43904","0.43904","-0.44621","-0.44621"
"307","CET","4","4","analyzed","feasible","improvement_l2","True","0.11345","0.09136","-0.07040","-0.00987","0.06850","-0.02614","-0.11158","-0.05535"
"1464","CEV","1","1","analyzed","gate_rejected","raw_fallback","False","0.17947","0.17947","-0.04886","-0.04886","0.00000","0.00000","-0.13060","-0.13060"
"2226","CFC","1","1","analyzed","gate_rejected","raw_fallback","False","0.57465","0.57465","-0.19831","-0.19831","0.05093","0.05093","-0.42728","-0.42728"
"802","CGZ","1","1","analyzed","gate_rejected","raw_fallback","False","-0.05245","-0.05245","0.46260","0.46260","0.00000","0.00000","-0.41015","-0.41015"
"2090","CHA","21","16","analyzed","feasible","target_l2","True","2.35299","2.07021","-0.50413","-0.40779","-0.05703","-0.02203","-1.79205","-1.64040"
"1290","CHD","11","11","analyzed","feasible","balanced_l2","True","-0.10901","0.00000","-0.06885","0.00000","0.01767","0.00000","0.16013","0.00000"
"897","CHG","127","32","analyzed","feasible","improvement_l2","True","1.63364","1.00828","-1.08357","-0.96162","-0.09898","0.00016","-0.45116","-0.04682"
"891","CHH","11","11","analyzed","gate_rejected","raw_fallback","False","-0.02288","-0.02288","0.64483","0.64483","0.00000","0.00000","-0.62193","-0.62193"
"761","CHI","1661","814","analyzed","feasible","improvement_l2","True","-4.07292","0.28143","-41.63810","-33.28887","69.07564","34.22972","-23.38354","-1.22228"
"111","CHJ","2","2","analyzed","gate_rejected","raw_fallback","False","0.04625","0.04625","-0.05322","-0.05322","-0.00020","-0.00020","0.00718","0.00718"
"1068","CHK","23","21","analyzed","feasible","improvement_l2","True","-0.74624","-0.43860","0.60961","0.46740","-0.01697","-0.00024","0.15347","-0.02857"
"236","CHL","2","2","analyzed","gate_rejected","raw_fallback","False","-0.05250","-0.05250","-0.00045","-0.00045","0.01386","0.01386","0.03911","0.03911"
"61","CHM","4","4","analyzed","gate_rejected","raw_fallback","False","0.04549","0.04549","0.02318","0.02318","0.03294","0.03294","-0.10168","-0.10168"
"1550","CHN","1","1","analyzed","gate_rejected","raw_fallback","False","0.02619","0.02619","-0.01670","-0.01670","0.03074","0.03074","-0.04023","-0.04023"
"2045","CHR","14","14","analyzed","feasible","balanced_l2","True","-0.16423","0.00000","0.01732","0.00000","0.18682","0.00000","-0.04007","0.00000"
"1762","CHT","4","4","analyzed","gate_rejected","raw_fallback","False","0.29563","0.29563","-0.36290","-0.36290","0.00000","0.00000","0.06725","0.06725"
"1466","CHX","1","1","analyzed","gate_rejected","raw_fallback","False","0.13830","0.13830","-0.02627","-0.02627","0.00422","0.00422","-0.11626","-0.11626"
"759","CHZ","1","1","analyzed","gate_rejected","raw_fallback","False","0.01082","0.01082","-0.00240","-0.00240","0.00000","0.00000","-0.00843","-0.00843"
"69","CIC","3","3","analyzed","gate_rejected","raw_fallback","False","0.01930","0.01930","-0.46820","-0.46820","0.57617","0.57617","-0.12730","-0.12730"
"1682","CIH","1","1","analyzed","gate_rejected","raw_fallback","False","0.04658","0.04658","-0.03157","-0.03157","0.00000","0.00000","-0.01501","-0.01501"
"20","CIL","12","12","analyzed","feasible","improvement_l2","True","-0.97115","-0.04679","0.21116","0.19871","0.85532","-0.14014","-0.09547","-0.01178"
"1405","CIN","1","1","analyzed","gate_rejected","raw_fallback","False","0.01150","0.01150","0.00333","0.00333","0.00011","0.00011","-0.01494","-0.01494"
"1556","CJK","1","1","analyzed","gate_rejected","raw_fallback","False","0.06715","0.06715","-0.02505","-0.02505","0.01448","0.01448","-0.05657","-0.05657"
"928","CKL","6","5","analyzed","gate_rejected","raw_fallback","False","0.60482","0.60482","-0.29589","-0.29589","0.00000","0.00000","-0.30896","-0.30896"
"1752","CKP","5","5","analyzed","gate_rejected","raw_fallback","False","0.70400","0.70400","-0.76480","-0.76480","0.36262","0.36262","-0.30186","-0.30186"
"292","CLA","3","3","analyzed","gate_rejected","raw_fallback","False","0.51701","0.51701","-0.21683","-0.21683","0.00000","0.00000","-0.30018","-0.30018"
"1668","CLC","1","1","analyzed","gate_rejected","raw_fallback","False","0.23875","0.23875","-0.11559","-0.11559","0.00589","0.00589","-0.12906","-0.12906"
"822","CLE","2","2","analyzed","gate_rejected","raw_fallback","False","0.10897","0.10897","-0.09292","-0.09292","0.00000","0.00000","-0.01604","-0.01604"
"216","CLI","2","2","analyzed","gate_rejected","raw_fallback","False","0.04265","0.04265","-0.01240","-0.01240","0.00000","0.00000","-0.03029","-0.03029"
"1692","CLL","1","1","analyzed","gate_rejected","raw_fallback","False","0.12451","0.12451","-0.06475","-0.06475","0.00000","0.00000","-0.05976","-0.05976"
"1631","CLM","7","6","analyzed","feasible","minimax_ratio","True","0.11299","0.10613","-0.15829","-0.14863","-0.00061","-0.00057","0.04586","0.04307"
"1611","CLP","1","1","analyzed","gate_rejected","raw_fallback","False","0.06581","0.06581","-0.03740","-0.03740","0.00660","0.00660","-0.03501","-0.03501"
"98","CLQ","1","1","analyzed","gate_rejected","raw_fallback","False","0.02198","0.02198","-0.02543","-0.02543","0.00025","0.00025","0.00320","0.00320"
"293","CLR","3","3","analyzed","feasible","minimax_ratio","True","0.06321","0.06213","-0.12574","-0.09849","0.13437","0.10699","-0.07186","-0.07063"
"1204","CLT","1","1","analyzed","gate_rejected","raw_fallback","False","0.08925","0.08925","-0.02086","-0.02086","0.00000","0.00000","-0.06840","-0.06840"
"300","CMA","1","1","analyzed","gate_rejected","raw_fallback","False","0.05177","0.05177","-0.04837","-0.04837","0.00000","0.00000","-0.00340","-0.00340"
"1301","CMN","4","4","analyzed","feasible","minimax_ratio","True","0.68314","0.67492","-0.08707","-0.08551","-0.09576","-0.09468","-0.50039","-0.49473"
"1467","CMR","1","1","analyzed","gate_rejected","raw_fallback","False","0.63860","0.63860","-0.11374","-0.11374","0.00000","0.00000","-0.52486","-0.52486"
"344","CMS","1","1","analyzed","gate_rejected","raw_fallback","False","0.09895","0.09895","-0.01760","-0.01760","0.00000","0.00000","-0.08135","-0.08135"
"113","CNC","1","1","analyzed","gate_rejected","raw_fallback","False","0.01886","0.01886","-0.01961","-0.01961","0.00000","0.00000","0.00074","0.00074"
"21","CND","19","16","analyzed","feasible","improvement_l2","True","0.66494","0.28369","-0.50475","-0.42735","0.50713","0.07619","-0.66736","0.06747"
"1751","CNL","1","1","analyzed","gate_rejected","raw_fallback","False","0.19483","0.19483","-0.07719","-0.07719","-0.00038","-0.00038","-0.11728","-0.11728"
"309","CNN","2","2","analyzed","gate_rejected","raw_fallback","False","0.31807","0.31807","-0.14141","-0.14141","0.00000","0.00000","-0.17667","-0.17667"
"1441","CNT","1","1","analyzed","gate_rejected","raw_fallback","False","0.03760","0.03760","-0.00712","-0.00712","0.00000","0.00000","-0.03049","-0.03049"
"1468","CNV","1","1","analyzed","gate_rejected","raw_fallback","False","0.31347","0.31347","-0.12744","-0.12744","0.00047","0.00047","-0.18651","-0.18651"
"1749","COC","12","12","analyzed","feasible","improvement_l2","True","3.23963","2.80007","-2.59517","-2.55633","-0.08122","-0.00012","-0.56336","-0.24361"
"850","COG","1","1","analyzed","gate_rejected","raw_fallback","False","-0.01735","-0.01735","0.10483","0.10483","0.00000","0.00000","-0.08748","-0.08748"
"1626","COI","2","2","analyzed","gate_rejected","raw_fallback","False","0.07894","0.07894","-0.08052","-0.08052","0.00000","0.00000","0.00158","0.00158"
"1180","COM","3","3","analyzed","gate_rejected","raw_fallback","False","0.20443","0.20443","-0.06134","-0.06134","0.00000","0.00000","-0.14314","-0.14314"
"1655","CON","1","1","analyzed","gate_rejected","raw_fallback","False","0.05823","0.05823","-0.02511","-0.02511","-0.00292","-0.00292","-0.03020","-0.03020"
"1470","COT","1","1","analyzed","gate_rejected","raw_fallback","False","0.20035","0.20035","-0.03945","-0.03945","0.00749","0.00749","-0.16840","-0.16840"
"402","CPA","2","0","no_valid_locations","","","","","","","","","","",""
"1736","CPN","1","1","analyzed","gate_rejected","raw_fallback","False","0.04848","0.04848","-0.02989","-0.02989","0.00000","0.00000","-0.01859","-0.01859"
"86","CRA","5","3","analyzed","gate_rejected","raw_fallback","False","0.04468","0.04468","-0.02002","-0.02002","0.00000","0.00000","-0.02467","-0.02467"
"1590","CRK","1","1","analyzed","gate_rejected","raw_fallback","False","0.06673","0.06673","-0.03790","-0.03790","0.00000","0.00000","-0.02883","-0.02883"
"1350","CRL","2","1","analyzed","gate_rejected","raw_fallback","False","0.01506","0.01506","-0.00652","-0.00652","0.00000","0.00000","-0.00855","-0.00855"
"196","CRO","11","10","analyzed","feasible","improvement_l2","True","-0.32219","-0.08777","0.04222","-0.01492","0.18240","0.02497","0.09752","0.07772"
"1472","CRR","2","2","analyzed","gate_rejected","raw_fallback","False","-0.16555","-0.16555","0.02300","0.02300","0.00000","0.00000","0.14253","0.14253"
"1020","CRS","37","9","analyzed","gate_rejected","raw_fallback","False","0.02619","0.02619","0.04656","0.04656","0.00000","0.00000","-0.07276","-0.07276"
"221","CRT","8","8","analyzed","gate_rejected","raw_fallback","False","0.02757","0.02757","0.04187","0.04187","0.07594","0.07594","-0.14548","-0.14548"
"1727","CSM","1","1","analyzed","gate_rejected","raw_fallback","False","0.05157","0.05157","-0.03030","-0.03030","-0.00166","-0.00166","-0.01960","-0.01960"
"70","CSU","2","2","analyzed","gate_rejected","raw_fallback","False","0.05725","0.05725","-0.05832","-0.05832","0.00000","0.00000","0.00105","0.00105"
"1688","CTC","2","2","analyzed","gate_rejected","raw_fallback","False","0.05024","0.05024","-0.05004","-0.05004","0.00215","0.00215","-0.00235","-0.00235"
"1591","CTE","1","1","analyzed","gate_rejected","raw_fallback","False","0.06186","0.06186","-0.02499","-0.02499","0.00000","0.00000","-0.03686","-0.03686"
"1675","CTL","1","1","analyzed","gate_rejected","raw_fallback","False","0.11615","0.11615","-0.05123","-0.05123","0.00000","0.00000","-0.06494","-0.06494"
"1756","CTM","2","2","analyzed","gate_rejected","raw_fallback","False","0.05738","0.05738","-0.03531","-0.03531","0.01648","0.01648","-0.03855","-0.03855"
"1349","CTR","4","4","analyzed","feasible","improvement_l2","True","0.07538","0.04600","-0.05992","-0.04967","-0.02688","0.00065","0.01139","0.00302"
"1691","CTX","2","2","analyzed","gate_rejected","raw_fallback","False","0.02608","0.02608","-0.01790","-0.01790","0.00000","0.00000","-0.00820","-0.00820"
"1689","CTZ","3","3","analyzed","feasible","minimax_ratio","True","0.10177","0.09370","-0.08237","-0.07983","-0.00102","-0.00099","-0.01837","-0.01289"
"94","CUI","4","4","analyzed","feasible","minimax_ratio","True","0.20707","0.20185","-0.23100","-0.22517","-0.00885","-0.00863","0.03278","0.03195"
"1597","CUL","1","1","analyzed","gate_rejected","raw_fallback","False","0.04286","0.04286","-0.01828","-0.01828","-0.00084","-0.00084","-0.02374","-0.02374"
"1722","CUO","2","2","analyzed","gate_rejected","raw_fallback","False","0.13725","0.13725","-0.08194","-0.08194","0.00000","0.00000","-0.05531","-0.05531"
"254","CUT","7","7","analyzed","feasible","balanced_l2","True","0.21101","0.14310","-0.11884","-0.10158","-0.01153","-0.00037","-0.08066","-0.04115"
"1670","CUU","1","1","analyzed","gate_rejected","raw_fallback","False","0.06372","0.06372","-0.03382","-0.03382","0.00000","0.00000","-0.02990","-0.02990"
"1740","CUZ","1","1","analyzed","gate_rejected","raw_fallback","False","0.06017","0.06017","-0.03262","-0.03262","0.00118","0.00118","-0.02873","-0.02873"
"331","CVN","2","2","analyzed","gate_rejected","raw_fallback","False","0.01560","0.01560","-0.01073","-0.01073","0.00000","0.00000","-0.00490","-0.00490"
"294","CWM","2","2","analyzed","gate_rejected","raw_fallback","False","0.10823","0.10823","-0.11326","-0.11326","0.00000","0.00000","0.00502","0.00502"
"63","CYA","10","10","analyzed","gate_rejected","raw_fallback","False","0.02006","0.02006","-0.06633","-0.06633","-0.00061","-0.00061","0.04689","0.04689"
"22","CYP","7","7","analyzed","feasible","improvement_l2","True","-0.04156","0.00294","-0.26550","-0.05590","1.35513","1.07213","-1.04814","-1.01916"
"1957","CZK","8","8","analyzed","feasible","improvement_l2","True","0.13227","0.11648","-0.13800","-0.12663","0.02969","0.00435","-0.02405","0.00580"
"1707","CZL","1","1","analyzed","gate_rejected","raw_fallback","False","0.04056","0.04056","-0.02752","-0.02752","-0.00246","-0.00246","-0.01059","-0.01059"
"2311","DAA","1","1","analyzed","gate_rejected","raw_fallback","False","0.01230","0.01230","-0.01095","-0.01095","0.00000","0.00000","-0.00135","-0.00135"
"2091","DAI","53","40","analyzed","feasible","improvement_l2","True","11.48021","9.72626","-1.81300","-1.61828","0.67046","-0.04194","-10.33818","-8.06604"
"1243","DAJ","25","17","analyzed","feasible","improvement_l2","True","0.21741","0.03529","-0.16404","0.00786","0.00670","-0.00001","-0.13139","-0.04314"
"1209","DAM","2","1","analyzed","gate_rejected","raw_fallback","False","-0.00006","-0.00006","-0.00008","-0.00008","0.00000","0.00000","0.00014","0.00014"
"4","DAN","40","40","analyzed","feasible","improvement_l2","True","2.12673","2.12365","-0.92236","-0.56720","1.49609","0.35199","-2.70100","-1.90844"
"1152","DAU","12","12","analyzed","feasible","improvement_l2","True","-0.20762","-0.06662","0.45039","0.44808","0.13388","-0.03097","-0.37676","-0.35049"
"1224","DAW","2","2","analyzed","gate_rejected","raw_fallback","False","-0.02687","-0.02687","0.01577","0.01577","0.00305","0.00305","0.00803","0.00803"
"1344","DBD","21","20","analyzed","feasible","balanced_l2","True","-0.80900","0.00000","-0.08556","0.00000","0.18826","0.00000","0.70609","0.00000"
"1211","DBE","4","3","analyzed","gate_rejected","raw_fallback","False","-0.05279","-0.05279","-0.00361","-0.00361","0.00000","0.00000","0.05639","0.05639"
"324","DCI","1","1","analyzed","gate_rejected","raw_fallback","False","0.05354","0.05354","-0.03135","-0.03135","0.00000","0.00000","-0.02220","-0.02220"
"806","DCN","4","4","analyzed","gate_rejected","raw_fallback","False","-0.16477","-0.16477","1.03227","1.03227","0.00000","0.00000","-0.86751","-0.86751"
"346","DEN","1","1","analyzed","gate_rejected","raw_fallback","False","0.01642","0.01642","-0.00402","-0.00402","0.00000","0.00000","-0.01240","-0.01240"
"2286","DFN","15","9","analyzed","feasible","minimax_ratio","True","-0.01634","0.01554","-0.14185","-0.13490","0.06213","0.02801","0.09606","0.09136"
"2259","DGB","5","3","analyzed","feasible","improvement_l2","True","0.85703","0.82126","-0.24174","-0.23108","0.00284","0.00000","-0.61815","-0.59018"
"510","DGE","10","10","analyzed","feasible","minimax_ratio","True","0.44263","0.40478","0.03229","0.02048","0.43847","0.40097","-0.91350","-0.82623"
"1029","DGH","20","13","analyzed","feasible","improvement_l2","True","0.15330","0.13038","0.29454","0.24933","0.02511","0.00188","-0.47307","-0.38159"
"273","DGL","4","1","analyzed","gate_rejected","raw_fallback","False","-0.00480","-0.00480","-0.00075","-0.00075","0.00000","0.00000","0.00553","0.00553"
"1297","DGR","2","2","analyzed","gate_rejected","raw_fallback","False","0.03684","0.03684","0.00718","0.00718","0.02463","0.02463","-0.06866","-0.06866"
"156","DHF","7","4","analyzed","gate_rejected","raw_fallback","False","0.04378","0.04378","0.00053","0.00053","0.00000","0.00000","-0.04433","-0.04433"
"1222","DHK","1","1","analyzed","gate_rejected","raw_fallback","False","0.03737","0.03737","-0.02383","-0.02383","0.00000","0.00000","-0.01356","-0.01356"
"306","DHM","3","3","analyzed","gate_rejected","raw_fallback","False","0.01218","0.01218","0.09815","0.09815","0.00000","0.00000","-0.11037","-0.11037"
"1325","DHU","4","4","analyzed","feasible","minimax_ratio","True","0.61831","0.60019","-0.91043","-0.88376","1.19672","1.10293","-0.90479","-0.81937"
"1839","DIE","1","1","analyzed","gate_rejected","raw_fallback","False","0.55489","0.55489","-0.20038","-0.20038","0.01629","0.01629","-0.37081","-0.37081"
"23","DIL","2","2","analyzed","gate_rejected","raw_fallback","False","0.03527","0.03527","-0.07092","-0.07092","0.15282","0.15282","-0.11717","-0.11717"
"252","DIM","3","3","analyzed","gate_rejected","raw_fallback","False","0.07971","0.07971","-0.05481","-0.05481","0.00000","0.00000","-0.02493","-0.02493"
"2232","DIS","1","1","analyzed","gate_rejected","raw_fallback","False","0.11299","0.11299","-0.06070","-0.06070","0.00000","0.00000","-0.05228","-0.05228"
"1771","DIT","1","1","analyzed","gate_rejected","raw_fallback","False","0.13878","0.13878","-0.03107","-0.03107","0.00000","0.00000","-0.10772","-0.10772"
"1571","DJE","2","2","analyzed","gate_rejected","raw_fallback","False","0.00246","0.00246","0.00154","0.00154","0.00000","0.00000","-0.00400","-0.00400"
"965","DLA","1","0","no_valid_locations","","","","","","","","","","",""
"1261","DLH","369","128","analyzed","feasible","balanced_l2","True","-34.80238","0.00000","-6.37232","0.00000","12.20801","0.00000","28.96388","0.00000"
"867","DLN","2","1","analyzed","gate_rejected","raw_fallback","False","-0.02920","-0.02920","0.08103","0.08103","0.00000","0.00000","-0.05182","-0.05182"
"47","DMB","1","1","analyzed","gate_rejected","raw_fallback","False","0.04038","0.04038","-0.01646","-0.01646","0.00089","0.00089","-0.02481","-0.02481"
"2039","DMI","2","2","analyzed","gate_rejected","raw_fallback","False","0.03346","0.03346","-0.04610","-0.04610","-0.00476","-0.00476","0.01738","0.01738"
"517","DML","1","1","analyzed","gate_rejected","raw_fallback","False","0.26543","0.26543","-0.11874","-0.11874","0.01331","0.01331","-0.15999","-0.15999"
"297","DMS","8","4","analyzed","feasible","minimax_ratio","True","-0.00064","0.00063","-0.11704","-0.11458","0.11623","0.11251","0.00147","0.00144"
"2193","DNB","1","1","analyzed","gate_rejected","raw_fallback","False","0.04781","0.04781","-0.00940","-0.00940","0.00000","0.00000","-0.03842","-0.03842"
"1324","DOG","3","3","analyzed","feasible","absolute_l2","True","0.02020","0.00204","-0.01093","-0.00508","0.00761","-0.00019","-0.01689","0.00324"
"1415","DOM","1","1","analyzed","gate_rejected","raw_fallback","False","0.11301","0.11301","-0.04179","-0.04179","0.00856","0.00856","-0.07980","-0.07980"
"1876","DPH","1","1","analyzed","gate_rejected","raw_fallback","False","0.10699","0.10699","-0.04274","-0.04274","-0.00104","-0.00104","-0.06322","-0.06322"
"1168","DRE","1","1","analyzed","gate_rejected","raw_fallback","False","0.02768","0.02768","-0.00646","-0.00646","0.00000","0.00000","-0.02122","-0.02122"
"905","DRG","7","7","analyzed","gate_rejected","raw_fallback","False","0.16642","0.16642","0.06275","0.06275","0.05013","0.05013","-0.27933","-0.27933"
"1295","DRP","1","1","analyzed","gate_rejected","raw_fallback","False","0.09086","0.09086","0.05553","0.05553","0.00000","0.00000","-0.14641","-0.14641"
"1970","DRU","3","3","analyzed","feasible","improvement_l2","True","0.05613","0.04504","-0.00846","-0.00387","0.00443","0.00004","-0.05212","-0.04121"
"1318","DRW","2","2","analyzed","feasible","target_l2","True","0.16743","0.14847","-0.08782","-0.08083","0.00216","-0.00010","-0.08180","-0.06755"
"46","DSN","2","2","analyzed","gate_rejected","raw_fallback","False","0.05403","0.05403","0.00582","0.00582","0.00891","0.00891","-0.06877","-0.06877"
"268","DTI","6","6","analyzed","feasible","target_l2","True","-0.38222","-0.01514","0.08910","0.01584","0.02914","-0.00001","0.26390","-0.00069"
"1857","DTM","1","1","analyzed","gate_rejected","raw_fallback","False","0.01167","0.01167","0.00137","0.00137","0.03988","0.03988","-0.05294","-0.05294"
"24","DUL","11","10","analyzed","feasible","improvement_l2","True","0.03624","0.00874","-0.08955","-0.08211","0.40694","0.27632","-0.35374","-0.20296"
"1849","DUN","2","2","analyzed","feasible","target_l2","True","0.17719","0.17632","-0.07184","-0.07089","0.00808","-0.00066","-0.11346","-0.10477"
"835","DWG","1","1","analyzed","gate_rejected","raw_fallback","False","0.00476","0.00476","-0.00256","-0.00256","0.00000","0.00000","-0.00221","-0.00221"
"144","DWS","9","9","analyzed","gate_rejected","raw_fallback","False","0.14417","0.14417","-0.00117","-0.00117","0.00000","0.00000","-0.14301","-0.14301"
"872","DYG","1","0","no_valid_locations","","","","","","","","","","",""
"882","DYN","2","1","analyzed","gate_rejected","raw_fallback","False","-0.00735","-0.00735","0.06305","0.06305","0.00000","0.00000","-0.05570","-0.05570"
"855","DZH","1","1","analyzed","gate_rejected","raw_fallback","False","-0.00398","-0.00398","0.02528","0.02528","0.00000","0.00000","-0.02129","-0.02129"
"412","DZK","3","3","analyzed","gate_rejected","raw_fallback","False","-0.00123","-0.00123","0.03436","0.03436","0.00000","0.00000","-0.03311","-0.03311"
"48","EGL","2","2","analyzed","gate_rejected","raw_fallback","False","0.09641","0.09641","-0.02329","-0.02329","0.00000","0.00000","-0.07314","-0.07314"
"2185","EIC","2","2","analyzed","gate_rejected","raw_fallback","False","0.16122","0.16122","-0.06426","-0.06426","0.00437","0.00437","-0.10137","-0.10137"
"966","EJI","1","0","no_valid_locations","","","","","","","","","","",""
"1277","ELA","1","1","analyzed","gate_rejected","raw_fallback","False","0.02330","0.02330","0.01674","0.01674","0.00000","0.00000","-0.04005","-0.04005"
"2239","ELL","1","1","analyzed","gate_rejected","raw_fallback","False","0.08092","0.08092","-0.02903","-0.02903","0.02135","0.02135","-0.07324","-0.07324"
"326","ELY","1","1","analyzed","gate_rejected","raw_fallback","False","0.16917","0.16917","-0.08373","-0.08373","0.00000","0.00000","-0.08545","-0.08545"
"289","ENG","138","132","analyzed","feasible","improvement_l2","True","-8.05952","-2.13553","1.77339","-0.09995","6.63294","2.20048","-0.34816","0.03500"
"1210","ENN","6","6","analyzed","gate_rejected","raw_fallback","False","-0.04410","-0.04410","0.00541","0.00541","0.00000","0.00000","0.03869","0.03869"
"202","EPI","10","10","analyzed","feasible","target_l2","True","0.15449","0.14462","-0.19699","-0.11091","0.16986","-0.01133","-0.12744","-0.02238"
"1841","ERB","1","1","analyzed","gate_rejected","raw_fallback","False","0.04048","0.04048","-0.00940","-0.00940","0.00000","0.00000","-0.03110","-0.03110"
"25","ERE","42","36","analyzed","feasible","improvement_l2","True","1.91038","1.37783","-1.10690","-0.85627","0.78397","0.06002","-1.58766","-0.58158"
"1830","ERF","1","1","analyzed","gate_rejected","raw_fallback","False","0.26389","0.26389","0.06027","0.06027","0.13899","0.13899","-0.46320","-0.46320"
"235","ERM","3","3","analyzed","gate_rejected","raw_fallback","False","0.06449","0.06449","-0.02835","-0.02835","0.00000","0.00000","-0.03614","-0.03614"
"1858","ESS","1","1","analyzed","gate_rejected","raw_fallback","False","0.13052","0.13052","-0.07813","-0.07813","0.01961","0.01961","-0.07200","-0.07200"
"1178","ETA","2","2","analyzed","gate_rejected","raw_fallback","False","0.20978","0.20978","-0.07613","-0.07613","0.00000","0.00000","-0.13369","-0.13369"
"1213","ETH","45","29","analyzed","feasible","balanced_l2","True","-0.20961","0.00000","-0.19069","0.00000","0.16935","0.00000","0.23068","0.00000"
"1702","ETZ","1","1","analyzed","gate_rejected","raw_fallback","False","0.01733","0.01733","-0.01009","-0.01009","0.00000","0.00000","-0.00723","-0.00723"
"1153","EVR","4","4","analyzed","feasible","balanced_l2","True","0.21669","0.19980","-0.06524","-0.06408","0.01520","0.00329","-0.16667","-0.13902"
"1894","EVS","1","1","analyzed","gate_rejected","raw_fallback","False","0.02471","0.02471","-0.00804","-0.00804","0.00185","0.00185","-0.01854","-0.01854"
"343","EWY","1","1","analyzed","gate_rejected","raw_fallback","False","0.05999","0.05999","-0.01580","-0.01580","0.01504","0.01504","-0.05923","-0.05923"
"1474","FAE","1","1","analyzed","gate_rejected","raw_fallback","False","0.04370","0.04370","-0.00998","-0.00998","0.00229","0.00229","-0.03603","-0.03603"
"1912","FAL","2","2","analyzed","gate_rejected","raw_fallback","False","0.20132","0.20132","0.06799","0.06799","-0.09517","-0.09517","-0.17413","-0.17413"
"2208","FBG","1","1","analyzed","gate_rejected","raw_fallback","False","0.37058","0.37058","-0.40375","-0.40375","0.22089","0.22089","-0.18774","-0.18774"
"1143","FCB","11","11","analyzed","feasible","minimax_ratio","True","1.13725","1.11549","-0.00179","0.00176","0.03602","0.03544","-1.17159","-1.15269"
"327","FCL","1","1","analyzed","gate_rejected","raw_fallback","False","0.03162","0.03162","-0.02050","-0.02050","0.00000","0.00000","-0.01113","-0.01113"
"511","FDL","27","15","analyzed","feasible","balanced_l2","True","0.13706","0.00000","-0.05667","0.00000","0.12143","0.00000","-0.20194","0.00000"
"2252","FEO","1","1","analyzed","gate_rejected","raw_fallback","False","0.00556","0.00556","-0.02223","-0.02223","0.02448","0.02448","-0.00782","-0.00782"
"1476","FER","8","7","analyzed","feasible","minimax_ratio","True","1.11628","1.08071","-0.27199","-0.26319","0.43606","0.42216","-1.28049","-1.23968"
"1547","FLA","12","12","analyzed","feasible","minimax_ratio","True","2.88716","2.85907","-0.37275","-0.06139","1.91882","1.59269","-4.43350","-4.39037"
"1826","FLD","2","2","analyzed","gate_rejected","raw_fallback","False","0.14388","0.14388","-0.04343","-0.04343","-0.00496","-0.00496","-0.09552","-0.09552"
"2217","FLK","2","2","analyzed","gate_rejected","raw_fallback","False","0.58352","0.58352","-0.22124","-0.22124","0.04010","0.04010","-0.40238","-0.40238"
"967","FLN","1","1","analyzed","gate_rejected","raw_fallback","False","0.02179","0.02179","-0.00733","-0.00733","0.00000","0.00000","-0.01447","-0.01447"
"1477","FLO","5","5","analyzed","feasible","minimax_ratio","True","3.63213","3.49010","-1.03106","-0.53197","5.48885","4.81561","-8.09010","-7.77374"
"335","FLY","2","2","analyzed","gate_rejected","raw_fallback","False","0.60250","0.60250","-0.21148","-0.21148","0.00543","0.00543","-0.39645","-0.39645"
"329","FMA","2","2","analyzed","gate_rejected","raw_fallback","False","0.15478","0.15478","-0.08488","-0.08488","0.00000","0.00000","-0.06990","-0.06990"
"2024","FMB","1","1","analyzed","gate_rejected","raw_fallback","False","-0.02115","-0.02115","-0.00239","-0.00239","0.00000","0.00000","0.02353","0.02353"
"1948","FMN","1","1","analyzed","gate_rejected","raw_fallback","False","0.06205","0.06205","0.00886","0.00886","0.00000","0.00000","-0.07092","-0.07092"
"1154","FOI","2","2","analyzed","gate_rejected","raw_fallback","False","0.05443","0.05443","0.04500","0.04500","0.00000","0.00000","-0.09946","-0.09946"
"1141","FRA","163","80","analyzed","feasible","improvement_l2","True","-16.40482","-5.25409","1.66075","1.12278","8.89400","4.01487","5.84878","0.11645"
"2184","FRE","5","4","analyzed","feasible","minimax_ratio","True","-0.03190","-0.02994","-0.02193","-0.02058","0.06709","0.06185","-0.01327","-0.01133"
"1558","FRI","11","11","analyzed","feasible","improvement_l2","True","2.71994","2.52347","-0.10686","0.00500","0.17117","0.00621","-2.78436","-2.53468"
"1478","FRM","1","1","analyzed","gate_rejected","raw_fallback","False","0.13078","0.13078","-0.04189","-0.04189","0.00000","0.00000","-0.08891","-0.08891"
"1840","FRN","1","1","analyzed","gate_rejected","raw_fallback","False","0.04427","0.04427","-0.15339","-0.15339","0.10617","0.10617","0.00291","0.00291"
"1200","FRT","2","2","analyzed","feasible","target_l2","True","0.37419","0.32824","-0.12742","-0.11443","0.00963","-0.00108","-0.25639","-0.21273"
"1175","FRZ","5","5","analyzed","feasible","minimax_ratio","True","0.57093","0.54909","-0.05817","-0.04348","0.47850","0.44782","-0.99136","-0.95343"
"2233","FUR","1","1","analyzed","gate_rejected","raw_fallback","False","0.03373","0.03373","-0.01368","-0.01368","0.01785","0.01785","-0.03791","-0.03791"
"968","FUT","1","0","no_valid_locations","","","","","","","","","","",""
"969","FUY","3","0","no_valid_locations","","","","","","","","","","",""
"1136","FZA","13","0","no_valid_locations","","","","","","","","","","",""
"879","FZH","1","0","no_valid_locations","","","","","","","","","","",""
"248","GAU","17","17","analyzed","feasible","minimax_ratio","True","1.97011","1.93042","-2.18386","-2.13956","0.19741","0.19343","0.01603","0.01571"
"2255","GAZ","3","3","analyzed","feasible","improvement_l2","True","-0.23215","-0.22744","-0.01016","0.00081","0.37200","0.35374","-0.12975","-0.12711"
"1870","GBH","3","3","analyzed","feasible","target_l2","True","0.73912","0.53481","-0.22060","-0.14618","0.04983","-0.00049","-0.56836","-0.38815"
"1573","GBS","12","12","analyzed","gate_rejected","raw_fallback","False","0.07032","0.07032","0.18798","0.18798","0.00000","0.00000","-0.25836","-0.25836"
"1701","GCH","1","1","analyzed","gate_rejected","raw_fallback","False","0.02143","0.02143","-0.01179","-0.01179","0.00347","0.00347","-0.01312","-0.01312"
"1321","GDA","5","5","analyzed","feasible","minimax_ratio","True","-0.36663","-0.34104","-0.18223","-0.16954","0.08254","0.07679","0.46627","0.43379"
"540","GED","1","1","analyzed","gate_rejected","raw_fallback","False","-0.00167","-0.00167","-0.00287","-0.00287","0.00000","0.00000","0.00452","0.00452"
"1853","GEL","8","8","analyzed","feasible","improvement_l2","True","-0.04288","0.00406","0.15004","0.04231","0.11575","0.00570","-0.22296","-0.05207"
"1480","GEN","19","10","analyzed","feasible","minimax_ratio","True","1.95715","1.91719","-0.35714","-0.29902","2.79202","2.68442","-4.39228","-4.30259"
"391","GEO","44","39","analyzed","feasible","absolute_l2","True","0.64832","0.44102","-1.34204","-0.07644","1.32101","0.19848","-0.62766","-0.56305"
"1574","GFS","7","7","analyzed","gate_rejected","raw_fallback","False","0.43157","0.43157","-0.08804","-0.08804","0.00000","0.00000","-0.34352","-0.34352"
"819","GGX","5","5","analyzed","gate_rejected","raw_fallback","False","-0.24076","-0.24076","0.75544","0.75544","0.00000","0.00000","-0.51464","-0.51464"
"2287","GHA","16","13","analyzed","feasible","improvement_l2","True","-0.38503","0.04104","-0.26781","-0.25360","0.65507","0.21254","-0.00228","0.00002"
"1307","GHL","2","2","analyzed","gate_rejected","raw_fallback","False","0.22538","0.22538","-0.39948","-0.39948","-0.00309","-0.00309","0.17714","0.17714"
"1332","GHR","9","9","analyzed","feasible","target_l2","True","0.19459","0.17898","-0.46464","-0.33330","0.05291","-0.00062","0.21710","0.15494"
"970","GIL","1","0","no_valid_locations","","","","","","","","","","",""
"1799","GLA","1","1","analyzed","gate_rejected","raw_fallback","False","0.07978","0.07978","-0.02500","-0.02500","0.01528","0.01528","-0.07007","-0.07007"
"2248","GLH","740","199","analyzed","feasible","balanced_l2","True","-5.78834","0.00000","-3.02314","0.00000","1.19471","0.00000","7.61596","0.00000"
"1351","GLI","8","5","analyzed","feasible","minimax_ratio","True","0.15075","0.14312","-0.19710","-0.18710","0.03594","0.03412","0.01038","0.00985"
"2040","GLM","12","6","analyzed","gate_rejected","raw_fallback","False","-0.21401","-0.21401","-0.16875","-0.16875","0.02874","0.02874","0.35402","0.35402"
"1887","GLN","1","1","analyzed","gate_rejected","raw_fallback","False","0.14640","0.14640","-0.03300","-0.03300","0.00000","0.00000","-0.11341","-0.11341"
"1991","GLO","5","5","analyzed","gate_rejected","raw_fallback","False","0.45835","0.45835","-0.11558","-0.11558","0.04223","0.04223","-0.38504","-0.38504"
"320","GLS","1","1","analyzed","gate_rejected","raw_fallback","False","0.04623","0.04623","-0.02449","-0.02449","0.00000","0.00000","-0.02174","-0.02174"
"831","GLU","1","1","analyzed","gate_rejected","raw_fallback","False","0.00428","0.00428","-0.00103","-0.00103","0.00000","0.00000","-0.00326","-0.00326"
"338","GMG","3","3","analyzed","gate_rejected","raw_fallback","False","0.12399","0.12399","-0.01218","-0.01218","0.00000","0.00000","-0.11181","-0.11181"
"1855","GMK","3","3","analyzed","feasible","improvement_l2","True","0.41978","0.33460","-0.25691","-0.24110","-0.00623","-0.00079","-0.15666","-0.09271"
"826","GNG","1","1","analyzed","gate_rejected","raw_fallback","False","0.19306","0.19306","-0.07557","-0.07557","0.02289","0.02289","-0.14037","-0.14037"
"907","GNJ","10","10","analyzed","feasible","minimax_ratio","True","0.71463","0.66688","-0.27215","-0.25918","-0.27711","-0.26390","-0.16553","-0.14380"
"877","GNN","3","3","analyzed","gate_rejected","raw_fallback","False","-0.08994","-0.08994","0.37489","0.37489","0.00000","0.00000","-0.28492","-0.28492"
"1207","GNV","3","3","analyzed","feasible","minimax_ratio","True","0.51037","0.50609","-0.22638","-0.22588","-0.05926","-0.05913","-0.22478","-0.22107"
"1293","GOA","2","2","analyzed","gate_rejected","raw_fallback","False","0.13817","0.13817","-0.05656","-0.05656","0.09154","0.09154","-0.17327","-0.17327"
"2310","GOB","6","6","analyzed","feasible","minimax_ratio","True","0.42366","0.42163","-0.41268","-0.41070","0.11870","0.11366","-0.12972","-0.12458"
"927","GOL","12","11","analyzed","gate_rejected","raw_fallback","False","0.88891","0.88891","-0.31530","-0.31530","0.00000","0.00000","-0.57362","-0.57362"
"226","GOR","7","5","analyzed","feasible","balanced_l2","True","-0.65520","-0.47761","0.16502","0.13901","0.01071","0.00038","0.47944","0.33822"
"1872","GOS","1","1","analyzed","gate_rejected","raw_fallback","False","-0.09923","-0.09923","-0.30285","-0.30285","0.70630","0.70630","-0.30423","-0.30423"
"1399","GOW","2","2","analyzed","gate_rejected","raw_fallback","False","0.16500","0.16500","-0.16480","-0.16480","0.09256","0.09256","-0.09277","-0.09277"
"1255","GRA","18","18","analyzed","feasible","improvement_l2","True","1.30128","0.60697","-0.07061","0.01765","1.81859","1.61635","-3.04951","-2.24097"
"2180","GRF","1","1","analyzed","gate_rejected","raw_fallback","False","0.04860","0.04860","-0.01145","-0.01145","0.00941","0.00941","-0.04657","-0.04657"
"1904","GRG","48","19","analyzed","feasible","absolute_l2","True","0.27435","0.20798","-0.15146","-0.10463","0.30915","0.09991","-0.43208","-0.20326"
"2234","GRK","1","1","analyzed","gate_rejected","raw_fallback","False","0.01525","0.01525","-0.00521","-0.00521","0.00822","0.00822","-0.01826","-0.01826"
"13","GRL","12","12","analyzed","gate_rejected","raw_fallback","False","0.11066","0.11066","-0.02561","-0.02561","0.00000","0.00000","-0.08500","-0.08500"
"26","GRM","17","12","analyzed","feasible","minimax_ratio","True","0.97702","0.85783","-0.55113","-0.48389","0.40067","0.23759","-0.82663","-0.61153"
"78","GRR","1","0","no_valid_locations","","","","","","","","","","",""
"2057","GRS","6","6","analyzed","feasible","improvement_l2","True","-0.15741","-0.07168","-0.05441","-0.05310","0.03598","-0.00964","0.17581","0.13442"
"1393","GRT","5","5","analyzed","gate_rejected","raw_fallback","False","0.09267","0.09267","-0.06622","-0.06622","0.00000","0.00000","-0.02645","-0.02645"
"2221","GRY","2","2","analyzed","gate_rejected","raw_fallback","False","0.12155","0.12155","-0.00560","-0.00560","0.02022","0.02022","-0.13619","-0.13619"
"1810","GSW","3","3","analyzed","gate_rejected","raw_fallback","False","0.44780","0.44780","-0.16634","-0.16634","0.00000","0.00000","-0.28149","-0.28149"
"1481","GUB","1","1","analyzed","gate_rejected","raw_fallback","False","0.41669","0.41669","-0.08326","-0.08326","0.00000","0.00000","-0.33343","-0.33343"
"893","GUG","7","7","analyzed","gate_rejected","raw_fallback","False","0.00406","0.00406","-0.00874","-0.00874","0.00000","0.00000","0.00464","0.00464"
"2304","GUR","4","2","analyzed","gate_rejected","raw_fallback","False","0.05333","0.05333","0.00502","0.00502","0.00235","0.00235","-0.06070","-0.06070"
"1326","GWA","3","2","analyzed","gate_rejected","raw_fallback","False","-0.35601","-0.35601","0.29045","0.29045","1.01530","1.01530","-0.94979","-0.94979"
"2299","GWI","6","6","analyzed","feasible","minimax_ratio","True","0.76724","0.75544","-0.12917","-0.11462","0.08480","0.07096","-0.72290","-0.71178"
"264","GWL","7","7","analyzed","feasible","minimax_ratio","True","-0.01356","0.01255","0.10965","0.07646","-0.01272","-0.01177","-0.08346","-0.07723"
"337","GWR","1","1","analyzed","gate_rejected","raw_fallback","False","0.07339","0.07339","-0.03708","-0.03708","0.01052","0.01052","-0.04685","-0.04685"
"926","GYE","4","4","analyzed","gate_rejected","raw_fallback","False","0.40287","0.40287","-0.08706","-0.08706","0.00000","0.00000","-0.31583","-0.31583"
"1094","GYO","3","3","analyzed","gate_rejected","raw_fallback","False","0.02831","0.02831","0.03324","0.03324","0.00000","0.00000","-0.06156","-0.06156"
"912","GYT","3","3","analyzed","gate_rejected","raw_fallback","False","0.03004","0.03004","-0.00453","-0.00453","0.00000","0.00000","-0.02551","-0.02551"
"884","GZH","1","1","analyzed","gate_rejected","raw_fallback","False","-0.00587","-0.00587","0.05032","0.05032","0.00000","0.00000","-0.04444","-0.04444"
"2146","HAB","68","40","analyzed","feasible","improvement_l2","True","-0.98053","0.16532","-1.31936","-1.09335","2.70117","0.88077","-0.40183","0.04726"
"2235","HAC","1","1","analyzed","gate_rejected","raw_fallback","False","0.07035","0.07035","-0.01809","-0.01809","0.01392","0.01392","-0.06619","-0.06619"
"1313","HAD","3","3","analyzed","feasible","minimax_ratio","True","0.55505","0.54625","-0.31968","-0.31709","-0.00333","-0.00330","-0.23212","-0.22586"
"2228","HAG","1","1","analyzed","gate_rejected","raw_fallback","False","0.04100","0.04100","-0.00629","-0.00629","0.00000","0.00000","-0.03473","-0.03473"
"1560","HAI","6","6","analyzed","feasible","minimax_ratio","True","0.79161","0.77478","-0.47734","-0.46719","0.24174","0.20666","-0.55609","-0.51425"
"1960","HAL","41","41","analyzed","feasible","improvement_l2","True","-1.17887","-0.46118","-0.32167","-0.05772","0.42852","-0.02356","1.07167","0.54246"
"1815","HAM","1","1","analyzed","gate_rejected","raw_fallback","False","0.32105","0.32105","-0.35569","-0.35569","0.52271","0.52271","-0.48812","-0.48812"
"2008","HAW","4","4","analyzed","gate_rejected","raw_fallback","False","-0.35295","-0.35295","0.00941","0.00941","0.00000","0.00000","0.34356","0.34356"
"1566","HBG","1","1","analyzed","gate_rejected","raw_fallback","False","0.29171","0.29171","-0.10936","-0.10936","0.00481","0.00481","-0.18718","-0.18718"
"518","HBN","5","5","analyzed","feasible","target_l2","True","0.18928","0.18429","-0.04925","-0.00237","0.07534","-0.00132","-0.21541","-0.18060"
"2201","HBR","1","1","analyzed","gate_rejected","raw_fallback","False","0.09426","0.09426","-0.02130","-0.02130","0.00238","0.00238","-0.07534","-0.07534"
"1816","HBS","2","2","analyzed","gate_rejected","raw_fallback","False","0.22021","0.22021","-0.27226","-0.27226","0.29166","0.29166","-0.23964","-0.23964"
"93","HCH","1","1","analyzed","gate_rejected","raw_fallback","False","0.01359","0.01359","-0.01758","-0.01758","0.00040","0.00040","0.00359","0.00359"
"28","HCI","1","1","analyzed","gate_rejected","raw_fallback","False","0.15663","0.15663","-0.02606","-0.02606","0.00759","0.00759","-0.13816","-0.13816"
"1025","HCN","21","18","analyzed","feasible","improvement_l2","True","0.65601","0.48725","-0.17271","-0.15412","0.00364","-0.00007","-0.48698","-0.33306"
"1871","HDH","3","3","analyzed","gate_rejected","raw_fallback","False","0.07796","0.07796","0.00536","0.00536","0.02087","0.02087","-0.10423","-0.10423"
"1925","HDN","11","11","analyzed","feasible","minimax_ratio","True","0.39220","0.38744","-0.16666","-0.15665","0.47836","0.46466","-0.70400","-0.69546"
"519","HDR","1","1","analyzed","gate_rejected","raw_fallback","False","0.04005","0.04005","-0.00916","-0.00916","0.00000","0.00000","-0.03090","-0.03090"
"1225","HDY","3","3","analyzed","gate_rejected","raw_fallback","False","-0.01350","-0.01350","0.00448","0.00448","0.00000","0.00000","0.00899","0.00899"
"2240","HEH","1","1","analyzed","gate_rejected","raw_fallback","False","0.04739","0.04739","-0.01465","-0.01465","0.01684","0.01684","-0.04960","-0.04960"
"1753","HEL","6","6","analyzed","feasible","improvement_l2","True","1.49331","1.17933","-1.30005","-1.21516","-0.00373","0.00000","-0.18958","0.03583"
"1832","HES","8","8","analyzed","feasible","target_l2","True","0.59390","0.44218","-0.20100","-0.00928","0.08919","-0.00054","-0.48217","-0.43236"
"923","HEZ","2","2","analyzed","gate_rejected","raw_fallback","False","0.14544","0.14544","0.05757","0.05757","-0.06232","-0.06232","-0.14076","-0.14076"
"2207","HHB","2","2","analyzed","gate_rejected","raw_fallback","False","0.22992","0.22992","-0.08472","-0.08472","0.02602","0.02602","-0.17123","-0.17123"
"2117","HHP","2","2","analyzed","gate_rejected","raw_fallback","False","0.37337","0.37337","-0.12143","-0.12143","0.00000","0.00000","-0.25193","-0.25193"
"971","HIJ","1","1","analyzed","gate_rejected","raw_fallback","False","0.01688","0.01688","-0.00619","-0.00619","0.00000","0.00000","-0.01070","-0.01070"
"972","HIY","7","7","analyzed","gate_rejected","raw_fallback","False","1.30345","1.30345","-0.32617","-0.32617","0.00000","0.00000","-0.97731","-0.97731"
"1693","HJZ","1","1","analyzed","gate_rejected","raw_fallback","False","0.13761","0.13761","-0.06179","-0.06179","-0.00333","-0.00333","-0.07251","-0.07251"
"49","HKK","2","2","analyzed","gate_rejected","raw_fallback","False","0.18536","0.18536","-0.03623","-0.03623","0.00000","0.00000","-0.14913","-0.14913"
"2115","HKM","3","3","analyzed","gate_rejected","raw_fallback","False","0.05618","0.05618","-0.02590","-0.02590","0.00000","0.00000","-0.03025","-0.03025"
"758","HKZ","1","1","analyzed","gate_rejected","raw_fallback","False","0.00338","0.00338","-0.00054","-0.00054","0.00000","0.00000","-0.00284","-0.00284"
"2241","HLF","1","1","analyzed","gate_rejected","raw_fallback","False","0.02562","0.02562","-0.00707","-0.00707","0.00000","0.00000","-0.01856","-0.01856"
"1935","HLG","31","29","analyzed","feasible","improvement_l2","True","1.68781","1.64068","-0.24539","-0.14324","0.25233","0.00117","-1.69498","-1.49861"
"513","HLL","4","4","analyzed","feasible","improvement_l2","True","0.21746","0.18516","-0.02279","0.00090","0.01515","0.00028","-0.20985","-0.18634"
"973","HLN","5","5","analyzed","gate_rejected","raw_fallback","False","0.88967","0.88967","-0.30799","-0.30799","0.00000","0.00000","-0.58170","-0.58170"
"27","HMD","8","7","analyzed","feasible","minimax_ratio","True","0.76564","0.70475","-0.49692","-0.45740","0.37621","0.21676","-0.64497","-0.46411"
"1835","HNA","1","1","analyzed","gate_rejected","raw_fallback","False","0.11797","0.11797","-0.04419","-0.04419","0.01755","0.01755","-0.09132","-0.09132"
"1794","HNB","6","6","analyzed","feasible","target_l2","True","0.58866","0.51284","-0.12762","-0.08814","0.05950","-0.00043","-0.52061","-0.42427"
"974","HNC","1","0","no_valid_locations","","","","","","","","","","",""
"67","HNK","5","5","analyzed","feasible","minimax_ratio","True","0.19721","0.19632","-0.36772","-0.36607","-0.00771","-0.00768","0.17822","0.17742"
"1294","HNV","1","1","analyzed","gate_rejected","raw_fallback","False","0.38728","0.38728","-0.18854","-0.18854","0.02194","0.02194","-0.22069","-0.22069"
"520","HNY","1","1","analyzed","gate_rejected","raw_fallback","False","0.03087","0.03087","-0.00360","-0.00360","0.00003","0.00003","-0.02731","-0.02731"
"1348","HNZ","3","3","analyzed","gate_rejected","raw_fallback","False","-0.03360","-0.03360","-0.00475","-0.00475","0.00000","0.00000","0.03833","0.03833"
"2242","HOH","1","1","analyzed","gate_rejected","raw_fallback","False","0.03734","0.03734","-0.01146","-0.01146","0.01292","0.01292","-0.03880","-0.03880"
"1544","HOL","8","8","analyzed","gate_rejected","raw_fallback","False","0.71807","0.71807","-0.59346","-0.59346","0.98136","0.98136","-1.10615","-1.10615"
"903","HOR","5","5","analyzed","feasible","improvement_l2","True","0.07034","0.04851","-0.02233","-0.00018","0.01392","0.00040","-0.06200","-0.04872"
"975","HOT","1","1","analyzed","gate_rejected","raw_fallback","False","0.03205","0.03205","-0.00972","-0.00972","0.00000","0.00000","-0.02232","-0.02232"
"1863","HOX","1","1","analyzed","gate_rejected","raw_fallback","False","0.11046","0.11046","-0.08461","-0.08461","0.02189","0.02189","-0.04774","-0.04774"
"1874","HOY","1","1","analyzed","gate_rejected","raw_fallback","False","0.11720","0.11720","-0.04703","-0.04703","0.00000","0.00000","-0.07019","-0.07019"
"1791","HPL","3","3","analyzed","feasible","minimax_ratio","True","0.66381","0.65996","-0.41352","-0.41112","0.25483","0.25156","-0.50514","-0.50040"
"794","HQG","2","2","analyzed","feasible","improvement_l2","True","0.09193","0.08078","-0.02007","-0.01980","-0.00816","0.00105","-0.06371","-0.06203"
"141","HRB","7","7","analyzed","gate_rejected","raw_fallback","False","0.35539","0.35539","-0.07101","-0.07101","0.00000","0.00000","-0.28439","-0.28439"
"105","HRC","3","3","analyzed","gate_rejected","raw_fallback","False","0.10209","0.10209","-0.11277","-0.11277","0.00081","0.00081","0.00985","0.00985"
"1227","HRL","1","1","analyzed","gate_rejected","raw_fallback","False","0.05576","0.05576","-0.00909","-0.00909","0.00000","0.00000","-0.04667","-0.04667"
"1555","HRN","1","1","analyzed","gate_rejected","raw_fallback","False","0.24371","0.24371","-0.16534","-0.16534","0.00000","0.00000","-0.07838","-0.07838"
"976","HRO","1","1","analyzed","gate_rejected","raw_fallback","False","0.01240","0.01240","-0.00416","-0.00416","0.00000","0.00000","-0.00823","-0.00823"
"386","HSC","3","3","analyzed","feasible","balanced_l2","True","0.03459","0.00008","-0.00475","0.00218","-0.01231","0.00001","-0.01754","-0.00226"
"2118","HSE","10","6","analyzed","feasible","minimax_ratio","True","0.40464","0.39998","-0.31706","-0.31336","0.08452","0.08355","-0.17215","-0.17017"
"1831","HSF","1","1","analyzed","gate_rejected","raw_fallback","False","0.13018","0.13018","-0.03579","-0.03579","0.00000","0.00000","-0.09439","-0.09439"
"2119","HSI","4","4","analyzed","gate_rejected","raw_fallback","False","0.32933","0.32933","-0.26177","-0.26177","0.00000","0.00000","-0.06758","-0.06758"
"1262","HSL","47","47","analyzed","feasible","improvement_l2","True","-0.31335","0.00062","-3.06880","-1.28200","0.45393","0.00371","2.92745","1.27766"
"29","HSN","2","2","analyzed","gate_rejected","raw_fallback","False","0.08282","0.08282","0.00191","0.00191","0.00556","0.00556","-0.09031","-0.09031"
"1883","HSP","1","1","analyzed","gate_rejected","raw_fallback","False","0.13902","0.13902","-0.03409","-0.03409","0.00000","0.00000","-0.10494","-0.10494"
"1636","HST","1","1","analyzed","gate_rejected","raw_fallback","False","0.10603","0.10603","-0.04938","-0.04938","0.00435","0.00435","-0.06098","-0.06098"
"385","HTN","3","3","analyzed","feasible","target_l2","True","0.01240","0.00211","-0.00403","-0.00204","0.00963","0.00000","-0.01803","-0.00008"
"1792","HTR","4","4","analyzed","feasible","improvement_l2","True","-0.29027","-0.03574","-0.09208","-0.08677","0.21685","0.16489","0.16547","-0.04239"
"403","HTY","1","0","no_valid_locations","","","","","","","","","","",""
"1713","HTZ","1","1","analyzed","gate_rejected","raw_fallback","False","0.03451","0.03451","-0.01774","-0.01774","0.00000","0.00000","-0.01677","-0.01677"
"977","HUI","2","2","analyzed","gate_rejected","raw_fallback","False","0.14124","0.14124","-0.01201","-0.01201","0.00251","0.00251","-0.13175","-0.13175"
"381","HUN","189","187","analyzed","feasible","balanced_l2","True","-8.22948","0.00000","-2.84518","0.00000","2.54492","0.00000","8.52797","0.00000"
"978","HUR","3","1","analyzed","gate_rejected","raw_fallback","False","0.00000","0.00000","-0.00586","-0.00586","0.02812","0.02812","-0.02228","-0.02228"
"140","HUT","5","5","analyzed","gate_rejected","raw_fallback","False","0.02978","0.02978","-0.00681","-0.00681","0.00000","0.00000","-0.02297","-0.02297"
"1669","HUX","1","1","analyzed","gate_rejected","raw_fallback","False","0.06893","0.06893","-0.03640","-0.03640","0.00000","0.00000","-0.03255","-0.03255"
"1804","HVB","2","2","analyzed","gate_rejected","raw_fallback","False","-0.03746","-0.03746","-0.00335","-0.00335","0.00000","0.00000","0.04079","0.04079"
"1603","HYC","1","1","analyzed","gate_rejected","raw_fallback","False","0.12313","0.12313","-0.04372","-0.04372","0.00000","0.00000","-0.07940","-0.07940"
"322","HYM","2","2","analyzed","gate_rejected","raw_fallback","False","0.10481","0.10481","-0.05222","-0.05222","0.00000","0.00000","-0.05258","-0.05258"
"404","HYT","3","0","no_valid_locations","","","","","","","","","","",""
"887","HZH","1","0","no_valid_locations","","","","","","","","","","",""
"50","HZN","1","1","analyzed","gate_rejected","raw_fallback","False","0.02125","0.02125","-0.00413","-0.00413","0.00000","0.00000","-0.01713","-0.01713"
"1910","HZP","22","19","analyzed","feasible","minimax_ratio","True","0.34822","0.33119","0.05920","0.05630","0.32916","0.31306","-0.73674","-0.70055"
"51","HZR","4","3","analyzed","feasible","improvement_l2","True","0.08824","0.08143","-0.04086","-0.03739","-0.00017","0.00000","-0.04722","-0.04404"
"387","IAS","11","11","analyzed","feasible","improvement_l2","True","0.21702","0.20091","-0.13981","-0.07327","0.15831","0.02395","-0.23567","-0.15159"
"1437","IBL","6","6","analyzed","gate_rejected","raw_fallback","False","0.29916","0.29916","-0.28709","-0.28709","0.00000","0.00000","-0.01212","-0.01212"
"12","ICE","21","21","analyzed","feasible","improvement_l2","True","-1.15892","-0.07223","0.09009","-0.00048","0.01729","-0.00001","1.05145","0.07272"
"65","ICM","3","3","analyzed","gate_rejected","raw_fallback","False","0.13455","0.13455","-0.46162","-0.46162","0.00123","0.00123","0.32586","0.32586"
"1299","IDR","1","1","analyzed","gate_rejected","raw_fallback","False","0.07396","0.07396","0.09166","0.09166","0.00000","0.00000","-0.16567","-0.16567"
"1226","IFA","37","37","analyzed","gate_rejected","raw_fallback","False","-0.76166","-0.76166","0.27367","0.27367","0.00000","0.00000","0.48779","0.48779"
"2268","IFE","1","0","no_valid_locations","","","","","","","","","","",""
"521","IHB","3","3","analyzed","gate_rejected","raw_fallback","False","0.19434","0.19434","-0.01472","-0.01472","0.00000","0.00000","-0.17966","-0.17966"
"2270","IJB","4","4","analyzed","gate_rejected","raw_fallback","False","0.06052","0.06052","-0.02700","-0.02700","0.00000","0.00000","-0.03352","-0.03352"
"2274","IJE","1","1","analyzed","gate_rejected","raw_fallback","False","0.02515","0.02515","-0.01685","-0.01685","0.00000","0.00000","-0.00829","-0.00829"
"1181","IJO","1","1","analyzed","gate_rejected","raw_fallback","False","0.05512","0.05512","-0.01494","-0.01494","0.00402","0.00402","-0.04420","-0.04420"
"2276","IJS","1","1","analyzed","gate_rejected","raw_fallback","False","0.19012","0.19012","-0.16131","-0.16131","0.00000","0.00000","-0.02880","-0.02880"
"979","ILU","1","1","analyzed","gate_rejected","raw_fallback","False","0.00772","0.00772","-0.00292","-0.00292","0.00000","0.00000","-0.00481","-0.00481"
"323","IMA","1","1","analyzed","gate_rejected","raw_fallback","False","0.04395","0.04395","-0.02636","-0.02636","0.00000","0.00000","-0.01759","-0.01759"
"980","IMN","2","2","analyzed","gate_rejected","raw_fallback","False","0.01973","0.01973","-0.00595","-0.00595","0.00000","0.00000","-0.01379","-0.01379"
"1482","IMO","1","1","analyzed","gate_rejected","raw_fallback","False","-0.35177","-0.35177","0.12734","0.12734","0.61749","0.61749","-0.39308","-0.39308"
"30","INA","2","2","analyzed","gate_rejected","raw_fallback","False","0.17476","0.17476","-0.06161","-0.06161","-0.00780","-0.00780","-0.10536","-0.10536"
"537","INH","3","3","analyzed","gate_rejected","raw_fallback","False","0.04694","0.04694","-0.04815","-0.04815","0.00000","0.00000","0.00122","0.00122"
"316","INI","1","1","analyzed","gate_rejected","raw_fallback","False","0.01050","0.01050","-0.00659","-0.00659","0.00000","0.00000","-0.00392","-0.00392"
"1900","INJ","51","49","analyzed","feasible","target_l2","True","-1.59835","-0.03905","0.29334","0.21897","1.79708","-0.00378","-0.49247","-0.17613"
"1958","INO","2","2","analyzed","gate_rejected","raw_fallback","False","0.15770","0.15770","-0.10266","-0.10266","0.02819","0.02819","-0.08327","-0.08327"
"1374","INR","6","6","analyzed","feasible","minimax_ratio","True","0.59133","0.57119","-0.07841","-0.06539","0.07752","0.06454","-0.59045","-0.57034"
"574","IRD","1","0","no_valid_locations","","","","","","","","","","",""
"177","ISL","1","1","analyzed","gate_rejected","raw_fallback","False","0.02117","0.02117","-0.01366","-0.01366","0.00000","0.00000","-0.00751","-0.00751"
"2271","ISO","1","1","analyzed","gate_rejected","raw_fallback","False","0.16796","0.16796","-0.13898","-0.13898","0.00000","0.00000","-0.02899","-0.02899"
"981","ITU","1","1","analyzed","gate_rejected","raw_fallback","False","0.00959","0.00959","-0.00446","-0.00446","0.00000","0.00000","-0.00515","-0.00515"
"1748","ITZ","7","6","analyzed","feasible","balanced_l2","True","0.60084","0.27829","-0.26198","-0.05081","-0.22615","-0.11576","-0.11279","-0.11172"
"321","IVG","1","1","analyzed","gate_rejected","raw_fallback","False","0.14855","0.14855","-0.05971","-0.05971","0.00000","0.00000","-0.08884","-0.08884"
"1739","IXA","1","1","analyzed","gate_rejected","raw_fallback","False","0.14340","0.14340","-0.09460","-0.09460","0.01245","0.01245","-0.06124","-0.06124"
"1616","IXL","1","1","analyzed","gate_rejected","raw_fallback","False","0.09019","0.09019","-0.04592","-0.04592","0.00000","0.00000","-0.04426","-0.04426"
"1695","IXT","1","1","analyzed","gate_rejected","raw_fallback","False","0.15929","0.15929","-0.05083","-0.05083","0.00000","0.00000","-0.10847","-0.10847"
"2272","IYA","1","1","analyzed","gate_rejected","raw_fallback","False","0.01974","0.01974","-0.01238","-0.01238","0.00000","0.00000","-0.00735","-0.00735"
"1731","IZC","1","1","analyzed","gate_rejected","raw_fallback","False","0.06118","0.06118","-0.04077","-0.04077","0.00000","0.00000","-0.02042","-0.02042"
"1744","IZO","1","1","analyzed","gate_rejected","raw_fallback","False","0.79990","0.79990","-0.38863","-0.38863","0.00364","0.00364","-0.41490","-0.41490"
"512","JAL","59","18","analyzed","feasible","minimax_ratio","True","0.36528","0.34358","-0.65693","-0.61791","1.80064","1.67455","-1.50910","-1.40022"
"610","JAP","339","339","analyzed","feasible","balanced_l2","True","-8.89636","0.00000","-0.52386","0.00000","9.34955","0.00000","0.06702","0.00000"
"1973","JAW","3","3","analyzed","feasible","target_l2","True","0.51280","0.39515","-0.20374","-0.14008","0.03963","-0.00006","-0.34872","-0.25502"
"270","JBL","2","2","analyzed","gate_rejected","raw_fallback","False","0.13460","0.13460","-0.03779","-0.03779","0.00000","0.00000","-0.09683","-0.09683"
"1895","JEV","1","1","analyzed","gate_rejected","raw_fallback","False","0.01535","0.01535","-0.00409","-0.00409","0.00000","0.00000","-0.01128","-0.01128"
"1345","JFN","4","4","analyzed","feasible","target_l2","True","0.16817","0.01085","-0.02956","-0.01089","0.01970","-0.00004","-0.15833","0.00009"
"1320","JHI","3","3","analyzed","feasible","improvement_l2","True","0.01640","0.01408","-0.01811","-0.01579","0.00276","0.00166","-0.00110","0.00004"
"982","JHT","1","1","analyzed","gate_rejected","raw_fallback","False","0.01471","0.01471","-0.00525","-0.00525","0.00000","0.00000","-0.00946","-0.00946"
"924","JIZ","1","1","analyzed","gate_rejected","raw_fallback","False","0.04843","0.04843","-0.02221","-0.02221","0.00000","0.00000","-0.02621","-0.02621"
"1327","JJK","2","2","analyzed","gate_rejected","raw_fallback","False","2.06428","2.06428","0.86916","0.86916","-1.52205","-1.52205","-1.41144","-1.41144"
"1929","JKR","15","13","analyzed","feasible","minimax_ratio","True","1.22305","1.20362","-0.12570","-0.12370","-0.45030","-0.44308","-0.64712","-0.63684"
"52","JLM","6","4","analyzed","gate_rejected","raw_fallback","False","0.23283","0.23283","-0.23024","-0.23024","0.21144","0.21144","-0.21408","-0.21408"
"1424","JLO","5","4","analyzed","gate_rejected","raw_fallback","False","-0.14434","-0.14434","0.03488","0.03488","0.00000","0.00000","0.10945","0.10945"
"1300","JLR","7","7","analyzed","feasible","target_l2","True","-2.54267","-1.10264","0.71511","0.37306","0.04025","-0.00046","1.78723","0.73004"
"1311","JLW","2","2","analyzed","gate_rejected","raw_fallback","False","-0.49267","-0.49267","-0.01743","-0.01743","0.01191","0.01191","0.49815","0.49815"
"1945","JLY","9","9","analyzed","feasible","minimax_ratio","True","0.46350","0.45652","0.24646","0.24275","0.08600","0.08471","-0.79608","-0.78397"
"1368","JMB","12","11","analyzed","feasible","minimax_ratio","True","0.38848","0.34656","0.17401","0.15523","0.24712","0.22045","-0.80965","-0.72224"
"1309","JNG","6","6","analyzed","feasible","improvement_l2","True","-0.19536","0.05691","-0.31086","-0.19253","-0.05246","0.00210","0.55852","0.13353"
"255","JNT","5","2","analyzed","gate_rejected","raw_fallback","False","0.01310","0.01310","0.00293","0.00293","0.00215","0.00215","-0.01819","-0.01819"
"2256","JOL","22","12","analyzed","feasible","minimax_ratio","True","0.13223","0.11488","-0.07949","-0.06529","0.14868","0.12543","-0.20145","-0.17502"
"1288","JPO","10","6","analyzed","feasible","absolute_l2","True","-0.07348","-0.04044","0.12623","0.09551","0.02499","0.01877","-0.07780","-0.07383"
"1240","JRN","3","3","analyzed","gate_rejected","raw_fallback","False","0.51371","0.51371","-0.19144","-0.19144","0.00000","0.00000","-0.32227","-0.32227"
"135","JRW","25","21","analyzed","feasible","improvement_l2","True","-0.16987","0.04212","-0.21542","-0.17006","1.40185","0.96321","-1.01677","-0.83527"
"798","JSI","1","1","analyzed","gate_rejected","raw_fallback","False","-0.01946","-0.01946","0.21807","0.21807","0.00000","0.00000","-0.19861","-0.19861"
"1913","JSK","2","2","analyzed","feasible","improvement_l2","True","0.08779","0.07457","-0.01684","0.00575","0.03300","0.01312","-0.10394","-0.09345"
"1314","JSL","4","4","analyzed","feasible","minimax_ratio","True","0.03514","0.03169","-0.01260","-0.01136","0.01745","0.01574","-0.04005","-0.03607"
"1852","JUL","3","3","analyzed","feasible","improvement_l2","True","1.10816","1.05827","-0.43648","-0.41934","0.01004","-0.00045","-0.68176","-0.63847"
"1908","JUR","4","4","analyzed","gate_rejected","raw_fallback","False","0.16663","0.16663","-0.02371","-0.02371","0.00000","0.00000","-0.14296","-0.14296"
"953","JUS","1","1","analyzed","gate_rejected","raw_fallback","False","0.02694","0.02694","-0.01124","-0.01124","0.00000","0.00000","-0.01570","-0.01570"
"1623","JUX","1","1","analyzed","gate_rejected","raw_fallback","False","0.22599","0.22599","-0.13335","-0.13335","0.00000","0.00000","-0.09264","-0.09264"
"1296","JWR","1","1","analyzed","gate_rejected","raw_fallback","False","-0.00596","-0.00596","0.01946","0.01946","0.00000","0.00000","-0.01351","-0.01351"
"2288","KAB","16","16","analyzed","gate_rejected","raw_fallback","False","-0.31408","-0.31408","-0.00099","-0.00099","0.00000","0.00000","0.31500","0.31500"
"414","KAI","1","1","analyzed","gate_rejected","raw_fallback","False","0.03480","0.03480","-0.02969","-0.02969","0.00000","0.00000","-0.00511","-0.00511"
"2122","KAL","1","1","analyzed","gate_rejected","raw_fallback","False","0.02346","0.02346","-0.02107","-0.02107","0.00000","0.00000","-0.00240","-0.00240"
"1442","KAM","2","2","analyzed","gate_rejected","raw_fallback","False","-0.00117","-0.00117","0.00119","0.00119","0.00000","0.00000","-0.00005","-0.00005"
"2305","KAN","4","3","analyzed","gate_rejected","raw_fallback","False","0.00152","0.00152","-0.25235","-0.25235","0.36655","0.36655","-0.11576","-0.11576"
"1764","KAQ","2","2","analyzed","gate_rejected","raw_fallback","False","0.37760","0.37760","-0.30417","-0.30417","0.00000","0.00000","-0.07342","-0.07342"
"31","KAR","33","26","analyzed","feasible","minimax_ratio","True","1.06947","0.98629","-0.82640","-0.76213","1.30375","1.20235","-1.54701","-1.42652"
"2036","KAS","4","4","analyzed","gate_rejected","raw_fallback","False","-0.08724","-0.08724","-0.06711","-0.06711","0.03480","0.03480","0.11950","0.11950"
"2013","KAU","1","1","analyzed","gate_rejected","raw_fallback","False","-0.09152","-0.09152","0.01859","0.01859","0.00000","0.00000","0.07293","0.07293"
"32","KBD","5","5","analyzed","feasible","minimax_ratio","True","0.39198","0.39188","-0.04414","-0.04413","-0.13512","-0.13509","-0.21275","-0.21267"
"2312","KBO","32","22","analyzed","feasible","minimax_ratio","True","0.12240","0.10303","-0.72893","-0.61351","0.10234","0.08614","0.50411","0.42434"
"2283","KBR","1","1","analyzed","gate_rejected","raw_fallback","False","-0.00436","-0.00436","0.00161","0.00161","0.00000","0.00000","0.00275","0.00275"
"2050","KCH","15","15","analyzed","feasible","minimax_ratio","True","-0.69279","-0.63756","-0.24234","-0.23927","0.02350","-0.02320","0.91159","0.90004"
"409","KCN","2","2","analyzed","gate_rejected","raw_fallback","False","0.14388","0.14388","-0.00781","-0.00781","0.00000","0.00000","-0.13607","-0.13607"
"405","KDA","2","0","no_valid_locations","","","","","","","","","","",""
"1274","KDU","2","2","analyzed","gate_rejected","raw_fallback","False","-0.17661","-0.17661","0.06390","0.06390","0.00186","0.00186","0.11083","0.11083"
"2100","KED","3","3","analyzed","gate_rejected","raw_fallback","False","0.03747","0.03747","0.00096","0.00096","0.02130","0.02130","-0.05974","-0.05974"
"319","KEE","2","2","analyzed","gate_rejected","raw_fallback","False","0.22782","0.22782","-0.09897","-0.09897","0.00000","0.00000","-0.12885","-0.12885"
"524","KEL","6","6","analyzed","feasible","target_l2","True","0.20467","0.15596","-0.02642","-0.00087","0.02102","-0.00037","-0.19929","-0.15472"
"179","KER","1","1","analyzed","gate_rejected","raw_fallback","False","0.22667","0.22667","-0.09900","-0.09900","0.00000","0.00000","-0.12767","-0.12767"
"2280","KET","1","1","analyzed","gate_rejected","raw_fallback","False","0.00941","0.00941","-0.00656","-0.00656","0.00000","0.00000","-0.00285","-0.00285"
"1363","KGR","2","2","analyzed","gate_rejected","raw_fallback","False","0.15099","0.15099","-0.03528","-0.03528","-0.00183","-0.00183","-0.11390","-0.11390"
"1021","KHD","16","6","analyzed","gate_rejected","raw_fallback","False","-0.11133","-0.11133","0.07118","0.07118","0.00000","0.00000","0.04018","0.04018"
"1934","KHF","3","3","analyzed","gate_rejected","raw_fallback","False","0.11201","0.11201","0.01229","0.01229","0.00000","0.00000","-0.12432","-0.12432"
"922","KHG","4","4","analyzed","gate_rejected","raw_fallback","False","0.41779","0.41779","-0.14289","-0.14289","0.00000","0.00000","-0.27487","-0.27487"
"2089","KHM","82","61","analyzed","feasible","improvement_l2","True","12.44576","10.53124","-1.18015","-0.48284","0.83768","-0.00800","-12.10393","-10.04040"
"1906","KHN","13","13","analyzed","gate_rejected","raw_fallback","False","0.50113","0.50113","-0.30808","-0.30808","0.00000","0.00000","-0.19306","-0.19306"
"1331","KHR","2","2","analyzed","feasible","absolute_l2","True","-0.09403","-0.04287","0.02194","0.00445","0.00852","0.00504","0.06349","0.03338"
"265","KHS","18","15","analyzed","feasible","improvement_l2","True","-0.33519","-0.09366","-0.05191","-0.01264","0.12298","-0.04938","0.26402","0.15568"
"1932","KHT","23","23","analyzed","gate_rejected","raw_fallback","False","0.15625","0.15625","-0.00734","-0.00734","0.00000","0.00000","-0.14895","-0.14895"
"1901","KHU","6","6","analyzed","feasible","improvement_l2","True","-0.01224","0.00066","0.07810","0.07759","0.22753","0.21070","-0.29338","-0.28895"
"1920","KHZ","6","4","analyzed","gate_rejected","raw_fallback","False","0.04654","0.04654","-0.03170","-0.03170","0.00000","0.00000","-0.01487","-0.01487"
"1761","KIC","4","3","analyzed","gate_rejected","raw_fallback","False","0.32555","0.32555","-0.24625","-0.24625","0.07138","0.07138","-0.15070","-0.15070"
"298","KID","3","3","analyzed","feasible","absolute_l2","True","0.09517","0.02161","-0.08698","0.00283","0.04100","-0.02248","-0.04919","-0.00196"
"1961","KIE","79","79","analyzed","feasible","balanced_l2","True","-5.69593","-2.59968","1.83408","0.92645","1.13798","0.64341","2.72324","1.02982"
"58","KIL","3","3","analyzed","gate_rejected","raw_fallback","False","0.16479","0.16479","0.00392","0.00392","0.00000","0.00000","-0.16876","-0.16876"
"1435","KIM","5","2","analyzed","gate_rejected","raw_fallback","False","0.01055","0.01055","-0.00100","-0.00100","0.00000","0.00000","-0.00955","-0.00955"
"406","KIP","1","0","no_valid_locations","","","","","","","","","","",""
"2243","KIR","2","2","analyzed","gate_rejected","raw_fallback","False","0.11421","0.11421","-0.05360","-0.05360","0.05905","0.05905","-0.11967","-0.11967"
"595","KIT","4","1","analyzed","gate_rejected","raw_fallback","False","0.00041","0.00041","-0.00054","-0.00054","0.00003","0.00003","0.00010","0.00010"
"1336","KJA","5","5","analyzed","feasible","improvement_l2","True","-0.12753","0.02994","-0.06282","-0.03749","0.02520","0.00017","0.16514","0.00738"
"1091","KKA","11","10","analyzed","feasible","minimax_ratio","True","-0.21433","-0.18846","0.18548","0.17366","0.09748","0.07906","-0.06863","-0.06426"
"123","KKE","3","2","analyzed","gate_rejected","raw_fallback","False","0.48580","0.48580","-0.32011","-0.32011","-0.01008","-0.01008","-0.15563","-0.15563"
"1382","KKG","2","2","analyzed","gate_rejected","raw_fallback","False","0.08398","0.08398","-0.01995","-0.01995","0.00000","0.00000","-0.06401","-0.06401"
"525","KKL","4","4","analyzed","feasible","minimax_ratio","True","-0.01400","-0.01139","0.01839","0.01812","0.12952","0.12525","-0.13393","-0.13198"
"263","KKR","6","6","analyzed","feasible","improvement_l2","True","0.14024","0.10312","-0.36216","-0.25414","0.03080","-0.01105","0.19108","0.16207"
"1921","KLA","2","2","analyzed","gate_rejected","raw_fallback","False","0.02784","0.02784","-0.01598","-0.01598","0.00000","0.00000","-0.01186","-0.01186"
"151","KLB","5","5","analyzed","feasible","minimax_ratio","True","0.09435","0.09206","0.00081","0.00079","0.43417","0.42365","-0.52936","-0.51650"
"1860","KLE","2","2","analyzed","gate_rejected","raw_fallback","False","0.50330","0.50330","-0.12173","-0.12173","0.00000","0.00000","-0.38160","-0.38160"
"1339","KLH","4","4","analyzed","feasible","minimax_ratio","True","-0.09194","-0.07502","-0.11084","-0.10680","0.05315","0.03767","0.14960","0.14414"
"1316","KLI","1","1","analyzed","gate_rejected","raw_fallback","False","0.17789","0.17789","-0.04865","-0.04865","0.00000","0.00000","-0.12925","-0.12925"
"2037","KLN","2","2","analyzed","gate_rejected","raw_fallback","False","-0.01597","-0.01597","-0.04783","-0.04783","0.00402","0.00402","0.05976","0.05976"
"522","KLR","4","4","analyzed","feasible","improvement_l2","True","0.18560","0.17964","-0.08180","-0.07927","0.00441","-0.00035","-0.10821","-0.10002"
"1406","KLS","1","1","analyzed","gate_rejected","raw_fallback","False","0.00713","0.00713","0.00157","0.00157","0.00000","0.00000","-0.00869","-0.00869"
"1270","KLT","2","2","analyzed","feasible","absolute_l2","True","0.24311","0.01188","0.06632","-0.00312","0.03199","-0.01416","-0.34144","0.00541"
"1358","KLU","2","2","analyzed","gate_rejected","raw_fallback","False","0.15767","0.15767","-0.03646","-0.03646","0.00000","0.00000","-0.12120","-0.12120"
"1919","KLW","4","4","analyzed","gate_rejected","raw_fallback","False","0.07038","0.07038","-0.00789","-0.00789","0.00000","0.00000","-0.06250","-0.06250"
"251","KMA","14","14","analyzed","feasible","minimax_ratio","True","0.52097","0.46446","-0.04053","-0.03596","0.22058","0.19665","-0.70121","-0.62514"
"1440","KML","1","1","analyzed","gate_rejected","raw_fallback","False","0.00382","0.00382","-0.00146","-0.00146","0.00000","0.00000","-0.00237","-0.00237"
"1812","KMM","3","3","analyzed","gate_rejected","raw_fallback","False","0.17724","0.17724","-0.07813","-0.07813","0.03472","0.03472","-0.13384","-0.13384"
"266","KMN","8","8","analyzed","feasible","absolute_l2","True","-0.46462","-0.02924","0.17557","0.02795","0.07574","0.05363","0.21324","-0.05234"
"2195","KMP","1","1","analyzed","gate_rejected","raw_fallback","False","0.43420","0.43420","-0.13230","-0.13230","-0.13974","-0.13974","-0.16218","-0.16218"
"87","KNA","3","3","analyzed","gate_rejected","raw_fallback","False","0.13072","0.13072","-0.21143","-0.21143","0.02834","0.02834","0.05236","0.05236"
"2260","KNG","1","1","analyzed","gate_rejected","raw_fallback","False","0.33128","0.33128","-0.13705","-0.13705","0.00722","0.00722","-0.20145","-0.20145"
"220","KNI","2","2","analyzed","feasible","improvement_l2","True","-0.00385","0.00014","-0.16701","-0.16659","0.26329","0.25761","-0.09246","-0.09116"
"1286","KNK","2","2","analyzed","feasible","balanced_l2","True","0.09148","0.07568","-0.05005","-0.04451","-0.00358","0.00058","-0.03785","-0.03175"
"1403","KNW","4","3","analyzed","gate_rejected","raw_fallback","False","0.04122","0.04122","-0.02611","-0.02611","0.00000","0.00000","-0.01512","-0.01512"
"2197","KNZ","1","1","analyzed","gate_rejected","raw_fallback","False","-0.08052","-0.08052","-0.03013","-0.03013","0.14619","0.14619","-0.03558","-0.03558"
"1848","KOL","8","8","analyzed","feasible","minimax_ratio","True","1.05394","0.71581","0.04875","0.04792","-0.35150","-0.02527","-0.75130","-0.73846"
"606","KOR","133","126","analyzed","feasible","improvement_l2","True","11.49803","11.42923","-1.90062","-0.01418","9.22249","4.84301","-18.82117","-16.25806"
"2060","KOS","9","8","analyzed","feasible","absolute_l2","True","-0.15344","-0.04683","-0.16453","-0.10697","0.03470","0.00558","0.28327","0.14822"
"1757","KOW","4","4","analyzed","feasible","improvement_l2","True","0.22425","0.19861","-0.15259","-0.13785","0.00118","-0.00004","-0.07284","-0.06072"
"1282","KPL","10","10","analyzed","feasible","improvement_l2","True","-0.21452","-0.14470","0.22930","0.18191","0.05944","-0.01000","-0.07437","-0.02721"
"33","KRD","18","13","analyzed","feasible","minimax_ratio","True","0.89468","0.71036","-0.06779","0.02196","0.78330","0.54625","-1.61032","-1.27857"
"1030","KRG","5","5","analyzed","feasible","improvement_l2","True","0.00472","-0.00002","0.07793","0.06816","0.04683","-0.00787","-0.12951","-0.06028"
"526","KRI","2","2","analyzed","gate_rejected","raw_fallback","False","0.14086","0.14086","-0.04396","-0.04396","0.00000","0.00000","-0.09690","-0.09690"
"88","KRK","3","3","analyzed","gate_rejected","raw_fallback","False","0.03877","0.03877","-0.05415","-0.05415","0.00000","0.00000","0.01537","0.01537"
"1899","KRM","30","30","analyzed","gate_rejected","raw_fallback","False","0.13599","0.13599","-0.08256","-0.08256","0.00000","0.00000","-0.05363","-0.05363"
"1380","KRP","8","7","analyzed","gate_rejected","raw_fallback","False","-0.00846","-0.00846","0.05955","0.05955","0.00000","0.00000","-0.05111","-0.05111"
"1902","KRT","33","33","analyzed","feasible","balanced_l2","True","0.48076","0.00000","-0.15297","0.00000","0.03510","0.00000","-0.36305","0.00000"
"1927","KSA","3","3","analyzed","gate_rejected","raw_fallback","False","0.08394","0.08394","0.02304","0.02304","0.00000","0.00000","-0.10700","-0.10700"
"1352","KSH","9","9","analyzed","gate_rejected","raw_fallback","False","-0.30542","-0.30542","-0.24669","-0.24669","0.43537","0.43537","0.11661","0.11661"
"1359","KSW","4","4","analyzed","feasible","improvement_l2","True","0.10192","0.05641","-0.06362","-0.06078","-0.03300","0.00419","-0.00533","0.00017"
"2125","KTG","2","2","analyzed","gate_rejected","raw_fallback","False","0.05109","0.05109","-0.01577","-0.01577","0.00100","0.00100","-0.03632","-0.03632"
"1362","KTL","1","1","analyzed","gate_rejected","raw_fallback","False","0.01394","0.01394","0.00559","0.00559","0.00806","0.00806","-0.02760","-0.02760"
"1273","KTN","1","1","analyzed","gate_rejected","raw_fallback","False","0.26349","0.26349","-0.04696","-0.04696","0.01244","0.01244","-0.22898","-0.22898"
"2306","KTS","4","4","analyzed","gate_rejected","raw_fallback","False","0.28869","0.28869","-0.18140","-0.18140","-0.03078","-0.03078","-0.07661","-0.07661"
"1944","KTT","4","4","analyzed","gate_rejected","raw_fallback","False","0.28385","0.28385","-0.00935","-0.00935","0.00000","0.00000","-0.27453","-0.27453"
"267","KTU","6","6","analyzed","gate_rejected","raw_fallback","False","-0.19351","-0.19351","0.07738","0.07738","0.02434","0.02434","0.09178","0.09178"
"523","KTW","3","3","analyzed","feasible","target_l2","True","0.08246","0.07269","-0.01088","-0.00464","0.00809","0.00070","-0.07967","-0.06875"
"1787","KTZ","2","2","analyzed","gate_rejected","raw_fallback","False","0.42677","0.42677","-0.15767","-0.15767","0.02825","0.02825","-0.29736","-0.29736"
"240","KUR","2","2","analyzed","gate_rejected","raw_fallback","False","-0.10507","-0.10507","0.03380","0.03380","0.00000","0.00000","0.07125","0.07125"
"463","KUS","4","4","analyzed","feasible","improvement_l2","True","0.93563","0.83502","-0.41439","-0.38297","-0.05289","-0.00060","-0.46839","-0.45145"
"1303","KUT","7","5","analyzed","feasible","target_l2","True","-2.06035","-1.05964","0.80300","0.68978","0.05735","-0.00422","1.19990","0.37408"
"1275","KYA","1","1","analyzed","gate_rejected","raw_fallback","False","0.27659","0.27659","0.00731","0.00731","0.01015","0.01015","-0.29407","-0.29407"
"2177","KYB","2","2","analyzed","gate_rejected","raw_fallback","False","0.17545","0.17545","-0.03574","-0.03574","-0.00274","-0.00274","-0.13699","-0.13699"
"2051","KZK","1","1","analyzed","gate_rejected","raw_fallback","False","-0.04538","-0.04538","-0.00627","-0.00627","0.00331","0.00331","0.04833","0.04833"
"1763","LAC","2","2","analyzed","gate_rejected","raw_fallback","False","1.17844","1.17844","-0.46335","-0.46335","-0.00063","-0.00063","-0.71448","-0.71448"
"983","LAL","3","2","analyzed","gate_rejected","raw_fallback","False","0.12249","0.12249","-0.05001","-0.05001","0.00054","0.00054","-0.07302","-0.07302"
"542","LAM","1","1","analyzed","gate_rejected","raw_fallback","False","0.01137","0.01137","-0.00062","-0.00062","0.00000","0.00000","-0.01075","-0.01075"
"308","LAN","7","5","analyzed","gate_rejected","raw_fallback","False","-0.07100","-0.07100","-0.01685","-0.01685","0.07079","0.07079","0.01702","0.01702"
"1814","LAU","1","1","analyzed","gate_rejected","raw_fallback","False","0.39961","0.39961","-0.05088","-0.05088","0.02893","0.02893","-0.37765","-0.37765"
"2094","LAV","9","8","analyzed","feasible","improvement_l2","True","0.80244","0.77390","-0.06852","-0.03656","0.06886","-0.00731","-0.80288","-0.73004"
"1774","LBB","1","1","analyzed","gate_rejected","raw_fallback","False","0.20895","0.20895","-0.09084","-0.09084","0.00000","0.00000","-0.11811","-0.11811"
"809","LBO","1","1","analyzed","gate_rejected","raw_fallback","False","-0.02415","-0.02415","0.15370","0.15370","0.00000","0.00000","-0.12954","-0.12954"
"2153","LBV","17","17","analyzed","gate_rejected","raw_fallback","False","0.81635","0.81635","0.00261","0.00261","0.16296","0.16296","-0.98205","-0.98205"
"1483","LCA","2","2","analyzed","feasible","target_l2","True","0.42235","0.40989","-0.21091","-0.20548","0.01166","-0.00110","-0.22311","-0.20331"
"1922","LCK","11","9","analyzed","feasible","minimax_ratio","True","-0.04907","0.04400","0.07078","0.06347","0.14250","0.03986","-0.16430","-0.14733"
"2169","LCU","1","1","analyzed","gate_rejected","raw_fallback","False","0.10163","0.10163","-0.02127","-0.02127","0.00735","0.00735","-0.08771","-0.08771"
"1954","LCZ","4","4","analyzed","gate_rejected","raw_fallback","False","0.05726","0.05726","-0.15379","-0.15379","0.01123","0.01123","0.08526","0.08526"
"2219","LDA","1","1","analyzed","gate_rejected","raw_fallback","False","0.17082","0.17082","-0.11897","-0.11897","0.06333","0.06333","-0.11522","-0.11522"
"317","LEI","1","1","analyzed","gate_rejected","raw_fallback","False","0.02146","0.02146","-0.01351","-0.01351","0.00000","0.00000","-0.00795","-0.00795"
"415","LEK","2","2","analyzed","gate_rejected","raw_fallback","False","-0.02470","-0.02470","0.05647","0.05647","0.00000","0.00000","-0.03176","-0.03176"
"2246","LEU","1","1","analyzed","gate_rejected","raw_fallback","False","0.10858","0.10858","-0.01950","-0.01950","0.01984","0.01984","-0.10894","-0.10894"
"1974","LGC","3","3","analyzed","feasible","minimax_ratio","True","-0.11996","-0.06205","-0.19844","-0.19712","0.28337","0.28148","0.03501","-0.02231"
"1377","LGE","2","2","analyzed","gate_rejected","raw_fallback","False","0.07331","0.07331","-0.06698","-0.06698","0.00000","0.00000","-0.00634","-0.00634"
"2099","LGK","9","9","analyzed","feasible","minimax_ratio","True","0.19520","0.17864","-0.00256","0.00241","0.01068","0.01004","-0.20332","-0.19108"
"847","LGQ","1","1","analyzed","gate_rejected","raw_fallback","False","-0.10049","-0.10049","0.53950","0.53950","0.00000","0.00000","-0.43900","-0.43900"
"904","LGT","8","8","analyzed","gate_rejected","raw_fallback","False","0.05833","0.05833","-0.00458","-0.00458","0.00000","0.00000","-0.05376","-0.05376"
"919","LGZ","2","2","analyzed","gate_rejected","raw_fallback","False","0.21949","0.21949","-0.03941","-0.03941","-0.09504","-0.09504","-0.08505","-0.08505"
"1946","LHJ","1","1","analyzed","gate_rejected","raw_fallback","False","0.04517","0.04517","0.00668","0.00668","0.00000","0.00000","-0.05186","-0.05186"
"1357","LHL","2","2","analyzed","feasible","improvement_l2","True","0.07173","0.06229","-0.04004","-0.03664","-0.00430","0.00081","-0.02741","-0.02647"
"2010","LHN","1","1","analyzed","gate_rejected","raw_fallback","False","-0.07749","-0.07749","0.02201","0.02201","0.00000","0.00000","0.05548","0.05548"
"2230","LIC","1","1","analyzed","gate_rejected","raw_fallback","False","0.07205","0.07205","-0.01290","-0.01290","0.00000","0.00000","-0.05917","-0.05917"
"1549","LIE","3","2","analyzed","gate_rejected","raw_fallback","False","0.43317","0.43317","0.17427","0.17427","0.51676","0.51676","-1.12426","-1.12426"
"2098","LIG","15","14","analyzed","feasible","target_l2","True","0.44397","0.35081","-0.07391","-0.06644","0.02680","-0.00080","-0.39691","-0.28356"
"1551","LIM","1","1","analyzed","gate_rejected","raw_fallback","False","0.12366","0.12366","-0.04866","-0.04866","0.02334","0.02334","-0.09836","-0.09836"
"862","LIN","4","4","analyzed","gate_rejected","raw_fallback","False","-0.06594","-0.06594","0.32184","0.32184","0.00000","0.00000","-0.25589","-0.25589"
"245","LIT","103","74","analyzed","feasible","improvement_l2","True","3.52495","3.50863","-0.17604","0.02691","1.13048","0.31726","-4.48003","-3.85281"
"233","LIV","30","24","analyzed","feasible","balanced_l2","True","-1.23657","-0.26615","0.19850","-0.01798","0.30396","-0.00426","0.73396","0.28840"
"934","LJG","8","6","analyzed","gate_rejected","raw_fallback","False","0.41311","0.41311","-0.05412","-0.05412","0.00000","0.00000","-0.35899","-0.35899"
"817","LLN","1","1","analyzed","gate_rejected","raw_fallback","False","-0.04395","-0.04395","0.31174","0.31174","0.00000","0.00000","-0.26778","-0.26778"
"801","LLS","7","7","analyzed","gate_rejected","raw_fallback","False","-0.04001","-0.04001","0.50605","0.50605","0.00000","0.00000","-0.46600","-0.46600"
"985","LLU","1","0","no_valid_locations","","","","","","","","","","",""
"933","LMN","9","9","analyzed","feasible","target_l2","True","0.41710","0.38731","-0.04416","-0.02899","0.00976","-0.00022","-0.38273","-0.35810"
"2093","LNA","21","19","analyzed","feasible","improvement_l2","True","1.06359","0.66730","-0.30900","-0.17622","0.13488","0.00226","-0.88967","-0.49334"
"889","LNG","17","2","analyzed","gate_rejected","raw_fallback","False","0.01529","0.01529","-0.03023","-0.03023","0.02983","0.02983","-0.01494","-0.01494"
"1389","LNK","1","1","analyzed","gate_rejected","raw_fallback","False","0.12166","0.12166","-0.00164","-0.00164","0.00000","0.00000","-0.12002","-0.12002"
"1845","LNN","1","1","analyzed","gate_rejected","raw_fallback","False","0.23528","0.23528","-0.07489","-0.07489","0.00000","0.00000","-0.16040","-0.16040"
"1436","LNO","3","3","analyzed","gate_rejected","raw_fallback","False","0.00299","0.00299","-0.00265","-0.00265","0.00000","0.00000","-0.00036","-0.00036"
"328","LOI","7","5","analyzed","gate_rejected","raw_fallback","False","0.03434","0.03434","-0.03299","-0.03299","0.00000","0.00000","-0.00139","-0.00139"
"1423","LOL","1","1","analyzed","gate_rejected","raw_fallback","False","0.02141","0.02141","-0.00172","-0.00172","0.00000","0.00000","-0.01969","-0.01969"
"1553","LOO","3","3","analyzed","feasible","improvement_l2","True","0.13971","0.04602","-0.06535","0.00255","0.03266","0.01544","-0.10706","-0.06401"
"1166","LOR","11","10","analyzed","feasible","target_l2","True","0.61407","0.47496","-0.15358","-0.14068","0.09932","0.00018","-0.55991","-0.33446"
"885","LPG","1","1","analyzed","gate_rejected","raw_fallback","False","-0.01044","-0.01044","0.08187","0.08187","0.00000","0.00000","-0.07141","-0.07141"
"1862","LPP","2","2","analyzed","feasible","absolute_l2","True","0.06408","0.05629","-0.03736","-0.03472","0.05322","0.05283","-0.07995","-0.07440"
"1418","LRT","2","2","analyzed","gate_rejected","raw_fallback","False","0.01439","0.01439","0.00549","0.00549","0.00000","0.00000","-0.01988","-0.01988"
"2176","LSA","1","1","analyzed","gate_rejected","raw_fallback","False","0.02481","0.02481","-0.00458","-0.00458","0.00318","0.00318","-0.02341","-0.02341"
"1923","LST","7","7","analyzed","gate_rejected","raw_fallback","False","0.24285","0.24285","0.06029","0.06029","0.00000","0.00000","-0.30317","-0.30317"
"910","LTN","3","3","analyzed","feasible","minimax_ratio","True","0.28987","0.28479","-0.09318","-0.09206","0.01251","0.01236","-0.20921","-0.20509"
"883","LTU","1","1","analyzed","gate_rejected","raw_fallback","False","-0.00724","-0.00724","0.06061","0.06061","0.00000","0.00000","-0.05338","-0.05338"
"1773","LUB","1","1","analyzed","gate_rejected","raw_fallback","False","-0.33021","-0.33021","-0.41301","-0.41301","0.88247","0.88247","-0.13927","-0.13927"
"1485","LUC","3","2","analyzed","gate_rejected","raw_fallback","False","0.85151","0.85151","-0.70334","-0.70334","1.39338","1.39338","-1.54162","-1.54162"
"1868","LUN","11","11","analyzed","feasible","improvement_l2","True","-0.10917","0.02109","-0.29242","-0.21688","1.00414","0.59739","-0.60271","-0.40160"
"74","LUP","3","3","analyzed","gate_rejected","raw_fallback","False","0.39969","0.39969","-0.23782","-0.23782","-0.04341","-0.04341","-0.11852","-0.11852"
"257","LUR","6","5","analyzed","gate_rejected","raw_fallback","False","0.12631","0.12631","-0.07582","-0.07582","0.00000","0.00000","-0.05048","-0.05048"
"1396","LUW","17","6","analyzed","gate_rejected","raw_fallback","False","-0.03467","-0.03467","0.01759","0.01759","0.00000","0.00000","0.01708","0.01708"
"1548","LUX","10","8","analyzed","feasible","improvement_l2","True","0.38656","0.37262","-0.24217","-0.19053","0.15625","0.02545","-0.30074","-0.20753"
"271","LWA","13","6","analyzed","feasible","improvement_l2","True","0.32841","0.26603","-0.29288","-0.26879","-0.01643","0.00064","-0.01911","0.00212"
"818","LXG","1","1","analyzed","gate_rejected","raw_fallback","False","-0.03954","-0.03954","0.29890","0.29890","0.00000","0.00000","-0.25937","-0.25937"
"880","LZI","3","3","analyzed","gate_rejected","raw_fallback","False","-0.04804","-0.04804","0.20643","0.20643","0.00000","0.00000","-0.15839","-0.15839"
"878","LZO","1","1","analyzed","gate_rejected","raw_fallback","False","-0.00436","-0.00436","0.03378","0.03378","0.00000","0.00000","-0.02941","-0.02941"
"1265","MAB","26","22","analyzed","feasible","improvement_l2","True","1.91876","1.80313","-3.89169","-3.81662","3.10762","2.40272","-1.13505","-0.38923"
"339","MAC","5","4","analyzed","feasible","target_l2","True","0.26058","0.21551","-0.11483","-0.07937","0.04676","-0.00071","-0.19252","-0.13544"
"1777","MAG","8","8","analyzed","feasible","minimax_ratio","True","1.03652","1.02971","-0.50174","-0.49844","0.14469","0.14374","-0.67962","-0.67501"
"986","MAH","1","1","analyzed","gate_rejected","raw_fallback","False","0.03365","0.03365","-0.01735","-0.01735","0.00162","0.00162","-0.01793","-0.01793"
"1788","MAI","7","6","analyzed","feasible","minimax_ratio","True","-0.00348","-0.00310","0.43272","0.38587","-0.13371","-0.11911","-0.29567","-0.26366"
"1365","MAJ","32","32","analyzed","gate_rejected","raw_fallback","False","7.22640","7.22640","2.86922","2.86922","0.85971","0.85971","-10.95583","-10.95583"
"1237","MAK","16","16","analyzed","feasible","minimax_ratio","True","1.00080","0.88484","-1.20174","-1.12396","0.22821","0.21344","-0.02745","0.02567"
"2289","MAL","21","21","analyzed","feasible","minimax_ratio","True","3.63775","3.55057","-2.48071","-2.42126","2.39267","2.33533","-3.54992","-3.46464"
"1137","MAM","143","53","analyzed","feasible","improvement_l2","True","0.48668","0.03709","0.83100","0.67683","4.85662","4.58750","-6.17547","-5.30142"
"1486","MAN","8","8","analyzed","feasible","absolute_l2","True","0.81684","0.72789","-0.05868","-0.03561","0.35274","0.27777","-1.11104","-0.97004"
"895","MAR","16","12","analyzed","gate_rejected","raw_fallback","False","-0.05836","-0.05836","-0.17667","-0.17667","-0.00630","-0.00630","0.24129","0.24129"
"1607","MAT","4","4","analyzed","feasible","improvement_l2","True","1.16161","1.10157","-0.55790","-0.54587","0.01249","0.00024","-0.61622","-0.55594"
"1330","MAU","1","1","analyzed","gate_rejected","raw_fallback","False","0.16160","0.16160","-0.03503","-0.03503","0.03167","0.03167","-0.15823","-0.15823"
"539","MBA","1","1","analyzed","gate_rejected","raw_fallback","False","0.09819","0.09819","-0.05638","-0.05638","0.00000","0.00000","-0.04182","-0.04182"
"578","MBD","1","0","no_valid_locations","","","","","","","","","","",""
"1534","MBT","1","1","analyzed","gate_rejected","raw_fallback","False","-0.01924","-0.01924","0.01246","0.01246","0.00000","0.00000","0.00678","0.00678"
"2160","MBZ","2","2","analyzed","gate_rejected","raw_fallback","False","0.35264","0.35264","-0.09799","-0.09799","0.00000","0.00000","-0.25469","-0.25469"
"1637","MCC","1","1","analyzed","gate_rejected","raw_fallback","False","0.04223","0.04223","-0.02192","-0.02192","0.00000","0.00000","-0.02031","-0.02031"
"915","MCI","2","1","analyzed","gate_rejected","raw_fallback","False","0.32395","0.32395","-0.12526","-0.12526","0.04487","0.04487","-0.24354","-0.24354"
"303","MCM","4","4","analyzed","gate_rejected","raw_fallback","False","0.38238","0.38238","-0.18789","-0.18789","0.00000","0.00000","-0.19446","-0.19446"
"150","MDA","12","12","analyzed","feasible","improvement_l2","True","-0.04713","0.00635","0.08498","0.06776","0.20285","0.07530","-0.24077","-0.14941"
"1232","MDI","1","1","analyzed","gate_rejected","raw_fallback","False","0.29721","0.29721","-0.40846","-0.40846","0.42169","0.42169","-0.31047","-0.31047"
"1199","MDM","2","2","analyzed","gate_rejected","raw_fallback","False","-0.14517","-0.14517","0.38292","0.38292","0.01066","0.01066","-0.24845","-0.24845"
"1781","MDN","1","1","analyzed","gate_rejected","raw_fallback","False","0.38218","0.38218","-0.11043","-0.11043","0.01702","0.01702","-0.28877","-0.28877"
"2218","MDS","1","1","analyzed","gate_rejected","raw_fallback","False","0.09303","0.09303","-0.09495","-0.09495","-0.00593","-0.00593","0.00783","0.00783"
"1431","MDY","8","8","analyzed","gate_rejected","raw_fallback","False","0.25029","0.25029","-0.13586","-0.13586","0.00000","0.00000","-0.11445","-0.11445"
"137","MEC","22","19","analyzed","feasible","minimax_ratio","True","0.93928","0.90109","-0.16124","-0.13623","0.65820","0.61318","-1.43644","-1.37804"
"1215","MED","6","6","analyzed","gate_rejected","raw_fallback","False","-0.11077","-0.11077","-0.00077","-0.00077","0.00000","0.00000","0.11150","0.11150"
"1797","MEI","14","14","analyzed","feasible","minimax_ratio","True","0.09580","0.09027","-0.41191","-0.38814","0.96053","0.90162","-0.64449","-0.60375"
"2194","MEM","1","1","analyzed","gate_rejected","raw_fallback","False","0.00784","0.00784","-0.02605","-0.02605","0.04091","0.04091","-0.02272","-0.02272"
"34","MEN","8","7","analyzed","feasible","minimax_ratio","True","0.27698","0.24330","-0.04879","-0.02791","0.27144","0.22355","-0.49970","-0.43893"
"1602","MET","4","4","analyzed","feasible","improvement_l2","True","0.94669","0.87978","-0.61165","-0.58247","0.00530","-0.00039","-0.34033","-0.29692"
"1298","MEW","6","6","analyzed","gate_rejected","raw_fallback","False","-2.38623","-2.38623","0.59476","0.59476","0.05463","0.05463","1.73671","1.73671"
"1487","MFA","3","3","analyzed","feasible","target_l2","True","0.86455","0.67088","-0.23024","-0.14570","0.06449","0.00069","-0.69884","-0.52587"
"1820","MFE","1","1","analyzed","gate_rejected","raw_fallback","False","0.65634","0.65634","-0.19832","-0.19832","0.04408","0.04408","-0.50211","-0.50211"
"2161","MFK","1","1","analyzed","gate_rejected","raw_fallback","False","0.08136","0.08136","-0.01878","-0.01878","0.00000","0.00000","-0.06259","-0.06259"
"1434","MGD","5","3","analyzed","gate_rejected","raw_fallback","False","0.01429","0.01429","-0.00536","-0.00536","0.00000","0.00000","-0.00893","-0.00893"
"901","MGG","5","5","analyzed","gate_rejected","raw_fallback","False","-0.02011","-0.02011","0.01233","0.01233","0.00000","0.00000","0.00774","0.00774"
"786","MGK","4","3","analyzed","gate_rejected","raw_fallback","False","-0.06688","-0.06688","0.30316","0.30316","0.00000","0.00000","-0.23626","-0.23626"
"783","MGN","3","2","analyzed","gate_rejected","raw_fallback","False","-0.03366","-0.03366","0.21551","0.21551","0.00000","0.00000","-0.18184","-0.18184"
"2121","MGT","3","3","analyzed","gate_rejected","raw_fallback","False","0.11267","0.11267","0.02350","0.02350","0.00000","0.00000","-0.13617","-0.13617"
"784","MHA","3","3","analyzed","gate_rejected","raw_fallback","False","-0.05905","-0.05905","0.17425","0.17425","0.03798","0.03798","-0.15317","-0.15317"
"1709","MHC","1","1","analyzed","gate_rejected","raw_fallback","False","0.03059","0.03059","-0.01273","-0.01273","0.00000","0.00000","-0.01786","-0.01786"
"780","MHK","3","3","analyzed","gate_rejected","raw_fallback","False","-0.04041","-0.04041","0.18409","0.18409","0.00000","0.00000","-0.14367","-0.14367"
"573","MHL","1","0","no_valid_locations","","","","","","","","","","",""
"781","MHN","3","3","analyzed","gate_rejected","raw_fallback","False","-0.06961","-0.06961","0.43764","0.43764","0.00000","0.00000","-0.36799","-0.36799"
"1629","MHT","1","1","analyzed","gate_rejected","raw_fallback","False","0.04173","0.04173","-0.02334","-0.02334","0.00000","0.00000","-0.01840","-0.01840"
"808","MHU","3","1","analyzed","gate_rejected","raw_fallback","False","0.00000","0.00000","0.18461","0.18461","0.00000","0.00000","-0.18460","-0.18460"
"987","MIC","1","0","no_valid_locations","","","","","","","","","","",""
"1172","MIE","9","9","analyzed","feasible","improvement_l2","True","-0.46436","-0.20722","0.03124","-0.01458","0.20256","0.09419","0.23045","0.12761"
"1905","MIH","23","23","analyzed","feasible","improvement_l2","True","0.46578","0.40391","-0.50930","-0.42763","0.28187","0.07641","-0.23855","-0.05269"
"1653","MIT","2","2","analyzed","gate_rejected","raw_fallback","False","0.03183","0.03183","-0.02200","-0.02200","-0.00324","-0.00324","-0.00657","-0.00657"
"1620","MIX","8","8","analyzed","feasible","improvement_l2","True","0.62430","0.55539","-0.57287","-0.55810","-0.00240","-0.00002","-0.04906","0.00273"
"1343","MJU","3","3","analyzed","feasible","improvement_l2","True","0.13888","0.08908","-0.01563","0.00711","0.01290","0.00528","-0.13617","-0.10147"
"2114","MKA","5","5","analyzed","gate_rejected","raw_fallback","False","0.29108","0.29108","-0.05713","-0.05713","0.00000","0.00000","-0.23393","-0.23393"
"1402","MKG","1","1","analyzed","gate_rejected","raw_fallback","False","0.00690","0.00690","-0.00044","-0.00044","0.00000","0.00000","-0.00646","-0.00646"
"1807","MKL","9","9","analyzed","feasible","improvement_l2","True","-0.14061","0.01069","-0.13934","-0.07713","0.39768","0.04292","-0.11791","0.02352"
"2116","MKN","3","3","analyzed","gate_rejected","raw_fallback","False","0.29513","0.29513","0.00310","0.00310","0.00000","0.00000","-0.29825","-0.29825"
"1916","MKR","16","16","analyzed","feasible","minimax_ratio","True","0.19317","0.16390","0.03104","0.02634","0.02311","0.01961","-0.24746","-0.20984"
"527","MKW","1","1","analyzed","gate_rejected","raw_fallback","False","0.02661","0.02661","-0.00272","-0.00272","0.00000","0.00000","-0.02389","-0.02389"
"2134","MLB","2","2","analyzed","gate_rejected","raw_fallback","False","0.15494","0.15494","-0.01618","-0.01618","0.00067","0.00067","-0.13945","-0.13945"
"797","MLE","1","1","analyzed","gate_rejected","raw_fallback","False","-0.01415","-0.01415","0.12003","0.12003","0.00000","0.00000","-0.10588","-0.10588"
"816","MLG","1","1","analyzed","gate_rejected","raw_fallback","False","-0.02835","-0.02835","0.17053","0.17053","0.00000","0.00000","-0.14217","-0.14217"
"1829","MLH","1","1","analyzed","gate_rejected","raw_fallback","False","0.31439","0.31439","-0.05949","-0.05949","0.00502","0.00502","-0.25994","-0.25994"
"536","MLI","1","1","analyzed","gate_rejected","raw_fallback","False","-0.05234","-0.05234","0.00021","0.00021","0.00000","0.00000","0.05213","0.05213"
"2011","MLK","1","1","analyzed","gate_rejected","raw_fallback","False","-0.09007","-0.09007","0.02175","0.02175","0.00000","0.00000","0.06832","0.06832"
"1257","MLL","9","9","analyzed","feasible","improvement_l2","True","0.16580","0.03725","-0.34650","-0.27495","1.39564","1.38420","-1.21505","-1.14650"
"2126","MLM","4","3","analyzed","gate_rejected","raw_fallback","False","-0.00091","-0.00091","0.07768","0.07768","0.00000","0.00000","-0.07676","-0.07676"
"1608","MLN","1","1","analyzed","gate_rejected","raw_fallback","False","0.05083","0.05083","-0.02746","-0.02746","0.00000","0.00000","-0.02337","-0.02337"
"1488","MLO","29","23","analyzed","feasible","minimax_ratio","True","-0.25240","-0.24077","0.03645","0.03484","0.89451","0.85489","-0.67903","-0.64895"
"77","MLT","1","1","analyzed","gate_rejected","raw_fallback","False","0.00044","0.00044","-0.00036","-0.00036","0.00001","0.00001","-0.00010","-0.00010"
"779","MMA","13","8","analyzed","feasible","minimax_ratio","True","0.10635","0.10395","0.50511","0.49371","0.04536","0.04431","-0.65679","-0.64196"
"1765","MMM","3","2","analyzed","feasible","absolute_l2","True","0.31526","0.27420","-0.17319","-0.14138","0.01155","0.00284","-0.15364","-0.13566"
"1430","MNA","1","1","analyzed","gate_rejected","raw_fallback","False","0.14749","0.14749","-0.17145","-0.17145","0.21981","0.21981","-0.19588","-0.19588"
"1489","MND","1","1","analyzed","gate_rejected","raw_fallback","False","0.08123","0.08123","-0.01463","-0.01463","0.00000","0.00000","-0.06661","-0.06661"
"2120","MNI","5","5","analyzed","gate_rejected","raw_fallback","False","0.25925","0.25925","0.01063","0.01063","0.00000","0.00000","-0.26987","-0.26987"
"2136","MNJ","3","2","analyzed","gate_rejected","raw_fallback","False","0.11615","0.11615","-0.03043","-0.03043","0.00000","0.00000","-0.08575","-0.08575"
"900","MNL","7","7","analyzed","feasible","minimax_ratio","True","0.10367","0.10233","-0.10017","-0.09887","0.12572","0.11045","-0.12928","-0.11390"
"353","MNN","1","1","analyzed","gate_rejected","raw_fallback","False","0.13132","0.13132","-0.07821","-0.07821","0.00000","0.00000","-0.05312","-0.05312"
"1386","MNU","8","5","analyzed","feasible","target_l2","True","0.32123","0.21607","-0.10843","-0.00356","0.00499","-0.00036","-0.21779","-0.21216"
"920","MNZ","6","6","analyzed","feasible","improvement_l2","True","0.92227","0.71234","-0.29789","-0.29688","-0.18568","0.00388","-0.43877","-0.41934"
"2061","MOG","3","3","analyzed","gate_rejected","raw_fallback","False","-0.02696","-0.02696","-0.04300","-0.04300","-0.01115","-0.01115","0.08112","0.08112"
"1536","MOM","7","5","analyzed","gate_rejected","raw_fallback","False","-0.02764","-0.02764","-0.02223","-0.02223","0.00000","0.00000","0.04985","0.04985"
"1185","MON","1","1","analyzed","gate_rejected","raw_fallback","False","0.05498","0.05498","-0.01440","-0.01440","0.00000","0.00000","-0.04059","-0.04059"
"1425","MOO","2","2","analyzed","gate_rejected","raw_fallback","False","0.00814","0.00814","-0.00811","-0.00811","0.00000","0.00000","-0.00002","-0.00002"
"1576","MOR","90","90","analyzed","feasible","improvement_l2","True","3.72109","0.92345","-2.36419","0.18182","1.28184","0.02748","-2.63938","-1.13275"
"2025","MOS","26","25","analyzed","feasible","minimax_ratio","True","-0.41017","0.30682","-0.79022","-0.76548","0.36334","-0.35196","0.83682","0.81062"
"1195","MOU","1","1","analyzed","gate_rejected","raw_fallback","False","0.09612","0.09612","-0.04889","-0.04889","0.00000","0.00000","-0.04724","-0.04724"
"355","MOY","4","2","analyzed","gate_rejected","raw_fallback","False","-0.12478","-0.12478","0.12031","0.12031","0.01701","0.01701","-0.01256","-0.01256"
"554","MOZ","1","1","analyzed","gate_rejected","raw_fallback","False","0.00408","0.00408","-0.00477","-0.00477","0.00000","0.00000","0.00069","0.00069"
"1532","MPE","6","6","analyzed","gate_rejected","raw_fallback","False","-0.00694","-0.00694","-0.12350","-0.12350","0.00000","0.00000","0.13044","0.13044"
"2258","MPR","2","2","analyzed","gate_rejected","raw_fallback","False","0.14933","0.14933","-0.03983","-0.03983","0.00000","0.00000","-0.10949","-0.10949"
"1821","MRB","1","1","analyzed","gate_rejected","raw_fallback","False","0.08206","0.08206","-0.02374","-0.02374","0.00000","0.00000","-0.05834","-0.05834"
"1201","MRC","4","3","analyzed","feasible","target_l2","True","0.31004","0.26524","-0.10096","-0.09257","0.00538","-0.00041","-0.21451","-0.17225"
"988","MRE","3","0","no_valid_locations","","","","","","","","","","",""
"147","MRH","1","1","analyzed","gate_rejected","raw_fallback","False","0.01516","0.01516","0.00196","0.00196","0.00000","0.00000","-0.01712","-0.01712"
"2059","MRM","7","7","analyzed","feasible","target_l2","True","-0.12802","-0.03943","-0.13734","-0.05673","-0.00950","0.00005","0.27482","0.09612"
"1404","MRN","1","1","analyzed","gate_rejected","raw_fallback","False","0.00541","0.00541","0.00187","0.00187","0.00000","0.00000","-0.00728","-0.00728"
"1381","MRP","14","7","analyzed","gate_rejected","raw_fallback","False","0.04594","0.04594","0.03747","0.03747","0.00000","0.00000","-0.08344","-0.08344"
"1859","MRS","1","1","analyzed","gate_rejected","raw_fallback","False","0.03284","0.03284","-0.01103","-0.01103","0.00000","0.00000","-0.02182","-0.02182"
"1169","MRT","1","1","analyzed","gate_rejected","raw_fallback","False","0.05475","0.05475","-0.01361","-0.01361","0.00379","0.00379","-0.04494","-0.04494"
"1933","MRV","1","1","analyzed","gate_rejected","raw_fallback","False","0.23967","0.23967","-0.08500","-0.08500","-0.07789","-0.07789","-0.07677","-0.07677"
"1312","MRW","3","3","analyzed","gate_rejected","raw_fallback","False","-0.07445","-0.07445","-0.00827","-0.00827","0.01776","0.01776","0.06496","0.06496"
"2190","MSB","1","1","analyzed","gate_rejected","raw_fallback","False","0.04128","0.04128","-0.00998","-0.00998","0.00117","0.00117","-0.03247","-0.03247"
"1283","MSN","20","20","analyzed","feasible","balanced_l2","True","-1.27974","-0.04203","-0.58065","-0.39465","0.39292","0.00350","1.46723","0.43318"
"1491","MSO","1","1","analyzed","gate_rejected","raw_fallback","False","0.23538","0.23538","-0.04561","-0.04561","0.00000","0.00000","-0.18978","-0.18978"
"1492","MSP","3","2","analyzed","gate_rejected","raw_fallback","False","0.31033","0.31033","-0.02019","-0.02019","0.00000","0.00000","-0.29016","-0.29016"
"1967","MSV","12","12","analyzed","feasible","balanced_l2","True","-0.21377","0.00096","0.08370","0.00671","0.06669","-0.00014","0.06328","-0.00752"
"1493","MTA","1","1","analyzed","gate_rejected","raw_fallback","False","0.27275","0.27275","-0.28023","-0.28023","0.43049","0.43049","-0.42301","-0.42301"
"1190","MTB","1","1","analyzed","gate_rejected","raw_fallback","False","0.04002","0.04002","-0.00827","-0.00827","0.00652","0.00652","-0.03828","-0.03828"
"782","MTG","1","1","analyzed","gate_rejected","raw_fallback","False","-0.00449","-0.00449","0.02340","0.02340","0.00000","0.00000","-0.01891","-0.01891"
"571","MTO","1","0","no_valid_locations","","","","","","","","","","",""
"211","MTR","1","1","analyzed","gate_rejected","raw_fallback","False","-0.00078","-0.00078","0.00868","0.00868","0.00719","0.00719","-0.01510","-0.01510"
"1193","MTZ","5","5","analyzed","feasible","minimax_ratio","True","0.50488","0.49349","-0.45733","-0.44695","0.11626","0.11364","-0.16387","-0.16017"
"2110","MUA","15","11","analyzed","feasible","target_l2","True","0.72187","0.62939","-0.22845","-0.22404","0.05851","-0.00036","-0.55196","-0.40499"
"989","MUH","1","0","no_valid_locations","","","","","","","","","","",""
"2009","MUI","1","1","analyzed","gate_rejected","raw_fallback","False","-0.20346","-0.20346","0.04360","0.04360","0.00000","0.00000","0.15985","0.15985"
"2229","MUL","1","1","analyzed","gate_rejected","raw_fallback","False","0.04551","0.04551","0.00495","0.00495","0.06501","0.06501","-0.11550","-0.11550"
"1867","MUN","9","9","analyzed","feasible","absolute_l2","True","0.58722","0.57475","-0.66390","-0.64546","0.64857","0.35106","-0.57200","-0.28035"
"2227","MUR","1","1","analyzed","gate_rejected","raw_fallback","False","0.38206","0.38206","-0.12420","-0.12420","0.00000","0.00000","-0.25786","-0.25786"
"54","MUS","1","1","analyzed","gate_rejected","raw_fallback","False","0.11590","0.11590","-0.05108","-0.05108","-0.00674","-0.00674","-0.05810","-0.05810"
"142","MUT","10","10","analyzed","gate_rejected","raw_fallback","False","0.24456","0.24456","0.07237","0.07237","0.00000","0.00000","-0.31691","-0.31691"
"2148","MVA","16","16","analyzed","feasible","absolute_l2","True","1.35341","1.20067","-0.86908","-0.76793","0.53698","0.33853","-1.02149","-0.77127"
"785","MWO","2","0","no_valid_locations","","","","","","","","","","",""
"1650","MXT","1","1","analyzed","gate_rejected","raw_fallback","False","0.01719","0.01719","-0.00904","-0.00904","0.00000","0.00000","-0.00815","-0.00815"
"2113","MYA","3","3","analyzed","gate_rejected","raw_fallback","False","0.05666","0.05666","-0.00488","-0.00488","0.00000","0.00000","-0.05179","-0.05179"
"1427","MYI","6","3","analyzed","gate_rejected","raw_fallback","False","0.03637","0.03637","0.00207","0.00207","0.00000","0.00000","-0.03846","-0.03846"
"107","MYM","2","1","analyzed","gate_rejected","raw_fallback","False","0.04056","0.04056","-0.03016","-0.03016","-0.00042","-0.00042","-0.00999","-0.00999"
"332","MYO","3","3","analyzed","gate_rejected","raw_fallback","False","0.05123","0.05123","-0.02854","-0.02854","0.00000","0.00000","-0.02267","-0.02267"
"1578","MZB","4","4","analyzed","gate_rejected","raw_fallback","False","0.14219","0.14219","-0.03663","-0.03663","0.00000","0.00000","-0.10559","-0.10559"
"1898","MZF","27","27","analyzed","feasible","improvement_l2","True","0.68146","0.30027","-0.15231","0.00589","0.18405","0.01263","-0.71352","-0.31878"
"53","MZJ","1","1","analyzed","gate_rejected","raw_fallback","False","0.04985","0.04985","-0.01615","-0.01615","0.00014","0.00014","-0.03384","-0.03384"
"209","MZK","1","1","analyzed","gate_rejected","raw_fallback","False","0.00632","0.00632","-0.00190","-0.00190","0.00000","0.00000","-0.00443","-0.00443"
"1914","MZN","6","6","analyzed","feasible","minimax_ratio","True","0.11373","0.10887","-0.00134","-0.00013","0.01396","0.01228","-0.12642","-0.12102"
"1633","MZT","1","1","analyzed","gate_rejected","raw_fallback","False","0.16222","0.16222","-0.06121","-0.06121","0.00000","0.00000","-0.10102","-0.10102"
"1346","NAG","1","1","analyzed","gate_rejected","raw_fallback","False","0.02079","0.02079","-0.01424","-0.01424","0.00000","0.00000","-0.00657","-0.00657"
"991","NAL","1","0","no_valid_locations","","","","","","","","","","",""
"1552","NAM","1","0","no_valid_locations","","","","","","","","","","",""
"1494","NAP","65","62","analyzed","feasible","improvement_l2","True","-1.20547","0.29418","0.32217","0.01310","6.99235","4.40233","-6.10994","-4.70961"
"1258","NAV","10","10","analyzed","gate_rejected","raw_fallback","False","0.78868","0.78868","0.28361","0.28361","0.61922","0.61922","-1.69162","-1.69162"
"201","NAX","3","3","analyzed","feasible","target_l2","True","0.07255","0.05938","-0.07295","-0.05604","0.04461","-0.00022","-0.04425","-0.00312"
"909","NBH","8","8","analyzed","gate_rejected","raw_fallback","False","0.68881","0.68881","-0.22291","-0.22291","0.00000","0.00000","-0.46588","-0.46588"
"906","NCN","8","8","analyzed","gate_rejected","raw_fallback","False","0.13427","0.13427","-0.01049","-0.01049","0.00000","0.00000","-0.12385","-0.12385"
"866","NDN","3","3","analyzed","gate_rejected","raw_fallback","False","-0.03162","-0.03162","0.19655","0.19655","0.00000","0.00000","-0.16491","-0.16491"
"222","NEG","5","5","analyzed","feasible","improvement_l2","True","-0.05329","-0.04972","0.01425","0.01337","0.04144","0.03650","-0.00243","-0.00016"
"2244","NEL","1","1","analyzed","gate_rejected","raw_fallback","False","0.04131","0.04131","-0.01526","-0.01526","0.02133","0.02133","-0.04739","-0.04739"
"992","NEM","1","0","no_valid_locations","","","","","","","","","","",""
"217","NEO","2","2","analyzed","feasible","minimax_ratio","True","0.06354","0.03320","-0.02247","-0.01006","0.00631","-0.00330","-0.04740","-0.01984"
"2174","NEU","1","1","analyzed","gate_rejected","raw_fallback","False","0.03088","0.03088","-0.00563","-0.00563","0.00366","0.00366","-0.02892","-0.02892"
"1156","NEV","6","6","analyzed","feasible","minimax_ratio","True","0.66875","0.66293","-0.18901","-0.18736","0.03711","0.03679","-0.51694","-0.51235"
"955","NEY","1","1","analyzed","gate_rejected","raw_fallback","False","0.04963","0.04963","-0.00841","-0.00841","0.00000","0.00000","-0.04122","-0.04122"
"1936","NGD","15","14","analyzed","feasible","minimax_ratio","True","0.45331","0.42692","-0.61737","-0.58143","0.85334","0.40563","-0.68937","-0.25112"
"1416","NGL","1","1","analyzed","gate_rejected","raw_fallback","False","0.34138","0.34138","-0.05009","-0.05009","0.00000","0.00000","-0.29130","-0.29130"
"800","NGZ","4","4","analyzed","gate_rejected","raw_fallback","False","-0.13392","-0.13392","0.28125","0.28125","0.00000","0.00000","-0.14732","-0.14732"
"1828","NHS","1","1","analyzed","gate_rejected","raw_fallback","False","0.06663","0.06663","-0.01533","-0.01533","0.00217","0.00217","-0.05348","-0.05348"
"1893","NID","1","1","analyzed","gate_rejected","raw_fallback","False","0.02430","0.02430","-0.00791","-0.00791","0.00000","0.00000","-0.01641","-0.01641"
"1875","NIE","1","1","analyzed","gate_rejected","raw_fallback","False","0.07347","0.07347","-0.02079","-0.02079","0.00520","0.00520","-0.05790","-0.05790"
"863","NLG","5","5","analyzed","gate_rejected","raw_fallback","False","0.17679","0.17679","0.08707","0.08707","0.01359","0.01359","-0.27741","-0.27741"
"790","NLU","2","2","analyzed","gate_rejected","raw_fallback","False","-0.03345","-0.03345","0.16513","0.16513","0.00000","0.00000","-0.13168","-0.13168"
"1822","NMB","1","1","analyzed","gate_rejected","raw_fallback","False","0.02607","0.02607","-0.00908","-0.00908","0.00262","0.00262","-0.01961","-0.01961"
"1988","NMD","1","1","analyzed","gate_rejected","raw_fallback","False","0.01792","0.01792","-0.01464","-0.01464","0.03570","0.03570","-0.03898","-0.03898"
"1986","NMS","1","1","analyzed","gate_rejected","raw_fallback","False","0.01953","0.01953","-0.01438","-0.01438","0.03289","0.03289","-0.03805","-0.03805"
"1628","NND","1","1","analyzed","gate_rejected","raw_fallback","False","0.60696","0.60696","-0.30585","-0.30585","-0.18844","-0.18844","-0.11268","-0.11268"
"795","NNN","1","1","analyzed","gate_rejected","raw_fallback","False","-0.02080","-0.02080","0.19259","0.19259","0.00000","0.00000","-0.17179","-0.17179"
"6","NOR","119","97","analyzed","feasible","balanced_l2","True","0.74321","0.00000","-0.39676","0.00000","0.51979","0.00000","-0.86663","0.00000"
"2020","NOV","171","110","analyzed","feasible","minimax_ratio","True","-5.49001","-5.48842","-0.90538","-0.90521","1.09245","1.09225","5.30236","5.30138"
"824","NPG","1","1","analyzed","gate_rejected","raw_fallback","False","0.06732","0.06732","-0.02114","-0.02114","0.00000","0.00000","-0.04618","-0.04618"
"1241","NQS","1","1","analyzed","gate_rejected","raw_fallback","False","0.17726","0.17726","-0.06637","-0.06637","0.00000","0.00000","-0.11088","-0.11088"
"1157","NRB","1","1","analyzed","gate_rejected","raw_fallback","False","0.19389","0.19389","0.04480","0.04480","0.06818","0.06818","-0.30693","-0.30693"
"2281","NRI","9","8","analyzed","feasible","improvement_l2","True","1.54827","1.53681","-0.25696","-0.21911","0.02682","-0.00034","-1.31814","-1.31736"
"1969","NRK","11","11","analyzed","feasible","minimax_ratio","True","-0.24509","-0.14503","0.06626","0.05693","0.04477","0.03847","0.13398","0.04963"
"1158","NRM","21","21","analyzed","feasible","improvement_l2","True","0.51680","0.47963","0.04522","0.00250","0.09871","0.00778","-0.66107","-0.48991"
"993","NRO","2","0","no_valid_locations","","","","","","","","","","",""
"1364","NRP","2","2","analyzed","gate_rejected","raw_fallback","False","-0.01200","-0.01200","0.00391","0.00391","0.00954","0.00954","-0.00145","-0.00145"
"1335","NRS","1","1","analyzed","gate_rejected","raw_fallback","False","0.17363","0.17363","-0.00925","-0.00925","0.00381","0.00381","-0.16821","-0.16821"
"1783","NSH","1","1","analyzed","gate_rejected","raw_fallback","False","0.21661","0.21661","-0.07204","-0.07204","0.00000","0.00000","-0.14458","-0.14458"
"1891","NSI","1","1","analyzed","gate_rejected","raw_fallback","False","0.10796","0.10796","-0.03842","-0.03842","0.01007","0.01007","-0.07961","-0.07961"
"2049","NSL","12","12","analyzed","feasible","minimax_ratio","True","-0.63317","-0.55609","-0.15319","-0.14465","0.02208","-0.02085","0.76418","0.72159"
"1379","NSR","13","8","analyzed","feasible","improvement_l2","True","-0.28404","-0.04191","0.11217","0.06258","0.10051","-0.00085","0.07134","-0.01982"
"1784","NSS","2","2","analyzed","gate_rejected","raw_fallback","False","0.14764","0.14764","-0.17142","-0.17142","0.01881","0.01881","0.00497","0.00497"
"1531","NSU","2","2","analyzed","gate_rejected","raw_fallback","False","-0.10987","-0.10987","0.04042","0.04042","0.00000","0.00000","0.06944","0.06944"
"1890","NSW","1","1","analyzed","gate_rejected","raw_fallback","False","0.20592","0.20592","-0.08611","-0.08611","0.00000","0.00000","-0.11982","-0.11982"
"99","NTA","1","1","analyzed","gate_rejected","raw_fallback","False","0.12715","0.12715","-0.12803","-0.12803","0.00611","0.00611","-0.00522","-0.00522"
"570","NTL","1","0","no_valid_locations","","","","","","","","","","",""
"2265","NUP","8","5","analyzed","feasible","minimax_ratio","True","0.63440","0.63028","-0.22453","-0.22281","0.08511","0.08433","-0.49501","-0.49179"
"2187","NUR","1","1","analyzed","gate_rejected","raw_fallback","False","0.56159","0.56159","-0.41381","-0.41381","0.46355","0.46355","-0.61135","-0.61135"
"2047","NVS","5","5","analyzed","gate_rejected","raw_fallback","False","-0.09312","-0.09312","0.10345","0.10345","0.00010","0.00010","-0.01049","-0.01049"
"1813","NWG","1","1","analyzed","gate_rejected","raw_fallback","False","0.02077","0.02077","-0.00553","-0.00553","0.00000","0.00000","-0.01525","-0.01525"
"788","NWU","3","3","analyzed","gate_rejected","raw_fallback","False","-0.09272","-0.09272","0.50232","0.50232","0.00000","0.00000","-0.40958","-0.40958"
"911","NYA","2","2","analyzed","feasible","improvement_l2","True","0.59058","0.57538","-0.21024","-0.20680","-0.00818","0.00039","-0.37215","-0.36896"
"544","NYM","1","0","no_valid_locations","","","","","","","","","","",""
"1992","NYS","3","3","analyzed","gate_rejected","raw_fallback","False","-0.06645","-0.06645","-0.14354","-0.14354","0.07593","0.07593","0.13403","0.13403"
"789","NYZ","2","2","analyzed","gate_rejected","raw_fallback","False","0.05049","0.05049","-0.00624","-0.00624","0.00000","0.00000","-0.04425","-0.04425"
"2056","NZH","6","5","analyzed","gate_rejected","raw_fallback","False","0.20169","0.20169","-0.22641","-0.22641","-0.09616","-0.09616","0.12086","0.12086"
"760","NZN","1","1","analyzed","gate_rejected","raw_fallback","False","0.00277","0.00277","-0.00095","-0.00095","0.00054","0.00054","-0.00237","-0.00237"
"2012","OAH","1","1","analyzed","gate_rejected","raw_fallback","False","-0.10698","-0.10698","0.02131","0.02131","0.00000","0.00000","0.08566","0.08566"
"1612","OAP","1","1","analyzed","gate_rejected","raw_fallback","False","0.04006","0.04006","-0.02290","-0.02290","0.00000","0.00000","-0.01717","-0.01717"
"2168","OBW","1","1","analyzed","gate_rejected","raw_fallback","False","0.06992","0.06992","-0.01578","-0.01578","0.02114","0.02114","-0.07529","-0.07529"
"1975","OEL","4","4","analyzed","feasible","balanced_l2","True","0.24431","0.17466","-0.15611","-0.12788","-0.00735","-0.00088","-0.08088","-0.04591"
"2199","OET","2","2","analyzed","gate_rejected","raw_fallback","False","0.41300","0.41300","-0.22111","-0.22111","-0.01478","-0.01478","-0.17717","-0.17717"
"2209","OFB","1","1","analyzed","gate_rejected","raw_fallback","False","0.21584","0.21584","-0.03885","-0.03885","0.00000","0.00000","-0.17699","-0.17699"
"1018","OGE","19","8","analyzed","feasible","target_l2","True","0.09274","0.01158","-0.04812","-0.01219","0.00204","-0.00002","-0.04667","0.00063"
"1579","OGL","2","2","analyzed","gate_rejected","raw_fallback","False","-0.07727","-0.07727","0.47440","0.47440","0.00000","0.00000","-0.39710","-0.39710"
"183","OHK","1","1","analyzed","gate_rejected","raw_fallback","False","0.04612","0.04612","-0.03176","-0.03176","0.00000","0.00000","-0.01436","-0.01436"
"304","OIL","2","2","analyzed","gate_rejected","raw_fallback","False","0.16850","0.16850","-0.07174","-0.07174","0.00000","0.00000","-0.09676","-0.09676"
"2273","OKE","1","1","analyzed","gate_rejected","raw_fallback","False","0.10776","0.10776","-0.08580","-0.08580","0.00000","0.00000","-0.02198","-0.02198"
"1879","OLD","3","3","analyzed","gate_rejected","raw_fallback","False","0.30817","0.30817","-0.09798","-0.09798","0.00000","0.00000","-0.21023","-0.21023"
"136","OMA","7","7","analyzed","gate_rejected","raw_fallback","False","0.08743","0.08743","-0.00052","-0.00052","0.00000","0.00000","-0.08695","-0.08695"
"1687","OMT","1","1","analyzed","gate_rejected","raw_fallback","False","0.06020","0.06020","-0.03870","-0.03870","-0.00253","-0.00253","-0.01897","-0.01897"
"2278","OND","1","1","analyzed","gate_rejected","raw_fallback","False","0.04740","0.04740","-0.03546","-0.03546","0.00000","0.00000","-0.01195","-0.01195"
"1095","ONN","4","3","analyzed","gate_rejected","raw_fallback","False","0.08850","0.08850","0.07155","0.07155","0.00000","0.00000","-0.16006","-0.16006"
"1093","ONO","3","3","analyzed","gate_rejected","raw_fallback","False","0.00467","0.00467","0.04715","0.04715","0.00000","0.00000","-0.05180","-0.05180"
"262","ONW","12","12","analyzed","feasible","balanced_l2","True","-0.59383","-0.09011","0.26769","0.16284","0.10124","0.00000","0.22472","-0.07273"
"1092","ONY","6","6","analyzed","gate_rejected","raw_fallback","False","0.18258","0.18258","0.04921","0.04921","0.00000","0.00000","-0.23178","-0.23178"
"1976","OPL","3","3","analyzed","gate_rejected","raw_fallback","False","0.04353","0.04353","0.00279","0.00279","0.10430","0.10430","-0.15067","-0.15067"
"1993","OPV","4","4","analyzed","feasible","minimax_ratio","True","0.19615","0.19426","-0.21291","-0.21083","0.15551","0.15402","-0.13878","-0.13745"
"1163","ORA","1","1","analyzed","gate_rejected","raw_fallback","False","0.11560","0.11560","-0.03163","-0.03163","0.01095","0.01095","-0.09494","-0.09494"
"296","ORD","4","3","analyzed","gate_rejected","raw_fallback","False","0.22643","0.22643","-0.19911","-0.19911","0.00000","0.00000","-0.02733","-0.02733"
"2022","ORE","5","5","analyzed","gate_rejected","raw_fallback","False","-0.05765","-0.05765","-0.01800","-0.01800","0.00000","0.00000","0.07563","0.07563"
"1285","ORI","21","21","analyzed","feasible","improvement_l2","True","-3.08085","-0.16104","1.20515","0.18946","1.54487","-0.02340","0.33035","-0.00502"
"354","ORK","2","2","analyzed","gate_rejected","raw_fallback","False","-0.03226","-0.03226","0.00527","0.00527","0.00000","0.00000","0.02697","0.02697"
"1911","ORM","36","14","analyzed","feasible","improvement_l2","True","0.57919","0.52083","-0.50637","-0.36670","0.53064","0.23412","-0.60356","-0.38825"
"2212","ORT","2","1","analyzed","gate_rejected","raw_fallback","False","0.38096","0.38096","-0.15282","-0.15282","-0.00169","-0.00169","-0.22646","-0.22646"
"1865","OSN","2","2","analyzed","gate_rejected","raw_fallback","False","0.34193","0.34193","-0.16527","-0.16527","-0.00316","-0.00316","-0.17353","-0.17353"
"302","OSS","1","1","analyzed","gate_rejected","raw_fallback","False","0.09627","0.09627","-0.05279","-0.05279","0.00000","0.00000","-0.04349","-0.04349"
"1978","OSW","2","2","analyzed","feasible","target_l2","True","0.36413","0.26996","-0.13847","-0.11565","0.01512","-0.00028","-0.24078","-0.15403"
"1728","OTA","1","1","analyzed","gate_rejected","raw_fallback","False","0.03926","0.03926","-0.02249","-0.02249","0.00000","0.00000","-0.01677","-0.01677"
"1026","OTC","23","13","analyzed","gate_rejected","raw_fallback","False","0.06967","0.06967","0.35105","0.35105","-0.00309","-0.00309","-0.41758","-0.41758"
"1600","OTO","2","2","analyzed","feasible","target_l2","True","0.11024","0.10698","-0.06974","-0.06561","0.00434","-0.00053","-0.04484","-0.04084"
"2298","OUA","16","13","analyzed","feasible","improvement_l2","True","0.69526","0.67233","-0.23990","-0.16768","0.07748","-0.00067","-0.53290","-0.50399"
"2269","OWO","1","1","analyzed","gate_rejected","raw_fallback","False","0.02085","0.02085","-0.00728","-0.00728","0.00000","0.00000","-0.01357","-0.01357"
"1641","OXT","1","1","analyzed","gate_rejected","raw_fallback","False","0.34207","0.34207","-0.13180","-0.13180","0.00000","0.00000","-0.21030","-0.21030"
"2267","OYO","11","9","analyzed","feasible","improvement_l2","True","0.55247","0.53342","-0.39228","-0.34970","0.04073","0.00073","-0.20099","-0.18446"
"1640","OZL","1","1","analyzed","gate_rejected","raw_fallback","False","0.14967","0.14967","-0.07746","-0.07746","0.00334","0.00334","-0.07555","-0.07555"
"1672","OZT","1","1","analyzed","gate_rejected","raw_fallback","False","0.05585","0.05585","-0.02919","-0.02919","0.00000","0.00000","-0.02666","-0.02666"
"1734","OZU","1","1","analyzed","gate_rejected","raw_fallback","False","0.22390","0.22390","-0.13366","-0.13366","0.00000","0.00000","-0.09024","-0.09024"
"1496","PAD","3","3","analyzed","feasible","minimax_ratio","True","0.51026","0.50869","-0.13474","-0.13362","0.12357","0.12258","-0.49918","-0.49765"
"2101","PAH","11","10","analyzed","feasible","balanced_l2","True","-0.03431","0.00000","-0.16327","0.00000","0.10805","0.00000","0.08947","0.00000"
"2181","PAL","11","10","analyzed","feasible","improvement_l2","True","0.56084","0.52852","-0.36200","-0.28499","0.27083","0.13719","-0.46976","-0.38072"
"860","PAN","4","3","analyzed","gate_rejected","raw_fallback","False","-0.08963","-0.08963","0.39459","0.39459","0.00000","0.00000","-0.30493","-0.30493"
"1497","PAP","20","20","analyzed","feasible","absolute_l2","True","-1.57909","0.10471","0.98013","0.37748","1.58847","-0.06955","-0.98999","-0.41264"
"1498","PAR","3","3","analyzed","gate_rejected","raw_fallback","False","0.41634","0.41634","-0.20247","-0.20247","0.45881","0.45881","-0.67278","-0.67278"
"228","PAT","2","2","analyzed","gate_rejected","raw_fallback","False","-0.03369","-0.03369","-0.00202","-0.00202","0.01137","0.01137","0.02433","0.02433"
"1499","PAV","3","3","analyzed","gate_rejected","raw_fallback","False","0.13877","0.13877","0.22474","0.22474","1.23960","1.23960","-1.60317","-1.60317"
"839","PCD","1","1","analyzed","gate_rejected","raw_fallback","False","0.00045","0.00045","-0.00022","-0.00022","0.00000","0.00000","-0.00024","-0.00024"
"73","PCJ","7","7","analyzed","feasible","minimax_ratio","True","0.50461","0.48072","-0.64718","-0.61647","0.00523","0.00498","0.13727","0.13077"
"109","PCO","1","1","analyzed","gate_rejected","raw_fallback","False","0.07602","0.07602","-0.08213","-0.08213","0.00005","0.00005","0.00605","0.00605"
"108","PCR","2","2","analyzed","gate_rejected","raw_fallback","False","0.13546","0.13546","-0.12572","-0.12572","0.00008","0.00008","-0.00983","-0.00983"
"1833","PDB","3","3","analyzed","gate_rejected","raw_fallback","False","0.07866","0.07866","-0.10399","-0.10399","0.16237","0.16237","-0.13708","-0.13708"
"857","PDG","1","1","analyzed","gate_rejected","raw_fallback","False","-0.00616","-0.00616","0.03714","0.03714","0.00000","0.00000","-0.03097","-0.03097"
"1977","PDK","1","1","analyzed","gate_rejected","raw_fallback","False","0.07845","0.07845","-0.02998","-0.02998","0.03689","0.03689","-0.08535","-0.08535"
"858","PDN","6","6","analyzed","gate_rejected","raw_fallback","False","-0.10362","-0.10362","0.41627","0.41627","0.00000","0.00000","-0.31264","-0.31264"
"1271","PDU","2","2","analyzed","gate_rejected","raw_fallback","False","0.12999","0.12999","-0.16016","-0.16016","0.00000","0.00000","0.03014","0.03014"
"1501","PEA","3","2","analyzed","gate_rejected","raw_fallback","False","0.16580","0.16580","-0.15691","-0.15691","0.26104","0.26104","-0.26998","-0.26998"
"2096","PEG","28","28","analyzed","feasible","improvement_l2","True","3.47284","3.00654","-0.07775","-0.00039","0.41140","0.03597","-3.80678","-3.04212"
"551","PEM","1","1","analyzed","gate_rejected","raw_fallback","False","-0.00259","-0.00259","0.00053","0.00053","0.00000","0.00000","0.00205","0.00205"
"1183","PER","2","2","analyzed","gate_rejected","raw_fallback","False","-0.06196","-0.06196","0.35654","0.35654","0.06476","0.06476","-0.35936","-0.35936"
"1502","PES","1","1","analyzed","gate_rejected","raw_fallback","False","0.07588","0.07588","0.02595","0.02595","-0.01407","-0.01407","-0.08777","-0.08777"
"859","PGB","1","1","analyzed","gate_rejected","raw_fallback","False","-0.05049","-0.05049","0.28527","0.28527","0.00000","0.00000","-0.23477","-0.23477"
"1315","PGL","1","1","analyzed","gate_rejected","raw_fallback","False","0.02751","0.02751","-0.00019","-0.00019","0.00000","0.00000","-0.02732","-0.02732"
"1432","PGS","5","3","analyzed","gate_rejected","raw_fallback","False","0.30622","0.30622","-0.27751","-0.27751","0.00000","0.00000","-0.02870","-0.02870"
"2108","PHY","2","2","analyzed","gate_rejected","raw_fallback","False","0.11278","0.11278","-0.00289","-0.00289","0.00000","0.00000","-0.10991","-0.10991"
"1503","PIE","3","3","analyzed","gate_rejected","raw_fallback","False","0.68800","0.68800","-0.26102","-0.26102","-0.00058","-0.00058","-0.42646","-0.42646"
"72","PIG","1","1","analyzed","gate_rejected","raw_fallback","False","0.08425","0.08425","-0.09709","-0.09709","0.00000","0.00000","0.01284","0.01284"
"2104","PIN","26","26","analyzed","feasible","improvement_l2","True","5.07785","4.98459","-0.17478","-0.05268","0.18058","-0.00737","-5.08391","-4.92453"
"1505","PIS","4","4","analyzed","gate_rejected","raw_fallback","False","0.87344","0.87344","0.16246","0.16246","0.02316","0.02316","-1.05913","-1.05913"
"1394","PJT","5","4","analyzed","gate_rejected","raw_fallback","False","0.02502","0.02502","-0.01221","-0.01221","0.00000","0.00000","-0.01282","-0.01282"
"1412","PKR","2","2","analyzed","gate_rejected","raw_fallback","False","-0.01974","-0.01974","0.01898","0.01898","0.01127","0.01127","-0.01050","-0.01050"
"1341","PLA","1","1","analyzed","gate_rejected","raw_fallback","False","0.16868","0.16868","-0.04617","-0.04617","0.00033","0.00033","-0.12286","-0.12286"
"1376","PLB","40","29","analyzed","feasible","target_l2","True","0.24928","0.18914","-0.12053","-0.07848","0.31912","-0.00238","-0.44800","-0.10829"
"312","PLE","17","13","analyzed","feasible","improvement_l2","True","-0.33086","-0.04726","0.02352","0.01261","0.66792","0.33995","-0.36065","-0.30530"
"1955","PLK","6","6","analyzed","feasible","minimax_ratio","True","0.45466","0.45047","-0.13947","-0.13905","-0.12735","-0.12696","-0.18792","-0.18446"
"1438","PLL","1","1","analyzed","gate_rejected","raw_fallback","False","0.00102","0.00102","-0.00030","-0.00030","0.00000","0.00000","-0.00072","-0.00072"
"1796","PLN","2","2","analyzed","feasible","target_l2","True","0.88409","0.70467","-0.21790","-0.16503","0.04322","-0.00076","-0.70944","-0.53888"
"1308","PLT","2","2","analyzed","gate_rejected","raw_fallback","False","0.10929","0.10929","-0.02958","-0.02958","0.00000","0.00000","-0.07975","-0.07975"
"345","PMB","1","1","analyzed","gate_rejected","raw_fallback","False","-0.06223","-0.06223","0.12377","0.12377","0.00000","0.00000","-0.06156","-0.06156"
"237","PMS","1","1","analyzed","gate_rejected","raw_fallback","False","0.01194","0.01194","-0.00378","-0.00378","0.00000","0.00000","-0.00816","-0.00816"
"1322","PNA","1","1","analyzed","gate_rejected","raw_fallback","False","0.02921","0.02921","0.00669","0.00669","0.00240","0.00240","-0.03830","-0.03830"
"1354","PNC","1","1","analyzed","gate_rejected","raw_fallback","False","0.01264","0.01264","-0.00760","-0.00760","0.00000","0.00000","-0.00504","-0.00504"
"1372","PNI","7","6","analyzed","feasible","improvement_l2","True","0.23340","0.18741","-0.09721","-0.08350","-0.00289","-0.00004","-0.13334","-0.10387"
"1964","PNK","6","6","analyzed","feasible","improvement_l2","True","-0.16941","-0.05838","0.22585","0.06012","0.00709","-0.00008","-0.06357","-0.00166"
"1962","POK","11","11","analyzed","gate_rejected","raw_fallback","False","0.34438","0.34438","0.07320","0.07320","0.11630","0.11630","-0.53403","-0.53403"
"1952","POL","75","75","analyzed","feasible","improvement_l2","True","-2.78026","-0.81005","-1.28304","-0.06193","1.82213","-0.04754","2.24062","0.91952"
"902","POO","10","10","analyzed","feasible","target_l2","True","0.16103","0.09955","-0.09415","-0.06832","0.02562","-0.00179","-0.09255","-0.02944"
"1259","POR","67","67","analyzed","feasible","minimax_ratio","True","2.30676","1.98192","0.93899","0.80676","1.29398","1.11176","-4.54049","-3.90045"
"342","POS","2","2","analyzed","gate_rejected","raw_fallback","False","0.13966","0.13966","-0.06756","-0.06756","0.05435","0.05435","-0.12644","-0.12644"
"1634","PPT","2","2","analyzed","gate_rejected","raw_fallback","False","0.15073","0.15073","-0.14528","-0.14528","0.00000","0.00000","-0.00544","-0.00544"
"1506","PRA","1","1","analyzed","gate_rejected","raw_fallback","False","0.18175","0.18175","0.05778","0.05778","0.23636","0.23636","-0.47592","-0.47592"
"1174","PRC","3","3","analyzed","feasible","target_l2","True","0.45547","0.35749","-0.13072","-0.10523","0.02626","-0.00008","-0.35104","-0.25218"
"2054","PRK","8","8","analyzed","gate_rejected","raw_fallback","False","-0.50224","-0.50224","-0.10602","-0.10602","-0.00683","-0.00683","0.61502","0.61502"
"2062","PRM","64","22","analyzed","gate_rejected","raw_fallback","False","-0.38568","-0.38568","-0.10683","-0.10683","0.00000","0.00000","0.25535","0.25535"
"1162","PRO","19","18","analyzed","feasible","minimax_ratio","True","0.64714","0.62532","0.45132","0.43611","1.15259","1.11373","-2.25136","-2.17516"
"1338","PRT","1","1","analyzed","gate_rejected","raw_fallback","False","0.05640","0.05640","0.03440","0.03440","0.00000","0.00000","-0.09080","-0.09080"
"1370","PSA","5","5","analyzed","gate_rejected","raw_fallback","False","0.03133","0.03133","-0.08474","-0.08474","0.12508","0.12508","-0.07173","-0.07173"
"2021","PSK","12","12","analyzed","gate_rejected","raw_fallback","False","-0.34945","-0.34945","-0.03390","-0.03390","0.13375","0.13375","0.24950","0.24950"
"2149","PSS","2","2","analyzed","gate_rejected","raw_fallback","False","0.30271","0.30271","-0.11301","-0.11301","-0.00184","-0.00184","-0.18787","-0.18787"
"1507","PST","1","1","analyzed","gate_rejected","raw_fallback","False","0.46805","0.46805","0.20949","0.20949","-0.01897","-0.01897","-0.65859","-0.65859"
"2223","PSZ","1","1","analyzed","gate_rejected","raw_fallback","False","0.09527","0.09527","-0.03870","-0.03870","0.00000","0.00000","-0.05658","-0.05658"
"2137","PTC","3","3","analyzed","gate_rejected","raw_fallback","False","0.28431","0.28431","-0.02200","-0.02200","0.00000","0.00000","-0.26232","-0.26232"
"535","PTE","1","1","analyzed","gate_rejected","raw_fallback","False","-0.00401","-0.00401","0.00559","0.00559","0.00000","0.00000","-0.00160","-0.00160"
"1508","PTG","1","1","analyzed","gate_rejected","raw_fallback","False","0.38708","0.38708","-0.14073","-0.14073","0.01838","0.01838","-0.26473","-0.26473"
"1726","PTL","2","2","analyzed","gate_rejected","raw_fallback","False","0.08682","0.08682","-0.10240","-0.10240","0.00511","0.00511","0.01047","0.01047"
"1337","PTN","11","11","analyzed","feasible","minimax_ratio","True","-0.78979","-0.52987","-0.02944","-0.02674","0.13686","-0.06319","0.68228","0.61980"
"1720","PTP","2","2","analyzed","gate_rejected","raw_fallback","False","0.20088","0.20088","-0.11280","-0.11280","0.00000","0.00000","-0.08807","-0.08807"
"846","PTZ","1","1","analyzed","gate_rejected","raw_fallback","False","-0.00789","-0.00789","0.06591","0.06591","0.00000","0.00000","-0.05802","-0.05802"
"2109","PUA","2","2","analyzed","gate_rejected","raw_fallback","False","0.11492","0.11492","0.00257","0.00257","0.00000","0.00000","-0.11750","-0.11750"
"894","PUR","2","2","analyzed","gate_rejected","raw_fallback","False","-0.00240","-0.00240","-0.00394","-0.00394","0.00000","0.00000","0.00632","0.00632"
"854","PYE","1","1","analyzed","gate_rejected","raw_fallback","False","-0.00734","-0.00734","0.04428","0.04428","0.00000","0.00000","-0.03694","-0.03694"
"1769","QAN","1","1","analyzed","gate_rejected","raw_fallback","False","0.06676","0.06676","-0.02252","-0.02252","0.00000","0.00000","-0.04425","-0.04425"
"1027","QAS","19","0","no_valid_locations","","","","","","","","","","",""
"899","QCH","29","28","analyzed","feasible","improvement_l2","True","-0.61206","0.16673","-0.36208","-0.34373","0.53241","0.07515","0.44152","0.10186"
"844","QGS","1","1","analyzed","gate_rejected","raw_fallback","False","-0.00390","-0.00390","0.02328","0.02328","0.00000","0.00000","-0.01937","-0.01937"
"145","QHT","11","11","analyzed","gate_rejected","raw_fallback","False","0.63035","0.63035","-0.18951","-0.18951","0.00000","0.00000","-0.44090","-0.44090"
"1635","QHZ","3","3","analyzed","feasible","minimax_ratio","True","0.05193","0.04970","-0.04257","-0.03863","0.00111","-0.00106","-0.01046","-0.01001"
"1621","QIG","1","1","analyzed","gate_rejected","raw_fallback","False","0.09484","0.09484","-0.05771","-0.05771","0.00000","0.00000","-0.03713","-0.03713"
"814","QJG","1","1","analyzed","gate_rejected","raw_fallback","False","-0.12098","-0.12098","1.37993","1.37993","0.00000","0.00000","-1.25894","-1.25894"
"1743","QLL","1","1","analyzed","gate_rejected","raw_fallback","False","0.24624","0.24624","-0.11840","-0.11840","0.00747","0.00747","-0.13531","-0.13531"
"556","QLM","1","1","analyzed","gate_rejected","raw_fallback","False","0.00265","0.00265","-0.01286","-0.01286","0.00000","0.00000","0.01021","0.01021"
"1926","QOM","4","4","analyzed","gate_rejected","raw_fallback","False","0.18834","0.18834","-0.10698","-0.10698","0.35839","0.35839","-0.43980","-0.43980"
"1242","QTA","2","2","analyzed","gate_rejected","raw_fallback","False","0.38470","0.38470","-0.18218","-0.18218","0.00000","0.00000","-0.20252","-0.20252"
"464","QUA","2","2","analyzed","gate_rejected","raw_fallback","False","0.82890","0.82890","-0.49200","-0.49200","0.00000","0.00000","-0.33691","-0.33691"
"1823","QUB","2","2","analyzed","gate_rejected","raw_fallback","False","0.48184","0.48184","-0.02486","-0.02486","0.02093","0.02093","-0.47793","-0.47793"
"89","QUL","3","3","analyzed","gate_rejected","raw_fallback","False","0.37853","0.37853","-0.27177","-0.27177","-0.02466","-0.02466","-0.08212","-0.08212"
"1937","QUN","26","13","analyzed","feasible","target_l2","True","1.63298","1.61028","-0.65497","-0.51629","0.64273","-0.00344","-1.62086","-1.09055"
"865","QYN","5","4","analyzed","gate_rejected","raw_fallback","False","-0.05985","-0.05985","0.24349","0.24349","0.00000","0.00000","-0.18362","-0.18362"
"213","RAG","2","2","analyzed","gate_rejected","raw_fallback","False","0.26383","0.26383","0.12230","0.12230","-0.16637","-0.16637","-0.21982","-0.21982"
"2309","RAN","5","5","analyzed","feasible","minimax_ratio","True","0.09627","0.08789","-0.25511","-0.23290","0.33181","0.30090","-0.17297","-0.15588"
"1509","RAV","1","1","analyzed","gate_rejected","raw_fallback","False","0.12206","0.12206","0.11777","0.11777","0.29147","0.29147","-0.53133","-0.53133"
"1956","RAW","14","12","analyzed","feasible","minimax_ratio","True","-0.19766","-0.02782","-0.15663","-0.14123","0.09320","-0.06637","0.26109","0.23541"
"1889","RBG","1","1","analyzed","gate_rejected","raw_fallback","False","0.02731","0.02731","-0.00935","-0.00935","0.00340","0.00340","-0.02137","-0.02137"
"1981","RCB","2","2","analyzed","gate_rejected","raw_fallback","False","0.15687","0.15687","-0.09829","-0.09829","0.05009","0.05009","-0.10869","-0.10869"
"1203","RCC","1","1","analyzed","gate_rejected","raw_fallback","False","0.07002","0.07002","-0.01662","-0.01662","0.00466","0.00466","-0.05808","-0.05808"
"1284","RCH","15","15","analyzed","gate_rejected","raw_fallback","False","-0.83950","-0.83950","0.01082","0.01082","0.24291","0.24291","0.58546","0.58546"
"1892","RDL","1","1","analyzed","gate_rejected","raw_fallback","False","0.08116","0.08116","-0.01716","-0.01716","0.00000","0.00000","-0.06401","-0.06401"
"1267","RDY","18","18","analyzed","feasible","improvement_l2","True","-0.66169","0.00999","-2.61255","-0.53068","2.46518","0.29513","0.80875","0.22555"
"2182","REG","1","1","analyzed","gate_rejected","raw_fallback","False","-0.05080","-0.05080","-0.02622","-0.02622","0.11941","0.11941","-0.04241","-0.04241"
"1196","RET","2","2","analyzed","gate_rejected","raw_fallback","False","0.41395","0.41395","-0.10713","-0.10713","0.01862","0.01862","-0.32548","-0.32548"
"832","RGM","2","2","analyzed","gate_rejected","raw_fallback","False","0.08173","0.08173","-0.05267","-0.05267","0.00000","0.00000","-0.02905","-0.02905"
"848","RGS","1","1","analyzed","gate_rejected","raw_fallback","False","-0.07047","-0.07047","0.47627","0.47627","0.00000","0.00000","-0.40579","-0.40579"
"2189","RIE","1","1","analyzed","gate_rejected","raw_fallback","False","0.09142","0.09142","-0.02492","-0.02492","0.00687","0.00687","-0.07338","-0.07338"
"242","RIG","1","1","analyzed","gate_rejected","raw_fallback","False","0.02672","0.02672","0.01276","0.01276","0.10134","0.10134","-0.14085","-0.14085"
"1511","RIM","1","1","analyzed","gate_rejected","raw_fallback","False","-0.12536","-0.12536","-0.29376","-0.29376","0.73067","0.73067","-0.31156","-0.31156"
"1302","RJI","1","1","analyzed","gate_rejected","raw_fallback","False","-0.03782","-0.03782","0.07357","0.07357","0.00000","0.00000","-0.03577","-0.03577"
"1353","RJR","2","2","analyzed","gate_rejected","raw_fallback","False","0.02199","0.02199","-0.01149","-0.01149","-0.00651","-0.00651","-0.00401","-0.00401"
"528","RKL","3","3","analyzed","feasible","balanced_l2","True","0.38640","0.38285","-0.19389","-0.18914","0.04237","0.03361","-0.23490","-0.22732"
"261","RKS","7","2","analyzed","gate_rejected","raw_fallback","False","0.46803","0.46803","-0.26818","-0.26818","0.01482","0.01482","-0.21469","-0.21469"
"805","RND","1","1","analyzed","gate_rejected","raw_fallback","False","-0.01449","-0.01449","0.09984","0.09984","0.00000","0.00000","-0.08534","-0.08534"
"825","RNG","1","1","analyzed","gate_rejected","raw_fallback","False","0.24131","0.24131","0.03750","0.03750","-0.25398","-0.25398","-0.02486","-0.02486"
"1947","RNK","1","1","analyzed","gate_rejected","raw_fallback","False","0.28764","0.28764","0.06617","0.06617","0.01072","0.01072","-0.36454","-0.36454"
"1306","RNP","1","1","analyzed","gate_rejected","raw_fallback","False","-0.02165","-0.02165","0.02246","0.02246","0.01300","0.01300","-0.01382","-0.01382"
"356","ROS","5","2","analyzed","gate_rejected","raw_fallback","False","-0.02391","-0.02391","-0.01602","-0.01602","0.00000","0.00000","0.03993","0.03993"
"2192","ROT","1","1","analyzed","gate_rejected","raw_fallback","False","0.40898","0.40898","-0.21758","-0.21758","0.00773","0.00773","-0.19913","-0.19913"
"1187","ROU","1","1","analyzed","gate_rejected","raw_fallback","False","0.08378","0.08378","-0.02201","-0.02201","0.00736","0.00736","-0.06913","-0.06913"
"1410","RRU","2","2","analyzed","gate_rejected","raw_fallback","False","0.04984","0.04984","-0.02463","-0.02463","0.00000","0.00000","-0.02523","-0.02523"
"1949","RSH","1","1","analyzed","gate_rejected","raw_fallback","False","-0.30289","-0.30289","-0.25294","-0.25294","0.91194","0.91194","-0.35613","-0.35613"
"2034","RSO","19","3","analyzed","gate_rejected","raw_fallback","False","-0.20933","-0.20933","-0.07145","-0.07145","0.17190","0.17190","0.10887","0.10887"
"1878","RTB","1","1","analyzed","gate_rejected","raw_fallback","False","0.02620","0.02620","-0.00848","-0.00848","0.00000","0.00000","-0.01772","-0.01772"
"1333","RTP","18","18","analyzed","feasible","balanced_l2","True","-0.07468","0.00000","-0.04656","0.00000","0.07370","0.00000","0.04745","0.00000"
"1803","RUP","1","1","analyzed","gate_rejected","raw_fallback","False","0.05389","0.05389","-0.01599","-0.01599","0.00427","0.00427","-0.04217","-0.04217"
"416","RUT","1","1","analyzed","gate_rejected","raw_fallback","False","-0.00395","-0.00395","0.01870","0.01870","0.00000","0.00000","-0.01475","-0.01475"
"2204","RVA","1","1","analyzed","gate_rejected","raw_fallback","False","0.29694","0.29694","-0.46220","-0.46220","0.34961","0.34961","-0.18437","-0.18437"
"1864","RVB","1","1","analyzed","gate_rejected","raw_fallback","False","0.24643","0.24643","-0.09647","-0.09647","0.00186","0.00186","-0.15182","-0.15182"
"2053","RYA","11","11","analyzed","feasible","improvement_l2","True","-0.67278","-0.46267","-0.09110","0.00097","0.03266","-0.00187","0.73113","0.46357"
"2048","RYL","1","1","analyzed","gate_rejected","raw_fallback","False","-0.03497","-0.03497","0.02680","0.02680","0.00000","0.00000","0.00817","0.00817"
"1808","RZB","1","1","analyzed","gate_rejected","raw_fallback","False","0.08869","0.08869","-0.03970","-0.03970","0.00000","0.00000","-0.04899","-0.04899"
"2041","RZH","4","4","analyzed","feasible","improvement_l2","True","-0.23853","-0.17740","-0.00765","-0.00068","0.04059","-0.00647","0.20557","0.18455"
"1789","SAA","1","1","analyzed","gate_rejected","raw_fallback","False","0.16478","0.16478","-0.06715","-0.06715","-0.00645","-0.00645","-0.09119","-0.09119"
"2237","SAB","1","1","analyzed","gate_rejected","raw_fallback","False","0.07274","0.07274","-0.01733","-0.01733","0.00712","0.00712","-0.06253","-0.06253"
"2105","SAG","8","8","analyzed","feasible","target_l2","True","1.47810","1.25872","-0.11677","-0.01960","0.04629","-0.00019","-1.40768","-1.23893"
"1512","SAL","2","2","analyzed","gate_rejected","raw_fallback","False","0.20505","0.20505","-0.05814","-0.05814","0.00000","0.00000","-0.14694","-0.14694"
"2016","SAM","3","0","no_valid_locations","","","","","","","","","","",""
"1147","SAN","1","1","analyzed","gate_rejected","raw_fallback","False","0.10877","0.10877","-0.02729","-0.02729","0.00583","0.00583","-0.08732","-0.08732"
"223","SAO","4","2","analyzed","gate_rejected","raw_fallback","False","0.05430","0.05430","-0.02920","-0.02920","0.00000","0.00000","-0.02511","-0.02511"
"1208","SAV","10","10","analyzed","gate_rejected","raw_fallback","False","0.64658","0.64658","0.01265","0.01265","0.17126","0.17126","-0.83063","-0.83063"
"2236","SAW","1","1","analyzed","gate_rejected","raw_fallback","False","0.04181","0.04181","-0.01400","-0.01400","0.00838","0.00838","-0.03619","-0.03619"
"1719","SAY","1","1","analyzed","gate_rejected","raw_fallback","False","0.06750","0.06750","-0.03320","-0.03320","0.00000","0.00000","-0.03432","-0.03432"
"1387","SBG","5","5","analyzed","gate_rejected","raw_fallback","False","0.13412","0.13412","-0.07922","-0.07922","0.00000","0.00000","-0.05491","-0.05491"
"291","SBL","12","10","analyzed","feasible","improvement_l2","True","-0.16661","0.05429","-0.56065","-0.27279","0.14042","0.03125","0.58679","0.18725"
"1390","SBU","2","2","analyzed","gate_rejected","raw_fallback","False","0.01701","0.01701","-0.00734","-0.00734","0.00000","0.00000","-0.00967","-0.00967"
"146","SBY","26","20","analyzed","gate_rejected","raw_fallback","False","0.47585","0.47585","-0.09662","-0.09662","0.00000","0.00000","-0.37925","-0.37925"
"1931","SBZ","3","3","analyzed","gate_rejected","raw_fallback","False","0.14500","0.14500","0.01251","0.01251","0.00000","0.00000","-0.15753","-0.15753"
"1873","SCB","1","1","analyzed","gate_rejected","raw_fallback","False","0.22104","0.22104","-0.06892","-0.06892","0.02628","0.02628","-0.17840","-0.17840"
"1983","SCI","2","2","analyzed","gate_rejected","raw_fallback","False","0.24395","0.24395","-0.13161","-0.13161","0.11255","0.11255","-0.22488","-0.22488"
"1206","SCL","1","1","analyzed","gate_rejected","raw_fallback","False","0.06244","0.06244","-0.02564","-0.02564","0.00000","0.00000","-0.03681","-0.03681"
"290","SCO","30","21","analyzed","feasible","balanced_l2","True","-0.28467","0.00000","-0.20851","0.00000","0.26636","0.00000","0.22674","0.00000"
"853","SDG","6","3","analyzed","gate_rejected","raw_fallback","False","-0.11029","-0.11029","0.51236","0.51236","0.00000","0.00000","-0.40205","-0.40205"
"1409","SDR","1","1","analyzed","gate_rejected","raw_fallback","False","0.01682","0.01682","0.00401","0.00401","0.00000","0.00000","-0.02084","-0.02084"
"1953","SDZ","8","8","analyzed","feasible","minimax_ratio","True","-0.20046","-0.07258","-0.10881","-0.10110","0.07526","-0.04368","0.23394","0.21737"
"206","SER","60","57","analyzed","feasible","balanced_l2","True","-2.78246","0.00000","1.02534","0.00000","0.69737","0.00000","1.05924","0.00000"
"538","SFA","1","1","analyzed","gate_rejected","raw_fallback","False","0.09900","0.09900","-0.18942","-0.18942","0.12263","0.12263","-0.03222","-0.03222"
"2225","SFC","1","1","analyzed","gate_rejected","raw_fallback","False","0.05569","0.05569","-0.03404","-0.03404","0.05210","0.05210","-0.07377","-0.07377"
"1930","SFR","6","6","analyzed","gate_rejected","raw_fallback","False","0.08110","0.08110","0.16298","0.16298","0.00000","0.00000","-0.24415","-0.24415"
"2290","SGH","2","2","analyzed","gate_rejected","raw_fallback","False","-0.02872","-0.02872","0.00604","0.00604","0.00604","0.00604","0.01665","0.01665"
"247","SGN","19","19","analyzed","feasible","improvement_l2","True","0.55812","0.32320","0.25374","0.00062","0.65772","0.25890","-1.46996","-0.58272"
"876","SGS","1","0","no_valid_locations","","","","","","","","","","",""
"1375","SGT","8","8","analyzed","feasible","target_l2","True","0.47484","0.25678","-0.17425","-0.09019","0.03837","-0.00137","-0.33895","-0.16522"
"1388","SGU","3","3","analyzed","gate_rejected","raw_fallback","False","0.24089","0.24089","-0.06560","-0.06560","0.00475","0.00475","-0.18004","-0.18004"
"834","SGZ","1","1","analyzed","gate_rejected","raw_fallback","False","-0.02287","-0.02287","-0.03246","-0.03246","0.06145","0.06145","-0.00617","-0.00617"
"1907","SHB","7","7","analyzed","feasible","improvement_l2","True","0.45694","0.22216","-0.13236","-0.01609","-0.01698","-0.00003","-0.30762","-0.20604"
"864","SHG","2","2","analyzed","gate_rejected","raw_fallback","False","-0.02693","-0.02693","0.18245","0.18245","0.00000","0.00000","-0.15552","-0.15552"
"994","SHI","1","1","analyzed","gate_rejected","raw_fallback","False","0.00177","0.00177","-0.00130","-0.00130","0.00000","0.00000","-0.00048","-0.00048"
"138","SHM","7","7","analyzed","gate_rejected","raw_fallback","False","0.02118","0.02118","-0.00394","-0.00394","0.00000","0.00000","-0.01727","-0.01727"
"35","SHP","3","3","analyzed","gate_rejected","raw_fallback","False","0.33840","0.33840","-0.38883","-0.38883","0.38614","0.38614","-0.33575","-0.33575"
"1317","SHR","1","1","analyzed","gate_rejected","raw_fallback","False","0.18017","0.18017","-0.03501","-0.03501","0.00001","0.00001","-0.14520","-0.14520"
"1827","SHS","1","1","analyzed","gate_rejected","raw_fallback","False","0.02507","0.02507","-0.00571","-0.00571","0.00000","0.00000","-0.01936","-0.01936"
"1513","SIC","22","22","analyzed","feasible","improvement_l2","True","0.27110","0.01604","-1.62699","0.30281","5.94202","3.83992","-4.58650","-4.15877"
"1514","SIE","5","5","analyzed","feasible","minimax_ratio","True","0.52061","0.51447","-0.15271","-0.14603","0.54396","0.53275","-0.91194","-0.90118"
"1411","SIG","2","2","analyzed","gate_rejected","raw_fallback","False","0.04081","0.04081","-0.03750","-0.03750","0.01987","0.01987","-0.02319","-0.02319"
"995","SIR","1","1","analyzed","gate_rejected","raw_fallback","False","0.00935","0.00935","-0.00437","-0.00437","0.00000","0.00000","-0.00497","-0.00497"
"2170","SIT","3","3","analyzed","feasible","target_l2","True","0.37703","0.35419","-0.06190","-0.04454","0.01429","0.00006","-0.32941","-0.30971"
"1989","SIZ","1","1","analyzed","gate_rejected","raw_fallback","False","0.08722","0.08722","-0.03065","-0.03065","0.00000","0.00000","-0.05657","-0.05657"
"5","SKE","11","11","analyzed","gate_rejected","raw_fallback","False","0.06924","0.06924","0.01076","0.01076","0.10215","0.10215","-0.18222","-0.18222"
"408","SKI","3","3","analyzed","gate_rejected","raw_fallback","False","0.06607","0.06607","-0.02188","-0.02188","0.00000","0.00000","-0.04421","-0.04421"
"935","SKK","4","4","analyzed","feasible","improvement_l2","True","0.62377","0.61019","-0.17714","-0.15962","0.01213","0.00000","-0.45879","-0.45057"
"1138","SKN","1","1","analyzed","gate_rejected","raw_fallback","False","0.06349","0.06349","0.00273","0.00273","0.00000","0.00000","-0.06623","-0.06623"
"1360","SKT","3","3","analyzed","gate_rejected","raw_fallback","False","0.02845","0.02845","0.00195","0.00195","0.00775","0.00775","-0.03818","-0.03818"
"2055","SKY","3","3","analyzed","feasible","balanced_l2","True","-0.19049","-0.08536","-0.08376","-0.07459","0.03983","-0.00800","0.23442","0.16795"
"1391","SLA","2","2","analyzed","gate_rejected","raw_fallback","False","0.01978","0.01978","-0.01066","-0.01066","0.00000","0.00000","-0.00913","-0.00913"
"1941","SLD","17","17","analyzed","feasible","improvement_l2","True","0.63888","0.55750","-0.02803","0.00593","0.58904","0.53729","-1.19996","-1.10072"
"529","SLI","2","2","analyzed","gate_rejected","raw_fallback","False","0.07374","0.07374","-0.03880","-0.03880","0.00000","0.00000","-0.03494","-0.03494"
"1194","SLM","1","1","analyzed","gate_rejected","raw_fallback","False","0.00827","0.00827","-0.00149","-0.00149","0.00000","0.00000","-0.00678","-0.00678"
"334","SLN","1","1","analyzed","gate_rejected","raw_fallback","False","-0.02386","-0.02386","-0.01189","-0.01189","0.03599","0.03599","-0.00026","-0.00026"
"1413","SLP","2","2","analyzed","gate_rejected","raw_fallback","False","0.19144","0.19144","0.01848","0.01848","-0.00429","-0.00429","-0.20566","-0.20566"
"2173","SLT","1","1","analyzed","gate_rejected","raw_fallback","False","0.14300","0.14300","-0.02754","-0.02754","0.01014","0.01014","-0.12561","-0.12561"
"1793","SLV","6","6","analyzed","feasible","improvement_l2","True","0.54635","0.51133","-0.22338","-0.22154","-0.03234","-0.00009","-0.29068","-0.28969"
"2154","SLZ","14","11","analyzed","gate_rejected","raw_fallback","False","-0.78735","-0.78735","-0.01371","-0.01371","0.63370","0.63370","0.16731","0.16731"
"1304","SMA","25","20","analyzed","feasible","balanced_l2","True","-1.40593","-0.05605","0.21428","-0.14980","0.11784","0.01384","1.07361","0.19200"
"1383","SMB","5","5","analyzed","gate_rejected","raw_fallback","False","0.02749","0.02749","-0.01913","-0.01913","0.00000","0.00000","-0.00839","-0.00839"
"2340","SMC","3","1","analyzed","gate_rejected","raw_fallback","False","0.00000","0.00000","0.00000","0.00000","0.00000","0.00000","0.00000","0.00000"
"238","SMD","1","1","analyzed","gate_rejected","raw_fallback","False","0.01679","0.01679","-0.00756","-0.00756","0.00000","0.00000","-0.00923","-0.00923"
"394","SME","15","13","analyzed","feasible","balanced_l2","True","-0.14925","0.00000","-0.06285","0.00000","-0.08520","0.00000","0.29720","0.00000"
"875","SMG","3","2","analyzed","gate_rejected","raw_fallback","False","-0.06464","-0.06464","0.19899","0.19899","0.00000","0.00000","-0.13433","-0.13433"
"1444","SML","6","6","analyzed","gate_rejected","raw_fallback","False","0.01441","0.01441","-0.01294","-0.01294","0.00000","0.00000","-0.00145","-0.00145"
"996","SMN","2","1","analyzed","gate_rejected","raw_fallback","False","0.07069","0.07069","-0.02245","-0.02245","0.00000","0.00000","-0.04824","-0.04824"
"2023","SMO","29","29","analyzed","feasible","balanced_l2","True","1.13917","1.02842","-0.29472","-0.25064","0.25057","0.07708","-1.09526","-0.85486"
"413","SMS","1","1","analyzed","gate_rejected","raw_fallback","False","0.02944","0.02944","-0.02408","-0.02408","0.00000","0.00000","-0.00537","-0.00537"
"1263","SMV","7","7","analyzed","feasible","minimax_ratio","True","0.94459","0.92087","-1.34134","-1.13279","1.97187","1.74770","-1.57534","-1.53578"
"997","SNC","1","0","no_valid_locations","","","","","","","","","","",""
"1305","SND","18","18","analyzed","feasible","improvement_l2","True","-2.57194","-0.40421","0.27985","-0.00879","0.04253","-0.00009","2.24926","0.41309"
"2097","SNG","6","6","analyzed","feasible","improvement_l2","True","-0.16580","0.07216","-0.13853","-0.10809","0.51025","0.16378","-0.20598","-0.12784"
"918","SNP","8","8","analyzed","gate_rejected","raw_fallback","False","1.06721","1.06721","-0.34464","-0.34464","0.00000","0.00000","-0.72261","-0.72261"
"1647","SNT","1","1","analyzed","gate_rejected","raw_fallback","False","0.05105","0.05105","-0.02869","-0.02869","0.00000","0.00000","-0.02236","-0.02236"
"55","SOH","1","1","analyzed","gate_rejected","raw_fallback","False","0.04489","0.04489","-0.00628","-0.00628","0.00000","0.00000","-0.03862","-0.03862"
"2295","SON","12","12","analyzed","gate_rejected","raw_fallback","False","-0.11026","-0.11026","-0.03133","-0.03133","0.06341","0.06341","0.07812","0.07812"
"1800","SOR","6","6","analyzed","feasible","target_l2","True","0.18556","0.16911","-0.05351","-0.03918","0.00955","-0.00007","-0.14166","-0.12985"
"1801","SPB","1","1","analyzed","gate_rejected","raw_fallback","False","0.04055","0.04055","-0.00918","-0.00918","0.00000","0.00000","-0.03137","-0.03137"
"799","SPG","1","1","analyzed","gate_rejected","raw_fallback","False","-0.00613","-0.00613","0.05237","0.05237","0.00000","0.00000","-0.04624","-0.04624"
"2102","SPN","5","5","analyzed","feasible","target_l2","True","1.21296","1.18111","-0.05787","-0.05501","0.04412","0.00059","-1.19925","-1.12669"
"1846","SPO","3","3","analyzed","feasible","improvement_l2","True","0.36088","0.33026","-0.16273","-0.14858","0.01040","-0.00051","-0.20859","-0.18117"
"1795","SPY","1","1","analyzed","gate_rejected","raw_fallback","False","0.14084","0.14084","-0.03918","-0.03918","0.00757","0.00757","-0.10924","-0.10924"
"106","SRA","1","1","analyzed","gate_rejected","raw_fallback","False","0.02478","0.02478","-0.02535","-0.02535","-0.00017","-0.00017","0.00075","0.00075"
"1903","SRB","3","3","analyzed","gate_rejected","raw_fallback","False","0.20383","0.20383","-0.04556","-0.04556","0.00000","0.00000","-0.15830","-0.15830"
"388","SRC","4","4","analyzed","feasible","improvement_l2","True","-0.00208","-0.00015","0.02367","0.02033","0.01686","-0.00541","-0.03848","-0.01477"
"1340","SRG","7","6","analyzed","feasible","improvement_l2","True","-1.56208","-0.01325","0.18992","-0.00122","0.10356","-0.00001","1.26859","0.01448"
"1031","SRL","4","4","analyzed","gate_rejected","raw_fallback","False","-0.01246","-0.01246","-0.04322","-0.04322","0.00000","0.00000","0.05568","0.05568"
"269","SRM","2","2","analyzed","feasible","absolute_l2","True","0.13581","0.03771","-0.07402","-0.04598","-0.01416","0.01165","-0.04767","-0.00339"
"36","SRU","6","6","analyzed","feasible","minimax_ratio","True","0.45994","0.43460","-0.20482","-0.16672","0.53954","0.48304","-0.79471","-0.75093"
"395","SRV","15","14","analyzed","feasible","improvement_l2","True","0.25404","0.21181","0.01326","-0.00039","0.00388","0.00001","-0.27122","-0.21143"
"607","SSG","6","6","analyzed","feasible","balanced_l2","True","-0.09288","-0.07067","0.12297","0.10661","0.01229","0.00001","-0.04241","-0.03595"
"389","SSI","3","3","analyzed","gate_rejected","raw_fallback","False","0.00651","0.00651","-0.00205","-0.00205","0.00000","0.00000","-0.00449","-0.00449"
"1965","SSK","7","7","analyzed","gate_rejected","raw_fallback","False","-0.20404","-0.20404","0.08178","0.08178","0.00000","0.00000","0.12222","0.12222"
"1790","STE","6","6","analyzed","gate_rejected","raw_fallback","False","0.26681","0.26681","-0.13059","-0.13059","0.12617","0.12617","-0.26247","-0.26247"
"2163","STG","1","1","analyzed","gate_rejected","raw_fallback","False","0.09888","0.09888","-0.02261","-0.02261","0.00940","0.00940","-0.08569","-0.08569"
"249","STN","19","19","analyzed","feasible","target_l2","True","-0.12760","-0.00236","1.10354","0.40653","0.19604","-0.00058","-1.17264","-0.40360"
"1562","STP","1","1","analyzed","gate_rejected","raw_fallback","False","0.16601","0.16601","-0.03734","-0.03734","0.01913","0.01913","-0.14780","-0.14780"
"1281","STR","1","1","analyzed","gate_rejected","raw_fallback","False","0.29272","0.29272","-0.10155","-0.10155","0.00000","0.00000","-0.19117","-0.19117"
"2046","STS","4","4","analyzed","feasible","target_l2","True","-0.19871","-0.09782","0.07721","0.06397","0.03843","-0.00160","0.08307","0.03545"
"1559","STV","1","1","analyzed","gate_rejected","raw_fallback","False","0.28022","0.28022","-0.20287","-0.20287","0.00000","0.00000","-0.07737","-0.07737"
"1987","STZ","1","1","analyzed","gate_rejected","raw_fallback","False","0.05613","0.05613","-0.00294","-0.00294","0.00000","0.00000","-0.05320","-0.05320"
"998","SUI","2","1","analyzed","gate_rejected","raw_fallback","False","0.03006","0.03006","-0.01812","-0.01812","0.00000","0.00000","-0.01192","-0.01192"
"2092","SUK","20","20","analyzed","feasible","minimax_ratio","True","3.04856","2.90307","0.30880","0.29406","0.25875","0.24640","-3.61639","-3.44353"
"1426","SUL","4","2","analyzed","gate_rejected","raw_fallback","False","0.09825","0.09825","-0.03421","-0.03421","0.00000","0.00000","-0.06404","-0.06404"
"1367","SUN","17","17","analyzed","feasible","improvement_l2","True","-2.08327","-0.85884","1.08362","1.01078","0.81915","-0.13297","0.18027","-0.01897"
"90","SUR","4","4","analyzed","gate_rejected","raw_fallback","False","0.14565","0.14565","-0.21984","-0.21984","0.00000","0.00000","0.07419","0.07419"
"37","SUT","22","13","analyzed","feasible","minimax_ratio","True","0.93933","0.93286","-0.71629","-0.71136","-0.02610","-0.02592","-0.19705","-0.19558"
"1802","SWB","6","6","analyzed","feasible","improvement_l2","True","0.39095","0.35339","-0.07622","-0.03856","0.07454","0.00141","-0.38932","-0.31624"
"1982","SWD","3","3","analyzed","gate_rejected","raw_fallback","False","0.38880","0.38880","-0.15130","-0.15130","0.03246","0.03246","-0.26999","-0.26999"
"3","SWE","131","125","analyzed","feasible","improvement_l2","True","12.07185","10.36288","0.29413","0.00129","0.69227","0.01297","-13.05920","-10.37715"
"2200","SWH","1","1","analyzed","gate_rejected","raw_fallback","False","0.31663","0.31663","-0.07831","-0.07831","0.02699","0.02699","-0.26532","-0.26532"
"1805","SWR","2","2","analyzed","gate_rejected","raw_fallback","False","0.20965","0.20965","-0.08492","-0.08492","0.00000","0.00000","-0.12477","-0.12477"
"1347","SWT","15","13","analyzed","feasible","improvement_l2","True","-0.15907","-0.06602","-0.40506","-0.30677","0.00469","0.00004","0.55934","0.37275"
"1825","SWZ","2","2","analyzed","feasible","target_l2","True","0.89566","0.81259","-0.21476","-0.18972","0.01956","-0.00170","-0.70046","-0.62118"
"821","SXI","9","4","analyzed","gate_rejected","raw_fallback","False","-0.15647","-0.15647","0.67265","0.67265","0.00000","0.00000","-0.51617","-0.51617"
"1843","SYE","1","1","analyzed","gate_rejected","raw_fallback","False","-0.17062","-0.17062","0.14121","0.14121","0.21077","0.21077","-0.18141","-0.18141"
"608","SYG","27","23","analyzed","feasible","absolute_l2","True","1.13455","0.90711","-1.54932","-1.28570","1.22548","0.51003","-0.81083","-0.13144"
"1847","SYN","2","2","analyzed","gate_rejected","raw_fallback","False","0.18032","0.18032","-0.10569","-0.10569","0.00000","0.00000","-0.07464","-0.07464"
"410","SYU","4","4","analyzed","feasible","target_l2","True","0.19444","0.18547","-0.08134","-0.05722","0.03087","-0.00757","-0.14400","-0.12067"
"530","SYY","5","5","analyzed","feasible","target_l2","True","0.31893","0.30583","-0.12085","-0.10451","0.02076","-0.00033","-0.21884","-0.20100"
"2165","SYZ","1","1","analyzed","gate_rejected","raw_fallback","False","0.12999","0.12999","-0.04017","-0.04017","0.00008","0.00008","-0.08991","-0.08991"
"820","SZG","1","1","analyzed","gate_rejected","raw_fallback","False","-0.00494","-0.00494","0.03345","0.03345","0.00000","0.00000","-0.02851","-0.02851"
"840","SZH","8","7","analyzed","gate_rejected","raw_fallback","False","0.05684","0.05684","0.09899","0.09899","0.00000","0.00000","-0.15579","-0.15579"
"881","SZI","2","2","analyzed","gate_rejected","raw_fallback","False","-0.08866","-0.08866","0.31813","0.31813","0.00000","0.00000","-0.22944","-0.22944"
"2058","SZL","7","7","analyzed","feasible","improvement_l2","True","-0.29179","-0.19663","-0.00573","-0.00005","-0.00661","-0.00023","0.30410","0.19690"
"828","SZU","1","1","analyzed","gate_rejected","raw_fallback","False","0.00364","0.00364","-0.00038","-0.00038","0.00000","0.00000","-0.00327","-0.00327"
"1645","TAA","1","1","analyzed","gate_rejected","raw_fallback","False","0.02796","0.02796","-0.01229","-0.01229","-0.00447","-0.00447","-0.01120","-0.01120"
"477","TAI","3","2","analyzed","gate_rejected","raw_fallback","False","0.26766","0.26766","-0.05013","-0.05013","0.00000","0.00000","-0.21754","-0.21754"
"181","TAO","1","1","analyzed","gate_rejected","raw_fallback","False","0.06833","0.06833","-0.07253","-0.07253","0.00886","0.00886","-0.00466","-0.00466"
"1589","TAR","19","19","analyzed","feasible","improvement_l2","True","0.64966","0.50041","-0.58063","-0.52426","0.09180","0.00812","-0.16092","0.01573"
"999","TAS","1","0","no_valid_locations","","","","","","","","","","",""
"1582","TAT","9","5","analyzed","gate_rejected","raw_fallback","False","-0.10666","-0.10666","0.07981","0.07981","0.00000","0.00000","0.02684","0.02684"
"1594","TAX","1","1","analyzed","gate_rejected","raw_fallback","False","0.21282","0.21282","-0.11711","-0.11711","0.00566","0.00566","-0.10137","-0.10137"
"921","TAZ","3","3","analyzed","gate_rejected","raw_fallback","False","0.21453","0.21453","-0.07571","-0.07571","0.00000","0.00000","-0.13881","-0.13881"
"417","TBA","1","1","analyzed","gate_rejected","raw_fallback","False","-0.00179","-0.00179","0.00867","0.00867","0.00000","0.00000","-0.00688","-0.00688"
"1674","TCC","1","1","analyzed","gate_rejected","raw_fallback","False","0.02800","0.02800","-0.01803","-0.01803","0.00000","0.00000","-0.00997","-0.00997"
"1671","TCH","1","1","analyzed","gate_rejected","raw_fallback","False","0.23734","0.23734","-0.13518","-0.13518","0.00000","0.00000","-0.10217","-0.10217"
"1866","TCK","4","4","analyzed","feasible","minimax_ratio","True","0.11781","0.11638","-0.06176","-0.06101","0.06246","0.05841","-0.11858","-0.11378"
"1599","TCP","1","1","analyzed","gate_rejected","raw_fallback","False","0.05725","0.05725","0.00739","0.00739","0.03389","0.03389","-0.09858","-0.09858"
"1624","TCQ","3","3","analyzed","gate_rejected","raw_fallback","False","0.36066","0.36066","-0.25726","-0.25726","0.00000","0.00000","-0.10341","-0.10341"
"1699","TCY","1","1","analyzed","gate_rejected","raw_fallback","False","0.17489","0.17489","-0.05653","-0.05653","0.00000","0.00000","-0.11836","-0.11836"
"1234","TDE","4","4","analyzed","gate_rejected","raw_fallback","False","-0.02686","-0.02686","-0.01059","-0.01059","0.00000","0.00000","0.03740","0.03740"
"1384","TDG","22","7","analyzed","gate_rejected","raw_fallback","False","-0.08004","-0.08004","-0.06408","-0.06408","0.00000","0.00000","-0.05287","-0.05287"
"38","TDJ","5","5","analyzed","feasible","minimax_ratio","True","0.66453","0.66449","-0.20584","-0.20583","-0.01731","-0.01718","-0.44151","-0.44148"
"1429","TDO","5","4","analyzed","gate_rejected","raw_fallback","False","0.46061","0.46061","-0.28174","-0.28174","0.00000","0.00000","-0.17888","-0.17888"
"1696","TEE","1","1","analyzed","gate_rejected","raw_fallback","False","0.08184","0.08184","-0.02872","-0.02872","-0.00036","-0.00036","-0.05276","-0.05276"
"39","TEK","7","6","analyzed","feasible","minimax_ratio","True","0.07799","0.07684","-0.14331","-0.14120","0.36429","0.34948","-0.29898","-0.28512"
"1658","TEL","1","1","analyzed","gate_rejected","raw_fallback","False","0.01401","0.01401","-0.00771","-0.00771","0.00000","0.00000","-0.00630","-0.00630"
"407","TEM","3","0","no_valid_locations","","","","","","","","","","",""
"2302","TEN","5","5","analyzed","feasible","minimax_ratio","True","0.27834","0.27544","-0.12020","-0.11821","0.03077","0.02974","-0.18894","-0.18697"
"1630","TEO","5","3","analyzed","feasible","improvement_l2","True","0.58652","0.48958","-0.36799","-0.31979","-0.01597","0.00383","-0.20255","-0.17361"
"1598","TEP","3","3","analyzed","feasible","minimax_ratio","True","1.10434","1.03331","-0.54106","-0.47393","-0.17822","-0.17698","-0.38509","-0.38240"
"1421","TER","1","1","analyzed","gate_rejected","raw_fallback","False","0.89323","0.89323","-0.35905","-0.35905","-0.45812","-0.45812","-0.07607","-0.07607"
"1979","TES","2","2","analyzed","gate_rejected","raw_fallback","False","0.13574","0.13574","-0.07591","-0.07591","0.02285","0.02285","-0.08272","-0.08272"
"234","TEU","43","37","analyzed","feasible","balanced_l2","True","0.03414","0.00000","-0.30387","0.00000","-0.08351","0.00000","0.35296","0.00000"
"176","TEY","1","1","analyzed","gate_rejected","raw_fallback","False","0.04896","0.04896","-0.03463","-0.03463","0.00000","0.00000","-0.01433","-0.01433"
"2296","TFK","5","5","analyzed","gate_rejected","raw_fallback","False","0.02653","0.02653","-0.03796","-0.03796","0.00000","0.00000","0.01140","0.01140"
"1584","TFL","21","16","analyzed","feasible","improvement_l2","True","0.09268","0.00875","1.02743","0.82924","0.02792","0.00055","-1.14810","-0.83854"
"2222","TGG","2","1","analyzed","gate_rejected","raw_fallback","False","0.05347","0.05347","-0.00874","-0.00874","0.00000","0.00000","-0.04473","-0.04473"
"325","TGH","1","1","analyzed","gate_rejected","raw_fallback","False","0.05439","0.05439","-0.03413","-0.03413","0.00000","0.00000","-0.02028","-0.02028"
"843","TGR","1","1","analyzed","gate_rejected","raw_fallback","False","-0.02992","-0.02992","0.11268","0.11268","0.00000","0.00000","-0.08276","-0.08276"
"1585","TGT","3","3","analyzed","gate_rejected","raw_fallback","False","0.00388","0.00388","0.11735","0.11735","0.00000","0.00000","-0.12123","-0.12123"
"830","TGY","1","1","analyzed","gate_rejected","raw_fallback","False","0.00003","0.00003","0.00000","0.00000","0.00000","0.00000","-0.00003","-0.00003"
"2238","THD","1","1","analyzed","gate_rejected","raw_fallback","False","0.09550","0.09550","-0.02049","-0.02049","0.00000","0.00000","-0.07501","-0.07501"
"333","THO","3","3","analyzed","gate_rejected","raw_fallback","False","0.21981","0.21981","-0.10118","-0.10118","0.00000","0.00000","-0.11862","-0.11862"
"208","THP","2","2","analyzed","gate_rejected","raw_fallback","False","0.06909","0.06909","-0.02648","-0.02648","0.00000","0.00000","-0.04265","-0.04265"
"1619","THT","4","4","analyzed","feasible","improvement_l2","True","1.31945","1.20368","-0.79066","-0.77327","0.00463","-0.00031","-0.53343","-0.43009"
"1778","THU","6","6","analyzed","feasible","minimax_ratio","True","0.24330","0.20874","0.00547","0.00469","0.07341","0.06298","-0.32223","-0.27642"
"892","TIB","59","51","analyzed","feasible","minimax_ratio","True","-1.06695","-1.06658","-0.32479","-0.32477","0.69888","0.69884","0.69255","0.69251"
"1422","TID","1","1","analyzed","gate_rejected","raw_fallback","False","0.34641","0.34641","-0.13369","-0.13369","0.14742","0.14742","-0.36014","-0.36014"
"2158","TIR","10","10","analyzed","feasible","improvement_l2","True","0.86933","0.37244","-0.65991","0.15770","0.40732","0.00238","-0.61684","-0.53252"
"1378","TJP","16","14","analyzed","feasible","improvement_l2","True","-0.14225","-0.00205","0.05042","0.00561","0.06282","-0.00187","0.02897","-0.00169"
"2291","TKR","16","16","analyzed","feasible","improvement_l2","True","-0.31975","-0.07043","0.02040","-0.00346","0.08761","-0.01536","0.21171","0.08925"
"1278","TKU","2","2","analyzed","gate_rejected","raw_fallback","False","0.28072","0.28072","0.11088","0.11088","0.00000","0.00000","-0.39163","-0.39163"
"1609","TLA","1","1","analyzed","gate_rejected","raw_fallback","False","0.05589","0.05589","-0.03280","-0.03280","0.00000","0.00000","-0.02310","-0.02310"
"1586","TLE","46","39","analyzed","feasible","balanced_l2","True","1.45498","0.00000","-1.54808","0.00000","0.84996","0.00000","-0.75713","0.00000"
"1676","TLL","1","1","analyzed","gate_rejected","raw_fallback","False","0.18196","0.18196","-0.12445","-0.12445","0.00000","0.00000","-0.05750","-0.05750"
"1950","TLM","1","1","analyzed","gate_rejected","raw_fallback","False","0.08353","0.08353","0.01169","0.01169","0.00000","0.00000","-0.09523","-0.09523"
"1741","TLO","1","1","analyzed","gate_rejected","raw_fallback","False","0.05102","0.05102","-0.02605","-0.02605","-0.00114","-0.00114","-0.02383","-0.02383"
"1685","TLP","1","1","analyzed","gate_rejected","raw_fallback","False","0.22425","0.22425","-0.14110","-0.14110","0.00000","0.00000","-0.08316","-0.08316"
"1698","TLQ","2","2","analyzed","gate_rejected","raw_fallback","False","0.04931","0.04931","-0.02933","-0.02933","0.00000","0.00000","-0.01997","-0.01997"
"1729","TLT","1","1","analyzed","gate_rejected","raw_fallback","False","0.02602","0.02602","-0.01424","-0.01424","0.00000","0.00000","-0.01179","-0.01179"
"1417","TLW","1","1","analyzed","gate_rejected","raw_fallback","False","0.03062","0.03062","0.00416","0.00416","0.00181","0.00181","-0.03660","-0.03660"
"1613","TLX","4","4","analyzed","feasible","minimax_ratio","True","0.19206","0.18808","-0.12682","-0.12420","-0.00054","-0.00053","-0.06469","-0.06335"
"1716","TLY","1","1","analyzed","gate_rejected","raw_fallback","False","0.06830","0.06830","-0.03220","-0.03220","-0.00191","-0.00191","-0.03419","-0.03419"
"1678","TLZ","1","1","analyzed","gate_rejected","raw_fallback","False","0.04949","0.04949","-0.02234","-0.02234","0.00000","0.00000","-0.02715","-0.02715"
"2292","TMK","1","0","no_valid_locations","","","","","","","","","","",""
"609","TMN","2","2","analyzed","gate_rejected","raw_fallback","False","-0.03057","-0.03057","-0.00141","-0.00141","0.00000","0.00000","0.03195","0.03195"
"1673","TMS","1","1","analyzed","gate_rejected","raw_fallback","False","0.10317","0.10317","-0.04706","-0.04706","0.00000","0.00000","-0.05611","-0.05611"
"1708","TMT","2","2","analyzed","gate_rejected","raw_fallback","False","0.11183","0.11183","-0.07336","-0.07336","0.00000","0.00000","-0.03846","-0.03846"
"1595","TNC","1","1","analyzed","gate_rejected","raw_fallback","False","0.08969","0.08969","0.01212","0.01212","0.03270","0.03270","-0.13456","-0.13456"
"2106","TNG","2","2","analyzed","gate_rejected","raw_fallback","False","0.11048","0.11048","-0.01337","-0.01337","0.00000","0.00000","-0.09713","-0.09713"
"1266","TNK","4","4","analyzed","feasible","minimax_ratio","True","1.08475","1.06995","-0.06749","-0.06574","-0.53985","-0.53285","-0.47755","-0.47136"
"1649","TNL","3","3","analyzed","gate_rejected","raw_fallback","False","0.04708","0.04708","-0.03066","-0.03066","0.00000","0.00000","-0.01644","-0.01644"
"180","TNN","1","1","analyzed","gate_rejected","raw_fallback","False","0.02011","0.02011","-0.01421","-0.01421","0.00000","0.00000","-0.00591","-0.00591"
"833","TNP","1","1","analyzed","gate_rejected","raw_fallback","False","0.01452","0.01452","-0.00167","-0.00167","0.00000","0.00000","-0.01287","-0.01287"
"914","TNQ","3","3","analyzed","gate_rejected","raw_fallback","False","0.47473","0.47473","-0.19724","-0.19724","0.00000","0.00000","-0.27752","-0.27752"
"2247","TNT","4","4","analyzed","gate_rejected","raw_fallback","False","-0.10118","-0.10118","-0.06062","-0.06062","0.10413","0.10413","0.05765","0.05765"
"1705","TNX","1","1","analyzed","gate_rejected","raw_fallback","False","0.04767","0.04767","-0.02211","-0.02211","0.00000","0.00000","-0.02556","-0.02556"
"870","TNZ","5","4","analyzed","gate_rejected","raw_fallback","False","-0.04902","-0.04902","0.21490","0.21490","0.00000","0.00000","-0.16585","-0.16585"
"1000","TOD","1","1","analyzed","gate_rejected","raw_fallback","False","0.03289","0.03289","-0.01308","-0.01308","0.00000","0.00000","-0.01980","-0.01980"
"2014","TOG","3","3","analyzed","gate_rejected","raw_fallback","False","-0.20210","-0.20210","0.02680","0.02680","0.00000","0.00000","0.17532","0.17532"
"1724","TOH","4","4","analyzed","feasible","target_l2","True","0.86124","0.79158","-0.77158","-0.76225","-0.00777","-0.00015","-0.08189","-0.02918"
"1184","TON","1","1","analyzed","gate_rejected","raw_fallback","False","0.09839","0.09839","-0.02015","-0.02015","0.00000","0.00000","-0.07825","-0.07825"
"1632","TOT","1","1","analyzed","gate_rejected","raw_fallback","False","0.03808","0.03808","-0.01515","-0.01515","-0.00153","-0.00153","-0.02140","-0.02140"
"1001","TOX","1","0","no_valid_locations","","","","","","","","","","",""
"1730","TOZ","2","2","analyzed","gate_rejected","raw_fallback","False","0.04260","0.04260","-0.02802","-0.02802","0.00129","0.00129","-0.01587","-0.01587"
"874","TPG","5","1","analyzed","gate_rejected","raw_fallback","False","-0.02126","-0.02126","0.19061","0.19061","0.00000","0.00000","-0.16935","-0.16935"
"1615","TPL","1","1","analyzed","gate_rejected","raw_fallback","False","0.16404","0.16404","-0.07354","-0.07354","0.00146","0.00146","-0.09196","-0.09196"
"1652","TPN","1","1","analyzed","gate_rejected","raw_fallback","False","0.13262","0.13262","-0.06931","-0.06931","0.00000","0.00000","-0.06331","-0.06331"
"2031","TPS","4","4","analyzed","gate_rejected","raw_fallback","False","-0.03769","-0.03769","-0.04361","-0.04361","-0.01328","-0.01328","0.09455","0.09455"
"1681","TPT","1","1","analyzed","gate_rejected","raw_fallback","False","0.19352","0.19352","-0.14184","-0.14184","0.00570","0.00570","-0.05738","-0.05738"
"1746","TPX","1","1","analyzed","gate_rejected","raw_fallback","False","0.26799","0.26799","-0.14169","-0.14169","0.00257","0.00257","-0.12887","-0.12887"
"1690","TPY","2","2","analyzed","gate_rejected","raw_fallback","False","0.47368","0.47368","-0.24055","-0.24055","0.00085","0.00085","-0.23400","-0.23400"
"2043","TRB","1","1","analyzed","gate_rejected","raw_fallback","False","-0.03960","-0.03960","0.02415","0.02415","0.00669","0.00669","0.00875","0.00875"
"40","TRE","8","6","analyzed","feasible","improvement_l2","True","-2.69163","-0.93863","0.69993","0.65868","1.74167","0.30268","0.24989","-0.02274"
"256","TRF","8","8","analyzed","feasible","improvement_l2","True","-1.10909","-0.61485","0.70457","0.55191","0.06152","0.06043","0.34287","0.00251"
"1022","TRH","6","6","analyzed","gate_rejected","raw_fallback","False","0.00868","0.00868","-0.03523","-0.03523","0.00000","0.00000","0.02654","0.02654"
"1838","TRI","5","5","analyzed","feasible","minimax_ratio","True","0.68508","0.68212","-0.22651","-0.22553","-0.05490","-0.05458","-0.40375","-0.40200"
"397","TRK","6","5","analyzed","gate_rejected","raw_fallback","False","0.00255","0.00255","0.06848","0.06848","0.00000","0.00000","-0.07101","-0.07101"
"2178","TRN","1","1","analyzed","gate_rejected","raw_fallback","False","0.09731","0.09731","-0.01831","-0.01831","0.01159","0.01159","-0.09060","-0.09060"
"1139","TRP","4","4","analyzed","feasible","minimax_ratio","True","0.75339","0.75335","-0.26453","-0.26452","-0.11088","-0.11079","-0.37806","-0.37804"
"2052","TRS","4","4","analyzed","gate_rejected","raw_fallback","False","-0.03842","-0.03842","-0.12781","-0.12781","0.02130","0.02130","0.14492","0.14492"
"318","TRY","2","2","analyzed","gate_rejected","raw_fallback","False","0.15953","0.15953","-0.06640","-0.06640","0.00000","0.00000","-0.09315","-0.09315"
"1732","TSE","1","1","analyzed","gate_rejected","raw_fallback","False","0.04890","0.04890","-0.03341","-0.03341","0.00000","0.00000","-0.01548","-0.01548"
"917","TSK","3","2","analyzed","gate_rejected","raw_fallback","False","0.36131","0.36131","-0.15733","-0.15733","0.00000","0.00000","-0.20400","-0.20400"
"2138","TSM","7","6","analyzed","gate_rejected","raw_fallback","False","0.26641","0.26641","0.02869","0.02869","0.08136","0.08136","-0.37653","-0.37653"
"182","TST","1","1","analyzed","gate_rejected","raw_fallback","False","0.02184","0.02184","-0.01492","-0.01492","0.00000","0.00000","-0.00691","-0.00691"
"1725","TTA","3","3","analyzed","gate_rejected","raw_fallback","False","0.37695","0.37695","-0.30171","-0.30171","-0.00761","-0.00761","-0.06765","-0.06765"
"1638","TTC","1","1","analyzed","gate_rejected","raw_fallback","False","0.20111","0.20111","-0.10413","-0.10413","-0.00244","-0.00244","-0.09456","-0.09456"
"1519","TTE","1","1","analyzed","gate_rejected","raw_fallback","False","0.18896","0.18896","0.06430","0.06430","0.04808","0.04808","-0.30135","-0.30135"
"1520","TTN","2","2","analyzed","feasible","improvement_l2","True","0.98299","0.91391","-0.43408","-0.40977","0.01002","-0.00178","-0.55898","-0.50237"
"1596","TTZ","4","4","analyzed","gate_rejected","raw_fallback","False","0.55545","0.55545","-0.21127","-0.21127","-0.09214","-0.09214","-0.25207","-0.25207"
"2245","TUB","1","1","analyzed","gate_rejected","raw_fallback","False","0.11202","0.11202","-0.04543","-0.04543","-0.00256","-0.00256","-0.06404","-0.06404"
"1191","TUL","1","1","analyzed","gate_rejected","raw_fallback","False","0.12103","0.12103","-0.02402","-0.02402","0.00361","0.00361","-0.10062","-0.10062"
"1587","TUN","64","40","analyzed","feasible","absolute_l2","True","-1.02125","0.05551","-0.45766","-0.16520","2.39719","0.03739","-0.91882","0.07230"
"41","TUR","23","20","analyzed","feasible","improvement_l2","True","0.04343","0.00072","-1.12153","-1.00628","8.42170","7.85487","-7.34373","-6.84931"
"1604","TUT","1","1","analyzed","gate_rejected","raw_fallback","False","0.03611","0.03611","-0.01554","-0.01554","0.00000","0.00000","-0.02057","-0.02057"
"1963","TUV","6","6","analyzed","gate_rejected","raw_fallback","False","-0.09362","-0.09362","0.08100","0.08100","0.00000","0.00000","0.01256","0.01256"
"1592","TUZ","1","1","analyzed","gate_rejected","raw_fallback","False","0.05386","0.05386","-0.02616","-0.02616","-0.00364","-0.00364","-0.02406","-0.02406"
"2035","TVE","3","3","analyzed","gate_rejected","raw_fallback","False","0.10644","0.10644","-0.03057","-0.03057","0.08970","0.08970","-0.16565","-0.16565"
"59","TVS","1","1","analyzed","gate_rejected","raw_fallback","False","0.40615","0.40615","0.00648","0.00648","0.03545","0.03545","-0.44808","-0.44808"
"253","TWI","6","6","analyzed","feasible","improvement_l2","True","-1.51094","-0.94574","1.21269","1.02779","0.00448","-0.00003","0.29373","-0.08203"
"842","TXI","1","1","analyzed","gate_rejected","raw_fallback","False","0.00522","0.00522","-0.00457","-0.00457","0.00000","0.00000","-0.00065","-0.00065"
"1639","TXP","1","1","analyzed","gate_rejected","raw_fallback","False","0.17641","0.17641","-0.06137","-0.06137","0.00000","0.00000","-0.11504","-0.11504"
"314","TYR","4","4","analyzed","gate_rejected","raw_fallback","False","0.42947","0.42947","-0.21102","-0.21102","0.00000","0.00000","-0.21844","-0.21844"
"1439","TYY","2","2","analyzed","gate_rejected","raw_fallback","False","0.01165","0.01165","-0.00258","-0.00258","0.00000","0.00000","-0.00906","-0.00906"
"1667","TZC","1","1","analyzed","gate_rejected","raw_fallback","False","0.28293","0.28293","-0.14370","-0.14370","0.00452","0.00452","-0.14376","-0.14376"
"1767","TZE","2","2","analyzed","gate_rejected","raw_fallback","False","0.63394","0.63394","-0.24939","-0.24939","0.00122","0.00122","-0.38578","-0.38578"
"1642","TZH","1","1","analyzed","gate_rejected","raw_fallback","False","0.10449","0.10449","-0.03251","-0.03251","0.00002","0.00002","-0.07202","-0.07202"
"1593","TZI","1","1","analyzed","gate_rejected","raw_fallback","False","0.12247","0.12247","-0.06146","-0.06146","0.00000","0.00000","-0.06102","-0.06102"
"1622","TZL","3","3","analyzed","gate_rejected","raw_fallback","False","0.46449","0.46449","-0.33532","-0.33532","0.00000","0.00000","-0.12919","-0.12919"
"1715","TZM","2","2","analyzed","gate_rejected","raw_fallback","False","0.07812","0.07812","-0.04157","-0.04157","-0.00328","-0.00328","-0.03326","-0.03326"
"1643","TZP","1","1","analyzed","gate_rejected","raw_fallback","False","0.04360","0.04360","-0.01813","-0.01813","0.00000","0.00000","-0.02548","-0.02548"
"1768","TZU","1","1","analyzed","gate_rejected","raw_fallback","False","0.09295","0.09295","-0.06539","-0.06539","0.00000","0.00000","-0.02756","-0.02756"
"1646","TZZ","1","1","analyzed","gate_rejected","raw_fallback","False","0.01774","0.01774","-0.00964","-0.00964","0.00000","0.00000","-0.00811","-0.00811"
"1679","UAU","1","1","analyzed","gate_rejected","raw_fallback","False","0.28339","0.28339","-0.12508","-0.12508","0.00000","0.00000","-0.15831","-0.15831"
"1754","UAY","3","3","analyzed","feasible","minimax_ratio","True","0.12024","0.11622","-0.11282","-0.10905","0.03877","0.03221","-0.04618","-0.03938"
"2206","UBL","1","1","analyzed","gate_rejected","raw_fallback","False","0.07301","0.07301","-0.01660","-0.01660","0.00281","0.00281","-0.05922","-0.05922"
"2152","UBV","17","17","analyzed","feasible","improvement_l2","True","0.50976","0.36343","-0.33493","-0.09601","0.98180","0.52181","-1.15679","-0.78923"
"2191","UFF","4","4","analyzed","gate_rejected","raw_fallback","False","0.67106","0.67106","-0.24908","-0.24908","0.00000","0.00000","-0.42201","-0.42201"
"1909","UGH","3","3","analyzed","gate_rejected","raw_fallback","False","0.51197","0.51197","-0.08572","-0.08572","0.00000","0.00000","-0.42624","-0.42624"
"2029","UGL","3","3","analyzed","gate_rejected","raw_fallback","False","-0.02788","-0.02788","-0.03351","-0.03351","0.00000","0.00000","0.06140","0.06140"
"541","UGW","1","1","analyzed","gate_rejected","raw_fallback","False","0.01192","0.01192","-0.01051","-0.01051","0.00000","0.00000","-0.00142","-0.00142"
"260","UJJ","5","5","analyzed","feasible","improvement_l2","True","-0.00450","0.00013","0.02439","0.01624","0.08053","-0.01370","-0.10053","-0.00267"
"2196","ULM","1","1","analyzed","gate_rejected","raw_fallback","False","0.46612","0.46612","-0.22332","-0.22332","0.14154","0.14154","-0.38437","-0.38437"
"295","ULS","3","3","analyzed","feasible","target_l2","True","0.11001","0.05259","-0.08333","-0.05264","0.00571","-0.00090","-0.03240","0.00095"
"116","UMA","1","1","analyzed","gate_rejected","raw_fallback","False","0.00666","0.00666","-0.01462","-0.01462","0.00670","0.00670","0.00126","0.00126"
"301","UMH","1","1","analyzed","gate_rejected","raw_fallback","False","0.05378","0.05378","-0.03851","-0.03851","0.00000","0.00000","-0.01527","-0.01527"
"1521","URB","3","2","analyzed","gate_rejected","raw_fallback","False","0.30429","0.30429","-0.15133","-0.15133","-0.02365","-0.02365","-0.12934","-0.12934"
"68","URC","3","3","analyzed","gate_rejected","raw_fallback","False","0.17837","0.17837","-0.20791","-0.20791","0.00188","0.00188","0.02764","0.02764"
"2167","URI","1","1","analyzed","gate_rejected","raw_fallback","False","0.22215","0.22215","-0.06394","-0.06394","0.06915","0.06915","-0.22737","-0.22737"
"1002","USS","1","1","analyzed","gate_rejected","raw_fallback","False","0.01688","0.01688","-0.00639","-0.00639","0.00000","0.00000","-0.01048","-0.01048"
"143","UTB","7","7","analyzed","gate_rejected","raw_fallback","False","0.23840","0.23840","-0.07473","-0.07473","0.00000","0.00000","-0.16370","-0.16370"
"1557","UTR","9","5","analyzed","feasible","minimax_ratio","True","0.35628","0.35540","-0.22170","-0.22115","-0.00942","-0.00929","-0.12527","-0.12496"
"1554","VBG","1","1","analyzed","gate_rejected","raw_fallback","False","0.00887","0.00887","0.00113","0.00113","0.03018","0.03018","-0.04022","-0.04022"
"1966","VBK","15","15","analyzed","feasible","minimax_ratio","True","0.71446","0.67833","-0.01583","-0.01503","0.15700","0.14906","-0.85571","-0.81236"
"1279","VDK","1","1","analyzed","gate_rejected","raw_fallback","False","0.03852","0.03852","0.02136","0.02136","0.00000","0.00000","-0.05989","-0.05989"
"1177","VDM","2","2","analyzed","feasible","target_l2","True","0.11979","0.10262","-0.05979","-0.04881","0.00716","-0.00037","-0.06719","-0.05344"
"1192","VDU","2","2","analyzed","gate_rejected","raw_fallback","False","0.27529","0.27529","-0.02405","-0.02405","0.00000","0.00000","-0.25126","-0.25126"
"400","VDZ","2","2","analyzed","feasible","absolute_l2","True","-0.06565","-0.01151","-0.10277","-0.10033","0.18919","0.12395","-0.02080","-0.01211"
"2220","VEL","2","2","analyzed","gate_rejected","raw_fallback","False","0.43897","0.43897","-0.20182","-0.20182","0.07835","0.07835","-0.31550","-0.31550"
"1522","VEN","14","6","analyzed","feasible","improvement_l2","True","1.12366","1.07017","-0.95754","-0.92379","2.47184","2.40281","-2.63802","-2.54919"
"1523","VER","20","12","analyzed","feasible","minimax_ratio","True","1.71855","1.64437","-0.88323","-0.84487","2.53515","2.42572","-3.37072","-3.22522"
"1264","VIJ","36","35","analyzed","feasible","balanced_l2","True","0.14540","0.00000","-0.80951","0.00000","0.84464","0.00000","-0.18119","0.00000"
"1276","VLD","2","2","analyzed","gate_rejected","raw_fallback","False","0.04150","0.04150","0.09142","0.09142","0.02788","0.02788","-0.16081","-0.16081"
"1182","VLN","6","6","analyzed","feasible","improvement_l2","True","0.42135","0.39780","-0.12158","-0.10451","0.02585","-0.00022","-0.32570","-0.29307"
"2028","VLR","8","8","analyzed","feasible","improvement_l2","True","0.01001","0.00017","-0.08251","-0.06751","-0.17588","0.03859","0.24834","0.02875"
"1525","VLT","1","1","analyzed","gate_rejected","raw_fallback","False","0.13607","0.13607","0.04146","0.04146","0.13776","0.13776","-0.31533","-0.31533"
"1533","VNA","1","1","analyzed","gate_rejected","raw_fallback","False","0.09171","0.09171","-0.07236","-0.07236","0.00000","0.00000","-0.01934","-0.01934"
"1272","VND","4","4","analyzed","feasible","improvement_l2","True","-0.03489","0.00734","0.20629","0.18069","0.02981","0.00331","-0.20130","-0.19134"
"1202","VNT","2","2","analyzed","gate_rejected","raw_fallback","False","0.60850","0.60850","-0.20248","-0.20248","0.02414","0.02414","-0.43018","-0.43018"
"543","VOH","1","0","no_valid_locations","","","","","","","","","","",""
"1959","VOL","37","37","analyzed","feasible","improvement_l2","True","-2.35722","-0.68007","0.39840","-0.06592","0.40752","-0.05704","1.55098","0.80302"
"1877","VRD","2","2","analyzed","gate_rejected","raw_fallback","False","0.45124","0.45124","-0.19337","-0.19337","0.02118","0.02118","-0.27907","-0.27907"
"2111","VTN","32","25","analyzed","feasible","improvement_l2","True","0.91341","0.70728","-0.24074","0.00054","0.10323","0.00452","-0.77595","-0.71234"
"2214","VUD","4","4","analyzed","feasible","balanced_l2","True","0.46907","0.44719","-0.16299","-0.15703","0.01348","0.00000","-0.31962","-0.29015"
"1530","VUN","3","3","analyzed","gate_rejected","raw_fallback","False","0.04359","0.04359","-0.01909","-0.01909","-0.04316","-0.04316","0.01865","0.01865"
"2042","VYA","10","10","analyzed","feasible","minimax_ratio","True","-0.36457","-0.23322","-0.15128","-0.13944","0.06653","-0.04145","0.44927","0.41411"
"2063","VYT","20","16","analyzed","gate_rejected","raw_fallback","False","-0.22965","-0.22965","-0.25774","-0.25774","0.00000","0.00000","0.48738","0.48738"
"382","WAL","44","44","analyzed","feasible","target_l2","True","-0.91233","0.08003","-0.33360","-0.09669","0.62720","-0.00111","0.61827","0.01777"
"1233","WAR","6","6","analyzed","gate_rejected","raw_fallback","False","-0.01293","-0.01293","-0.02280","-0.02280","0.00000","0.00000","0.03566","0.03566"
"2188","WBG","7","7","analyzed","feasible","minimax_ratio","True","0.63749","0.63600","-0.30648","-0.30576","0.08287","0.05983","-0.41398","-0.39007"
"2203","WDB","1","1","analyzed","gate_rejected","raw_fallback","False","0.08961","0.08961","-0.02547","-0.02547","0.00647","0.00647","-0.07062","-0.07062"
"1888","WDE","1","1","analyzed","gate_rejected","raw_fallback","False","0.01416","0.01416","-0.24426","-0.24426","0.00463","0.00463","0.22544","0.22544"
"804","WDG","3","3","analyzed","gate_rejected","raw_fallback","False","-0.13908","-0.13908","1.05900","1.05900","0.00000","0.00000","-0.91991","-0.91991"
"2186","WEI","1","1","analyzed","gate_rejected","raw_fallback","False","0.07738","0.07738","-0.03300","-0.03300","0.00547","0.00547","-0.04985","-0.04985"
"1003","WEJ","1","0","no_valid_locations","","","","","","","","","","",""
"1004","WEK","1","0","no_valid_locations","","","","","","","","","","",""
"2159","WER","2","2","analyzed","gate_rejected","raw_fallback","False","-0.04466","-0.04466","-0.00370","-0.00370","0.00252","0.00252","0.04583","0.04583"
"1885","WGO","1","1","analyzed","gate_rejected","raw_fallback","False","0.02139","0.02139","-0.01862","-0.01862","0.03405","0.03405","-0.03684","-0.03684"
"1419","WHL","4","4","analyzed","feasible","target_l2","True","-0.07212","-0.02578","0.03596","0.02641","0.01020","-0.00030","0.02596","-0.00033"
"1896","WIE","1","1","analyzed","gate_rejected","raw_fallback","False","0.49925","0.49925","-0.18167","-0.18167","0.00000","0.00000","-0.31759","-0.31759"
"2210","WLD","1","1","analyzed","gate_rejected","raw_fallback","False","0.07217","0.07217","-0.03669","-0.03669","0.00000","0.00000","-0.03548","-0.03548"
"313","WLS","8","8","analyzed","feasible","balanced_l2","True","-0.47421","-0.03049","0.62746","0.07128","0.02232","-0.00013","-0.17564","-0.04066"
"1824","WMA","1","1","analyzed","gate_rejected","raw_fallback","False","0.26536","0.26536","-0.10026","-0.10026","-0.00187","-0.00187","-0.16324","-0.16324"
"916","WMO","1","1","analyzed","gate_rejected","raw_fallback","False","0.24271","0.24271","-0.11587","-0.11587","-0.00531","-0.00531","-0.12152","-0.12152"
"596","WNA","1","0","no_valid_locations","","","","","","","","","","",""
"807","WNG","4","4","analyzed","gate_rejected","raw_fallback","False","0.09636","0.09636","0.26277","0.26277","0.00000","0.00000","-0.35913","-0.35913"
"2123","WNT","2","2","analyzed","gate_rejected","raw_fallback","False","0.34059","0.34059","-0.20657","-0.20657","0.00000","0.00000","-0.13404","-0.13404"
"1811","WOL","15","13","analyzed","feasible","improvement_l2","True","-0.86312","0.22845","-0.24724","0.00717","2.26582","0.47926","-1.15567","-0.71488"
"1990","WRC","2","2","analyzed","gate_rejected","raw_fallback","False","0.16238","0.16238","-0.09998","-0.09998","0.05502","0.05502","-0.11747","-0.11747"
"1292","WRG","3","3","analyzed","gate_rejected","raw_fallback","False","0.26342","0.26342","-0.15391","-0.15391","0.00188","0.00188","-0.11145","-0.11145"
"1842","WRM","1","1","analyzed","gate_rejected","raw_fallback","False","0.01376","0.01376","0.00161","0.00161","0.03459","0.03459","-0.04999","-0.04999"
"1806","WRN","2","2","analyzed","gate_rejected","raw_fallback","False","0.40954","0.40954","-0.14003","-0.14003","0.00199","0.00199","-0.27152","-0.27152"
"812","WSA","3","3","analyzed","gate_rejected","raw_fallback","False","-0.17899","-0.17899","0.47371","0.47371","0.00000","0.00000","-0.29472","-0.29472"
"1856","WTG","1","1","analyzed","gate_rejected","raw_fallback","False","0.04720","0.04720","-0.01344","-0.01344","0.00000","0.00000","-0.03377","-0.03377"
"1837","WTZ","1","0","no_valid_locations","","","","","","","","","","",""
"1407","WUN","1","1","analyzed","gate_rejected","raw_fallback","False","0.02979","0.02979","-0.00892","-0.00892","0.00000","0.00000","-0.02089","-0.02089"
"2198","WUR","10","10","analyzed","feasible","minimax_ratio","True","0.82965","0.75652","-0.28813","-0.24075","0.39572","0.33891","-0.93730","-0.85469"
"1006","WUY","2","1","analyzed","gate_rejected","raw_fallback","False","0.51881","0.51881","-0.17831","-0.17831","-0.00394","-0.00394","-0.33655","-0.33655"
"845","WZH","1","1","analyzed","gate_rejected","raw_fallback","False","-0.01665","-0.01665","0.10879","0.10879","0.00000","0.00000","-0.09214","-0.09214"
"1644","XAL","3","3","analyzed","feasible","target_l2","True","0.13940","0.12648","-0.11953","-0.10659","0.00885","-0.00123","-0.02872","-0.01866"
"1721","XAP","3","3","analyzed","gate_rejected","raw_fallback","False","0.05713","0.05713","-0.06393","-0.06393","0.00000","0.00000","0.00679","0.00679"
"868","XCG","1","0","no_valid_locations","","","","","","","","","","",""
"1694","XCH","1","1","analyzed","gate_rejected","raw_fallback","False","0.19867","0.19867","-0.09331","-0.09331","0.00000","0.00000","-0.10537","-0.10537"
"1737","XCP","1","1","analyzed","gate_rejected","raw_fallback","False","0.04696","0.04696","-0.02879","-0.02879","0.00000","0.00000","-0.01818","-0.01818"
"1703","XCT","2","2","analyzed","gate_rejected","raw_fallback","False","0.07850","0.07850","-0.06751","-0.06751","0.00000","0.00000","-0.01100","-0.01100"
"1723","XIC","2","2","analyzed","gate_rejected","raw_fallback","False","0.08101","0.08101","-0.07560","-0.07560","0.00000","0.00000","-0.00541","-0.00541"
"1710","XIH","1","1","analyzed","gate_rejected","raw_fallback","False","0.03824","0.03824","-0.01582","-0.01582","0.00000","0.00000","-0.02242","-0.02242"
"1605","XIL","3","3","analyzed","gate_rejected","raw_fallback","False","0.32480","0.32480","-0.17166","-0.17166","-0.00015","-0.00015","-0.15298","-0.15298"
"1750","XIU","3","3","analyzed","feasible","minimax_ratio","True","0.17962","0.16775","0.16385","0.16173","-0.12402","-0.12242","-0.21954","-0.20706"
"803","XLG","1","1","analyzed","gate_rejected","raw_fallback","False","-0.00976","-0.00976","0.06821","0.06821","0.00000","0.00000","-0.05844","-0.05844"
"62","XLL","5","5","analyzed","gate_rejected","raw_fallback","False","0.17299","0.17299","-0.20920","-0.20920","-0.04868","-0.04868","0.08487","0.08487"
"1654","XLT","1","1","analyzed","gate_rejected","raw_fallback","False","0.02104","0.02104","-0.00927","-0.00927","0.00000","0.00000","-0.01177","-0.01177"
"856","XNG","1","1","analyzed","gate_rejected","raw_fallback","False","-0.02003","-0.02003","0.17276","0.17276","0.00000","0.00000","-0.15273","-0.15273"
"851","XNL","1","1","analyzed","gate_rejected","raw_fallback","False","-0.00706","-0.00706","0.04703","0.04703","0.00000","0.00000","-0.03996","-0.03996"
"1659","XOC","2","2","analyzed","gate_rejected","raw_fallback","False","0.03727","0.03727","-0.03500","-0.03500","0.00000","0.00000","-0.00228","-0.00228"
"1759","XOL","6","5","analyzed","feasible","minimax_ratio","True","0.37989","0.36925","-0.31085","-0.30214","0.00252","-0.00245","-0.07155","-0.06466"
"888","XSY","1","0","no_valid_locations","","","","","","","","","","",""
"1651","YAH","1","1","analyzed","gate_rejected","raw_fallback","False","0.02350","0.02350","-0.01613","-0.01613","0.00000","0.00000","-0.00737","-0.00737"
"148","YAM","7","7","analyzed","gate_rejected","raw_fallback","False","0.22837","0.22837","-0.02916","-0.02916","0.00000","0.00000","-0.19923","-0.19923"
"793","YAN","3","0","no_valid_locations","","","","","","","","","","",""
"2015","YAP","2","0","no_valid_locations","","","","","","","","","","",""
"2033","YAR","7","7","analyzed","gate_rejected","raw_fallback","False","-0.34331","-0.34331","-0.12463","-0.12463","0.17792","0.17792","0.28996","0.28996"
"149","YAS","3","3","analyzed","gate_rejected","raw_fallback","False","0.11953","0.11953","-0.05594","-0.05594","0.00000","0.00000","-0.06359","-0.06359"
"2301","YAT","5","3","analyzed","gate_rejected","raw_fallback","False","0.08339","0.08339","-0.02281","-0.02281","0.03266","0.03266","-0.09327","-0.09327"
"1618","YAU","1","0","no_valid_locations","","","","","","","","","","",""
"1625","YCH","2","2","analyzed","gate_rejected","raw_fallback","False","0.15934","0.15934","-0.13655","-0.13655","0.00000","0.00000","-0.02281","-0.02281"
"1268","YDR","9","4","analyzed","gate_rejected","raw_fallback","False","0.43051","0.43051","-0.32170","-0.32170","-0.00453","-0.00453","-0.10433","-0.10433"
"1617","YDZ","1","1","analyzed","gate_rejected","raw_fallback","False","0.43357","0.43357","-0.18965","-0.18965","0.00000","0.00000","-0.24391","-0.24391"
"134","YEM","69","69","analyzed","feasible","improvement_l2","True","-0.67310","-0.01017","1.58804","1.43485","1.43555","-0.07125","-2.35109","-1.35343"
"836","YGS","3","3","analyzed","gate_rejected","raw_fallback","False","0.01925","0.01925","-0.01211","-0.01211","0.00000","0.00000","-0.00717","-0.00717"
"1008","YIM","1","1","analyzed","gate_rejected","raw_fallback","False","0.00595","0.00595","-0.00126","-0.00126","0.00009","0.00009","-0.00480","-0.00480"
"791","YJI","4","4","analyzed","gate_rejected","raw_fallback","False","-0.13912","-0.13912","0.57205","0.57205","0.00000","0.00000","-0.43292","-0.43292"
"913","YNG","5","5","analyzed","gate_rejected","raw_fallback","False","-0.13498","-0.13498","0.49844","0.49844","0.00000","0.00000","-0.36346","-0.36346"
"841","YNH","1","1","analyzed","gate_rejected","raw_fallback","False","0.06271","0.06271","-0.03561","-0.03561","0.00000","0.00000","-0.02712","-0.02712"
"787","YNJ","5","4","analyzed","gate_rejected","raw_fallback","False","-0.11241","-0.11241","0.77174","0.77174","0.00000","0.00000","-0.65932","-0.65932"
"810","YNL","1","1","analyzed","gate_rejected","raw_fallback","False","0.12733","0.12733","-0.04044","-0.04044","0.00000","0.00000","-0.08690","-0.08690"
"861","YNN","3","3","analyzed","gate_rejected","raw_fallback","False","-0.13337","-0.13337","0.61843","0.61843","0.00000","0.00000","-0.48502","-0.48502"
"1680","YOH","3","3","analyzed","feasible","balanced_l2","True","0.34963","0.31994","-0.26794","-0.26318","-0.00215","-0.00015","-0.07954","-0.05660"
"1758","YOK","3","3","analyzed","feasible","minimax_ratio","True","1.84876","1.82844","-0.69282","-0.68478","0.00969","0.00959","-1.16567","-1.15325"
"1009","YOO","1","1","analyzed","gate_rejected","raw_fallback","False","0.00220","0.00220","-0.00089","-0.00089","0.00000","0.00000","-0.00131","-0.00131"
"1610","YPZ","1","1","analyzed","gate_rejected","raw_fallback","False","0.16139","0.16139","-0.10368","-0.10368","0.00000","0.00000","-0.05771","-0.05771"
"1007","YRN","1","1","analyzed","gate_rejected","raw_fallback","False","0.00121","0.00121","-0.00057","-0.00057","0.00000","0.00000","-0.00063","-0.00063"
"2030","YRV","1","1","analyzed","gate_rejected","raw_fallback","False","0.07697","0.07697","-0.07313","-0.07313","0.00430","0.00430","-0.00815","-0.00815"
"869","YSN","1","0","no_valid_locations","","","","","","","","","","",""
"1943","YSU","21","19","analyzed","feasible","minimax_ratio","True","0.60491","0.57509","-0.61511","-0.58478","3.61599","3.43772","-3.60601","-3.42802"
"838","YYG","1","1","analyzed","gate_rejected","raw_fallback","False","0.00049","0.00049","-0.00009","-0.00009","0.00000","0.00000","-0.00040","-0.00040"
"815","YZO","1","1","analyzed","gate_rejected","raw_fallback","False","-0.00617","-0.00617","0.05440","0.05440","0.00000","0.00000","-0.04821","-0.04821"
"1588","ZAB","11","10","analyzed","feasible","target_l2","True","0.61848","0.19916","-0.18796","-0.17779","0.04620","-0.00019","-0.47680","-0.02118"
"1972","ZAG","4","4","analyzed","gate_rejected","raw_fallback","False","0.05342","0.05342","-0.11685","-0.11685","0.04853","0.04853","0.01487","0.01487"
"2307","ZAM","17","17","analyzed","gate_rejected","raw_fallback","False","0.68136","0.68136","-0.80293","-0.80293","0.06154","0.06154","0.05991","0.05991"
"534","ZAN","21","9","analyzed","feasible","improvement_l2","True","-0.11199","0.01302","-0.40755","-0.35600","2.09699","1.79134","-1.57746","-1.44836"
"1614","ZAP","5","5","analyzed","gate_rejected","raw_fallback","False","0.92878","0.92878","-0.36886","-0.36886","-0.33552","-0.33552","-0.22444","-0.22444"
"479","ZAQ","4","1","analyzed","gate_rejected","raw_fallback","False","0.01736","0.01736","0.00147","0.00147","-0.01152","-0.01152","-0.00733","-0.00733"
"1697","ZAT","1","1","analyzed","gate_rejected","raw_fallback","False","0.13496","0.13496","-0.07538","-0.07538","0.00000","0.00000","-0.05959","-0.05959"
"531","ZBR","2","2","analyzed","gate_rejected","raw_fallback","False","0.13726","0.13726","-0.05991","-0.05991","0.00000","0.00000","-0.07736","-0.07736"
"1683","ZCT","1","1","analyzed","gate_rejected","raw_fallback","False","0.12290","0.12290","-0.07634","-0.07634","0.00000","0.00000","-0.04657","-0.04657"
"1747","ZCZ","1","1","analyzed","gate_rejected","raw_fallback","False","0.04233","0.04233","-0.02271","-0.02271","0.00000","0.00000","-0.01962","-0.01962"
"1545","ZEE","1","1","analyzed","gate_rejected","raw_fallback","False","0.37259","0.37259","-0.59806","-0.59806","0.61639","0.61639","-0.39096","-0.39096"
"576","ZFI","1","0","no_valid_locations","","","","","","","","","","",""
"2284","ZGH","1","1","analyzed","gate_rejected","raw_fallback","False","-0.00349","-0.00349","0.00045","0.00045","0.00000","0.00000","0.00303","0.00303"
"829","ZGL","2","2","analyzed","gate_rejected","raw_fallback","False","0.02573","0.02573","-0.00907","-0.00907","0.00000","0.00000","-0.01664","-0.01664"
"155","ZIB","4","4","analyzed","gate_rejected","raw_fallback","False","0.50239","0.50239","-0.11042","-0.11042","0.00000","0.00000","-0.39197","-0.39197"
"1984","ZIE","1","1","analyzed","gate_rejected","raw_fallback","False","0.46705","0.46705","-0.15132","-0.15132","0.04459","0.04459","-0.36033","-0.36033"
"1834","ZIG","1","1","analyzed","gate_rejected","raw_fallback","False","0.03858","0.03858","-0.01487","-0.01487","0.00500","0.00500","-0.02871","-0.02871"
"1606","ZIN","1","1","analyzed","gate_rejected","raw_fallback","False","0.04286","0.04286","-0.02190","-0.02190","0.00169","0.00169","-0.02268","-0.02268"
"478","ZIP","5","2","analyzed","gate_rejected","raw_fallback","False","1.46444","1.46444","-0.55445","-0.55445","0.00000","0.00000","-0.90997","-0.90997"
"886","ZLD","1","1","analyzed","gate_rejected","raw_fallback","False","-0.00247","-0.00247","0.01578","0.01578","0.00000","0.00000","-0.01329","-0.01329"
"1269","ZMR","2","2","analyzed","gate_rejected","raw_fallback","False","0.97494","0.97494","-0.09526","-0.09526","-0.43049","-0.43049","-0.44931","-0.44931"
"557","ZMW","22","21","analyzed","feasible","minimax_ratio","True","0.31120","0.28905","-0.87903","-0.87825","-0.01131","0.01064","0.57907","0.57856"
"896","ZNK","3","3","analyzed","gate_rejected","raw_fallback","False","-0.03775","-0.03775","-0.01017","-0.01017","0.00000","0.00000","0.04789","0.04789"
"873","ZNN","3","1","analyzed","gate_rejected","raw_fallback","False","-0.01162","-0.01162","0.09994","0.09994","0.00000","0.00000","-0.08832","-0.08832"
"811","ZNX","3","1","analyzed","gate_rejected","raw_fallback","False","-0.01370","-0.01370","0.05180","0.05180","0.00000","0.00000","-0.03809","-0.03809"
"827","ZNZ","2","2","analyzed","gate_rejected","raw_fallback","False","0.22062","0.22062","-0.18992","-0.18992","0.00000","0.00000","-0.03070","-0.03070"
"1677","ZOM","1","1","analyzed","gate_rejected","raw_fallback","False","0.05829","0.05829","-0.02926","-0.02926","0.00000","0.00000","-0.02903","-0.02903"
"56","ZRQ","1","1","analyzed","gate_rejected","raw_fallback","False","0.00704","0.00704","-0.00265","-0.00265","0.00198","0.00198","-0.00638","-0.00638"
"2038","ZUB","5","5","analyzed","feasible","minimax_ratio","True","-0.17035","-0.11341","-0.05277","-0.05103","0.02652","-0.02565","0.19656","0.19008"
"2164","ZUR","1","1","analyzed","gate_rejected","raw_fallback","False","0.03654","0.03654","-0.02807","-0.02807","0.04720","0.04720","-0.05569","-0.05569"
"1854","ZUT","2","2","analyzed","gate_rejected","raw_fallback","False","0.16719","0.16719","-0.05070","-0.05070","0.05859","0.05859","-0.17514","-0.17514"
"1844","ZWE","3","3","analyzed","feasible","minimax_ratio","True","0.32167","0.31266","-0.16043","-0.15838","0.07151","0.07060","-0.23278","-0.22487"
"813","ZYI","2","2","analyzed","gate_rejected","raw_fallback","False","-0.05310","-0.05310","0.23132","0.23132","0.00000","0.00000","-0.17821","-0.17821"
"552","ZZB","1","1","analyzed","gate_rejected","raw_fallback","False","-0.00166","-0.00166","-0.00498","-0.00498","0.00000","0.00000","0.00663","0.00663"
"57","ZZR","1","1","analyzed","gate_rejected","raw_fallback","False","0.01969","0.01969","-0.00226","-0.00226","0.00000","0.00000","-0.01743","-0.01743"
"2264","ZZZ","9","9","analyzed","feasible","minimax_ratio","True","0.15255","0.13993","-0.43806","-0.40182","0.47379","0.41691","-0.18836","-0.15502"
