"owner_id","owner_tag","location_count","classified_location_count","solver_size","solve_mode","exact_status","runtime_status","runtime_gate_possible","runtime_gate_passed","runtime_strategy","runtime_strategy_name","runtime_approx_reason","runtime_approx_reason_name","candidate_attempt_count","candidate_count","candidate_gate_count","nobles_raw_deviation","nobles_approx_deviation","clergy_raw_deviation","clergy_approx_deviation","burghers_raw_deviation","burghers_approx_deviation","lower_raw_deviation","lower_approx_deviation","factor_nobles","factor_clergy","factor_burghers","factor_lower","selected_average_improvement_ratio","selected_average_absolute_improvement","total_residual","raw_total_residual"
"3","SWE","131","125","3","3","-2","1","1","1","2","improvement_l2","0","none","11","6","2","12.07185","10.36360","0.29413","0.00174","0.69227","0.01292","-13.05920","-10.37714","0.00000","0.25192","0.97291","3.90174","0.58095","1.34063","-0.00016","-0.00095"
"4","DAN","40","40","3","3","-2","1","1","1","2","improvement_l2","0","none","11","5","2","2.12673","2.12442","-0.92236","-0.56634","1.49609","0.35230","-2.70100","-1.90999","0.00000","1.19465","0.75503","2.44781","0.36106","0.57323","-0.00008","-0.00054"
"5","SKE","11","11","3","3","-1","-8","1","0","0","raw_fallback","5","no_gate_candidate","7","6","0","0.06924","0.06924","0.01076","0.01076","0.10215","0.10215","-0.18222","-0.18222","1.00000","1.00000","1.00000","1.00000","","","","-0.00007"
"6","NOR","119","97","3","3","1","1","1","1","2","improvement_l2","0","none","11","9","6","0.74321","-0.00053","-0.39676","0.00103","0.51979","0.00002","-0.86663","-0.00044","0.26929","10.71245","0.02658","1.96450","0.99902","0.63106","-0.00017","-0.00039"
"12","ICE","21","21","3","3","-2","1","1","1","2","improvement_l2","0","none","11","6","2","-1.15892","-0.07923","0.09009","0.00634","0.01729","-0.00003","1.05145","0.07300","9.90465","0.69397","0.99590","0.00000","0.94747","0.53980","-0.00006","-0.00009"
"13","GRL","12","12","5","3","-1","-8","0","0","0","raw_fallback","1","raw_gate_impossible","0","0","0","0.11066","0.11066","-0.02561","-0.02561","0.00000","0.00000","-0.08500","-0.08500","1.00000","1.00000","1.00000","1.00000","","","","0.00005"
"15","AHI","6","6","3","3","-1","-8","1","0","0","raw_fallback","5","no_gate_candidate","7","4","0","0.64084","0.64084","-0.49030","-0.49030","0.53522","0.53522","-0.68584","-0.68584","1.00000","1.00000","1.00000","1.00000","","","","-0.00008"
"16","ALY","2","2","3","3","-1","-8","1","0","0","raw_fallback","5","no_gate_candidate","3","1","0","0.01790","0.01790","-0.16133","-0.16133","0.34859","0.34859","-0.20518","-0.20518","1.00000","1.00000","1.00000","1.00000","","","","-0.00002"
"17","ATQ","12","12","3","3","-2","1","1","1","2","improvement_l2","0","none","11","3","1","0.54586","0.48326","-0.38302","-0.32719","0.06277","0.00237","-0.22575","-0.15831","0.00000","7.77794","1.09621","0.00000","0.38016","0.06153","-0.00003","-0.00014"
"18","AYD","9","7","3","3","-1","-8","1","0","0","raw_fallback","5","no_gate_candidate","7","5","0","1.50047","1.50047","-0.61101","-0.61101","0.55431","0.55431","-1.44385","-1.44385","1.00000","1.00000","1.00000","1.00000","","","","-0.00008"
"19","BFR","2","2","3","3","-1","-8","1","0","0","raw_fallback","5","no_gate_candidate","3","1","0","0.57186","0.57186","-0.03256","-0.03256","-0.02472","-0.02472","-0.51459","-0.51459","1.00000","1.00000","1.00000","1.00000","","","","-0.00001"
"20","CIL","12","12","3","3","-2","1","1","1","2","improvement_l2","0","none","11","5","3","-0.97115","-0.04392","0.21116","0.19871","0.85532","-0.14237","-0.09547","-0.01164","13.59252","0.85681","0.41655","0.00000","0.68087","0.43399","-0.00007","-0.00014"
"21","CND","19","16","3","3","-2","1","1","1","2","improvement_l2","0","none","11","5","3","0.66494","0.28392","-0.50475","-0.42733","0.50713","0.07631","-0.66736","0.06743","0.00000","1.90866","0.03174","8.53242","0.61877","0.37234","-0.00006","-0.00004"
"22","CYP","7","7","3","3","-2","1","1","1","2","improvement_l2","0","none","11","3","1","-0.04156","0.00289","-0.26550","-0.05593","1.35513","1.07222","-1.04814","-1.01920","0.00000","3.57076","0.93561","0.00000","0.48902","0.14001","-0.00004","-0.00007"
"23","DIL","2","2","3","3","-1","-8","1","0","0","raw_fallback","4","no_valid_candidate","3","0","0","0.03527","0.03527","-0.07092","-0.07092","0.15282","0.15282","-0.11717","-0.11717","1.00000","1.00000","1.00000","1.00000","","","","0.00000"
"24","DUL","11","10","3","3","-2","1","1","1","2","improvement_l2","0","none","11","3","2","0.03624","0.00875","-0.08955","-0.08213","0.40694","0.27646","-0.35374","-0.20301","0.00000","0.00000","0.90583","2.47511","0.39709","0.07902","-0.00004","-0.00011"
"25","ERE","42","36","3","3","-2","1","1","1","2","improvement_l2","0","none","11","3","1","1.91038","1.37830","-1.10690","-0.85629","0.78397","0.06004","-1.58766","-0.58157","0.00000","0.00000","0.85132","3.21508","0.51546","0.62813","-0.00006","-0.00021"
"26","GRM","17","12","3","3","-2","-8","1","0","0","raw_fallback","5","no_gate_candidate","11","3","0","0.97702","0.97702","-0.55113","-0.55113","0.40067","0.40067","-0.82663","-0.82663","1.00000","1.00000","1.00000","1.00000","","","","-0.00007"
"27","HMD","8","7","3","3","-2","-8","1","0","0","raw_fallback","5","no_gate_candidate","11","4","0","0.76564","0.76564","-0.49692","-0.49692","0.37621","0.37621","-0.64497","-0.64497","1.00000","1.00000","1.00000","1.00000","","","","-0.00004"
"28","HCI","1","1","5","3","-1","-8","1","0","0","raw_fallback","2","one_or_fewer_classes","0","0","0","0.15663","0.15663","-0.02606","-0.02606","0.00759","0.00759","-0.13816","-0.13816","1.00000","1.00000","1.00000","1.00000","","","","0.00000"
"29","HSN","2","2","3","3","-1","-8","1","0","0","raw_fallback","4","no_valid_candidate","3","0","0","0.08282","0.08282","0.00191","0.00191","0.00556","0.00556","-0.09031","-0.09031","1.00000","1.00000","1.00000","1.00000","","","","-0.00002"
"30","INA","2","2","3","3","-1","-8","1","0","0","raw_fallback","4","no_valid_candidate","3","0","0","0.17476","0.17476","-0.06161","-0.06161","-0.00780","-0.00780","-0.10536","-0.10536","1.00000","1.00000","1.00000","1.00000","","","","-0.00001"
"31","KAR","33","26","3","3","-2","-8","1","0","0","raw_fallback","5","no_gate_candidate","11","3","0","1.06947","1.06947","-0.82640","-0.82640","1.30375","1.30375","-1.54701","-1.54701","1.00000","1.00000","1.00000","1.00000","","","","-0.00019"
"32","KBD","5","5","3","3","-1","-8","1","0","0","raw_fallback","5","no_gate_candidate","7","5","0","0.39198","0.39198","-0.04414","-0.04414","-0.13512","-0.13512","-0.21275","-0.21275","1.00000","1.00000","1.00000","1.00000","","","","-0.00003"
"33","KRD","18","13","3","3","-2","1","1","1","2","improvement_l2","0","none","11","5","1","0.89468","0.72081","-0.06779","0.02389","0.78330","0.52731","-1.61032","-1.27203","0.00000","0.00000","0.82252","2.02808","0.34477","0.20301","-0.00005","-0.00013"
"34","MEN","8","7","3","3","-2","-8","1","0","0","raw_fallback","5","no_gate_candidate","11","3","0","0.27698","0.27698","-0.04879","-0.04879","0.27144","0.27144","-0.49970","-0.49970","1.00000","1.00000","1.00000","1.00000","","","","-0.00007"
"35","SHP","3","3","3","3","-1","-8","1","0","0","raw_fallback","5","no_gate_candidate","3","2","0","0.33840","0.33840","-0.38883","-0.38883","0.38614","0.38614","-0.33575","-0.33575","1.00000","1.00000","1.00000","1.00000","","","","-0.00004"
"36","SRU","6","6","3","3","-2","-8","1","0","0","raw_fallback","5","no_gate_candidate","11","3","0","0.45994","0.45994","-0.20482","-0.20482","0.53954","0.53954","-0.79471","-0.79471","1.00000","1.00000","1.00000","1.00000","","","","-0.00005"
"37","SUT","22","13","3","3","-2","-8","1","0","0","raw_fallback","5","no_gate_candidate","11","5","0","0.93933","0.93933","-0.71629","-0.71629","-0.02610","-0.02610","-0.19705","-0.19705","1.00000","1.00000","1.00000","1.00000","","","","-0.00011"
"38","TDJ","5","5","3","3","-1","-8","1","0","0","raw_fallback","5","no_gate_candidate","7","2","0","0.66453","0.66453","-0.20584","-0.20584","-0.01731","-0.01731","-0.44151","-0.44151","1.00000","1.00000","1.00000","1.00000","","","","-0.00013"
"39","TEK","7","6","3","3","-2","-8","1","0","0","raw_fallback","4","no_valid_candidate","11","0","0","0.07799","0.07799","-0.14331","-0.14331","0.36429","0.36429","-0.29898","-0.29898","1.00000","1.00000","1.00000","1.00000","","","","-0.00001"
"40","TRE","8","6","3","3","-1","1","1","1","2","improvement_l2","0","none","7","5","1","-2.69163","-0.93886","0.69993","0.65835","1.74167","0.30429","0.24989","-0.02347","28.48556","0.00000","0.00000","0.83455","0.61032","0.86453","-0.00017","-0.00014"
"41","TUR","23","20","3","3","-2","1","1","1","2","improvement_l2","0","none","11","3","1","0.04343","0.00073","-1.12153","-1.00629","8.42170","7.85480","-7.34373","-6.84932","0.00000","0.00000","0.98095","1.93638","0.30507","0.30478","-0.00011","-0.00013"
"42","BHT","3","3","3","3","-1","-8","1","0","0","raw_fallback","5","no_gate_candidate","3","2","0","0.06764","0.06764","-0.01115","-0.01115","0.00578","0.00578","-0.06228","-0.06228","1.00000","1.00000","1.00000","1.00000","","","","-0.00001"
"43","BIN","2","2","3","3","-1","-8","1","0","0","raw_fallback","4","no_valid_candidate","3","0","0","0.11216","0.11216","0.02915","0.02915","0.00295","0.00295","-0.14429","-0.14429","1.00000","1.00000","1.00000","1.00000","","","","-0.00003"
"44","BIT","2","2","5","3","-1","-8","0","0","0","raw_fallback","1","raw_gate_impossible","0","0","0","0.06940","0.06940","-0.03013","-0.03013","0.00000","0.00000","-0.03929","-0.03929","1.00000","1.00000","1.00000","1.00000","","","","-0.00002"
"45","CEM","3","3","3","3","-1","-8","1","0","0","raw_fallback","5","no_gate_candidate","7","1","0","0.10069","0.10069","-0.04534","-0.04534","0.04780","0.04780","-0.10317","-0.10317","1.00000","1.00000","1.00000","1.00000","","","","-0.00002"
"46","DSN","2","2","3","3","-1","-8","1","0","0","raw_fallback","4","no_valid_candidate","3","0","0","0.05403","0.05403","0.00582","0.00582","0.00891","0.00891","-0.06877","-0.06877","1.00000","1.00000","1.00000","1.00000","","","","-0.00001"
"47","DMB","1","1","5","3","-1","-8","1","0","0","raw_fallback","2","one_or_fewer_classes","0","0","0","0.04038","0.04038","-0.01646","-0.01646","0.00089","0.00089","-0.02481","-0.02481","1.00000","1.00000","1.00000","1.00000","","","","0.00000"
"48","EGL","2","2","5","3","-1","-8","0","0","0","raw_fallback","1","raw_gate_impossible","0","0","0","0.09641","0.09641","-0.02329","-0.02329","0.00000","0.00000","-0.07314","-0.07314","1.00000","1.00000","1.00000","1.00000","","","","-0.00002"
"49","HKK","2","2","5","3","-1","-8","0","0","0","raw_fallback","1","raw_gate_impossible","0","0","0","0.18536","0.18536","-0.03623","-0.03623","0.00000","0.00000","-0.14913","-0.14913","1.00000","1.00000","1.00000","1.00000","","","","0.00000"
"50","HZN","1","1","5","3","-1","-8","0","0","0","raw_fallback","1","raw_gate_impossible","0","0","0","0.02125","0.02125","-0.00413","-0.00413","0.00000","0.00000","-0.01713","-0.01713","1.00000","1.00000","1.00000","1.00000","","","","-0.00001"
"51","HZR","4","3","3","3","-1","-8","1","0","0","raw_fallback","5","no_gate_candidate","7","1","0","0.08824","0.08824","-0.04086","-0.04086","-0.00017","-0.00017","-0.04722","-0.04722","1.00000","1.00000","1.00000","1.00000","","","","-0.00001"
"52","JLM","6","4","3","3","-1","-8","1","0","0","raw_fallback","5","no_gate_candidate","3","3","0","0.23283","0.23283","-0.23024","-0.23024","0.21144","0.21144","-0.21408","-0.21408","1.00000","1.00000","1.00000","1.00000","","","","-0.00005"
"53","MZJ","1","1","5","3","-1","-8","1","0","0","raw_fallback","2","one_or_fewer_classes","0","0","0","0.04985","0.04985","-0.01615","-0.01615","0.00014","0.00014","-0.03384","-0.03384","1.00000","1.00000","1.00000","1.00000","","","","0.00000"
"54","MUS","1","1","5","3","-1","-8","1","0","0","raw_fallback","2","one_or_fewer_classes","0","0","0","0.11590","0.11590","-0.05108","-0.05108","-0.00674","-0.00674","-0.05810","-0.05810","1.00000","1.00000","1.00000","1.00000","","","","-0.00002"
"55","SOH","1","1","5","3","-1","-8","0","0","0","raw_fallback","1","raw_gate_impossible","0","0","0","0.04489","0.04489","-0.00628","-0.00628","0.00000","0.00000","-0.03862","-0.03862","1.00000","1.00000","1.00000","1.00000","","","","-0.00001"
"56","ZRQ","1","1","5","3","-1","-8","1","0","0","raw_fallback","2","one_or_fewer_classes","0","0","0","0.00704","0.00704","-0.00265","-0.00265","0.00198","0.00198","-0.00638","-0.00638","1.00000","1.00000","1.00000","1.00000","","","","-0.00001"
"57","ZZR","1","1","5","3","-1","-8","0","0","0","raw_fallback","1","raw_gate_impossible","0","0","0","0.01969","0.01969","-0.00226","-0.00226","0.00000","0.00000","-0.01743","-0.01743","1.00000","1.00000","1.00000","1.00000","","","","0.00000"
"58","KIL","3","3","5","3","-1","-8","0","0","0","raw_fallback","1","raw_gate_impossible","0","0","0","0.16479","0.16479","0.00392","0.00392","0.00000","0.00000","-0.16876","-0.16876","1.00000","1.00000","1.00000","1.00000","","","","-0.00005"
"59","TVS","1","1","5","3","-1","-8","1","0","0","raw_fallback","2","one_or_fewer_classes","0","0","0","0.40615","0.40615","0.00648","0.00648","0.03545","0.03545","-0.44808","-0.44808","1.00000","1.00000","1.00000","1.00000","","","","0.00000"
"61","CHM","4","4","3","3","-1","-8","1","0","0","raw_fallback","5","no_gate_candidate","3","1","0","0.04549","0.04549","0.02318","0.02318","0.03294","0.03294","-0.10168","-0.10168","1.00000","1.00000","1.00000","1.00000","","","","-0.00007"
"62","XLL","5","5","3","3","-1","-8","1","0","0","raw_fallback","5","no_gate_candidate","3","2","0","0.17299","0.17299","-0.20920","-0.20920","-0.04868","-0.04868","0.08487","0.08487","1.00000","1.00000","1.00000","1.00000","","","","-0.00002"
"63","CYA","10","10","3","3","-1","-8","1","0","0","raw_fallback","5","no_gate_candidate","7","1","0","0.02006","0.02006","-0.06633","-0.06633","-0.00061","-0.00061","0.04689","0.04689","1.00000","1.00000","1.00000","1.00000","","","","0.00001"
"65","ICM","3","3","3","3","-1","-8","1","0","0","raw_fallback","5","no_gate_candidate","7","6","0","0.13455","0.13455","-0.46162","-0.46162","0.00123","0.00123","0.32586","0.32586","1.00000","1.00000","1.00000","1.00000","","","","0.00002"
"67","HNK","5","5","3","3","-2","-8","1","0","0","raw_fallback","5","no_gate_candidate","11","7","0","0.19721","0.19721","-0.36772","-0.36772","-0.00771","-0.00771","0.17822","0.17822","1.00000","1.00000","1.00000","1.00000","","","","0.00000"
"68","URC","3","3","3","3","-1","-8","1","0","0","raw_fallback","5","no_gate_candidate","7","2","0","0.17837","0.17837","-0.20791","-0.20791","0.00188","0.00188","0.02764","0.02764","1.00000","1.00000","1.00000","1.00000","","","","-0.00002"
"69","CIC","3","3","3","3","-1","-8","1","0","0","raw_fallback","5","no_gate_candidate","3","2","0","0.01930","0.01930","-0.46820","-0.46820","0.57617","0.57617","-0.12730","-0.12730","1.00000","1.00000","1.00000","1.00000","","","","-0.00003"
"70","CSU","2","2","5","3","-1","-8","0","0","0","raw_fallback","1","raw_gate_impossible","0","0","0","0.05725","0.05725","-0.05832","-0.05832","0.00000","0.00000","0.00105","0.00105","1.00000","1.00000","1.00000","1.00000","","","","-0.00002"
"71","AYA","4","4","3","3","-1","-8","1","0","0","raw_fallback","5","no_gate_candidate","7","6","0","0.40657","0.40657","-0.52491","-0.52491","-0.00070","-0.00070","0.11904","0.11904","1.00000","1.00000","1.00000","1.00000","","","","0.00000"
"72","PIG","1","1","5","3","-1","-8","0","0","0","raw_fallback","1","raw_gate_impossible","0","0","0","0.08425","0.08425","-0.09709","-0.09709","0.00000","0.00000","0.01284","0.01284","1.00000","1.00000","1.00000","1.00000","","","","0.00000"
"73","PCJ","7","7","3","3","-2","-1","1","1","2","improvement_l2","0","none","11","4","1","0.50461","0.48532","-0.64718","-0.61283","0.00523","-0.00017","0.13727","0.12901","0.00000","68.65543","0.68135","0.00000","0.27935","0.01673","-0.00003","-0.00007"
"74","LUP","3","3","3","3","-1","-8","1","0","0","raw_fallback","4","no_valid_candidate","3","0","0","0.39969","0.39969","-0.23782","-0.23782","-0.04341","-0.04341","-0.11852","-0.11852","1.00000","1.00000","1.00000","1.00000","","","","-0.00006"
"76","CAV","1","0","5","3","-1","-8","0","0","0","raw_fallback","1","raw_gate_impossible","0","0","0","0.00000","0.00000","0.00000","0.00000","0.00000","0.00000","0.00000","0.00000","1.00000","1.00000","1.00000","1.00000","","","","0.00000"
"77","MLT","1","1","5","3","-1","-8","0","0","0","raw_fallback","1","raw_gate_impossible","0","0","0","0.00044","0.00044","-0.00036","-0.00036","0.00001","0.00001","-0.00010","-0.00010","1.00000","1.00000","1.00000","1.00000","","","","-0.00001"
"78","GRR","1","0","5","3","-1","-8","0","0","0","raw_fallback","1","raw_gate_impossible","0","0","0","0.00000","0.00000","0.00000","0.00000","0.00000","0.00000","0.00000","0.00000","1.00000","1.00000","1.00000","1.00000","","","","0.00000"
"86","CRA","5","3","5","3","-1","-8","0","0","0","raw_fallback","1","raw_gate_impossible","0","0","0","0.04468","0.04468","-0.02002","-0.02002","0.00000","0.00000","-0.02467","-0.02467","1.00000","1.00000","1.00000","1.00000","","","","-0.00001"
"87","KNA","3","3","3","3","-1","-8","1","0","0","raw_fallback","5","no_gate_candidate","7","3","0","0.13072","0.13072","-0.21143","-0.21143","0.02834","0.02834","0.05236","0.05236","1.00000","1.00000","1.00000","1.00000","","","","-0.00001"
"88","KRK","3","3","5","3","-1","-8","0","0","0","raw_fallback","1","raw_gate_impossible","0","0","0","0.03877","0.03877","-0.05415","-0.05415","0.00000","0.00000","0.01537","0.01537","1.00000","1.00000","1.00000","1.00000","","","","-0.00001"
"89","QUL","3","3","3","3","-1","-8","1","0","0","raw_fallback","5","no_gate_candidate","3","1","0","0.37853","0.37853","-0.27177","-0.27177","-0.02466","-0.02466","-0.08212","-0.08212","1.00000","1.00000","1.00000","1.00000","","","","-0.00002"
"90","SUR","4","4","5","3","-1","-8","0","0","0","raw_fallback","1","raw_gate_impossible","0","0","0","0.14565","0.14565","-0.21984","-0.21984","0.00000","0.00000","0.07419","0.07419","1.00000","1.00000","1.00000","1.00000","","","","0.00000"
"93","HCH","1","1","5","3","-1","-8","1","0","0","raw_fallback","2","one_or_fewer_classes","0","0","0","0.01359","0.01359","-0.01758","-0.01758","0.00040","0.00040","0.00359","0.00359","1.00000","1.00000","1.00000","1.00000","","","","0.00000"
"94","CUI","4","4","3","3","-2","-8","1","0","0","raw_fallback","4","no_valid_candidate","11","0","0","0.20707","0.20707","-0.23100","-0.23100","-0.00885","-0.00885","0.03278","0.03278","1.00000","1.00000","1.00000","1.00000","","","","0.00000"
"98","CLQ","1","1","5","3","-1","-8","1","0","0","raw_fallback","2","one_or_fewer_classes","0","0","0","0.02198","0.02198","-0.02543","-0.02543","0.00025","0.00025","0.00320","0.00320","1.00000","1.00000","1.00000","1.00000","","","","0.00000"
"99","NTA","1","1","5","3","-1","-8","1","0","0","raw_fallback","2","one_or_fewer_classes","0","0","0","0.12715","0.12715","-0.12803","-0.12803","0.00611","0.00611","-0.00522","-0.00522","1.00000","1.00000","1.00000","1.00000","","","","0.00001"
"105","HRC","3","3","3","3","-1","-8","1","0","0","raw_fallback","5","no_gate_candidate","7","1","0","0.10209","0.10209","-0.11277","-0.11277","0.00081","0.00081","0.00985","0.00985","1.00000","1.00000","1.00000","1.00000","","","","-0.00002"
"106","SRA","1","1","5","3","-1","-8","1","0","0","raw_fallback","2","one_or_fewer_classes","0","0","0","0.02478","0.02478","-0.02535","-0.02535","-0.00017","-0.00017","0.00075","0.00075","1.00000","1.00000","1.00000","1.00000","","","","0.00001"
"107","MYM","2","1","5","3","-1","-8","1","0","0","raw_fallback","2","one_or_fewer_classes","0","0","0","0.04056","0.04056","-0.03016","-0.03016","-0.00042","-0.00042","-0.00999","-0.00999","1.00000","1.00000","1.00000","1.00000","","","","-0.00001"
"108","PCR","2","2","3","3","-1","-8","1","0","0","raw_fallback","4","no_valid_candidate","3","0","0","0.13546","0.13546","-0.12572","-0.12572","0.00008","0.00008","-0.00983","-0.00983","1.00000","1.00000","1.00000","1.00000","","","","-0.00001"
"109","PCO","1","1","5","3","-1","-8","1","0","0","raw_fallback","2","one_or_fewer_classes","0","0","0","0.07602","0.07602","-0.08213","-0.08213","0.00005","0.00005","0.00605","0.00605","1.00000","1.00000","1.00000","1.00000","","","","-0.00001"
"110","ANI","1","1","5","3","-1","-8","1","0","0","raw_fallback","2","one_or_fewer_classes","0","0","0","0.02373","0.02373","-0.01663","-0.01663","-0.00085","-0.00085","-0.00626","-0.00626","1.00000","1.00000","1.00000","1.00000","","","","-0.00001"
"111","CHJ","2","2","3","3","-1","-8","1","0","0","raw_fallback","5","no_gate_candidate","3","1","0","0.04625","0.04625","-0.05322","-0.05322","-0.00020","-0.00020","0.00718","0.00718","1.00000","1.00000","1.00000","1.00000","","","","0.00001"
"113","CNC","1","1","5","3","-1","-8","0","0","0","raw_fallback","1","raw_gate_impossible","0","0","0","0.01886","0.01886","-0.01961","-0.01961","0.00000","0.00000","0.00074","0.00074","1.00000","1.00000","1.00000","1.00000","","","","-0.00001"
"116","UMA","1","1","5","3","-1","-8","1","0","0","raw_fallback","2","one_or_fewer_classes","0","0","0","0.00666","0.00666","-0.01462","-0.01462","0.00670","0.00670","0.00126","0.00126","1.00000","1.00000","1.00000","1.00000","","","","0.00000"
"123","KKE","3","2","3","3","-1","-8","1","0","0","raw_fallback","4","no_valid_candidate","3","0","0","0.48580","0.48580","-0.32011","-0.32011","-0.01008","-0.01008","-0.15563","-0.15563","1.00000","1.00000","1.00000","1.00000","","","","-0.00002"
"134","YEM","69","69","3","3","-2","1","1","1","2","improvement_l2","0","none","11","6","1","-0.67310","-0.00969","1.58804","1.43485","1.43555","-0.07079","-2.35109","-1.35354","6.99512","0.00000","0.73914","5.67874","0.61413","0.79464","-0.00004","-0.00060"
"135","JRW","25","21","3","3","-2","1","1","1","2","improvement_l2","0","none","11","3","1","-0.16987","0.04215","-0.21542","-0.17010","1.40185","0.96331","-1.01677","-0.83531","0.00000","0.00000","0.72282","2.27612","0.36338","0.19824","-0.00006","-0.00021"
"136","OMA","7","7","5","3","-1","-8","0","0","0","raw_fallback","1","raw_gate_impossible","0","0","0","0.08743","0.08743","-0.00052","-0.00052","0.00000","0.00000","-0.08695","-0.08695","1.00000","1.00000","1.00000","1.00000","","","","-0.00004"
"137","MEC","22","19","3","3","-2","-8","1","0","0","raw_fallback","5","no_gate_candidate","11","5","0","0.93928","0.93928","-0.16124","-0.16124","0.65820","0.65820","-1.43644","-1.43644","1.00000","1.00000","1.00000","1.00000","","","","-0.00020"
"138","SHM","7","7","5","3","-1","-8","0","0","0","raw_fallback","1","raw_gate_impossible","0","0","0","0.02118","0.02118","-0.00394","-0.00394","0.00000","0.00000","-0.01727","-0.01727","1.00000","1.00000","1.00000","1.00000","","","","-0.00003"
"139","ANZ","5","5","5","3","-1","-8","0","0","0","raw_fallback","1","raw_gate_impossible","0","0","0","0.04970","0.04970","-0.00302","-0.00302","0.00000","0.00000","-0.04667","-0.04667","1.00000","1.00000","1.00000","1.00000","","","","0.00001"
"140","HUT","5","5","5","3","-1","-8","0","0","0","raw_fallback","1","raw_gate_impossible","0","0","0","0.02978","0.02978","-0.00681","-0.00681","0.00000","0.00000","-0.02297","-0.02297","1.00000","1.00000","1.00000","1.00000","","","","0.00000"
"141","HRB","7","7","5","3","-1","-8","0","0","0","raw_fallback","1","raw_gate_impossible","0","0","0","0.35539","0.35539","-0.07101","-0.07101","0.00000","0.00000","-0.28439","-0.28439","1.00000","1.00000","1.00000","1.00000","","","","-0.00001"
"142","MUT","10","10","5","3","-1","-8","0","0","0","raw_fallback","1","raw_gate_impossible","0","0","0","0.24456","0.24456","0.07237","0.07237","0.00000","0.00000","-0.31691","-0.31691","1.00000","1.00000","1.00000","1.00000","","","","0.00002"
"143","UTB","7","7","5","3","-1","-8","0","0","0","raw_fallback","1","raw_gate_impossible","0","0","0","0.23840","0.23840","-0.07473","-0.07473","0.00000","0.00000","-0.16370","-0.16370","1.00000","1.00000","1.00000","1.00000","","","","-0.00003"
"144","DWS","9","9","5","3","-1","-8","0","0","0","raw_fallback","1","raw_gate_impossible","0","0","0","0.14417","0.14417","-0.00117","-0.00117","0.00000","0.00000","-0.14301","-0.14301","1.00000","1.00000","1.00000","1.00000","","","","-0.00001"
"145","QHT","11","11","5","3","-1","-8","0","0","0","raw_fallback","1","raw_gate_impossible","0","0","0","0.63035","0.63035","-0.18951","-0.18951","0.00000","0.00000","-0.44090","-0.44090","1.00000","1.00000","1.00000","1.00000","","","","-0.00006"
"146","SBY","26","20","5","3","-1","-8","0","0","0","raw_fallback","1","raw_gate_impossible","0","0","0","0.47585","0.47585","-0.09662","-0.09662","0.00000","0.00000","-0.37925","-0.37925","1.00000","1.00000","1.00000","1.00000","","","","-0.00002"
"147","MRH","1","1","5","3","-1","-8","0","0","0","raw_fallback","1","raw_gate_impossible","0","0","0","0.01516","0.01516","0.00196","0.00196","0.00000","0.00000","-0.01712","-0.01712","1.00000","1.00000","1.00000","1.00000","","","","0.00000"
"148","YAM","7","7","5","3","-1","-8","0","0","0","raw_fallback","1","raw_gate_impossible","0","0","0","0.22837","0.22837","-0.02916","-0.02916","0.00000","0.00000","-0.19923","-0.19923","1.00000","1.00000","1.00000","1.00000","","","","-0.00002"
"149","YAS","3","3","5","3","-1","-8","0","0","0","raw_fallback","1","raw_gate_impossible","0","0","0","0.11953","0.11953","-0.05594","-0.05594","0.00000","0.00000","-0.06359","-0.06359","1.00000","1.00000","1.00000","1.00000","","","","0.00000"
"150","MDA","12","12","3","3","-2","1","1","1","2","improvement_l2","0","none","11","4","1","-0.04713","0.00636","0.08498","0.06778","0.20285","0.07534","-0.24077","-0.14940","0.00000","4.31094","0.76417","1.73809","0.51918","0.06922","-0.00005","-0.00007"
"151","KLB","5","5","3","3","-2","-8","1","0","0","raw_fallback","5","no_gate_candidate","11","3","0","0.09435","0.09435","0.00081","0.00081","0.43417","0.43417","-0.52936","-0.52936","1.00000","1.00000","1.00000","1.00000","","","","-0.00003"
"152","AAD","7","7","5","3","-1","-8","0","0","0","raw_fallback","1","raw_gate_impossible","0","0","0","0.17576","0.17576","-0.04227","-0.04227","0.00000","0.00000","-0.13353","-0.13353","1.00000","1.00000","1.00000","1.00000","","","","-0.00004"
"153","BNL","26","26","5","3","-1","-8","0","0","0","raw_fallback","1","raw_gate_impossible","0","0","0","0.69090","0.69090","0.00456","0.00456","0.00000","0.00000","-0.69550","-0.69550","1.00000","1.00000","1.00000","1.00000","","","","-0.00004"
"154","AZF","3","3","3","3","-1","-8","1","0","0","raw_fallback","5","no_gate_candidate","7","1","0","0.08392","0.08392","-0.07986","-0.07986","0.04897","0.04897","-0.05306","-0.05306","1.00000","1.00000","1.00000","1.00000","","","","-0.00003"
"155","ZIB","4","4","5","3","-1","-8","0","0","0","raw_fallback","1","raw_gate_impossible","0","0","0","0.50239","0.50239","-0.11042","-0.11042","0.00000","0.00000","-0.39197","-0.39197","1.00000","1.00000","1.00000","1.00000","","","","0.00000"
"156","DHF","7","4","5","3","-1","-8","0","0","0","raw_fallback","1","raw_gate_impossible","0","0","0","0.04378","0.04378","0.00053","0.00053","0.00000","0.00000","-0.04433","-0.04433","1.00000","1.00000","1.00000","1.00000","","","","-0.00002"
"176","TEY","1","1","5","3","-1","-8","0","0","0","raw_fallback","1","raw_gate_impossible","0","0","0","0.04896","0.04896","-0.03463","-0.03463","0.00000","0.00000","-0.01433","-0.01433","1.00000","1.00000","1.00000","1.00000","","","","0.00000"
"177","ISL","1","1","5","3","-1","-8","0","0","0","raw_fallback","1","raw_gate_impossible","0","0","0","0.02117","0.02117","-0.01366","-0.01366","0.00000","0.00000","-0.00751","-0.00751","1.00000","1.00000","1.00000","1.00000","","","","0.00000"
"178","ACO","1","1","5","3","-1","-8","0","0","0","raw_fallback","1","raw_gate_impossible","0","0","0","0.03037","0.03037","-0.02182","-0.02182","0.00000","0.00000","-0.00856","-0.00856","1.00000","1.00000","1.00000","1.00000","","","","-0.00001"
"179","KER","1","1","5","3","-1","-8","0","0","0","raw_fallback","1","raw_gate_impossible","0","0","0","0.22667","0.22667","-0.09900","-0.09900","0.00000","0.00000","-0.12767","-0.12767","1.00000","1.00000","1.00000","1.00000","","","","0.00000"
"180","TNN","1","1","5","3","-1","-8","0","0","0","raw_fallback","1","raw_gate_impossible","0","0","0","0.02011","0.02011","-0.01421","-0.01421","0.00000","0.00000","-0.00591","-0.00591","1.00000","1.00000","1.00000","1.00000","","","","-0.00001"
"181","TAO","1","1","5","3","-1","-8","1","0","0","raw_fallback","2","one_or_fewer_classes","0","0","0","0.06833","0.06833","-0.07253","-0.07253","0.00886","0.00886","-0.00466","-0.00466","1.00000","1.00000","1.00000","1.00000","","","","0.00000"
"182","TST","1","1","5","3","-1","-8","0","0","0","raw_fallback","1","raw_gate_impossible","0","0","0","0.02184","0.02184","-0.01492","-0.01492","0.00000","0.00000","-0.00691","-0.00691","1.00000","1.00000","1.00000","1.00000","","","","0.00001"
"183","OHK","1","1","5","3","-1","-8","0","0","0","raw_fallback","1","raw_gate_impossible","0","0","0","0.04612","0.04612","-0.03176","-0.03176","0.00000","0.00000","-0.01436","-0.01436","1.00000","1.00000","1.00000","1.00000","","","","0.00000"
"196","CRO","11","10","3","3","-1","-8","1","0","0","raw_fallback","5","no_gate_candidate","7","4","0","-0.32219","-0.32219","0.04222","0.04222","0.18240","0.18240","0.09752","0.09752","1.00000","1.00000","1.00000","1.00000","","","","-0.00005"
"197","ACH","12","10","3","3","-2","-8","1","0","0","raw_fallback","5","no_gate_candidate","11","2","0","-0.05691","-0.05691","-0.07620","-0.07620","0.15473","0.15473","-0.02173","-0.02173","1.00000","1.00000","1.00000","1.00000","","","","-0.00011"
"198","ATH","6","6","3","3","-2","1","1","1","2","improvement_l2","0","none","11","4","2","1.17576","0.47889","-0.45244","-0.01340","-0.08159","-0.00061","-0.64185","-0.46478","0.00000","7.13056","1.09571","0.00000","0.70785","0.34847","-0.00004","-0.00012"
"199","CEP","2","2","5","3","-1","-8","0","0","0","raw_fallback","1","raw_gate_impossible","0","0","0","-0.01780","-0.01780","0.00490","0.00490","0.00000","0.00000","0.01287","0.01287","1.00000","1.00000","1.00000","1.00000","","","","-0.00003"
"201","NAX","3","3","3","3","-1","-8","1","0","0","raw_fallback","5","no_gate_candidate","7","1","0","0.07255","0.07255","-0.07295","-0.07295","0.04461","0.04461","-0.04425","-0.04425","1.00000","1.00000","1.00000","1.00000","","","","-0.00004"
"202","EPI","10","10","3","3","-2","-8","1","0","0","raw_fallback","4","no_valid_candidate","11","0","0","0.15449","0.15449","-0.19699","-0.19699","0.16986","0.16986","-0.12744","-0.12744","1.00000","1.00000","1.00000","1.00000","","","","-0.00008"
"203","BYZ","87","58","3","3","-1","-8","1","0","0","raw_fallback","5","no_gate_candidate","7","7","0","-6.10555","-6.10555","1.85133","1.85133","2.90801","2.90801","1.34561","1.34561","1.00000","1.00000","1.00000","1.00000","","","","-0.00060"
"206","SER","60","58","3","3","1","1","1","1","2","improvement_l2","0","none","11","9","2","-2.78246","0.00064","1.02534","-0.00022","0.69737","0.00001","1.05924","-0.00075","8.16902","0.11930","0.64350","0.60772","0.99971","1.39069","-0.00019","-0.00051"
"207","ALB","3","1","5","3","-1","-8","1","0","0","raw_fallback","2","one_or_fewer_classes","0","0","0","0.46983","0.46983","-0.22445","-0.22445","-0.05279","-0.05279","-0.19261","-0.19261","1.00000","1.00000","1.00000","1.00000","","","","-0.00002"
"208","THP","2","2","5","3","-1","-8","0","0","0","raw_fallback","1","raw_gate_impossible","0","0","0","0.06909","0.06909","-0.02648","-0.02648","0.00000","0.00000","-0.04265","-0.04265","1.00000","1.00000","1.00000","1.00000","","","","-0.00004"
"209","MZK","1","1","5","3","-1","-8","0","0","0","raw_fallback","1","raw_gate_impossible","0","0","0","0.00632","0.00632","-0.00190","-0.00190","0.00000","0.00000","-0.00443","-0.00443","1.00000","1.00000","1.00000","1.00000","","","","-0.00001"
"210","ANT","1","1","5","3","-1","-8","0","0","0","raw_fallback","1","raw_gate_impossible","0","0","0","0.17435","0.17435","-0.07371","-0.07371","0.00000","0.00000","-0.10063","-0.10063","1.00000","1.00000","1.00000","1.00000","","","","0.00001"
"211","MTR","1","1","5","3","-1","-8","1","0","0","raw_fallback","2","one_or_fewer_classes","0","0","0","-0.00078","-0.00078","0.00868","0.00868","0.00719","0.00719","-0.01510","-0.01510","1.00000","1.00000","1.00000","1.00000","","","","-0.00001"
"212","BOS","21","16","3","3","-2","1","1","1","2","improvement_l2","0","none","11","7","3","-0.83218","-0.05145","0.24156","-0.02672","-0.01359","-0.00002","0.60408","0.07856","14.86888","2.90634","1.81347","0.00000","0.92346","0.38361","-0.00003","-0.00013"
"213","RAG","2","2","3","3","-1","-8","1","0","0","raw_fallback","5","no_gate_candidate","3","1","0","0.26383","0.26383","0.12230","0.12230","-0.16637","-0.16637","-0.21982","-0.21982","1.00000","1.00000","1.00000","1.00000","","","","-0.00006"
"214","BUL","63","60","3","3","-1","-8","1","0","0","raw_fallback","5","no_gate_candidate","7","6","0","-1.14490","-1.14490","0.76119","0.76119","0.21516","0.21516","0.16795","0.16795","1.00000","1.00000","1.00000","1.00000","","","","-0.00060"
"216","CLI","2","2","5","3","-1","-8","0","0","0","raw_fallback","1","raw_gate_impossible","0","0","0","0.04265","0.04265","-0.01240","-0.01240","0.00000","0.00000","-0.03029","-0.03029","1.00000","1.00000","1.00000","1.00000","","","","-0.00004"
"217","NEO","2","2","3","3","-1","-8","1","0","0","raw_fallback","5","no_gate_candidate","3","1","0","0.06354","0.06354","-0.02247","-0.02247","0.00631","0.00631","-0.04740","-0.04740","1.00000","1.00000","1.00000","1.00000","","","","-0.00002"
"218","BOD","1","1","5","3","-1","-8","0","0","0","raw_fallback","1","raw_gate_impossible","0","0","0","0.02447","0.02447","-0.00577","-0.00577","0.00000","0.00000","-0.01871","-0.01871","1.00000","1.00000","1.00000","1.00000","","","","-0.00001"
"219","ARG","4","2","5","3","-1","-8","0","0","0","raw_fallback","1","raw_gate_impossible","0","0","0","0.04868","0.04868","-0.01546","-0.01546","0.00000","0.00000","-0.03324","-0.03324","1.00000","1.00000","1.00000","1.00000","","","","-0.00002"
"220","KNI","2","2","3","3","-1","-8","1","0","0","raw_fallback","5","no_gate_candidate","3","1","0","-0.00385","-0.00385","-0.16701","-0.16701","0.26329","0.26329","-0.09246","-0.09246","1.00000","1.00000","1.00000","1.00000","","","","-0.00003"
"221","CRT","8","8","3","3","-1","-8","1","0","0","raw_fallback","4","no_valid_candidate","7","0","0","0.02757","0.02757","0.04187","0.04187","0.07594","0.07594","-0.14548","-0.14548","1.00000","1.00000","1.00000","1.00000","","","","-0.00010"
"222","NEG","5","5","3","3","-1","-8","1","0","0","raw_fallback","5","no_gate_candidate","7","1","0","-0.05329","-0.05329","0.01425","0.01425","0.04144","0.04144","-0.00243","-0.00243","1.00000","1.00000","1.00000","1.00000","","","","-0.00003"
"223","SAO","4","2","5","3","-1","-8","0","0","0","raw_fallback","1","raw_gate_impossible","0","0","0","0.05430","0.05430","-0.02920","-0.02920","0.00000","0.00000","-0.02511","-0.02511","1.00000","1.00000","1.00000","1.00000","","","","-0.00001"
"226","GOR","7","5","3","3","-1","1","1","1","2","improvement_l2","0","none","7","5","1","-0.65520","-0.47746","0.16502","0.13891","0.01071","0.00054","0.47944","0.33808","0.00000","3.72130","0.57069","0.00000","0.41850","0.08884","-0.00004","-0.00003"
"228","PAT","2","2","3","3","-1","-8","1","0","0","raw_fallback","5","no_gate_candidate","3","1","0","-0.03369","-0.03369","-0.00202","-0.00202","0.01137","0.01137","0.02433","0.02433","1.00000","1.00000","1.00000","1.00000","","","","-0.00001"
"233","LIV","30","24","3","3","-2","1","1","1","2","improvement_l2","0","none","11","9","4","-1.23657","-0.24564","0.19850","-0.01127","0.30396","-0.02766","0.73396","0.28532","48.19061","1.84809","0.35031","0.00000","0.81617","0.47579","-0.00007","-0.00015"
"234","TEU","43","37","3","3","1","1","1","1","2","improvement_l2","0","none","11","7","3","0.03414","-0.00145","-0.30387","0.17290","-0.08351","-0.00629","0.35296","-0.16029","0.04935","272.26875","1.05834","0.00000","0.70025","0.10741","-0.00008","-0.00028"
"235","ERM","3","3","5","3","-1","-8","0","0","0","raw_fallback","1","raw_gate_impossible","0","0","0","0.06449","0.06449","-0.02835","-0.02835","0.00000","0.00000","-0.03614","-0.03614","1.00000","1.00000","1.00000","1.00000","","","","0.00000"
"236","CHL","2","2","3","3","-1","-8","1","0","0","raw_fallback","4","no_valid_candidate","3","0","0","-0.05250","-0.05250","-0.00045","-0.00045","0.01386","0.01386","0.03911","0.03911","1.00000","1.00000","1.00000","1.00000","","","","0.00002"
"237","PMS","1","1","5","3","-1","-8","0","0","0","raw_fallback","1","raw_gate_impossible","0","0","0","0.01194","0.01194","-0.00378","-0.00378","0.00000","0.00000","-0.00816","-0.00816","1.00000","1.00000","1.00000","1.00000","","","","0.00000"
"238","SMD","1","1","5","3","-1","-8","0","0","0","raw_fallback","1","raw_gate_impossible","0","0","0","0.01679","0.01679","-0.00756","-0.00756","0.00000","0.00000","-0.00923","-0.00923","1.00000","1.00000","1.00000","1.00000","","","","0.00000"
"239","BIO","4","4","5","3","-1","-8","0","0","0","raw_fallback","1","raw_gate_impossible","0","0","0","0.14409","0.14409","-0.06951","-0.06951","0.00000","0.00000","-0.07460","-0.07460","1.00000","1.00000","1.00000","1.00000","","","","-0.00002"
"240","KUR","2","2","5","3","-1","-8","0","0","0","raw_fallback","1","raw_gate_impossible","0","0","0","-0.10507","-0.10507","0.03380","0.03380","0.00000","0.00000","0.07125","0.07125","1.00000","1.00000","1.00000","1.00000","","","","-0.00002"
"241","BID","4","4","3","3","-1","-8","1","0","0","raw_fallback","5","no_gate_candidate","7","3","0","0.09815","0.09815","-0.29759","-0.29759","0.37226","0.37226","-0.17287","-0.17287","1.00000","1.00000","1.00000","1.00000","","","","-0.00005"
"242","RIG","1","1","5","3","-1","-8","1","0","0","raw_fallback","2","one_or_fewer_classes","0","0","0","0.02672","0.02672","0.01276","0.01276","0.10134","0.10134","-0.14085","-0.14085","1.00000","1.00000","1.00000","1.00000","","","","-0.00003"
"243","ARR","8","8","3","3","-2","1","1","1","2","improvement_l2","0","none","11","7","4","-0.63903","-0.04798","0.10129","-0.01620","0.18659","-0.01585","0.35111","0.08060","71.67441","1.09616","0.25785","0.00000","0.86188","0.27929","-0.00005","-0.00004"
"245","LIT","103","74","3","3","-2","1","1","1","2","improvement_l2","0","none","11","6","1","3.52495","3.50981","-0.17604","0.02707","1.13048","0.31637","-4.48003","-3.85254","0.00000","0.00000","1.00395","4.92917","0.42814","0.40150","-0.00005","-0.00064"
"247","SGN","19","19","3","3","-2","1","1","1","2","improvement_l2","0","none","11","7","1","0.55812","0.32327","0.25374","0.00066","0.65772","0.25902","-1.46996","-0.58289","0.00000","0.82914","0.86351","7.03280","0.65698","0.44341","-0.00008","-0.00038"
"248","GAU","17","17","3","3","-2","-8","1","0","0","raw_fallback","5","no_gate_candidate","11","6","0","1.97011","1.97011","-2.18386","-2.18386","0.19741","0.19741","0.01603","0.01603","1.00000","1.00000","1.00000","1.00000","","","","-0.00031"
"249","STN","19","19","3","3","-2","1","1","1","2","improvement_l2","0","none","11","5","1","-0.12760","-0.00068","1.10354","0.40675","0.19604","-0.00312","-1.17264","-0.40284","0.00000","0.00000","0.88105","4.74752","0.81670","0.44660","-0.00012","-0.00066"
"250","AHO","10","10","3","3","-2","1","1","1","2","improvement_l2","0","none","11","4","2","0.62018","0.58418","-0.37228","-0.35155","0.00199","-0.00004","-0.24995","-0.23253","0.00000","2.35164","2.20000","0.00000","0.28829","0.01901","-0.00003","-0.00006"
"251","KMA","14","14","3","3","-2","-8","1","0","0","raw_fallback","5","no_gate_candidate","11","5","0","0.52097","0.52097","-0.04053","-0.04053","0.22058","0.22058","-0.70121","-0.70121","1.00000","1.00000","1.00000","1.00000","","","","-0.00019"
"252","DIM","3","3","5","3","-1","-8","0","0","0","raw_fallback","1","raw_gate_impossible","0","0","0","0.07971","0.07971","-0.05481","-0.05481","0.00000","0.00000","-0.02493","-0.02493","1.00000","1.00000","1.00000","1.00000","","","","-0.00003"
"253","TWI","6","6","3","3","-1","1","1","1","2","improvement_l2","0","none","7","6","1","-1.51094","-0.94577","1.21269","1.02777","0.00448","-0.00002","0.29373","-0.08206","2.75156","0.00000","0.99576","0.62481","0.55953","0.24154","-0.00016","-0.00004"
"254","CUT","7","7","3","3","-2","-8","1","0","0","raw_fallback","4","no_valid_candidate","11","0","0","0.21101","0.21101","-0.11884","-0.11884","-0.01153","-0.01153","-0.08066","-0.08066","1.00000","1.00000","1.00000","1.00000","","","","-0.00002"
"255","JNT","5","2","3","3","-1","-8","1","0","0","raw_fallback","4","no_valid_candidate","3","0","0","0.01310","0.01310","0.00293","0.00293","0.00215","0.00215","-0.01819","-0.01819","1.00000","1.00000","1.00000","1.00000","","","","-0.00001"
"256","TRF","8","8","3","3","-2","1","1","1","2","improvement_l2","0","none","11","4","2","-1.10909","-0.61369","0.70457","0.55175","0.06152","0.06045","0.34287","0.00180","14.67173","0.00000","0.00000","0.84323","0.41939","0.24765","-0.00009","-0.00013"
"257","LUR","6","5","5","3","-1","-8","0","0","0","raw_fallback","1","raw_gate_impossible","0","0","0","0.12631","0.12631","-0.07582","-0.07582","0.00000","0.00000","-0.05048","-0.05048","1.00000","1.00000","1.00000","1.00000","","","","0.00001"
"258","BHP","11","10","3","3","-2","1","1","1","2","improvement_l2","0","none","11","5","3","-1.98505","-0.10332","0.68860","0.19052","0.08071","-0.00287","1.21557","-0.08445","3.88241","0.00000","0.70312","0.00000","0.89156","0.89720","-0.00008","-0.00017"
"259","CER","4","4","3","3","-2","1","1","1","2","improvement_l2","0","none","11","3","2","0.58225","0.25312","-0.35350","-0.27232","0.00646","-0.00002","-0.23527","0.01926","0.00000","0.00000","0.78824","5.85936","0.67752","0.15820","-0.00004","-0.00006"
"260","UJJ","5","5","3","3","-2","1","1","1","2","improvement_l2","0","none","11","5","2","-0.00450","-0.00025","0.02439","0.01604","0.08053","-0.01749","-0.10053","0.00160","0.43917","6.71357","0.17310","0.00000","0.76486","0.04365","-0.00012","-0.00011"
"261","RKS","7","2","3","3","-1","-8","1","0","0","raw_fallback","5","no_gate_candidate","3","2","0","0.46803","0.46803","-0.26818","-0.26818","0.01482","0.01482","-0.21469","-0.21469","1.00000","1.00000","1.00000","1.00000","","","","-0.00002"
"262","ONW","12","12","3","3","-2","1","1","1","2","improvement_l2","0","none","11","7","5","-0.59383","-0.10802","0.26769","0.16774","0.10124","-0.00270","0.22472","-0.05705","2.40450","0.00000","0.46196","2.23434","0.72775","0.21300","-0.00006","-0.00018"
"263","KKR","6","6","3","3","-2","1","1","1","2","improvement_l2","0","none","11","6","2","0.14024","0.10301","-0.36216","-0.25420","0.03080","-0.01107","0.19108","0.16222","0.00000","4.13511","0.14757","0.71379","0.33882","0.04843","-0.00005","-0.00004"
"264","GWL","7","7","3","3","-2","-8","1","0","0","raw_fallback","5","no_gate_candidate","11","5","0","-0.01356","-0.01356","0.10965","0.10965","-0.01272","-0.01272","-0.08346","-0.08346","1.00000","1.00000","1.00000","1.00000","","","","-0.00009"
"265","KHS","18","15","3","3","-2","1","1","1","2","improvement_l2","0","none","11","6","3","-0.33519","-0.09352","-0.05191","-0.01270","0.12298","-0.04946","0.26402","0.15559","3.94276","5.97630","0.29833","0.00000","0.62118","0.11570","-0.00010","-0.00010"
"266","KMN","8","8","3","3","-1","1","1","1","2","improvement_l2","0","none","7","5","1","-0.46462","-0.06712","0.17557","0.04086","0.07574","0.05210","0.21324","-0.02583","5.06991","0.00000","0.00000","0.90976","0.70346","0.18581","-0.00007","-0.00007"
"267","KTU","6","6","3","3","-1","-8","1","0","0","raw_fallback","5","no_gate_candidate","7","7","0","-0.19351","-0.19351","0.07738","0.07738","0.02434","0.02434","0.09178","0.09178","1.00000","1.00000","1.00000","1.00000","","","","-0.00001"
"268","DTI","6","6","3","3","-2","1","1","1","2","improvement_l2","0","none","11","5","3","-0.38222","-0.01344","0.08910","0.01564","0.02914","-0.00066","0.26390","-0.00151","4.29933","0.00000","0.44041","0.00000","0.94028","0.18327","-0.00003","-0.00008"
"269","SRM","2","2","3","3","-1","-8","1","0","0","raw_fallback","4","no_valid_candidate","3","0","0","0.13581","0.13581","-0.07402","-0.07402","-0.01416","-0.01416","-0.04767","-0.04767","1.00000","1.00000","1.00000","1.00000","","","","-0.00004"
"270","JBL","2","2","5","3","-1","-8","0","0","0","raw_fallback","1","raw_gate_impossible","0","0","0","0.13460","0.13460","-0.03779","-0.03779","0.00000","0.00000","-0.09683","-0.09683","1.00000","1.00000","1.00000","1.00000","","","","-0.00002"
"271","LWA","13","6","3","3","-2","-1","1","1","2","improvement_l2","0","none","11","6","3","0.32841","0.26646","-0.29288","-0.26867","-0.01643","0.00064","-0.01911","0.00228","0.51007","35.87396","3.54940","0.00000","0.53077","0.02974","-0.00004","-0.00001"
"272","CDD","1","1","5","3","-1","-8","1","0","0","raw_fallback","2","one_or_fewer_classes","0","0","0","0.27250","0.27250","-0.09340","-0.09340","0.02534","0.02534","-0.20444","-0.20444","1.00000","1.00000","1.00000","1.00000","","","","0.00000"
"273","DGL","4","1","5","3","-1","-8","0","0","0","raw_fallback","1","raw_gate_impossible","0","0","0","-0.00480","-0.00480","-0.00075","-0.00075","0.00000","0.00000","0.00553","0.00553","1.00000","1.00000","1.00000","1.00000","","","","-0.00002"
"289","ENG","138","132","3","3","-2","1","1","1","2","improvement_l2","0","none","11","5","2","-8.05952","-2.13471","1.77339","-0.09921","6.63294","2.19864","-0.34816","0.03508","5.00121","0.39269","0.75720","0.00000","0.81183","3.08661","-0.00029","-0.00135"
"290","SCO","30","21","3","3","1","1","1","1","2","improvement_l2","0","none","11","9","1","-0.28467","0.00008","-0.20851","0.00029","0.26636","0.00010","0.22674","-0.00007","7.61786","2.38970","0.79593","0.71717","0.99956","0.24646","-0.00011","-0.00008"
"291","SBL","12","10","3","3","-2","1","1","1","2","improvement_l2","0","none","11","5","1","-0.16661","0.05419","-0.56065","-0.27294","0.14042","0.03131","0.58679","0.18752","0.00000","8.87746","1.05266","0.52137","0.66141","0.22714","-0.00006","-0.00005"
"292","CLA","3","3","5","3","-1","-8","0","0","0","raw_fallback","1","raw_gate_impossible","0","0","0","0.51701","0.51701","-0.21683","-0.21683","0.00000","0.00000","-0.30018","-0.30018","1.00000","1.00000","1.00000","1.00000","","","","0.00000"
"293","CLR","3","3","3","3","-1","-8","1","0","0","raw_fallback","5","no_gate_candidate","7","1","0","0.06321","0.06321","-0.12574","-0.12574","0.13437","0.13437","-0.07186","-0.07186","1.00000","1.00000","1.00000","1.00000","","","","-0.00002"
"294","CWM","2","2","5","3","-1","-8","0","0","0","raw_fallback","1","raw_gate_impossible","0","0","0","0.10823","0.10823","-0.11326","-0.11326","0.00000","0.00000","0.00502","0.00502","1.00000","1.00000","1.00000","1.00000","","","","-0.00001"
"295","ULS","3","3","3","3","-1","-8","1","0","0","raw_fallback","5","no_gate_candidate","7","1","0","0.11001","0.11001","-0.08333","-0.08333","0.00571","0.00571","-0.03240","-0.03240","1.00000","1.00000","1.00000","1.00000","","","","-0.00001"
"296","ORD","4","3","5","3","-1","-8","0","0","0","raw_fallback","1","raw_gate_impossible","0","0","0","0.22643","0.22643","-0.19911","-0.19911","0.00000","0.00000","-0.02733","-0.02733","1.00000","1.00000","1.00000","1.00000","","","","-0.00001"
"297","DMS","8","4","3","3","-1","-8","1","0","0","raw_fallback","5","no_gate_candidate","7","4","0","-0.00064","-0.00064","-0.11704","-0.11704","0.11623","0.11623","0.00147","0.00147","1.00000","1.00000","1.00000","1.00000","","","","0.00002"
"298","KID","3","3","3","3","-1","1","1","1","2","improvement_l2","0","none","3","1","1","0.09517","0.01397","-0.08698","0.01287","0.04100","-0.02952","-0.04919","0.00332","0.00000","38.82594","0.00000","0.00000","0.73164","0.05333","-0.00002","0.00000"
"299","BEA","1","1","5","3","-1","-8","1","0","0","raw_fallback","2","one_or_fewer_classes","0","0","0","-0.00509","-0.00509","-0.01216","-0.01216","0.02703","0.02703","-0.00978","-0.00978","1.00000","1.00000","1.00000","1.00000","","","","0.00000"
"300","CMA","1","1","5","3","-1","-8","0","0","0","raw_fallback","1","raw_gate_impossible","0","0","0","0.05177","0.05177","-0.04837","-0.04837","0.00000","0.00000","-0.00340","-0.00340","1.00000","1.00000","1.00000","1.00000","","","","0.00000"
"301","UMH","1","1","5","3","-1","-8","0","0","0","raw_fallback","1","raw_gate_impossible","0","0","0","0.05378","0.05378","-0.03851","-0.03851","0.00000","0.00000","-0.01527","-0.01527","1.00000","1.00000","1.00000","1.00000","","","","0.00000"
"302","OSS","1","1","5","3","-1","-8","0","0","0","raw_fallback","1","raw_gate_impossible","0","0","0","0.09627","0.09627","-0.05279","-0.05279","0.00000","0.00000","-0.04349","-0.04349","1.00000","1.00000","1.00000","1.00000","","","","-0.00001"
"303","MCM","4","4","5","3","-1","-8","0","0","0","raw_fallback","1","raw_gate_impossible","0","0","0","0.38238","0.38238","-0.18789","-0.18789","0.00000","0.00000","-0.19446","-0.19446","1.00000","1.00000","1.00000","1.00000","","","","0.00003"
"304","OIL","2","2","5","3","-1","-8","0","0","0","raw_fallback","1","raw_gate_impossible","0","0","0","0.16850","0.16850","-0.07174","-0.07174","0.00000","0.00000","-0.09676","-0.09676","1.00000","1.00000","1.00000","1.00000","","","","0.00000"
"305","AMA","2","2","3","3","-1","-8","1","0","0","raw_fallback","5","no_gate_candidate","3","1","0","0.03690","0.03690","-0.12467","-0.12467","0.09505","0.09505","-0.00729","-0.00729","1.00000","1.00000","1.00000","1.00000","","","","-0.00001"
"306","DHM","3","3","5","3","-1","-8","0","0","0","raw_fallback","1","raw_gate_impossible","0","0","0","0.01218","0.01218","0.09815","0.09815","0.00000","0.00000","-0.11037","-0.11037","1.00000","1.00000","1.00000","1.00000","","","","-0.00004"
"307","CET","4","4","3","3","-1","1","1","1","2","improvement_l2","0","none","7","4","1","0.11345","0.09151","-0.07040","-0.00986","0.06850","-0.02615","-0.11158","-0.05532","0.00000","1.21040","0.08142","11.23803","0.54394","0.04527","-0.00003","-0.00003"
"308","LAN","7","5","3","3","-1","-8","1","0","0","raw_fallback","5","no_gate_candidate","7","1","0","-0.07100","-0.07100","-0.01685","-0.01685","0.07079","0.07079","0.01702","0.01702","1.00000","1.00000","1.00000","1.00000","","","","-0.00004"
"309","CNN","2","2","5","3","-1","-8","0","0","0","raw_fallback","1","raw_gate_impossible","0","0","0","0.31807","0.31807","-0.14141","-0.14141","0.00000","0.00000","-0.17667","-0.17667","1.00000","1.00000","1.00000","1.00000","","","","-0.00001"
"311","ANN","2","2","5","3","-1","-8","0","0","0","raw_fallback","1","raw_gate_impossible","0","0","0","0.14145","0.14145","-0.09762","-0.09762","0.00000","0.00000","-0.04383","-0.04383","1.00000","1.00000","1.00000","1.00000","","","","0.00000"
"312","PLE","17","13","3","3","-2","1","1","1","2","improvement_l2","0","none","11","3","1","-0.33086","-0.04710","0.02352","0.01259","0.66792","0.33978","-0.36065","-0.30531","0.00000","0.00000","0.95394","1.87726","0.49173","0.16952","-0.00005","-0.00007"
"313","WLS","8","8","3","3","-2","1","1","1","2","improvement_l2","0","none","11","9","2","-0.47421","-0.06345","0.62746","0.08742","0.02232","-0.00036","-0.17564","-0.02362","1.06686","0.00000","1.04285","1.74177","0.89392","0.28119","-0.00006","-0.00007"
"314","TYR","4","4","5","3","-1","-8","0","0","0","raw_fallback","1","raw_gate_impossible","0","0","0","0.42947","0.42947","-0.21102","-0.21102","0.00000","0.00000","-0.21844","-0.21844","1.00000","1.00000","1.00000","1.00000","","","","0.00001"
"315","AMH","1","1","5","3","-1","-8","0","0","0","raw_fallback","1","raw_gate_impossible","0","0","0","0.05941","0.05941","-0.03761","-0.03761","0.00000","0.00000","-0.02180","-0.02180","1.00000","1.00000","1.00000","1.00000","","","","0.00000"
"316","INI","1","1","5","3","-1","-8","0","0","0","raw_fallback","1","raw_gate_impossible","0","0","0","0.01050","0.01050","-0.00659","-0.00659","0.00000","0.00000","-0.00392","-0.00392","1.00000","1.00000","1.00000","1.00000","","","","-0.00001"
"317","LEI","1","1","5","3","-1","-8","0","0","0","raw_fallback","1","raw_gate_impossible","0","0","0","0.02146","0.02146","-0.01351","-0.01351","0.00000","0.00000","-0.00795","-0.00795","1.00000","1.00000","1.00000","1.00000","","","","0.00000"
"318","TRY","2","2","5","3","-1","-8","0","0","0","raw_fallback","1","raw_gate_impossible","0","0","0","0.15953","0.15953","-0.06640","-0.06640","0.00000","0.00000","-0.09315","-0.09315","1.00000","1.00000","1.00000","1.00000","","","","-0.00002"
"319","KEE","2","2","5","3","-1","-8","0","0","0","raw_fallback","1","raw_gate_impossible","0","0","0","0.22782","0.22782","-0.09897","-0.09897","0.00000","0.00000","-0.12885","-0.12885","1.00000","1.00000","1.00000","1.00000","","","","0.00000"
"320","GLS","1","1","5","3","-1","-8","0","0","0","raw_fallback","1","raw_gate_impossible","0","0","0","0.04623","0.04623","-0.02449","-0.02449","0.00000","0.00000","-0.02174","-0.02174","1.00000","1.00000","1.00000","1.00000","","","","0.00000"
"321","IVG","1","1","5","3","-1","-8","0","0","0","raw_fallback","1","raw_gate_impossible","0","0","0","0.14855","0.14855","-0.05971","-0.05971","0.00000","0.00000","-0.08884","-0.08884","1.00000","1.00000","1.00000","1.00000","","","","0.00000"
"322","HYM","2","2","5","3","-1","-8","0","0","0","raw_fallback","1","raw_gate_impossible","0","0","0","0.10481","0.10481","-0.05222","-0.05222","0.00000","0.00000","-0.05258","-0.05258","1.00000","1.00000","1.00000","1.00000","","","","0.00001"
"323","IMA","1","1","5","3","-1","-8","0","0","0","raw_fallback","1","raw_gate_impossible","0","0","0","0.04395","0.04395","-0.02636","-0.02636","0.00000","0.00000","-0.01759","-0.01759","1.00000","1.00000","1.00000","1.00000","","","","0.00000"
"324","DCI","1","1","5","3","-1","-8","0","0","0","raw_fallback","1","raw_gate_impossible","0","0","0","0.05354","0.05354","-0.03135","-0.03135","0.00000","0.00000","-0.02220","-0.02220","1.00000","1.00000","1.00000","1.00000","","","","-0.00001"
"325","TGH","1","1","5","3","-1","-8","0","0","0","raw_fallback","1","raw_gate_impossible","0","0","0","0.05439","0.05439","-0.03413","-0.03413","0.00000","0.00000","-0.02028","-0.02028","1.00000","1.00000","1.00000","1.00000","","","","-0.00002"
"326","ELY","1","1","5","3","-1","-8","0","0","0","raw_fallback","1","raw_gate_impossible","0","0","0","0.16917","0.16917","-0.08373","-0.08373","0.00000","0.00000","-0.08545","-0.08545","1.00000","1.00000","1.00000","1.00000","","","","-0.00001"
"327","FCL","1","1","5","3","-1","-8","0","0","0","raw_fallback","1","raw_gate_impossible","0","0","0","0.03162","0.03162","-0.02050","-0.02050","0.00000","0.00000","-0.01113","-0.01113","1.00000","1.00000","1.00000","1.00000","","","","-0.00001"
"328","LOI","7","5","5","3","-1","-8","0","0","0","raw_fallback","1","raw_gate_impossible","0","0","0","0.03434","0.03434","-0.03299","-0.03299","0.00000","0.00000","-0.00139","-0.00139","1.00000","1.00000","1.00000","1.00000","","","","-0.00004"
"329","FMA","2","2","5","3","-1","-8","0","0","0","raw_fallback","1","raw_gate_impossible","0","0","0","0.15478","0.15478","-0.08488","-0.08488","0.00000","0.00000","-0.06990","-0.06990","1.00000","1.00000","1.00000","1.00000","","","","0.00000"
"330","BFN","3","3","5","3","-1","-8","0","0","0","raw_fallback","1","raw_gate_impossible","0","0","0","0.06216","0.06216","-0.02619","-0.02619","0.00000","0.00000","-0.03597","-0.03597","1.00000","1.00000","1.00000","1.00000","","","","0.00000"
"331","CVN","2","2","5","3","-1","-8","0","0","0","raw_fallback","1","raw_gate_impossible","0","0","0","0.01560","0.01560","-0.01073","-0.01073","0.00000","0.00000","-0.00490","-0.00490","1.00000","1.00000","1.00000","1.00000","","","","-0.00003"
"332","MYO","3","3","5","3","-1","-8","0","0","0","raw_fallback","1","raw_gate_impossible","0","0","0","0.05123","0.05123","-0.02854","-0.02854","0.00000","0.00000","-0.02267","-0.02267","1.00000","1.00000","1.00000","1.00000","","","","0.00002"
"333","THO","3","3","5","3","-1","-8","0","0","0","raw_fallback","1","raw_gate_impossible","0","0","0","0.21981","0.21981","-0.10118","-0.10118","0.00000","0.00000","-0.11862","-0.11862","1.00000","1.00000","1.00000","1.00000","","","","0.00001"
"334","SLN","1","1","5","3","-1","-8","1","0","0","raw_fallback","2","one_or_fewer_classes","0","0","0","-0.02386","-0.02386","-0.01189","-0.01189","0.03599","0.03599","-0.00026","-0.00026","1.00000","1.00000","1.00000","1.00000","","","","-0.00002"
"335","FLY","2","2","3","3","-1","-8","1","0","0","raw_fallback","5","no_gate_candidate","3","1","0","0.60250","0.60250","-0.21148","-0.21148","0.00543","0.00543","-0.39645","-0.39645","1.00000","1.00000","1.00000","1.00000","","","","0.00000"
"337","GWR","1","1","5","3","-1","-8","1","0","0","raw_fallback","2","one_or_fewer_classes","0","0","0","0.07339","0.07339","-0.03708","-0.03708","0.01052","0.01052","-0.04685","-0.04685","1.00000","1.00000","1.00000","1.00000","","","","-0.00002"
"338","GMG","3","3","5","3","-1","-8","0","0","0","raw_fallback","1","raw_gate_impossible","0","0","0","0.12399","0.12399","-0.01218","-0.01218","0.00000","0.00000","-0.11181","-0.11181","1.00000","1.00000","1.00000","1.00000","","","","0.00000"
"339","MAC","5","4","3","3","-1","1","1","1","2","improvement_l2","0","none","7","4","2","0.26058","0.21544","-0.11483","-0.07711","0.04676","-0.00917","-0.19252","-0.12915","0.00000","0.00000","0.33559","4.49712","0.40865","0.04595","-0.00002","-0.00001"
"340","AUD","2","2","5","3","-1","-8","0","0","0","raw_fallback","1","raw_gate_impossible","0","0","0","0.31006","0.31006","-0.14977","-0.14977","0.00000","0.00000","-0.16030","-0.16030","1.00000","1.00000","1.00000","1.00000","","","","-0.00001"
"341","BRO","1","1","5","3","-1","-8","0","0","0","raw_fallback","1","raw_gate_impossible","0","0","0","0.14504","0.14504","-0.05986","-0.05986","0.00000","0.00000","-0.08517","-0.08517","1.00000","1.00000","1.00000","1.00000","","","","0.00001"
"342","POS","2","2","3","3","-1","-8","1","0","0","raw_fallback","4","no_valid_candidate","3","0","0","0.13966","0.13966","-0.06756","-0.06756","0.05435","0.05435","-0.12644","-0.12644","1.00000","1.00000","1.00000","1.00000","","","","0.00001"
"343","EWY","1","1","5","3","-1","-8","1","0","0","raw_fallback","2","one_or_fewer_classes","0","0","0","0.05999","0.05999","-0.01580","-0.01580","0.01504","0.01504","-0.05923","-0.05923","1.00000","1.00000","1.00000","1.00000","","","","0.00000"
"344","CMS","1","1","5","3","-1","-8","0","0","0","raw_fallback","1","raw_gate_impossible","0","0","0","0.09895","0.09895","-0.01760","-0.01760","0.00000","0.00000","-0.08135","-0.08135","1.00000","1.00000","1.00000","1.00000","","","","0.00000"
"345","PMB","1","1","5","3","-1","-8","0","0","0","raw_fallback","1","raw_gate_impossible","0","0","0","-0.06223","-0.06223","0.12377","0.12377","0.00000","0.00000","-0.06156","-0.06156","1.00000","1.00000","1.00000","1.00000","","","","-0.00002"
"346","DEN","1","1","5","3","-1","-8","0","0","0","raw_fallback","1","raw_gate_impossible","0","0","0","0.01642","0.01642","-0.00402","-0.00402","0.00000","0.00000","-0.01240","-0.01240","1.00000","1.00000","1.00000","1.00000","","","","0.00000"
"353","MNN","1","1","5","3","-1","-8","0","0","0","raw_fallback","1","raw_gate_impossible","0","0","0","0.13132","0.13132","-0.07821","-0.07821","0.00000","0.00000","-0.05312","-0.05312","1.00000","1.00000","1.00000","1.00000","","","","-0.00001"
"354","ORK","2","2","5","3","-1","-8","0","0","0","raw_fallback","1","raw_gate_impossible","0","0","0","-0.03226","-0.03226","0.00527","0.00527","0.00000","0.00000","0.02697","0.02697","1.00000","1.00000","1.00000","1.00000","","","","-0.00002"
"355","MOY","4","2","3","3","-1","-8","1","0","0","raw_fallback","4","no_valid_candidate","3","0","0","-0.12478","-0.12478","0.12031","0.12031","0.01701","0.01701","-0.01256","-0.01256","1.00000","1.00000","1.00000","1.00000","","","","-0.00002"
"356","ROS","5","2","5","3","-1","-8","0","0","0","raw_fallback","1","raw_gate_impossible","0","0","0","-0.02391","-0.02391","-0.01602","-0.01602","0.00000","0.00000","0.03993","0.03993","1.00000","1.00000","1.00000","1.00000","","","","0.00000"
"381","HUN","189","187","4","3","1","-1","1","1","5","minimax_ratio","0","none","1470","45","9","-8.22948","0.01209","-2.84518","-0.00082","2.54492","0.00002","8.52797","-0.00773","29.23981","26.41015","0.81519","0.14145","0.99915","5.53121","-0.00036","-0.00177"
"382","WAL","44","44","3","3","-2","-8","1","0","0","raw_fallback","5","no_gate_candidate","11","4","0","-0.91233","-0.91233","-0.33360","-0.33360","0.62720","0.62720","0.61827","0.61827","1.00000","1.00000","1.00000","1.00000","","","","-0.00046"
"383","BIA","10","10","3","3","-1","-8","1","0","0","raw_fallback","5","no_gate_candidate","7","4","0","-0.25737","-0.25737","0.00576","0.00576","0.08598","0.08598","0.16557","0.16557","1.00000","1.00000","1.00000","1.00000","","","","-0.00006"
"384","BLD","9","9","3","3","-2","-8","1","0","0","raw_fallback","5","no_gate_candidate","11","5","0","-0.11032","-0.11032","0.04506","0.04506","0.04657","0.04657","0.01863","0.01863","1.00000","1.00000","1.00000","1.00000","","","","-0.00006"
"385","HTN","3","3","3","3","-1","-8","1","0","0","raw_fallback","5","no_gate_candidate","7","1","0","0.01240","0.01240","-0.00403","-0.00403","0.00963","0.00963","-0.01803","-0.01803","1.00000","1.00000","1.00000","1.00000","","","","-0.00003"
"386","HSC","3","3","3","3","-1","-8","1","0","0","raw_fallback","4","no_valid_candidate","7","0","0","0.03459","0.03459","-0.00475","-0.00475","-0.01231","-0.01231","-0.01754","-0.01754","1.00000","1.00000","1.00000","1.00000","","","","-0.00001"
"387","IAS","11","11","3","3","-2","-8","1","0","0","raw_fallback","5","no_gate_candidate","11","1","0","0.21702","0.21702","-0.13981","-0.13981","0.15831","0.15831","-0.23567","-0.23567","1.00000","1.00000","1.00000","1.00000","","","","-0.00015"
"388","SRC","4","4","3","3","-1","-8","1","0","0","raw_fallback","5","no_gate_candidate","7","1","0","-0.00208","-0.00208","0.02367","0.02367","0.01686","0.01686","-0.03848","-0.03848","1.00000","1.00000","1.00000","1.00000","","","","-0.00003"
"389","SSI","3","3","5","3","-1","-8","0","0","0","raw_fallback","1","raw_gate_impossible","0","0","0","0.00651","0.00651","-0.00205","-0.00205","0.00000","0.00000","-0.00449","-0.00449","1.00000","1.00000","1.00000","1.00000","","","","-0.00003"
"391","GEO","44","39","3","3","-2","1","1","1","2","improvement_l2","0","none","11","8","2","0.64832","0.33695","-1.34204","-0.41593","1.32101","0.55355","-0.62766","-0.47375","0.00000","6.79458","0.94668","4.17080","0.49909","0.53967","-0.00008","-0.00037"
"392","AAI","8","7","3","3","1","1","1","1","2","improvement_l2","0","none","11","7","2","0.02615","-0.00118","-0.00257","-0.00003","-0.02210","0.00126","-0.00153","0.00000","0.97155","1.49746","2.56528","0.03763","0.96704","0.01246","-0.00005","-0.00005"
"394","SME","15","13","3","3","1","1","1","1","2","improvement_l2","0","none","11","6","2","-0.14925","-0.07062","-0.06285","0.03112","-0.08520","-0.00956","0.29720","0.04984","0.00000","50.78412","0.63640","0.38662","0.68822","0.10834","-0.00006","-0.00010"
"395","SRV","15","14","3","3","-2","1","1","1","2","improvement_l2","0","none","11","6","1","0.25404","0.21186","0.01326","-0.00038","0.00388","0.00001","-0.27122","-0.21145","0.00000","1.53482","0.88557","2.00574","0.58908","0.02967","-0.00005","-0.00004"
"396","AVR","2","2","5","3","-1","-8","0","0","0","raw_fallback","1","raw_gate_impossible","0","0","0","0.00865","0.00865","0.00186","0.00186","0.00000","0.00000","-0.01049","-0.01049","1.00000","1.00000","1.00000","1.00000","","","","0.00002"
"397","TRK","6","5","5","3","-1","-8","0","0","0","raw_fallback","1","raw_gate_impossible","0","0","0","0.00255","0.00255","0.06848","0.06848","0.00000","0.00000","-0.07101","-0.07101","1.00000","1.00000","1.00000","1.00000","","","","0.00002"
"398","ARM","2","2","3","3","-1","-8","1","0","0","raw_fallback","5","no_gate_candidate","3","2","0","-0.12804","-0.12804","0.04427","0.04427","0.12581","0.12581","-0.04206","-0.04206","1.00000","1.00000","1.00000","1.00000","","","","-0.00002"
"400","VDZ","2","2","3","3","-1","1","1","1","2","improvement_l2","0","none","3","1","1","-0.06565","-0.01150","-0.10277","-0.10033","0.18919","0.12394","-0.02080","-0.01211","0.00000","0.00000","0.00000","1.20320","0.40268","0.03263","-0.00001","-0.00003"
"402","CPA","2","0","5","3","-1","-8","0","0","0","raw_fallback","1","raw_gate_impossible","0","0","0","0.00000","0.00000","0.00000","0.00000","0.00000","0.00000","0.00000","0.00000","1.00000","1.00000","1.00000","1.00000","","","","0.00000"
"403","HTY","1","0","5","3","-1","-8","0","0","0","raw_fallback","1","raw_gate_impossible","0","0","0","0.00000","0.00000","0.00000","0.00000","0.00000","0.00000","0.00000","0.00000","1.00000","1.00000","1.00000","1.00000","","","","0.00000"
"404","HYT","3","0","5","3","-1","-8","0","0","0","raw_fallback","1","raw_gate_impossible","0","0","0","0.00000","0.00000","0.00000","0.00000","0.00000","0.00000","0.00000","0.00000","1.00000","1.00000","1.00000","1.00000","","","","0.00000"
"405","KDA","2","0","5","3","-1","-8","0","0","0","raw_fallback","1","raw_gate_impossible","0","0","0","0.00000","0.00000","0.00000","0.00000","0.00000","0.00000","0.00000","0.00000","1.00000","1.00000","1.00000","1.00000","","","","0.00000"
"406","KIP","1","0","5","3","-1","-8","0","0","0","raw_fallback","1","raw_gate_impossible","0","0","0","0.00000","0.00000","0.00000","0.00000","0.00000","0.00000","0.00000","0.00000","1.00000","1.00000","1.00000","1.00000","","","","0.00000"
"407","TEM","3","0","5","3","-1","-8","0","0","0","raw_fallback","1","raw_gate_impossible","0","0","0","0.00000","0.00000","0.00000","0.00000","0.00000","0.00000","0.00000","0.00000","1.00000","1.00000","1.00000","1.00000","","","","0.00000"
"408","SKI","3","3","5","3","-1","-8","0","0","0","raw_fallback","1","raw_gate_impossible","0","0","0","0.06607","0.06607","-0.02188","-0.02188","0.00000","0.00000","-0.04421","-0.04421","1.00000","1.00000","1.00000","1.00000","","","","-0.00002"
"409","KCN","2","2","5","3","-1","-8","0","0","0","raw_fallback","1","raw_gate_impossible","0","0","0","0.14388","0.14388","-0.00781","-0.00781","0.00000","0.00000","-0.13607","-0.13607","1.00000","1.00000","1.00000","1.00000","","","","0.00000"
"410","SYU","4","4","3","3","-1","-8","1","0","0","raw_fallback","4","no_valid_candidate","7","0","0","0.19444","0.19444","-0.08134","-0.08134","0.03087","0.03087","-0.14400","-0.14400","1.00000","1.00000","1.00000","1.00000","","","","-0.00003"
"411","ALN","7","0","5","3","-1","-8","0","0","0","raw_fallback","1","raw_gate_impossible","0","0","0","0.00000","0.00000","0.00000","0.00000","0.00000","0.00000","0.00000","0.00000","1.00000","1.00000","1.00000","1.00000","","","","0.00000"
"412","DZK","3","3","5","3","-1","-8","0","0","0","raw_fallback","1","raw_gate_impossible","0","0","0","-0.00123","-0.00123","0.03436","0.03436","0.00000","0.00000","-0.03311","-0.03311","1.00000","1.00000","1.00000","1.00000","","","","0.00002"
"413","SMS","1","1","5","3","-1","-8","0","0","0","raw_fallback","1","raw_gate_impossible","0","0","0","0.02944","0.02944","-0.02408","-0.02408","0.00000","0.00000","-0.00537","-0.00537","1.00000","1.00000","1.00000","1.00000","","","","-0.00001"
"414","KAI","1","1","5","3","-1","-8","0","0","0","raw_fallback","1","raw_gate_impossible","0","0","0","0.03480","0.03480","-0.02969","-0.02969","0.00000","0.00000","-0.00511","-0.00511","1.00000","1.00000","1.00000","1.00000","","","","0.00000"
"415","LEK","2","2","5","3","-1","-8","0","0","0","raw_fallback","1","raw_gate_impossible","0","0","0","-0.02470","-0.02470","0.05647","0.05647","0.00000","0.00000","-0.03176","-0.03176","1.00000","1.00000","1.00000","1.00000","","","","0.00001"
"416","RUT","1","1","5","3","-1","-8","0","0","0","raw_fallback","1","raw_gate_impossible","0","0","0","-0.00395","-0.00395","0.01870","0.01870","0.00000","0.00000","-0.01475","-0.01475","1.00000","1.00000","1.00000","1.00000","","","","0.00000"
"417","TBA","1","1","5","3","-1","-8","0","0","0","raw_fallback","1","raw_gate_impossible","0","0","0","-0.00179","-0.00179","0.00867","0.00867","0.00000","0.00000","-0.00688","-0.00688","1.00000","1.00000","1.00000","1.00000","","","","0.00000"
"463","KUS","4","4","3","3","-1","-8","1","0","0","raw_fallback","5","no_gate_candidate","7","3","0","0.93563","0.93563","-0.41439","-0.41439","-0.05289","-0.05289","-0.46839","-0.46839","1.00000","1.00000","1.00000","1.00000","","","","-0.00004"
"464","QUA","2","2","5","3","-1","-8","0","0","0","raw_fallback","1","raw_gate_impossible","0","0","0","0.82890","0.82890","-0.49200","-0.49200","0.00000","0.00000","-0.33691","-0.33691","1.00000","1.00000","1.00000","1.00000","","","","-0.00001"
"477","TAI","3","2","5","3","-1","-8","0","0","0","raw_fallback","1","raw_gate_impossible","0","0","0","0.26766","0.26766","-0.05013","-0.05013","0.00000","0.00000","-0.21754","-0.21754","1.00000","1.00000","1.00000","1.00000","","","","-0.00001"
"478","ZIP","5","2","5","3","-1","-8","0","0","0","raw_fallback","1","raw_gate_impossible","0","0","0","1.46444","1.46444","-0.55445","-0.55445","0.00000","0.00000","-0.90997","-0.90997","1.00000","1.00000","1.00000","1.00000","","","","0.00002"
"479","ZAQ","4","1","5","3","-1","-8","1","0","0","raw_fallback","2","one_or_fewer_classes","0","0","0","0.01736","0.01736","0.00147","0.00147","-0.01152","-0.01152","-0.00733","-0.00733","1.00000","1.00000","1.00000","1.00000","","","","-0.00002"
"508","AAL","8","3","3","3","-1","-8","1","0","0","raw_fallback","5","no_gate_candidate","7","5","0","0.04267","0.04267","0.13446","0.13446","0.01665","0.01665","-0.19380","-0.19380","1.00000","1.00000","1.00000","1.00000","","","","-0.00002"
"509","AMR","11","8","3","3","-1","-8","1","0","0","raw_fallback","5","no_gate_candidate","11","4","0","0.17532","0.17532","-0.02007","-0.02007","0.07998","0.07998","-0.23529","-0.23529","1.00000","1.00000","1.00000","1.00000","","","","-0.00006"
"510","DGE","10","10","3","3","-1","-8","1","0","0","raw_fallback","5","no_gate_candidate","7","5","0","0.44263","0.44263","0.03229","0.03229","0.43847","0.43847","-0.91350","-0.91350","1.00000","1.00000","1.00000","1.00000","","","","-0.00011"
"511","FDL","27","15","3","3","1","1","1","1","2","improvement_l2","0","none","11","9","5","0.13706","-0.00009","-0.05667","0.00004","0.12143","0.00001","-0.20194","0.00018","0.97463","10.04243","0.42414","0.65572","0.99966","0.12923","-0.00006","-0.00012"
"512","JAL","59","18","3","3","-2","-8","1","0","0","raw_fallback","5","no_gate_candidate","11","3","0","0.36528","0.36528","-0.65693","-0.65693","1.80064","1.80064","-1.50910","-1.50910","1.00000","1.00000","1.00000","1.00000","","","","-0.00011"
"513","HLL","4","4","3","3","-2","-8","1","0","0","raw_fallback","5","no_gate_candidate","11","1","0","0.21746","0.21746","-0.02279","-0.02279","0.01515","0.01515","-0.20985","-0.20985","1.00000","1.00000","1.00000","1.00000","","","","-0.00003"
"515","ARD","3","3","5","3","-1","-8","0","0","0","raw_fallback","1","raw_gate_impossible","0","0","0","0.14081","0.14081","-0.01466","-0.01466","0.00000","0.00000","-0.12614","-0.12614","1.00000","1.00000","1.00000","1.00000","","","","0.00001"
"516","ATZ","8","8","3","3","-2","1","1","1","2","improvement_l2","0","none","11","4","4","0.09440","0.04300","-0.04301","0.02960","0.11235","-0.01113","-0.16381","-0.06134","1.03237","0.00000","0.00000","9.03879","0.59587","0.06712","-0.00003","-0.00007"
"517","DML","1","1","5","3","-1","-8","1","0","0","raw_fallback","2","one_or_fewer_classes","0","0","0","0.26543","0.26543","-0.11874","-0.11874","0.01331","0.01331","-0.15999","-0.15999","1.00000","1.00000","1.00000","1.00000","","","","0.00001"
"518","HBN","5","5","3","3","-2","-1","1","1","2","improvement_l2","0","none","11","1","1","0.18928","0.18120","-0.04925","-0.00487","0.07534","0.00626","-0.21541","-0.18187","0.00000","0.00000","0.52748","40.64359","0.50337","0.03873","-0.00002","-0.00004"
"519","HDR","1","1","5","3","-1","-8","0","0","0","raw_fallback","1","raw_gate_impossible","0","0","0","0.04005","0.04005","-0.00916","-0.00916","0.00000","0.00000","-0.03090","-0.03090","1.00000","1.00000","1.00000","1.00000","","","","-0.00001"
"520","HNY","1","1","5","3","-1","-8","1","0","0","raw_fallback","2","one_or_fewer_classes","0","0","0","0.03087","0.03087","-0.00360","-0.00360","0.00003","0.00003","-0.02731","-0.02731","1.00000","1.00000","1.00000","1.00000","","","","-0.00001"
"521","IHB","3","3","5","3","-1","-8","0","0","0","raw_fallback","1","raw_gate_impossible","0","0","0","0.19434","0.19434","-0.01472","-0.01472","0.00000","0.00000","-0.17966","-0.17966","1.00000","1.00000","1.00000","1.00000","","","","-0.00004"
"522","KLR","4","4","3","3","-2","-8","1","0","0","raw_fallback","4","no_valid_candidate","11","0","0","0.18560","0.18560","-0.08180","-0.08180","0.00441","0.00441","-0.10821","-0.10821","1.00000","1.00000","1.00000","1.00000","","","","0.00000"
"523","KTW","3","3","3","3","-1","-8","1","0","0","raw_fallback","5","no_gate_candidate","7","1","0","0.08246","0.08246","-0.01088","-0.01088","0.00809","0.00809","-0.07967","-0.07967","1.00000","1.00000","1.00000","1.00000","","","","0.00000"
"524","KEL","6","6","3","3","-2","-8","1","0","0","raw_fallback","4","no_valid_candidate","11","0","0","0.20467","0.20467","-0.02642","-0.02642","0.02102","0.02102","-0.19929","-0.19929","1.00000","1.00000","1.00000","1.00000","","","","-0.00002"
"525","KKL","4","4","3","3","-1","-8","1","0","0","raw_fallback","5","no_gate_candidate","7","3","0","-0.01400","-0.01400","0.01839","0.01839","0.12952","0.12952","-0.13393","-0.13393","1.00000","1.00000","1.00000","1.00000","","","","-0.00002"
"526","KRI","2","2","5","3","-1","-8","0","0","0","raw_fallback","1","raw_gate_impossible","0","0","0","0.14086","0.14086","-0.04396","-0.04396","0.00000","0.00000","-0.09690","-0.09690","1.00000","1.00000","1.00000","1.00000","","","","0.00000"
"527","MKW","1","1","5","3","-1","-8","0","0","0","raw_fallback","1","raw_gate_impossible","0","0","0","0.02661","0.02661","-0.00272","-0.00272","0.00000","0.00000","-0.02389","-0.02389","1.00000","1.00000","1.00000","1.00000","","","","0.00000"
"528","RKL","3","3","3","3","-1","-8","1","0","0","raw_fallback","4","no_valid_candidate","7","0","0","0.38640","0.38640","-0.19389","-0.19389","0.04237","0.04237","-0.23490","-0.23490","1.00000","1.00000","1.00000","1.00000","","","","-0.00002"
"529","SLI","2","2","5","3","-1","-8","0","0","0","raw_fallback","1","raw_gate_impossible","0","0","0","0.07374","0.07374","-0.03880","-0.03880","0.00000","0.00000","-0.03494","-0.03494","1.00000","1.00000","1.00000","1.00000","","","","0.00000"
"530","SYY","5","5","3","3","-2","-8","1","0","0","raw_fallback","5","no_gate_candidate","11","1","0","0.31893","0.31893","-0.12085","-0.12085","0.02076","0.02076","-0.21884","-0.21884","1.00000","1.00000","1.00000","1.00000","","","","0.00000"
"531","ZBR","2","2","5","3","-1","-8","0","0","0","raw_fallback","1","raw_gate_impossible","0","0","0","0.13726","0.13726","-0.05991","-0.05991","0.00000","0.00000","-0.07736","-0.07736","1.00000","1.00000","1.00000","1.00000","","","","-0.00001"
"534","ZAN","21","9","3","3","-2","1","1","1","2","improvement_l2","0","none","11","3","1","-0.11199","0.01301","-0.40755","-0.35602","2.09699","1.79139","-1.57746","-1.44839","0.00000","0.00000","0.77234","3.71694","0.30940","0.14628","-0.00005","-0.00001"
"535","PTE","1","1","5","3","-1","-8","0","0","0","raw_fallback","1","raw_gate_impossible","0","0","0","-0.00401","-0.00401","0.00559","0.00559","0.00000","0.00000","-0.00160","-0.00160","1.00000","1.00000","1.00000","1.00000","","","","-0.00002"
"536","MLI","1","1","5","3","-1","-8","0","0","0","raw_fallback","1","raw_gate_impossible","0","0","0","-0.05234","-0.05234","0.00021","0.00021","0.00000","0.00000","0.05213","0.05213","1.00000","1.00000","1.00000","1.00000","","","","0.00000"
"537","INH","3","3","5","3","-1","-8","0","0","0","raw_fallback","1","raw_gate_impossible","0","0","0","0.04694","0.04694","-0.04815","-0.04815","0.00000","0.00000","0.00122","0.00122","1.00000","1.00000","1.00000","1.00000","","","","0.00001"
"538","SFA","1","1","5","3","-1","-8","1","0","0","raw_fallback","2","one_or_fewer_classes","0","0","0","0.09900","0.09900","-0.18942","-0.18942","0.12263","0.12263","-0.03222","-0.03222","1.00000","1.00000","1.00000","1.00000","","","","-0.00001"
"539","MBA","1","1","5","3","-1","-8","0","0","0","raw_fallback","1","raw_gate_impossible","0","0","0","0.09819","0.09819","-0.05638","-0.05638","0.00000","0.00000","-0.04182","-0.04182","1.00000","1.00000","1.00000","1.00000","","","","-0.00001"
"540","GED","1","1","5","3","-1","-8","0","0","0","raw_fallback","1","raw_gate_impossible","0","0","0","-0.00167","-0.00167","-0.00287","-0.00287","0.00000","0.00000","0.00452","0.00452","1.00000","1.00000","1.00000","1.00000","","","","-0.00002"
"541","UGW","1","1","5","3","-1","-8","0","0","0","raw_fallback","1","raw_gate_impossible","0","0","0","0.01192","0.01192","-0.01051","-0.01051","0.00000","0.00000","-0.00142","-0.00142","1.00000","1.00000","1.00000","1.00000","","","","-0.00001"
"542","LAM","1","1","5","3","-1","-8","0","0","0","raw_fallback","1","raw_gate_impossible","0","0","0","0.01137","0.01137","-0.00062","-0.00062","0.00000","0.00000","-0.01075","-0.01075","1.00000","1.00000","1.00000","1.00000","","","","0.00000"
"543","VOH","1","0","5","3","-1","-8","0","0","0","raw_fallback","1","raw_gate_impossible","0","0","0","0.00000","0.00000","0.00000","0.00000","0.00000","0.00000","0.00000","0.00000","1.00000","1.00000","1.00000","1.00000","","","","0.00000"
"544","NYM","1","0","5","3","-1","-8","0","0","0","raw_fallback","1","raw_gate_impossible","0","0","0","0.00000","0.00000","0.00000","0.00000","0.00000","0.00000","0.00000","0.00000","1.00000","1.00000","1.00000","1.00000","","","","0.00000"
"551","PEM","1","1","5","3","-1","-8","0","0","0","raw_fallback","1","raw_gate_impossible","0","0","0","-0.00259","-0.00259","0.00053","0.00053","0.00000","0.00000","0.00205","0.00205","1.00000","1.00000","1.00000","1.00000","","","","-0.00001"
"552","ZZB","1","1","5","3","-1","-8","0","0","0","raw_fallback","1","raw_gate_impossible","0","0","0","-0.00166","-0.00166","-0.00498","-0.00498","0.00000","0.00000","0.00663","0.00663","1.00000","1.00000","1.00000","1.00000","","","","-0.00001"
"553","BMB","1","1","5","3","-1","-8","0","0","0","raw_fallback","1","raw_gate_impossible","0","0","0","0.00922","0.00922","-0.00629","-0.00629","0.00000","0.00000","-0.00294","-0.00294","1.00000","1.00000","1.00000","1.00000","","","","-0.00001"
"554","MOZ","1","1","5","3","-1","-8","0","0","0","raw_fallback","1","raw_gate_impossible","0","0","0","0.00408","0.00408","-0.00477","-0.00477","0.00000","0.00000","0.00069","0.00069","1.00000","1.00000","1.00000","1.00000","","","","0.00000"
"555","AGH","1","1","5","3","-1","-8","0","0","0","raw_fallback","1","raw_gate_impossible","0","0","0","-0.00037","-0.00037","-0.00619","-0.00619","0.00000","0.00000","0.00656","0.00656","1.00000","1.00000","1.00000","1.00000","","","","0.00000"
"556","QLM","1","1","5","3","-1","-8","0","0","0","raw_fallback","1","raw_gate_impossible","0","0","0","0.00265","0.00265","-0.01286","-0.01286","0.00000","0.00000","0.01021","0.01021","1.00000","1.00000","1.00000","1.00000","","","","0.00000"
"557","ZMW","22","21","3","3","-1","-8","1","0","0","raw_fallback","5","no_gate_candidate","7","5","0","0.31120","0.31120","-0.87903","-0.87903","-0.01131","-0.01131","0.57907","0.57907","1.00000","1.00000","1.00000","1.00000","","","","-0.00007"
"570","NTL","1","0","5","3","-1","-8","0","0","0","raw_fallback","1","raw_gate_impossible","0","0","0","0.00000","0.00000","0.00000","0.00000","0.00000","0.00000","0.00000","0.00000","1.00000","1.00000","1.00000","1.00000","","","","0.00000"
"571","MTO","1","0","5","3","-1","-8","0","0","0","raw_fallback","1","raw_gate_impossible","0","0","0","0.00000","0.00000","0.00000","0.00000","0.00000","0.00000","0.00000","0.00000","1.00000","1.00000","1.00000","1.00000","","","","0.00000"
"572","AHY","1","0","5","3","-1","-8","0","0","0","raw_fallback","1","raw_gate_impossible","0","0","0","0.00000","0.00000","0.00000","0.00000","0.00000","0.00000","0.00000","0.00000","1.00000","1.00000","1.00000","1.00000","","","","0.00000"
"573","MHL","1","0","5","3","-1","-8","0","0","0","raw_fallback","1","raw_gate_impossible","0","0","0","0.00000","0.00000","0.00000","0.00000","0.00000","0.00000","0.00000","0.00000","1.00000","1.00000","1.00000","1.00000","","","","0.00000"
"574","IRD","1","0","5","3","-1","-8","0","0","0","raw_fallback","1","raw_gate_impossible","0","0","0","0.00000","0.00000","0.00000","0.00000","0.00000","0.00000","0.00000","0.00000","1.00000","1.00000","1.00000","1.00000","","","","0.00000"
"575","BMK","1","0","5","3","-1","-8","0","0","0","raw_fallback","1","raw_gate_impossible","0","0","0","0.00000","0.00000","0.00000","0.00000","0.00000","0.00000","0.00000","0.00000","1.00000","1.00000","1.00000","1.00000","","","","0.00000"
"576","ZFI","1","0","5","3","-1","-8","0","0","0","raw_fallback","1","raw_gate_impossible","0","0","0","0.00000","0.00000","0.00000","0.00000","0.00000","0.00000","0.00000","0.00000","1.00000","1.00000","1.00000","1.00000","","","","0.00000"
"577","ABV","1","0","5","3","-1","-8","0","0","0","raw_fallback","1","raw_gate_impossible","0","0","0","0.00000","0.00000","0.00000","0.00000","0.00000","0.00000","0.00000","0.00000","1.00000","1.00000","1.00000","1.00000","","","","0.00000"
"578","MBD","1","0","5","3","-1","-8","0","0","0","raw_fallback","1","raw_gate_impossible","0","0","0","0.00000","0.00000","0.00000","0.00000","0.00000","0.00000","0.00000","0.00000","1.00000","1.00000","1.00000","1.00000","","","","0.00000"
"595","KIT","4","1","5","3","-1","-8","1","0","0","raw_fallback","2","one_or_fewer_classes","0","0","0","0.00041","0.00041","-0.00054","-0.00054","0.00003","0.00003","0.00010","0.00010","1.00000","1.00000","1.00000","1.00000","","","","0.00000"
"596","WNA","1","0","5","3","-1","-8","0","0","0","raw_fallback","1","raw_gate_impossible","0","0","0","0.00000","0.00000","0.00000","0.00000","0.00000","0.00000","0.00000","0.00000","1.00000","1.00000","1.00000","1.00000","","","","0.00000"
"598","BUG","3","1","5","3","-1","-8","0","0","0","raw_fallback","1","raw_gate_impossible","0","0","0","0.00060","0.00060","-0.00050","-0.00050","0.00000","0.00000","-0.00012","-0.00012","1.00000","1.00000","1.00000","1.00000","","","","-0.00002"
"606","KOR","133","126","3","3","-2","1","1","1","2","improvement_l2","0","none","11","6","1","11.49803","11.42910","-1.90062","-0.01311","9.22249","4.84413","-18.82117","-16.25909","0.00000","3.41727","0.60905","4.52908","0.40241","2.22403","-0.00019","-0.00127"
"607","SSG","6","6","3","3","-2","1","1","1","2","improvement_l2","0","none","11","6","2","-0.09288","-0.07756","0.12297","0.10936","0.01229","-0.00096","-0.04241","-0.03076","2.47246","0.00000","0.31151","8.05719","0.36796","0.01298","-0.00002","-0.00003"
"608","SYG","27","23","3","3","-2","1","1","1","2","improvement_l2","0","none","11","3","2","1.13455","0.83836","-1.54932","-1.29716","1.22548","0.60106","-0.81083","-0.14205","0.00000","0.00000","0.43075","5.80751","0.43952","0.46037","-0.00007","-0.00012"
"609","TMN","2","2","5","3","-1","-8","0","0","0","raw_fallback","1","raw_gate_impossible","0","0","0","-0.03057","-0.03057","-0.00141","-0.00141","0.00000","0.00000","0.03195","0.03195","1.00000","1.00000","1.00000","1.00000","","","","-0.00003"
"610","JAP","339","339","3","3","1","1","1","1","2","improvement_l2","0","none","11","7","1","-8.89636","0.13447","-0.52386","0.00991","9.34955","-0.14614","0.06702","-0.00041","1.33626","1.30707","0.58797","0.86776","0.98627","4.63615","-0.00057","-0.00365"
"758","HKZ","1","1","5","3","-1","-8","0","0","0","raw_fallback","1","raw_gate_impossible","0","0","0","0.00338","0.00338","-0.00054","-0.00054","0.00000","0.00000","-0.00284","-0.00284","1.00000","1.00000","1.00000","1.00000","","","","0.00000"
"759","CHZ","1","1","5","3","-1","-8","0","0","0","raw_fallback","1","raw_gate_impossible","0","0","0","0.01082","0.01082","-0.00240","-0.00240","0.00000","0.00000","-0.00843","-0.00843","1.00000","1.00000","1.00000","1.00000","","","","-0.00001"
"760","NZN","1","1","5","3","-1","-8","1","0","0","raw_fallback","2","one_or_fewer_classes","0","0","0","0.00277","0.00277","-0.00095","-0.00095","0.00054","0.00054","-0.00237","-0.00237","1.00000","1.00000","1.00000","1.00000","","","","-0.00001"
"761","CHI","1661","814","3","3","-2","1","1","1","2","improvement_l2","0","none","11","3","2","-4.07292","0.27178","-41.63810","-33.29269","69.07564","34.23637","-23.38354","-1.22695","0.00000","0.00000","0.92918","2.16258","0.64607","17.28315","-0.00487","-0.01892"
"779","MMA","13","8","3","3","-2","-8","1","0","0","raw_fallback","5","no_gate_candidate","11","3","0","0.10635","0.10635","0.50511","0.50511","0.04536","0.04536","-0.65679","-0.65679","1.00000","1.00000","1.00000","1.00000","","","","0.00003"
"780","MHK","3","3","5","3","-1","-8","0","0","0","raw_fallback","1","raw_gate_impossible","0","0","0","-0.04041","-0.04041","0.18409","0.18409","0.00000","0.00000","-0.14367","-0.14367","1.00000","1.00000","1.00000","1.00000","","","","0.00001"
"781","MHN","3","3","5","3","-1","-8","0","0","0","raw_fallback","1","raw_gate_impossible","0","0","0","-0.06961","-0.06961","0.43764","0.43764","0.00000","0.00000","-0.36799","-0.36799","1.00000","1.00000","1.00000","1.00000","","","","0.00004"
"782","MTG","1","1","5","3","-1","-8","0","0","0","raw_fallback","1","raw_gate_impossible","0","0","0","-0.00449","-0.00449","0.02340","0.02340","0.00000","0.00000","-0.01891","-0.01891","1.00000","1.00000","1.00000","1.00000","","","","0.00000"
"783","MGN","3","2","5","3","-1","-8","0","0","0","raw_fallback","1","raw_gate_impossible","0","0","0","-0.03366","-0.03366","0.21551","0.21551","0.00000","0.00000","-0.18184","-0.18184","1.00000","1.00000","1.00000","1.00000","","","","0.00001"
"784","MHA","3","3","3","3","-1","-8","1","0","0","raw_fallback","5","no_gate_candidate","7","1","0","-0.05905","-0.05905","0.17425","0.17425","0.03798","0.03798","-0.15317","-0.15317","1.00000","1.00000","1.00000","1.00000","","","","0.00001"
"785","MWO","2","0","5","3","-1","-8","0","0","0","raw_fallback","1","raw_gate_impossible","0","0","0","0.00000","0.00000","0.00000","0.00000","0.00000","0.00000","0.00000","0.00000","1.00000","1.00000","1.00000","1.00000","","","","0.00000"
"786","MGK","4","3","5","3","-1","-8","0","0","0","raw_fallback","1","raw_gate_impossible","0","0","0","-0.06688","-0.06688","0.30316","0.30316","0.00000","0.00000","-0.23626","-0.23626","1.00000","1.00000","1.00000","1.00000","","","","0.00002"
"787","YNJ","5","4","5","3","-1","-8","0","0","0","raw_fallback","1","raw_gate_impossible","0","0","0","-0.11241","-0.11241","0.77174","0.77174","0.00000","0.00000","-0.65932","-0.65932","1.00000","1.00000","1.00000","1.00000","","","","0.00001"
"788","NWU","3","3","5","3","-1","-8","0","0","0","raw_fallback","1","raw_gate_impossible","0","0","0","-0.09272","-0.09272","0.50232","0.50232","0.00000","0.00000","-0.40958","-0.40958","1.00000","1.00000","1.00000","1.00000","","","","0.00002"
"789","NYZ","2","2","5","3","-1","-8","0","0","0","raw_fallback","1","raw_gate_impossible","0","0","0","0.05049","0.05049","-0.00624","-0.00624","0.00000","0.00000","-0.04425","-0.04425","1.00000","1.00000","1.00000","1.00000","","","","0.00000"
"790","NLU","2","2","5","3","-1","-8","0","0","0","raw_fallback","1","raw_gate_impossible","0","0","0","-0.03345","-0.03345","0.16513","0.16513","0.00000","0.00000","-0.13168","-0.13168","1.00000","1.00000","1.00000","1.00000","","","","0.00000"
"791","YJI","4","4","5","3","-1","-8","0","0","0","raw_fallback","1","raw_gate_impossible","0","0","0","-0.13912","-0.13912","0.57205","0.57205","0.00000","0.00000","-0.43292","-0.43292","1.00000","1.00000","1.00000","1.00000","","","","0.00001"
"792","BZH","3","3","5","3","-1","-8","0","0","0","raw_fallback","1","raw_gate_impossible","0","0","0","-0.08924","-0.08924","0.25892","0.25892","0.00000","0.00000","-0.16966","-0.16966","1.00000","1.00000","1.00000","1.00000","","","","0.00002"
"793","YAN","3","0","5","3","-1","-8","0","0","0","raw_fallback","1","raw_gate_impossible","0","0","0","0.00000","0.00000","0.00000","0.00000","0.00000","0.00000","0.00000","0.00000","1.00000","1.00000","1.00000","1.00000","","","","0.00000"
"794","HQG","2","2","3","3","-1","-8","1","0","0","raw_fallback","5","no_gate_candidate","3","1","0","0.09193","0.09193","-0.02007","-0.02007","-0.00816","-0.00816","-0.06371","-0.06371","1.00000","1.00000","1.00000","1.00000","","","","-0.00001"
"795","NNN","1","1","5","3","-1","-8","0","0","0","raw_fallback","1","raw_gate_impossible","0","0","0","-0.02080","-0.02080","0.19259","0.19259","0.00000","0.00000","-0.17179","-0.17179","1.00000","1.00000","1.00000","1.00000","","","","0.00000"
"796","AGN","1","1","5","3","-1","-8","0","0","0","raw_fallback","1","raw_gate_impossible","0","0","0","-0.08115","-0.08115","0.49865","0.49865","0.00000","0.00000","-0.41751","-0.41751","1.00000","1.00000","1.00000","1.00000","","","","-0.00001"
"797","MLE","1","1","5","3","-1","-8","0","0","0","raw_fallback","1","raw_gate_impossible","0","0","0","-0.01415","-0.01415","0.12003","0.12003","0.00000","0.00000","-0.10588","-0.10588","1.00000","1.00000","1.00000","1.00000","","","","0.00000"
"798","JSI","1","1","5","3","-1","-8","0","0","0","raw_fallback","1","raw_gate_impossible","0","0","0","-0.01946","-0.01946","0.21807","0.21807","0.00000","0.00000","-0.19861","-0.19861","1.00000","1.00000","1.00000","1.00000","","","","0.00000"
"799","SPG","1","1","5","3","-1","-8","0","0","0","raw_fallback","1","raw_gate_impossible","0","0","0","-0.00613","-0.00613","0.05237","0.05237","0.00000","0.00000","-0.04624","-0.04624","1.00000","1.00000","1.00000","1.00000","","","","0.00000"
"800","NGZ","4","4","5","3","-1","-8","0","0","0","raw_fallback","1","raw_gate_impossible","0","0","0","-0.13392","-0.13392","0.28125","0.28125","0.00000","0.00000","-0.14732","-0.14732","1.00000","1.00000","1.00000","1.00000","","","","0.00001"
"801","LLS","7","7","5","3","-1","-8","0","0","0","raw_fallback","1","raw_gate_impossible","0","0","0","-0.04001","-0.04001","0.50605","0.50605","0.00000","0.00000","-0.46600","-0.46600","1.00000","1.00000","1.00000","1.00000","","","","0.00004"
"802","CGZ","1","1","5","3","-1","-8","0","0","0","raw_fallback","1","raw_gate_impossible","0","0","0","-0.05245","-0.05245","0.46260","0.46260","0.00000","0.00000","-0.41015","-0.41015","1.00000","1.00000","1.00000","1.00000","","","","0.00000"
"803","XLG","1","1","5","3","-1","-8","0","0","0","raw_fallback","1","raw_gate_impossible","0","0","0","-0.00976","-0.00976","0.06821","0.06821","0.00000","0.00000","-0.05844","-0.05844","1.00000","1.00000","1.00000","1.00000","","","","0.00001"
"804","WDG","3","3","5","3","-1","-8","0","0","0","raw_fallback","1","raw_gate_impossible","0","0","0","-0.13908","-0.13908","1.05900","1.05900","0.00000","0.00000","-0.91991","-0.91991","1.00000","1.00000","1.00000","1.00000","","","","0.00001"
"805","RND","1","1","5","3","-1","-8","0","0","0","raw_fallback","1","raw_gate_impossible","0","0","0","-0.01449","-0.01449","0.09984","0.09984","0.00000","0.00000","-0.08534","-0.08534","1.00000","1.00000","1.00000","1.00000","","","","0.00001"
"806","DCN","4","4","5","3","-1","-8","0","0","0","raw_fallback","1","raw_gate_impossible","0","0","0","-0.16477","-0.16477","1.03227","1.03227","0.00000","0.00000","-0.86751","-0.86751","1.00000","1.00000","1.00000","1.00000","","","","-0.00001"
"807","WNG","4","4","5","3","-1","-8","0","0","0","raw_fallback","1","raw_gate_impossible","0","0","0","0.09636","0.09636","0.26277","0.26277","0.00000","0.00000","-0.35913","-0.35913","1.00000","1.00000","1.00000","1.00000","","","","0.00000"
"808","MHU","3","1","5","3","-1","-8","0","0","0","raw_fallback","1","raw_gate_impossible","0","0","0","0.00000","0.00000","0.18461","0.18461","0.00000","0.00000","-0.18460","-0.18460","1.00000","1.00000","1.00000","1.00000","","","","0.00001"
"809","LBO","1","1","5","3","-1","-8","0","0","0","raw_fallback","1","raw_gate_impossible","0","0","0","-0.02415","-0.02415","0.15370","0.15370","0.00000","0.00000","-0.12954","-0.12954","1.00000","1.00000","1.00000","1.00000","","","","0.00001"
"810","YNL","1","1","5","3","-1","-8","0","0","0","raw_fallback","1","raw_gate_impossible","0","0","0","0.12733","0.12733","-0.04044","-0.04044","0.00000","0.00000","-0.08690","-0.08690","1.00000","1.00000","1.00000","1.00000","","","","-0.00001"
"811","ZNX","3","1","5","3","-1","-8","0","0","0","raw_fallback","1","raw_gate_impossible","0","0","0","-0.01370","-0.01370","0.05180","0.05180","0.00000","0.00000","-0.03809","-0.03809","1.00000","1.00000","1.00000","1.00000","","","","0.00001"
"812","WSA","3","3","5","3","-1","-8","0","0","0","raw_fallback","1","raw_gate_impossible","0","0","0","-0.17899","-0.17899","0.47371","0.47371","0.00000","0.00000","-0.29472","-0.29472","1.00000","1.00000","1.00000","1.00000","","","","0.00000"
"813","ZYI","2","2","5","3","-1","-8","0","0","0","raw_fallback","1","raw_gate_impossible","0","0","0","-0.05310","-0.05310","0.23132","0.23132","0.00000","0.00000","-0.17821","-0.17821","1.00000","1.00000","1.00000","1.00000","","","","0.00001"
"814","QJG","1","1","5","3","-1","-8","0","0","0","raw_fallback","1","raw_gate_impossible","0","0","0","-0.12098","-0.12098","1.37993","1.37993","0.00000","0.00000","-1.25894","-1.25894","1.00000","1.00000","1.00000","1.00000","","","","0.00001"
"815","YZO","1","1","5","3","-1","-8","0","0","0","raw_fallback","1","raw_gate_impossible","0","0","0","-0.00617","-0.00617","0.05440","0.05440","0.00000","0.00000","-0.04821","-0.04821","1.00000","1.00000","1.00000","1.00000","","","","0.00002"
"816","MLG","1","1","5","3","-1","-8","0","0","0","raw_fallback","1","raw_gate_impossible","0","0","0","-0.02835","-0.02835","0.17053","0.17053","0.00000","0.00000","-0.14217","-0.14217","1.00000","1.00000","1.00000","1.00000","","","","0.00001"
"817","LLN","1","1","5","3","-1","-8","0","0","0","raw_fallback","1","raw_gate_impossible","0","0","0","-0.04395","-0.04395","0.31174","0.31174","0.00000","0.00000","-0.26778","-0.26778","1.00000","1.00000","1.00000","1.00000","","","","0.00001"
"818","LXG","1","1","5","3","-1","-8","0","0","0","raw_fallback","1","raw_gate_impossible","0","0","0","-0.03954","-0.03954","0.29890","0.29890","0.00000","0.00000","-0.25937","-0.25937","1.00000","1.00000","1.00000","1.00000","","","","-0.00001"
"819","GGX","5","5","5","3","-1","-8","0","0","0","raw_fallback","1","raw_gate_impossible","0","0","0","-0.24076","-0.24076","0.75544","0.75544","0.00000","0.00000","-0.51464","-0.51464","1.00000","1.00000","1.00000","1.00000","","","","0.00004"
"820","SZG","1","1","5","3","-1","-8","0","0","0","raw_fallback","1","raw_gate_impossible","0","0","0","-0.00494","-0.00494","0.03345","0.03345","0.00000","0.00000","-0.02851","-0.02851","1.00000","1.00000","1.00000","1.00000","","","","0.00000"
"821","SXI","9","4","5","3","-1","-8","0","0","0","raw_fallback","1","raw_gate_impossible","0","0","0","-0.15647","-0.15647","0.67265","0.67265","0.00000","0.00000","-0.51617","-0.51617","1.00000","1.00000","1.00000","1.00000","","","","0.00001"
"822","CLE","2","2","5","3","-1","-8","0","0","0","raw_fallback","1","raw_gate_impossible","0","0","0","0.10897","0.10897","-0.09292","-0.09292","0.00000","0.00000","-0.01604","-0.01604","1.00000","1.00000","1.00000","1.00000","","","","0.00001"
"823","BZU","7","5","3","3","-2","-8","1","0","0","raw_fallback","5","no_gate_candidate","11","2","0","0.01780","0.01780","0.07623","0.07623","0.09790","0.09790","-0.19195","-0.19195","1.00000","1.00000","1.00000","1.00000","","","","-0.00002"
"824","NPG","1","1","5","3","-1","-8","0","0","0","raw_fallback","1","raw_gate_impossible","0","0","0","0.06732","0.06732","-0.02114","-0.02114","0.00000","0.00000","-0.04618","-0.04618","1.00000","1.00000","1.00000","1.00000","","","","0.00000"
"825","RNG","1","1","5","3","-1","-8","1","0","0","raw_fallback","2","one_or_fewer_classes","0","0","0","0.24131","0.24131","0.03750","0.03750","-0.25398","-0.25398","-0.02486","-0.02486","1.00000","1.00000","1.00000","1.00000","","","","-0.00003"
"826","GNG","1","1","5","3","-1","-8","1","0","0","raw_fallback","2","one_or_fewer_classes","0","0","0","0.19306","0.19306","-0.07557","-0.07557","0.02289","0.02289","-0.14037","-0.14037","1.00000","1.00000","1.00000","1.00000","","","","0.00001"
"827","ZNZ","2","2","5","3","-1","-8","0","0","0","raw_fallback","1","raw_gate_impossible","0","0","0","0.22062","0.22062","-0.18992","-0.18992","0.00000","0.00000","-0.03070","-0.03070","1.00000","1.00000","1.00000","1.00000","","","","0.00000"
"828","SZU","1","1","5","3","-1","-8","0","0","0","raw_fallback","1","raw_gate_impossible","0","0","0","0.00364","0.00364","-0.00038","-0.00038","0.00000","0.00000","-0.00327","-0.00327","1.00000","1.00000","1.00000","1.00000","","","","-0.00001"
"829","ZGL","2","2","5","3","-1","-8","0","0","0","raw_fallback","1","raw_gate_impossible","0","0","0","0.02573","0.02573","-0.00907","-0.00907","0.00000","0.00000","-0.01664","-0.01664","1.00000","1.00000","1.00000","1.00000","","","","0.00002"
"830","TGY","1","1","5","3","-1","-8","0","0","0","raw_fallback","1","raw_gate_impossible","0","0","0","0.00003","0.00003","0.00000","0.00000","0.00000","0.00000","-0.00003","-0.00003","1.00000","1.00000","1.00000","1.00000","","","","0.00000"
"831","GLU","1","1","5","3","-1","-8","0","0","0","raw_fallback","1","raw_gate_impossible","0","0","0","0.00428","0.00428","-0.00103","-0.00103","0.00000","0.00000","-0.00326","-0.00326","1.00000","1.00000","1.00000","1.00000","","","","-0.00001"
"832","RGM","2","2","5","3","-1","-8","0","0","0","raw_fallback","1","raw_gate_impossible","0","0","0","0.08173","0.08173","-0.05267","-0.05267","0.00000","0.00000","-0.02905","-0.02905","1.00000","1.00000","1.00000","1.00000","","","","0.00001"
"833","TNP","1","1","5","3","-1","-8","0","0","0","raw_fallback","1","raw_gate_impossible","0","0","0","0.01452","0.01452","-0.00167","-0.00167","0.00000","0.00000","-0.01287","-0.01287","1.00000","1.00000","1.00000","1.00000","","","","-0.00002"
"834","SGZ","1","1","5","3","-1","-8","1","0","0","raw_fallback","2","one_or_fewer_classes","0","0","0","-0.02287","-0.02287","-0.03246","-0.03246","0.06145","0.06145","-0.00617","-0.00617","1.00000","1.00000","1.00000","1.00000","","","","-0.00005"
"835","DWG","1","1","5","3","-1","-8","0","0","0","raw_fallback","1","raw_gate_impossible","0","0","0","0.00476","0.00476","-0.00256","-0.00256","0.00000","0.00000","-0.00221","-0.00221","1.00000","1.00000","1.00000","1.00000","","","","-0.00001"
"836","YGS","3","3","5","3","-1","-8","0","0","0","raw_fallback","1","raw_gate_impossible","0","0","0","0.01925","0.01925","-0.01211","-0.01211","0.00000","0.00000","-0.00717","-0.00717","1.00000","1.00000","1.00000","1.00000","","","","-0.00003"
"837","BJG","1","1","5","3","-1","-8","0","0","0","raw_fallback","1","raw_gate_impossible","0","0","0","0.00272","0.00272","-0.00053","-0.00053","0.00000","0.00000","-0.00218","-0.00218","1.00000","1.00000","1.00000","1.00000","","","","0.00001"
"838","YYG","1","1","5","3","-1","-8","0","0","0","raw_fallback","1","raw_gate_impossible","0","0","0","0.00049","0.00049","-0.00009","-0.00009","0.00000","0.00000","-0.00040","-0.00040","1.00000","1.00000","1.00000","1.00000","","","","0.00000"
"839","PCD","1","1","5","3","-1","-8","0","0","0","raw_fallback","1","raw_gate_impossible","0","0","0","0.00045","0.00045","-0.00022","-0.00022","0.00000","0.00000","-0.00024","-0.00024","1.00000","1.00000","1.00000","1.00000","","","","-0.00001"
"840","SZH","8","7","5","3","-1","-8","0","0","0","raw_fallback","1","raw_gate_impossible","0","0","0","0.05684","0.05684","0.09899","0.09899","0.00000","0.00000","-0.15579","-0.15579","1.00000","1.00000","1.00000","1.00000","","","","0.00004"
"841","YNH","1","1","5","3","-1","-8","0","0","0","raw_fallback","1","raw_gate_impossible","0","0","0","0.06271","0.06271","-0.03561","-0.03561","0.00000","0.00000","-0.02712","-0.02712","1.00000","1.00000","1.00000","1.00000","","","","-0.00002"
"842","TXI","1","1","5","3","-1","-8","0","0","0","raw_fallback","1","raw_gate_impossible","0","0","0","0.00522","0.00522","-0.00457","-0.00457","0.00000","0.00000","-0.00065","-0.00065","1.00000","1.00000","1.00000","1.00000","","","","0.00000"
"843","TGR","1","1","5","3","-1","-8","0","0","0","raw_fallback","1","raw_gate_impossible","0","0","0","-0.02992","-0.02992","0.11268","0.11268","0.00000","0.00000","-0.08276","-0.08276","1.00000","1.00000","1.00000","1.00000","","","","0.00000"
"844","QGS","1","1","5","3","-1","-8","0","0","0","raw_fallback","1","raw_gate_impossible","0","0","0","-0.00390","-0.00390","0.02328","0.02328","0.00000","0.00000","-0.01937","-0.01937","1.00000","1.00000","1.00000","1.00000","","","","0.00001"
"845","WZH","1","1","5","3","-1","-8","0","0","0","raw_fallback","1","raw_gate_impossible","0","0","0","-0.01665","-0.01665","0.10879","0.10879","0.00000","0.00000","-0.09214","-0.09214","1.00000","1.00000","1.00000","1.00000","","","","0.00000"
"846","PTZ","1","1","5","3","-1","-8","0","0","0","raw_fallback","1","raw_gate_impossible","0","0","0","-0.00789","-0.00789","0.06591","0.06591","0.00000","0.00000","-0.05802","-0.05802","1.00000","1.00000","1.00000","1.00000","","","","0.00000"
"847","LGQ","1","1","5","3","-1","-8","0","0","0","raw_fallback","1","raw_gate_impossible","0","0","0","-0.10049","-0.10049","0.53950","0.53950","0.00000","0.00000","-0.43900","-0.43900","1.00000","1.00000","1.00000","1.00000","","","","0.00001"
"848","RGS","1","1","5","3","-1","-8","0","0","0","raw_fallback","1","raw_gate_impossible","0","0","0","-0.07047","-0.07047","0.47627","0.47627","0.00000","0.00000","-0.40579","-0.40579","1.00000","1.00000","1.00000","1.00000","","","","0.00001"
"849","BNI","1","1","5","3","-1","-8","0","0","0","raw_fallback","1","raw_gate_impossible","0","0","0","-0.00640","-0.00640","0.04248","0.04248","0.00000","0.00000","-0.03607","-0.03607","1.00000","1.00000","1.00000","1.00000","","","","0.00001"
"850","COG","1","1","5","3","-1","-8","0","0","0","raw_fallback","1","raw_gate_impossible","0","0","0","-0.01735","-0.01735","0.10483","0.10483","0.00000","0.00000","-0.08748","-0.08748","1.00000","1.00000","1.00000","1.00000","","","","0.00000"
"851","XNL","1","1","5","3","-1","-8","0","0","0","raw_fallback","1","raw_gate_impossible","0","0","0","-0.00706","-0.00706","0.04703","0.04703","0.00000","0.00000","-0.03996","-0.03996","1.00000","1.00000","1.00000","1.00000","","","","0.00001"
"852","ALI","1","1","5","3","-1","-8","0","0","0","raw_fallback","1","raw_gate_impossible","0","0","0","-0.00365","-0.00365","0.02324","0.02324","0.00000","0.00000","-0.01960","-0.01960","1.00000","1.00000","1.00000","1.00000","","","","-0.00001"
"853","SDG","6","3","5","3","-1","-8","0","0","0","raw_fallback","1","raw_gate_impossible","0","0","0","-0.11029","-0.11029","0.51236","0.51236","0.00000","0.00000","-0.40205","-0.40205","1.00000","1.00000","1.00000","1.00000","","","","0.00002"
"854","PYE","1","1","5","3","-1","-8","0","0","0","raw_fallback","1","raw_gate_impossible","0","0","0","-0.00734","-0.00734","0.04428","0.04428","0.00000","0.00000","-0.03694","-0.03694","1.00000","1.00000","1.00000","1.00000","","","","0.00000"
"855","DZH","1","1","5","3","-1","-8","0","0","0","raw_fallback","1","raw_gate_impossible","0","0","0","-0.00398","-0.00398","0.02528","0.02528","0.00000","0.00000","-0.02129","-0.02129","1.00000","1.00000","1.00000","1.00000","","","","0.00001"
"856","XNG","1","1","5","3","-1","-8","0","0","0","raw_fallback","1","raw_gate_impossible","0","0","0","-0.02003","-0.02003","0.17276","0.17276","0.00000","0.00000","-0.15273","-0.15273","1.00000","1.00000","1.00000","1.00000","","","","0.00000"
"857","PDG","1","1","5","3","-1","-8","0","0","0","raw_fallback","1","raw_gate_impossible","0","0","0","-0.00616","-0.00616","0.03714","0.03714","0.00000","0.00000","-0.03097","-0.03097","1.00000","1.00000","1.00000","1.00000","","","","0.00001"
"858","PDN","6","6","5","3","-1","-8","0","0","0","raw_fallback","1","raw_gate_impossible","0","0","0","-0.10362","-0.10362","0.41627","0.41627","0.00000","0.00000","-0.31264","-0.31264","1.00000","1.00000","1.00000","1.00000","","","","0.00001"
"859","PGB","1","1","5","3","-1","-8","0","0","0","raw_fallback","1","raw_gate_impossible","0","0","0","-0.05049","-0.05049","0.28527","0.28527","0.00000","0.00000","-0.23477","-0.23477","1.00000","1.00000","1.00000","1.00000","","","","0.00001"
"860","PAN","4","3","5","3","-1","-8","0","0","0","raw_fallback","1","raw_gate_impossible","0","0","0","-0.08963","-0.08963","0.39459","0.39459","0.00000","0.00000","-0.30493","-0.30493","1.00000","1.00000","1.00000","1.00000","","","","0.00003"
"861","YNN","3","3","5","3","-1","-8","0","0","0","raw_fallback","1","raw_gate_impossible","0","0","0","-0.13337","-0.13337","0.61843","0.61843","0.00000","0.00000","-0.48502","-0.48502","1.00000","1.00000","1.00000","1.00000","","","","0.00004"
"862","LIN","4","4","5","3","-1","-8","0","0","0","raw_fallback","1","raw_gate_impossible","0","0","0","-0.06594","-0.06594","0.32184","0.32184","0.00000","0.00000","-0.25589","-0.25589","1.00000","1.00000","1.00000","1.00000","","","","0.00001"
"863","NLG","5","5","3","3","-1","-8","1","0","0","raw_fallback","5","no_gate_candidate","7","1","0","0.17679","0.17679","0.08707","0.08707","0.01359","0.01359","-0.27741","-0.27741","1.00000","1.00000","1.00000","1.00000","","","","0.00004"
"864","SHG","2","2","5","3","-1","-8","0","0","0","raw_fallback","1","raw_gate_impossible","0","0","0","-0.02693","-0.02693","0.18245","0.18245","0.00000","0.00000","-0.15552","-0.15552","1.00000","1.00000","1.00000","1.00000","","","","0.00000"
"865","QYN","5","4","5","3","-1","-8","0","0","0","raw_fallback","1","raw_gate_impossible","0","0","0","-0.05985","-0.05985","0.24349","0.24349","0.00000","0.00000","-0.18362","-0.18362","1.00000","1.00000","1.00000","1.00000","","","","0.00002"
"866","NDN","3","3","5","3","-1","-8","0","0","0","raw_fallback","1","raw_gate_impossible","0","0","0","-0.03162","-0.03162","0.19655","0.19655","0.00000","0.00000","-0.16491","-0.16491","1.00000","1.00000","1.00000","1.00000","","","","0.00002"
"867","DLN","2","1","5","3","-1","-8","0","0","0","raw_fallback","1","raw_gate_impossible","0","0","0","-0.02920","-0.02920","0.08103","0.08103","0.00000","0.00000","-0.05182","-0.05182","1.00000","1.00000","1.00000","1.00000","","","","0.00001"
"868","XCG","1","0","5","3","-1","-8","0","0","0","raw_fallback","1","raw_gate_impossible","0","0","0","0.00000","0.00000","0.00000","0.00000","0.00000","0.00000","0.00000","0.00000","1.00000","1.00000","1.00000","1.00000","","","","0.00000"
"869","YSN","1","0","5","3","-1","-8","0","0","0","raw_fallback","1","raw_gate_impossible","0","0","0","0.00000","0.00000","0.00000","0.00000","0.00000","0.00000","0.00000","0.00000","1.00000","1.00000","1.00000","1.00000","","","","0.00000"
"870","TNZ","5","4","5","3","-1","-8","0","0","0","raw_fallback","1","raw_gate_impossible","0","0","0","-0.04902","-0.04902","0.21490","0.21490","0.00000","0.00000","-0.16585","-0.16585","1.00000","1.00000","1.00000","1.00000","","","","0.00003"
"871","ADG","1","0","5","3","-1","-8","0","0","0","raw_fallback","1","raw_gate_impossible","0","0","0","0.00000","0.00000","0.00000","0.00000","0.00000","0.00000","0.00000","0.00000","1.00000","1.00000","1.00000","1.00000","","","","0.00000"
"872","DYG","1","0","5","3","-1","-8","0","0","0","raw_fallback","1","raw_gate_impossible","0","0","0","0.00000","0.00000","0.00000","0.00000","0.00000","0.00000","0.00000","0.00000","1.00000","1.00000","1.00000","1.00000","","","","0.00000"
"873","ZNN","3","1","5","3","-1","-8","0","0","0","raw_fallback","1","raw_gate_impossible","0","0","0","-0.01162","-0.01162","0.09994","0.09994","0.00000","0.00000","-0.08832","-0.08832","1.00000","1.00000","1.00000","1.00000","","","","0.00000"
"874","TPG","5","1","5","3","-1","-8","0","0","0","raw_fallback","1","raw_gate_impossible","0","0","0","-0.02126","-0.02126","0.19061","0.19061","0.00000","0.00000","-0.16935","-0.16935","1.00000","1.00000","1.00000","1.00000","","","","0.00000"
"875","SMG","3","2","5","3","-1","-8","0","0","0","raw_fallback","1","raw_gate_impossible","0","0","0","-0.06464","-0.06464","0.19899","0.19899","0.00000","0.00000","-0.13433","-0.13433","1.00000","1.00000","1.00000","1.00000","","","","0.00002"
"876","SGS","1","0","5","3","-1","-8","0","0","0","raw_fallback","1","raw_gate_impossible","0","0","0","0.00000","0.00000","0.00000","0.00000","0.00000","0.00000","0.00000","0.00000","1.00000","1.00000","1.00000","1.00000","","","","0.00000"
"877","GNN","3","3","5","3","-1","-8","0","0","0","raw_fallback","1","raw_gate_impossible","0","0","0","-0.08994","-0.08994","0.37489","0.37489","0.00000","0.00000","-0.28492","-0.28492","1.00000","1.00000","1.00000","1.00000","","","","0.00003"
"878","LZO","1","1","5","3","-1","-8","0","0","0","raw_fallback","1","raw_gate_impossible","0","0","0","-0.00436","-0.00436","0.03378","0.03378","0.00000","0.00000","-0.02941","-0.02941","1.00000","1.00000","1.00000","1.00000","","","","0.00001"
"879","FZH","1","0","5","3","-1","-8","0","0","0","raw_fallback","1","raw_gate_impossible","0","0","0","0.00000","0.00000","0.00000","0.00000","0.00000","0.00000","0.00000","0.00000","1.00000","1.00000","1.00000","1.00000","","","","0.00000"
"880","LZI","3","3","5","3","-1","-8","0","0","0","raw_fallback","1","raw_gate_impossible","0","0","0","-0.04804","-0.04804","0.20643","0.20643","0.00000","0.00000","-0.15839","-0.15839","1.00000","1.00000","1.00000","1.00000","","","","0.00000"
"881","SZI","2","2","5","3","-1","-8","0","0","0","raw_fallback","1","raw_gate_impossible","0","0","0","-0.08866","-0.08866","0.31813","0.31813","0.00000","0.00000","-0.22944","-0.22944","1.00000","1.00000","1.00000","1.00000","","","","0.00003"
"882","DYN","2","1","5","3","-1","-8","0","0","0","raw_fallback","1","raw_gate_impossible","0","0","0","-0.00735","-0.00735","0.06305","0.06305","0.00000","0.00000","-0.05570","-0.05570","1.00000","1.00000","1.00000","1.00000","","","","0.00000"
"883","LTU","1","1","5","3","-1","-8","0","0","0","raw_fallback","1","raw_gate_impossible","0","0","0","-0.00724","-0.00724","0.06061","0.06061","0.00000","0.00000","-0.05338","-0.05338","1.00000","1.00000","1.00000","1.00000","","","","-0.00001"
"884","GZH","1","1","5","3","-1","-8","0","0","0","raw_fallback","1","raw_gate_impossible","0","0","0","-0.00587","-0.00587","0.05032","0.05032","0.00000","0.00000","-0.04444","-0.04444","1.00000","1.00000","1.00000","1.00000","","","","0.00001"
"885","LPG","1","1","5","3","-1","-8","0","0","0","raw_fallback","1","raw_gate_impossible","0","0","0","-0.01044","-0.01044","0.08187","0.08187","0.00000","0.00000","-0.07141","-0.07141","1.00000","1.00000","1.00000","1.00000","","","","0.00002"
"886","ZLD","1","1","5","3","-1","-8","0","0","0","raw_fallback","1","raw_gate_impossible","0","0","0","-0.00247","-0.00247","0.01578","0.01578","0.00000","0.00000","-0.01329","-0.01329","1.00000","1.00000","1.00000","1.00000","","","","0.00002"
"887","HZH","1","0","5","3","-1","-8","0","0","0","raw_fallback","1","raw_gate_impossible","0","0","0","0.00000","0.00000","0.00000","0.00000","0.00000","0.00000","0.00000","0.00000","1.00000","1.00000","1.00000","1.00000","","","","0.00000"
"888","XSY","1","0","5","3","-1","-8","0","0","0","raw_fallback","1","raw_gate_impossible","0","0","0","0.00000","0.00000","0.00000","0.00000","0.00000","0.00000","0.00000","0.00000","1.00000","1.00000","1.00000","1.00000","","","","0.00000"
"889","LNG","17","2","3","3","-1","-8","1","0","0","raw_fallback","4","no_valid_candidate","3","0","0","0.01529","0.01529","-0.03023","-0.03023","0.02983","0.02983","-0.01494","-0.01494","1.00000","1.00000","1.00000","1.00000","","","","-0.00005"
"890","CDL","12","10","3","3","-2","-8","1","0","0","raw_fallback","5","no_gate_candidate","11","2","0","0.47467","0.47467","-0.22149","-0.22149","-0.02726","-0.02726","-0.22599","-0.22599","1.00000","1.00000","1.00000","1.00000","","","","-0.00007"
"891","CHH","11","11","5","3","-1","-8","0","0","0","raw_fallback","1","raw_gate_impossible","0","0","0","-0.02288","-0.02288","0.64483","0.64483","0.00000","0.00000","-0.62193","-0.62193","1.00000","1.00000","1.00000","1.00000","","","","0.00002"
"892","TIB","59","51","3","3","-1","-8","1","0","0","raw_fallback","5","no_gate_candidate","7","7","0","-1.06695","-1.06695","-0.32479","-0.32479","0.69888","0.69888","0.69255","0.69255","1.00000","1.00000","1.00000","1.00000","","","","-0.00031"
"893","GUG","7","7","5","3","-1","-8","0","0","0","raw_fallback","1","raw_gate_impossible","0","0","0","0.00406","0.00406","-0.00874","-0.00874","0.00000","0.00000","0.00464","0.00464","1.00000","1.00000","1.00000","1.00000","","","","-0.00004"
"894","PUR","2","2","5","3","-1","-8","0","0","0","raw_fallback","1","raw_gate_impossible","0","0","0","-0.00240","-0.00240","-0.00394","-0.00394","0.00000","0.00000","0.00632","0.00632","1.00000","1.00000","1.00000","1.00000","","","","-0.00002"
"895","MAR","16","12","3","3","-1","-8","1","0","0","raw_fallback","5","no_gate_candidate","7","4","0","-0.05836","-0.05836","-0.17667","-0.17667","-0.00630","-0.00630","0.24129","0.24129","1.00000","1.00000","1.00000","1.00000","","","","-0.00004"
"896","ZNK","3","3","5","3","-1","-8","0","0","0","raw_fallback","1","raw_gate_impossible","0","0","0","-0.03775","-0.03775","-0.01017","-0.01017","0.00000","0.00000","0.04789","0.04789","1.00000","1.00000","1.00000","1.00000","","","","-0.00003"
"897","CHG","127","32","3","3","-2","1","1","1","2","improvement_l2","0","none","11","3","2","1.63364","1.00870","-1.08357","-0.96157","-0.09898","0.00017","-0.45116","-0.04677","0.00000","0.00000","1.41973","7.12435","0.59736","0.31251","-0.00006","-0.00007"
"899","QCH","29","28","3","3","-1","1","1","1","2","improvement_l2","0","none","7","6","2","-0.61206","0.16783","-0.36208","-0.34386","0.53241","0.07551","0.44152","0.10063","16.04224","0.00000","0.23086","0.66514","0.60163","0.31509","-0.00013","-0.00021"
"900","MNL","7","7","3","3","-2","-8","1","0","0","raw_fallback","4","no_valid_candidate","11","0","0","0.10367","0.10367","-0.10017","-0.10017","0.12572","0.12572","-0.12928","-0.12928","1.00000","1.00000","1.00000","1.00000","","","","-0.00006"
"901","MGG","5","5","5","3","-1","-8","0","0","0","raw_fallback","1","raw_gate_impossible","0","0","0","-0.02011","-0.02011","0.01233","0.01233","0.00000","0.00000","0.00774","0.00774","1.00000","1.00000","1.00000","1.00000","","","","-0.00004"
"902","POO","10","10","3","3","-2","-8","1","0","0","raw_fallback","4","no_valid_candidate","11","0","0","0.16103","0.16103","-0.09415","-0.09415","0.02562","0.02562","-0.09255","-0.09255","1.00000","1.00000","1.00000","1.00000","","","","-0.00005"
"903","HOR","5","5","3","3","-2","-8","1","0","0","raw_fallback","5","no_gate_candidate","11","1","0","0.07034","0.07034","-0.02233","-0.02233","0.01392","0.01392","-0.06200","-0.06200","1.00000","1.00000","1.00000","1.00000","","","","-0.00007"
"904","LGT","8","8","5","3","-1","-8","0","0","0","raw_fallback","1","raw_gate_impossible","0","0","0","0.05833","0.05833","-0.00458","-0.00458","0.00000","0.00000","-0.05376","-0.05376","1.00000","1.00000","1.00000","1.00000","","","","-0.00001"
"905","DRG","7","7","3","3","-1","-8","1","0","0","raw_fallback","5","no_gate_candidate","7","4","0","0.16642","0.16642","0.06275","0.06275","0.05013","0.05013","-0.27933","-0.27933","1.00000","1.00000","1.00000","1.00000","","","","-0.00003"
"906","NCN","8","8","5","3","-1","-8","0","0","0","raw_fallback","1","raw_gate_impossible","0","0","0","0.13427","0.13427","-0.01049","-0.01049","0.00000","0.00000","-0.12385","-0.12385","1.00000","1.00000","1.00000","1.00000","","","","-0.00007"
"907","GNJ","10","10","3","3","-1","-8","1","0","0","raw_fallback","5","no_gate_candidate","7","5","0","0.71463","0.71463","-0.27215","-0.27215","-0.27711","-0.27711","-0.16553","-0.16553","1.00000","1.00000","1.00000","1.00000","","","","-0.00016"
"908","BTG","9","9","3","3","-2","1","1","1","2","improvement_l2","0","none","11","3","2","1.17357","1.05616","-0.40206","-0.33659","0.00698","-0.00002","-0.77847","-0.71936","0.00000","0.00000","0.98070","6.56175","0.33353","0.06219","-0.00004","0.00002"
"909","NBH","8","8","5","3","-1","-8","0","0","0","raw_fallback","1","raw_gate_impossible","0","0","0","0.68881","0.68881","-0.22291","-0.22291","0.00000","0.00000","-0.46588","-0.46588","1.00000","1.00000","1.00000","1.00000","","","","0.00002"
"910","LTN","3","3","3","3","-1","-8","1","0","0","raw_fallback","4","no_valid_candidate","7","0","0","0.28987","0.28987","-0.09318","-0.09318","0.01251","0.01251","-0.20921","-0.20921","1.00000","1.00000","1.00000","1.00000","","","","-0.00001"
"911","NYA","2","2","3","3","-1","-8","1","0","0","raw_fallback","4","no_valid_candidate","3","0","0","0.59058","0.59058","-0.21024","-0.21024","-0.00818","-0.00818","-0.37215","-0.37215","1.00000","1.00000","1.00000","1.00000","","","","0.00001"
"912","GYT","3","3","5","3","-1","-8","0","0","0","raw_fallback","1","raw_gate_impossible","0","0","0","0.03004","0.03004","-0.00453","-0.00453","0.00000","0.00000","-0.02551","-0.02551","1.00000","1.00000","1.00000","1.00000","","","","0.00000"
"913","YNG","5","5","5","3","-1","-8","0","0","0","raw_fallback","1","raw_gate_impossible","0","0","0","-0.13498","-0.13498","0.49844","0.49844","0.00000","0.00000","-0.36346","-0.36346","1.00000","1.00000","1.00000","1.00000","","","","0.00000"
"914","TNQ","3","3","5","3","-1","-8","0","0","0","raw_fallback","1","raw_gate_impossible","0","0","0","0.47473","0.47473","-0.19724","-0.19724","0.00000","0.00000","-0.27752","-0.27752","1.00000","1.00000","1.00000","1.00000","","","","-0.00003"
"915","MCI","2","1","5","3","-1","-8","1","0","0","raw_fallback","2","one_or_fewer_classes","0","0","0","0.32395","0.32395","-0.12526","-0.12526","0.04487","0.04487","-0.24354","-0.24354","1.00000","1.00000","1.00000","1.00000","","","","0.00002"
"916","WMO","1","1","5","3","-1","-8","1","0","0","raw_fallback","2","one_or_fewer_classes","0","0","0","0.24271","0.24271","-0.11587","-0.11587","-0.00531","-0.00531","-0.12152","-0.12152","1.00000","1.00000","1.00000","1.00000","","","","0.00001"
"917","TSK","3","2","5","3","-1","-8","0","0","0","raw_fallback","1","raw_gate_impossible","0","0","0","0.36131","0.36131","-0.15733","-0.15733","0.00000","0.00000","-0.20400","-0.20400","1.00000","1.00000","1.00000","1.00000","","","","-0.00002"
"918","SNP","8","8","5","3","-1","-8","0","0","0","raw_fallback","1","raw_gate_impossible","0","0","0","1.06721","1.06721","-0.34464","-0.34464","0.00000","0.00000","-0.72261","-0.72261","1.00000","1.00000","1.00000","1.00000","","","","-0.00004"
"919","LGZ","2","2","3","3","-1","-8","1","0","0","raw_fallback","4","no_valid_candidate","3","0","0","0.21949","0.21949","-0.03941","-0.03941","-0.09504","-0.09504","-0.08505","-0.08505","1.00000","1.00000","1.00000","1.00000","","","","-0.00001"
"920","MNZ","6","6","3","3","-1","1","1","1","2","improvement_l2","0","none","7","5","1","0.92227","0.71238","-0.29789","-0.29689","-0.18568","0.00388","-0.43877","-0.41934","0.00000","0.00000","1.29642","1.52839","0.31356","0.10302","-0.00003","-0.00007"
"921","TAZ","3","3","5","3","-1","-8","0","0","0","raw_fallback","1","raw_gate_impossible","0","0","0","0.21453","0.21453","-0.07571","-0.07571","0.00000","0.00000","-0.13881","-0.13881","1.00000","1.00000","1.00000","1.00000","","","","0.00001"
"922","KHG","4","4","5","3","-1","-8","0","0","0","raw_fallback","1","raw_gate_impossible","0","0","0","0.41779","0.41779","-0.14289","-0.14289","0.00000","0.00000","-0.27487","-0.27487","1.00000","1.00000","1.00000","1.00000","","","","0.00003"
"923","HEZ","2","2","3","3","-1","-8","1","0","0","raw_fallback","4","no_valid_candidate","3","0","0","0.14544","0.14544","0.05757","0.05757","-0.06232","-0.06232","-0.14076","-0.14076","1.00000","1.00000","1.00000","1.00000","","","","-0.00007"
"924","JIZ","1","1","5","3","-1","-8","0","0","0","raw_fallback","1","raw_gate_impossible","0","0","0","0.04843","0.04843","-0.02221","-0.02221","0.00000","0.00000","-0.02621","-0.02621","1.00000","1.00000","1.00000","1.00000","","","","0.00001"
"925","BIR","1","1","5","3","-1","-8","0","0","0","raw_fallback","1","raw_gate_impossible","0","0","0","0.03464","0.03464","-0.01160","-0.01160","0.00000","0.00000","-0.02304","-0.02304","1.00000","1.00000","1.00000","1.00000","","","","0.00000"
"926","GYE","4","4","5","3","-1","-8","0","0","0","raw_fallback","1","raw_gate_impossible","0","0","0","0.40287","0.40287","-0.08706","-0.08706","0.00000","0.00000","-0.31583","-0.31583","1.00000","1.00000","1.00000","1.00000","","","","-0.00002"
"927","GOL","12","11","5","3","-1","-8","0","0","0","raw_fallback","1","raw_gate_impossible","0","0","0","0.88891","0.88891","-0.31530","-0.31530","0.00000","0.00000","-0.57362","-0.57362","1.00000","1.00000","1.00000","1.00000","","","","-0.00001"
"928","CKL","6","5","5","3","-1","-8","0","0","0","raw_fallback","1","raw_gate_impossible","0","0","0","0.60482","0.60482","-0.29589","-0.29589","0.00000","0.00000","-0.30896","-0.30896","1.00000","1.00000","1.00000","1.00000","","","","-0.00003"
"929","AMD","12","12","5","3","-1","-8","0","0","0","raw_fallback","1","raw_gate_impossible","0","0","0","0.97827","0.97827","-0.33837","-0.33837","0.00000","0.00000","-0.63989","-0.63989","1.00000","1.00000","1.00000","1.00000","","","","0.00001"
"933","LMN","9","9","3","3","-2","1","1","1","2","improvement_l2","0","none","11","2","1","0.41710","0.38720","-0.04416","-0.02902","0.00976","0.00004","-0.38273","-0.35815","0.00000","0.00000","1.14814","5.05851","0.36834","0.01983","-0.00002","-0.00003"
"934","LJG","8","6","5","3","-1","-8","0","0","0","raw_fallback","1","raw_gate_impossible","0","0","0","0.41311","0.41311","-0.05412","-0.05412","0.00000","0.00000","-0.35899","-0.35899","1.00000","1.00000","1.00000","1.00000","","","","0.00000"
"935","SKK","4","4","3","3","-2","-8","1","0","0","raw_fallback","4","no_valid_candidate","11","0","0","0.62377","0.62377","-0.17714","-0.17714","0.01213","0.01213","-0.45879","-0.45879","1.00000","1.00000","1.00000","1.00000","","","","-0.00003"
"953","JUS","1","1","5","3","-1","-8","0","0","0","raw_fallback","1","raw_gate_impossible","0","0","0","0.02694","0.02694","-0.01124","-0.01124","0.00000","0.00000","-0.01570","-0.01570","1.00000","1.00000","1.00000","1.00000","","","","0.00000"
"955","NEY","1","1","5","3","-1","-8","0","0","0","raw_fallback","1","raw_gate_impossible","0","0","0","0.04963","0.04963","-0.00841","-0.00841","0.00000","0.00000","-0.04122","-0.04122","1.00000","1.00000","1.00000","1.00000","","","","0.00000"
"961","AAR","1","1","5","3","-1","-8","0","0","0","raw_fallback","1","raw_gate_impossible","0","0","0","0.04272","0.04272","-0.01586","-0.01586","0.00000","0.00000","-0.02686","-0.02686","1.00000","1.00000","1.00000","1.00000","","","","0.00000"
"962","AID","1","1","5","3","-1","-8","0","0","0","raw_fallback","1","raw_gate_impossible","0","0","0","0.00806","0.00806","-0.00369","-0.00369","0.00000","0.00000","-0.00436","-0.00436","1.00000","1.00000","1.00000","1.00000","","","","0.00001"
"963","ASU","1","0","5","3","-1","-8","0","0","0","raw_fallback","1","raw_gate_impossible","0","0","0","0.00000","0.00000","0.00000","0.00000","0.00000","0.00000","0.00000","0.00000","1.00000","1.00000","1.00000","1.00000","","","","0.00000"
"964","BAY","1","0","5","3","-1","-8","0","0","0","raw_fallback","1","raw_gate_impossible","0","0","0","0.00000","0.00000","0.00000","0.00000","0.00000","0.00000","0.00000","0.00000","1.00000","1.00000","1.00000","1.00000","","","","0.00000"
"965","DLA","1","0","5","3","-1","-8","0","0","0","raw_fallback","1","raw_gate_impossible","0","0","0","0.00000","0.00000","0.00000","0.00000","0.00000","0.00000","0.00000","0.00000","1.00000","1.00000","1.00000","1.00000","","","","0.00000"
"966","EJI","1","0","5","3","-1","-8","0","0","0","raw_fallback","1","raw_gate_impossible","0","0","0","0.00000","0.00000","0.00000","0.00000","0.00000","0.00000","0.00000","0.00000","1.00000","1.00000","1.00000","1.00000","","","","0.00000"
"967","FLN","1","1","5","3","-1","-8","0","0","0","raw_fallback","1","raw_gate_impossible","0","0","0","0.02179","0.02179","-0.00733","-0.00733","0.00000","0.00000","-0.01447","-0.01447","1.00000","1.00000","1.00000","1.00000","","","","-0.00001"
"968","FUT","1","0","5","3","-1","-8","0","0","0","raw_fallback","1","raw_gate_impossible","0","0","0","0.00000","0.00000","0.00000","0.00000","0.00000","0.00000","0.00000","0.00000","1.00000","1.00000","1.00000","1.00000","","","","0.00000"
"969","FUY","3","0","5","3","-1","-8","0","0","0","raw_fallback","1","raw_gate_impossible","0","0","0","0.00000","0.00000","0.00000","0.00000","0.00000","0.00000","0.00000","0.00000","1.00000","1.00000","1.00000","1.00000","","","","0.00000"
"970","GIL","1","0","5","3","-1","-8","0","0","0","raw_fallback","1","raw_gate_impossible","0","0","0","0.00000","0.00000","0.00000","0.00000","0.00000","0.00000","0.00000","0.00000","1.00000","1.00000","1.00000","1.00000","","","","0.00000"
"971","HIJ","1","1","5","3","-1","-8","0","0","0","raw_fallback","1","raw_gate_impossible","0","0","0","0.01688","0.01688","-0.00619","-0.00619","0.00000","0.00000","-0.01070","-0.01070","1.00000","1.00000","1.00000","1.00000","","","","-0.00001"
"972","HIY","7","7","5","3","-1","-8","0","0","0","raw_fallback","1","raw_gate_impossible","0","0","0","1.30345","1.30345","-0.32617","-0.32617","0.00000","0.00000","-0.97731","-0.97731","1.00000","1.00000","1.00000","1.00000","","","","-0.00003"
"973","HLN","5","5","5","3","-1","-8","0","0","0","raw_fallback","1","raw_gate_impossible","0","0","0","0.88967","0.88967","-0.30799","-0.30799","0.00000","0.00000","-0.58170","-0.58170","1.00000","1.00000","1.00000","1.00000","","","","-0.00002"
"974","HNC","1","0","5","3","-1","-8","0","0","0","raw_fallback","1","raw_gate_impossible","0","0","0","0.00000","0.00000","0.00000","0.00000","0.00000","0.00000","0.00000","0.00000","1.00000","1.00000","1.00000","1.00000","","","","0.00000"
"975","HOT","1","1","5","3","-1","-8","0","0","0","raw_fallback","1","raw_gate_impossible","0","0","0","0.03205","0.03205","-0.00972","-0.00972","0.00000","0.00000","-0.02232","-0.02232","1.00000","1.00000","1.00000","1.00000","","","","0.00001"
"976","HRO","1","1","5","3","-1","-8","0","0","0","raw_fallback","1","raw_gate_impossible","0","0","0","0.01240","0.01240","-0.00416","-0.00416","0.00000","0.00000","-0.00823","-0.00823","1.00000","1.00000","1.00000","1.00000","","","","0.00001"
"977","HUI","2","2","3","3","-1","-8","1","0","0","raw_fallback","4","no_valid_candidate","3","0","0","0.14124","0.14124","-0.01201","-0.01201","0.00251","0.00251","-0.13175","-0.13175","1.00000","1.00000","1.00000","1.00000","","","","-0.00001"
"978","HUR","3","1","5","3","-1","-8","0","0","0","raw_fallback","1","raw_gate_impossible","0","0","0","0.00000","0.00000","-0.00586","-0.00586","0.02812","0.02812","-0.02228","-0.02228","1.00000","1.00000","1.00000","1.00000","","","","-0.00002"
"979","ILU","1","1","5","3","-1","-8","0","0","0","raw_fallback","1","raw_gate_impossible","0","0","0","0.00772","0.00772","-0.00292","-0.00292","0.00000","0.00000","-0.00481","-0.00481","1.00000","1.00000","1.00000","1.00000","","","","-0.00001"
"980","IMN","2","2","5","3","-1","-8","0","0","0","raw_fallback","1","raw_gate_impossible","0","0","0","0.01973","0.01973","-0.00595","-0.00595","0.00000","0.00000","-0.01379","-0.01379","1.00000","1.00000","1.00000","1.00000","","","","-0.00001"
"981","ITU","1","1","5","3","-1","-8","0","0","0","raw_fallback","1","raw_gate_impossible","0","0","0","0.00959","0.00959","-0.00446","-0.00446","0.00000","0.00000","-0.00515","-0.00515","1.00000","1.00000","1.00000","1.00000","","","","-0.00002"
"982","JHT","1","1","5","3","-1","-8","0","0","0","raw_fallback","1","raw_gate_impossible","0","0","0","0.01471","0.01471","-0.00525","-0.00525","0.00000","0.00000","-0.00946","-0.00946","1.00000","1.00000","1.00000","1.00000","","","","0.00000"
"983","LAL","3","2","3","3","-1","-8","1","0","0","raw_fallback","5","no_gate_candidate","3","1","0","0.12249","0.12249","-0.05001","-0.05001","0.00054","0.00054","-0.07302","-0.07302","1.00000","1.00000","1.00000","1.00000","","","","0.00000"
"985","LLU","1","0","5","3","-1","-8","0","0","0","raw_fallback","1","raw_gate_impossible","0","0","0","0.00000","0.00000","0.00000","0.00000","0.00000","0.00000","0.00000","0.00000","1.00000","1.00000","1.00000","1.00000","","","","0.00000"
"986","MAH","1","1","5","3","-1","-8","1","0","0","raw_fallback","2","one_or_fewer_classes","0","0","0","0.03365","0.03365","-0.01735","-0.01735","0.00162","0.00162","-0.01793","-0.01793","1.00000","1.00000","1.00000","1.00000","","","","-0.00001"
"987","MIC","1","0","5","3","-1","-8","0","0","0","raw_fallback","1","raw_gate_impossible","0","0","0","0.00000","0.00000","0.00000","0.00000","0.00000","0.00000","0.00000","0.00000","1.00000","1.00000","1.00000","1.00000","","","","0.00000"
"988","MRE","3","0","5","3","-1","-8","0","0","0","raw_fallback","1","raw_gate_impossible","0","0","0","0.00000","0.00000","0.00000","0.00000","0.00000","0.00000","0.00000","0.00000","1.00000","1.00000","1.00000","1.00000","","","","0.00000"
"989","MUH","1","0","5","3","-1","-8","0","0","0","raw_fallback","1","raw_gate_impossible","0","0","0","0.00000","0.00000","0.00000","0.00000","0.00000","0.00000","0.00000","0.00000","1.00000","1.00000","1.00000","1.00000","","","","0.00000"
"991","NAL","1","0","5","3","-1","-8","0","0","0","raw_fallback","1","raw_gate_impossible","0","0","0","0.00000","0.00000","0.00000","0.00000","0.00000","0.00000","0.00000","0.00000","1.00000","1.00000","1.00000","1.00000","","","","0.00000"
"992","NEM","1","0","5","3","-1","-8","0","0","0","raw_fallback","1","raw_gate_impossible","0","0","0","0.00000","0.00000","0.00000","0.00000","0.00000","0.00000","0.00000","0.00000","1.00000","1.00000","1.00000","1.00000","","","","0.00000"
"993","NRO","2","0","5","3","-1","-8","0","0","0","raw_fallback","1","raw_gate_impossible","0","0","0","0.00000","0.00000","0.00000","0.00000","0.00000","0.00000","0.00000","0.00000","1.00000","1.00000","1.00000","1.00000","","","","0.00000"
"994","SHI","1","1","5","3","-1","-8","0","0","0","raw_fallback","1","raw_gate_impossible","0","0","0","0.00177","0.00177","-0.00130","-0.00130","0.00000","0.00000","-0.00048","-0.00048","1.00000","1.00000","1.00000","1.00000","","","","-0.00001"
"995","SIR","1","1","5","3","-1","-8","0","0","0","raw_fallback","1","raw_gate_impossible","0","0","0","0.00935","0.00935","-0.00437","-0.00437","0.00000","0.00000","-0.00497","-0.00497","1.00000","1.00000","1.00000","1.00000","","","","0.00001"
"996","SMN","2","1","5","3","-1","-8","0","0","0","raw_fallback","1","raw_gate_impossible","0","0","0","0.07069","0.07069","-0.02245","-0.02245","0.00000","0.00000","-0.04824","-0.04824","1.00000","1.00000","1.00000","1.00000","","","","0.00000"
"997","SNC","1","0","5","3","-1","-8","0","0","0","raw_fallback","1","raw_gate_impossible","0","0","0","0.00000","0.00000","0.00000","0.00000","0.00000","0.00000","0.00000","0.00000","1.00000","1.00000","1.00000","1.00000","","","","0.00000"
"998","SUI","2","1","5","3","-1","-8","0","0","0","raw_fallback","1","raw_gate_impossible","0","0","0","0.03006","0.03006","-0.01812","-0.01812","0.00000","0.00000","-0.01192","-0.01192","1.00000","1.00000","1.00000","1.00000","","","","0.00002"
"999","TAS","1","0","5","3","-1","-8","0","0","0","raw_fallback","1","raw_gate_impossible","0","0","0","0.00000","0.00000","0.00000","0.00000","0.00000","0.00000","0.00000","0.00000","1.00000","1.00000","1.00000","1.00000","","","","0.00000"
"1000","TOD","1","1","5","3","-1","-8","0","0","0","raw_fallback","1","raw_gate_impossible","0","0","0","0.03289","0.03289","-0.01308","-0.01308","0.00000","0.00000","-0.01980","-0.01980","1.00000","1.00000","1.00000","1.00000","","","","0.00001"
"1001","TOX","1","0","5","3","-1","-8","0","0","0","raw_fallback","1","raw_gate_impossible","0","0","0","0.00000","0.00000","0.00000","0.00000","0.00000","0.00000","0.00000","0.00000","1.00000","1.00000","1.00000","1.00000","","","","0.00000"
"1002","USS","1","1","5","3","-1","-8","0","0","0","raw_fallback","1","raw_gate_impossible","0","0","0","0.01688","0.01688","-0.00639","-0.00639","0.00000","0.00000","-0.01048","-0.01048","1.00000","1.00000","1.00000","1.00000","","","","0.00001"
"1003","WEJ","1","0","5","3","-1","-8","0","0","0","raw_fallback","1","raw_gate_impossible","0","0","0","0.00000","0.00000","0.00000","0.00000","0.00000","0.00000","0.00000","0.00000","1.00000","1.00000","1.00000","1.00000","","","","0.00000"
"1004","WEK","1","0","5","3","-1","-8","0","0","0","raw_fallback","1","raw_gate_impossible","0","0","0","0.00000","0.00000","0.00000","0.00000","0.00000","0.00000","0.00000","0.00000","1.00000","1.00000","1.00000","1.00000","","","","0.00000"
"1006","WUY","2","1","5","3","-1","-8","1","0","0","raw_fallback","2","one_or_fewer_classes","0","0","0","0.51881","0.51881","-0.17831","-0.17831","-0.00394","-0.00394","-0.33655","-0.33655","1.00000","1.00000","1.00000","1.00000","","","","0.00001"
"1007","YRN","1","1","5","3","-1","-8","0","0","0","raw_fallback","1","raw_gate_impossible","0","0","0","0.00121","0.00121","-0.00057","-0.00057","0.00000","0.00000","-0.00063","-0.00063","1.00000","1.00000","1.00000","1.00000","","","","0.00001"
"1008","YIM","1","1","5","3","-1","-8","1","0","0","raw_fallback","2","one_or_fewer_classes","0","0","0","0.00595","0.00595","-0.00126","-0.00126","0.00009","0.00009","-0.00480","-0.00480","1.00000","1.00000","1.00000","1.00000","","","","-0.00002"
"1009","YOO","1","1","5","3","-1","-8","0","0","0","raw_fallback","1","raw_gate_impossible","0","0","0","0.00220","0.00220","-0.00089","-0.00089","0.00000","0.00000","-0.00131","-0.00131","1.00000","1.00000","1.00000","1.00000","","","","0.00000"
"1018","OGE","19","8","3","3","-2","-8","1","0","0","raw_fallback","4","no_valid_candidate","11","0","0","0.09274","0.09274","-0.04812","-0.04812","0.00204","0.00204","-0.04667","-0.04667","1.00000","1.00000","1.00000","1.00000","","","","-0.00001"
"1019","BAT","18","12","5","3","-1","-8","0","0","0","raw_fallback","1","raw_gate_impossible","0","0","0","0.06284","0.06284","-0.03323","-0.03323","0.00000","0.00000","-0.02965","-0.02965","1.00000","1.00000","1.00000","1.00000","","","","-0.00004"
"1020","CRS","37","9","5","3","-1","-8","0","0","0","raw_fallback","1","raw_gate_impossible","0","0","0","0.02619","0.02619","0.04656","0.04656","0.00000","0.00000","-0.07276","-0.07276","1.00000","1.00000","1.00000","1.00000","","","","-0.00001"
"1021","KHD","16","6","5","3","-1","-8","0","0","0","raw_fallback","1","raw_gate_impossible","0","0","0","-0.11133","-0.11133","0.07118","0.07118","0.00000","0.00000","0.04018","0.04018","1.00000","1.00000","1.00000","1.00000","","","","0.00003"
"1022","TRH","6","6","5","3","-1","-8","0","0","0","raw_fallback","1","raw_gate_impossible","0","0","0","0.00868","0.00868","-0.03523","-0.03523","0.00000","0.00000","0.02654","0.02654","1.00000","1.00000","1.00000","1.00000","","","","-0.00001"
"1024","BGT","17","5","3","3","-1","-8","1","0","0","raw_fallback","5","no_gate_candidate","7","2","0","-0.00060","-0.00060","0.00874","0.00874","0.00006","0.00006","-0.00823","-0.00823","1.00000","1.00000","1.00000","1.00000","","","","-0.00003"
"1025","HCN","21","18","3","3","-2","-1","1","1","2","improvement_l2","0","none","11","3","2","0.65601","0.48791","-0.17271","-0.15406","0.00364","-0.00006","-0.48698","-0.33305","0.00000","0.00000","0.78232","14.43744","0.41477","0.08597","-0.00003","-0.00004"
"1026","OTC","23","13","3","3","-2","-8","1","0","0","raw_fallback","4","no_valid_candidate","11","0","0","0.06967","0.06967","0.35105","0.35105","-0.00309","-0.00309","-0.41758","-0.41758","1.00000","1.00000","1.00000","1.00000","","","","0.00005"
"1027","QAS","19","0","5","3","-1","-8","0","0","0","raw_fallback","1","raw_gate_impossible","0","0","0","0.00000","0.00000","0.00000","0.00000","0.00000","0.00000","0.00000","0.00000","1.00000","1.00000","1.00000","1.00000","","","","0.00000"
"1028","BKH","18","7","3","3","-1","1","1","1","2","improvement_l2","0","none","7","6","1","-0.70198","-0.27529","0.03410","-0.00761","0.37317","-0.00087","0.29465","0.28379","1.96652","0.00000","0.30869","2.60433","0.60490","0.20909","-0.00006","-0.00006"
"1029","DGH","20","13","3","3","-2","1","1","1","2","improvement_l2","0","none","11","3","1","0.15330","0.04175","0.29454","0.11704","0.02511","0.00090","-0.47307","-0.15876","0.00000","0.00000","0.87566","48.82387","0.74395","0.15707","-0.00002","-0.00012"
"1030","KRG","5","5","3","3","-2","1","1","1","2","improvement_l2","0","none","11","1","1","0.00472","0.00002","0.07793","0.06818","0.04683","-0.02246","-0.12951","-0.04565","1.41277","0.00000","0.00000","9.00137","0.57333","0.03067","-0.00002","-0.00003"
"1031","SRL","4","4","5","3","-1","-8","0","0","0","raw_fallback","1","raw_gate_impossible","0","0","0","-0.01246","-0.01246","-0.04322","-0.04322","0.00000","0.00000","0.05568","0.05568","1.00000","1.00000","1.00000","1.00000","","","","0.00000"
"1068","CHK","23","21","3","3","-2","1","1","1","2","improvement_l2","0","none","11","7","1","-0.74624","-0.43839","0.60961","0.46736","-0.01697","-0.00024","0.15347","-0.02859","4.28675","0.00000","1.11723","0.88498","0.61125","0.14790","-0.00006","-0.00013"
"1091","KKA","11","10","3","3","-2","-8","1","0","0","raw_fallback","5","no_gate_candidate","11","2","0","-0.21433","-0.21433","0.18548","0.18548","0.09748","0.09748","-0.06863","-0.06863","1.00000","1.00000","1.00000","1.00000","","","","0.00000"
"1092","ONY","6","6","5","3","-1","-8","0","0","0","raw_fallback","1","raw_gate_impossible","0","0","0","0.18258","0.18258","0.04921","0.04921","0.00000","0.00000","-0.23178","-0.23178","1.00000","1.00000","1.00000","1.00000","","","","0.00001"
"1093","ONO","3","3","5","3","-1","-8","0","0","0","raw_fallback","1","raw_gate_impossible","0","0","0","0.00467","0.00467","0.04715","0.04715","0.00000","0.00000","-0.05180","-0.05180","1.00000","1.00000","1.00000","1.00000","","","","0.00002"
"1094","GYO","3","3","5","3","-1","-8","0","0","0","raw_fallback","1","raw_gate_impossible","0","0","0","0.02831","0.02831","0.03324","0.03324","0.00000","0.00000","-0.06156","-0.06156","1.00000","1.00000","1.00000","1.00000","","","","-0.00001"
"1095","ONN","4","3","5","3","-1","-8","0","0","0","raw_fallback","1","raw_gate_impossible","0","0","0","0.08850","0.08850","0.07155","0.07155","0.00000","0.00000","-0.16006","-0.16006","1.00000","1.00000","1.00000","1.00000","","","","-0.00001"
"1134","BQA","13","12","3","3","-2","-8","1","0","0","raw_fallback","5","no_gate_candidate","11","3","0","0.11491","0.11491","0.12747","0.12747","0.00320","0.00320","-0.24568","-0.24568","1.00000","1.00000","1.00000","1.00000","","","","-0.00010"
"1135","BKZ","4","3","3","3","-1","-8","1","0","0","raw_fallback","4","no_valid_candidate","7","0","0","0.11996","0.11996","-0.05402","-0.05402","-0.00370","-0.00370","-0.06227","-0.06227","1.00000","1.00000","1.00000","1.00000","","","","-0.00003"
"1136","FZA","13","0","5","3","-1","-8","0","0","0","raw_fallback","1","raw_gate_impossible","0","0","0","0.00000","0.00000","0.00000","0.00000","0.00000","0.00000","0.00000","0.00000","1.00000","1.00000","1.00000","1.00000","","","","0.00000"
"1137","MAM","143","53","3","3","-2","1","1","1","2","improvement_l2","0","none","11","5","1","0.48668","0.03647","0.83100","0.67688","4.85662","4.58740","-6.17547","-5.30107","1.35432","0.00000","0.99050","2.70072","0.32676","0.43689","-0.00008","-0.00117"
"1138","SKN","1","1","5","3","-1","-8","0","0","0","raw_fallback","1","raw_gate_impossible","0","0","0","0.06349","0.06349","0.00273","0.00273","0.00000","0.00000","-0.06623","-0.06623","1.00000","1.00000","1.00000","1.00000","","","","-0.00001"
"1139","TRP","4","4","3","3","-1","-8","1","0","0","raw_fallback","4","no_valid_candidate","7","0","0","0.75339","0.75339","-0.26453","-0.26453","-0.11088","-0.11088","-0.37806","-0.37806","1.00000","1.00000","1.00000","1.00000","","","","-0.00008"
"1140","BRI","27","27","3","3","-2","1","1","1","2","improvement_l2","0","none","11","8","1","-1.47280","-0.18682","-0.07124","0.00079","0.31673","-0.00402","1.22694","0.19135","15.31903","54.94533","0.96914","0.00000","0.92460","0.67618","-0.00006","-0.00037"
"1141","FRA","163","80","3","3","-2","1","1","1","2","improvement_l2","0","none","11","3","1","-16.40482","-5.25521","1.66075","1.12205","8.89400","4.01851","5.84878","0.11363","11.69778","0.00000","0.00000","0.44977","0.63318","5.57473","-0.00054","-0.00129"
"1142","BUR","14","14","3","3","-2","1","1","1","2","improvement_l2","0","none","11","8","2","2.77861","2.59910","-0.66864","0.09960","0.82965","0.06943","-2.93989","-2.76806","0.00000","1.74533","0.55766","1.99817","0.47261","0.42015","-0.00007","-0.00027"
"1143","FCB","11","11","3","3","-2","-8","1","0","0","raw_fallback","5","no_gate_candidate","11","6","0","1.13725","1.13725","-0.00179","-0.00179","0.03602","0.03602","-1.17159","-1.17159","1.00000","1.00000","1.00000","1.00000","","","","-0.00011"
"1144","AQN","20","19","3","3","-2","-8","1","0","0","raw_fallback","5","no_gate_candidate","11","5","0","-0.99957","-0.99957","0.36101","0.36101","0.93978","0.93978","-0.30144","-0.30144","1.00000","1.00000","1.00000","1.00000","","","","-0.00022"
"1145","ALE","2","2","3","3","-1","-8","1","0","0","raw_fallback","5","no_gate_candidate","3","1","0","0.26228","0.26228","-0.08291","-0.08291","0.01927","0.01927","-0.19867","-0.19867","1.00000","1.00000","1.00000","1.00000","","","","-0.00003"
"1146","AUX","1","1","5","3","-1","-8","0","0","0","raw_fallback","1","raw_gate_impossible","0","0","0","-0.03134","-0.03134","0.09574","0.09574","0.00000","0.00000","-0.06441","-0.06441","1.00000","1.00000","1.00000","1.00000","","","","-0.00001"
"1147","SAN","1","1","5","3","-1","-8","1","0","0","raw_fallback","2","one_or_fewer_classes","0","0","0","0.10877","0.10877","-0.02729","-0.02729","0.00583","0.00583","-0.08732","-0.08732","1.00000","1.00000","1.00000","1.00000","","","","-0.00001"
"1148","AMG","5","5","3","3","-1","1","1","1","2","improvement_l2","0","none","7","5","1","0.37153","0.35032","-0.26541","-0.23769","0.09613","0.00122","-0.20233","-0.11382","0.00000","0.00000","0.86221","1.72346","0.39656","0.05808","-0.00004","-0.00008"
"1149","AUV","1","1","5","3","-1","-8","1","0","0","raw_fallback","2","one_or_fewer_classes","0","0","0","0.07087","0.07087","-0.01653","-0.01653","0.00563","0.00563","-0.05997","-0.05997","1.00000","1.00000","1.00000","1.00000","","","","0.00000"
"1150","BOU","8","8","3","3","-2","1","1","1","2","improvement_l2","0","none","11","2","2","0.47980","0.38048","-0.09202","0.01118","0.20549","-0.03220","-0.59334","-0.35945","0.00000","0.00000","0.29266","8.18934","0.58080","0.14684","-0.00004","-0.00007"
"1152","DAU","12","12","3","3","-2","1","1","1","2","improvement_l2","0","none","11","7","2","-0.20762","-0.06661","0.45039","0.44807","0.13388","-0.03097","-0.37676","-0.35047","1.48100","0.00000","0.45251","14.35748","0.38069","0.06813","-0.00004","-0.00011"
"1153","EVR","4","4","3","3","-1","1","1","1","2","improvement_l2","0","none","7","5","1","0.21669","0.17002","-0.06524","-0.05810","0.01520","0.00967","-0.16667","-0.12156","0.79503","0.00000","0.00000","3.03922","0.24029","0.02611","-0.00003","-0.00002"
"1154","FOI","2","2","5","3","-1","-8","0","0","0","raw_fallback","1","raw_gate_impossible","0","0","0","0.05443","0.05443","0.04500","0.04500","0.00000","0.00000","-0.09946","-0.09946","1.00000","1.00000","1.00000","1.00000","","","","-0.00003"
"1156","NEV","6","6","3","3","-2","-8","1","0","0","raw_fallback","5","no_gate_candidate","11","1","0","0.66875","0.66875","-0.18901","-0.18901","0.03711","0.03711","-0.51694","-0.51694","1.00000","1.00000","1.00000","1.00000","","","","-0.00009"
"1157","NRB","1","1","5","3","-1","-8","1","0","0","raw_fallback","2","one_or_fewer_classes","0","0","0","0.19389","0.19389","0.04480","0.04480","0.06818","0.06818","-0.30693","-0.30693","1.00000","1.00000","1.00000","1.00000","","","","-0.00006"
"1158","NRM","21","21","3","3","-2","1","1","1","2","improvement_l2","0","none","11","8","1","0.51680","0.47966","0.04522","0.00252","0.09871","0.00774","-0.66107","-0.48994","0.00000","0.60702","1.20590","4.69786","0.54928","0.08548","-0.00006","-0.00034"
"1162","PRO","19","18","3","3","-2","-8","1","0","0","raw_fallback","5","no_gate_candidate","11","6","0","0.64714","0.64714","0.45132","0.45132","1.15259","1.15259","-2.25136","-2.25136","1.00000","1.00000","1.00000","1.00000","","","","-0.00031"
"1163","ORA","1","1","5","3","-1","-8","1","0","0","raw_fallback","2","one_or_fewer_classes","0","0","0","0.11560","0.11560","-0.03163","-0.03163","0.01095","0.01095","-0.09494","-0.09494","1.00000","1.00000","1.00000","1.00000","","","","-0.00002"
"1166","LOR","11","10","3","3","-2","1","1","1","2","improvement_l2","0","none","11","3","2","0.61407","0.47018","-0.15358","-0.09460","0.09932","0.02588","-0.55991","-0.40111","0.00000","22.91714","0.73832","0.00000","0.40997","0.10869","-0.00006","-0.00010"
"1167","BAR","8","8","3","3","-2","1","1","1","2","improvement_l2","0","none","11","2","1","0.41615","0.37972","-0.16741","-0.14523","0.04267","-0.00239","-0.29146","-0.23205","0.00000","0.00000","0.36494","12.46874","0.34196","0.03956","-0.00003","-0.00005"
"1168","DRE","1","1","5","3","-1","-8","0","0","0","raw_fallback","1","raw_gate_impossible","0","0","0","0.02768","0.02768","-0.00646","-0.00646","0.00000","0.00000","-0.02122","-0.02122","1.00000","1.00000","1.00000","1.00000","","","","0.00000"
"1169","MRT","1","1","5","3","-1","-8","1","0","0","raw_fallback","2","one_or_fewer_classes","0","0","0","0.05475","0.05475","-0.01361","-0.01361","0.00379","0.00379","-0.04494","-0.04494","1.00000","1.00000","1.00000","1.00000","","","","-0.00001"
"1171","ANJ","7","7","3","3","-1","-8","1","0","0","raw_fallback","5","no_gate_candidate","7","5","0","1.18384","1.18384","0.12931","0.12931","0.46579","0.46579","-1.77903","-1.77903","1.00000","1.00000","1.00000","1.00000","","","","-0.00009"
"1172","MIE","9","9","3","3","-2","1","1","1","2","improvement_l2","0","none","11","5","3","-0.46436","-0.20708","0.03124","-0.01456","0.20256","0.09479","0.23045","0.12705","0.00000","8.80716","0.53962","2.06674","0.51668","0.12127","-0.00007","-0.00011"
"1174","PRC","3","3","3","3","-1","1","1","1","2","improvement_l2","0","none","7","2","1","0.45547","0.36167","-0.13072","-0.10036","0.02626","-0.01443","-0.35104","-0.24642","0.00000","0.00000","0.00000","27.92056","0.29609","0.06005","-0.00002","-0.00003"
"1175","FRZ","5","5","3","3","-1","-8","1","0","0","raw_fallback","5","no_gate_candidate","7","6","0","0.57093","0.57093","-0.05817","-0.05817","0.47850","0.47850","-0.99136","-0.99136","1.00000","1.00000","1.00000","1.00000","","","","-0.00010"
"1176","BLS","5","5","3","3","-2","-8","1","0","0","raw_fallback","4","no_valid_candidate","11","0","0","0.69633","0.69633","-0.22746","-0.22746","0.07029","0.07029","-0.53927","-0.53927","1.00000","1.00000","1.00000","1.00000","","","","-0.00011"
"1177","VDM","2","2","3","3","-1","-8","1","0","0","raw_fallback","5","no_gate_candidate","3","1","0","0.11979","0.11979","-0.05979","-0.05979","0.00716","0.00716","-0.06719","-0.06719","1.00000","1.00000","1.00000","1.00000","","","","-0.00003"
"1178","ETA","2","2","5","3","-1","-8","0","0","0","raw_fallback","1","raw_gate_impossible","0","0","0","0.20978","0.20978","-0.07613","-0.07613","0.00000","0.00000","-0.13369","-0.13369","1.00000","1.00000","1.00000","1.00000","","","","-0.00004"
"1179","AST","1","1","5","3","-1","-8","1","0","0","raw_fallback","2","one_or_fewer_classes","0","0","0","0.04632","0.04632","-0.01154","-0.01154","0.00188","0.00188","-0.03668","-0.03668","1.00000","1.00000","1.00000","1.00000","","","","-0.00002"
"1180","COM","3","3","5","3","-1","-8","0","0","0","raw_fallback","1","raw_gate_impossible","0","0","0","0.20443","0.20443","-0.06134","-0.06134","0.00000","0.00000","-0.14314","-0.14314","1.00000","1.00000","1.00000","1.00000","","","","-0.00005"
"1181","IJO","1","1","5","3","-1","-8","1","0","0","raw_fallback","2","one_or_fewer_classes","0","0","0","0.05512","0.05512","-0.01494","-0.01494","0.00402","0.00402","-0.04420","-0.04420","1.00000","1.00000","1.00000","1.00000","","","","0.00000"
"1182","VLN","6","6","3","3","-2","-8","1","0","0","raw_fallback","4","no_valid_candidate","11","0","0","0.42135","0.42135","-0.12158","-0.12158","0.02585","0.02585","-0.32570","-0.32570","1.00000","1.00000","1.00000","1.00000","","","","-0.00008"
"1183","PER","2","2","3","3","-1","-8","1","0","0","raw_fallback","5","no_gate_candidate","3","2","0","-0.06196","-0.06196","0.35654","0.35654","0.06476","0.06476","-0.35936","-0.35936","1.00000","1.00000","1.00000","1.00000","","","","-0.00002"
"1184","TON","1","1","5","3","-1","-8","0","0","0","raw_fallback","1","raw_gate_impossible","0","0","0","0.09839","0.09839","-0.02015","-0.02015","0.00000","0.00000","-0.07825","-0.07825","1.00000","1.00000","1.00000","1.00000","","","","-0.00001"
"1185","MON","1","1","5","3","-1","-8","0","0","0","raw_fallback","1","raw_gate_impossible","0","0","0","0.05498","0.05498","-0.01440","-0.01440","0.00000","0.00000","-0.04059","-0.04059","1.00000","1.00000","1.00000","1.00000","","","","-0.00001"
"1186","AUM","1","1","5","3","-1","-8","1","0","0","raw_fallback","2","one_or_fewer_classes","0","0","0","0.43895","0.43895","-0.14233","-0.14233","0.02893","0.02893","-0.32557","-0.32557","1.00000","1.00000","1.00000","1.00000","","","","-0.00002"
"1187","ROU","1","1","5","3","-1","-8","1","0","0","raw_fallback","2","one_or_fewer_classes","0","0","0","0.08378","0.08378","-0.02201","-0.02201","0.00736","0.00736","-0.06913","-0.06913","1.00000","1.00000","1.00000","1.00000","","","","0.00000"
"1188","BSC","1","1","5","3","-1","-8","1","0","0","raw_fallback","2","one_or_fewer_classes","0","0","0","-0.03196","-0.03196","0.05121","0.05121","0.04372","0.04372","-0.06299","-0.06299","1.00000","1.00000","1.00000","1.00000","","","","-0.00002"
"1189","ALS","3","3","3","3","-1","-8","1","0","0","raw_fallback","5","no_gate_candidate","7","2","0","0.23048","0.23048","-0.01126","-0.01126","0.00603","0.00603","-0.22529","-0.22529","1.00000","1.00000","1.00000","1.00000","","","","-0.00004"
"1190","MTB","1","1","5","3","-1","-8","1","0","0","raw_fallback","2","one_or_fewer_classes","0","0","0","0.04002","0.04002","-0.00827","-0.00827","0.00652","0.00652","-0.03828","-0.03828","1.00000","1.00000","1.00000","1.00000","","","","-0.00001"
"1191","TUL","1","1","5","3","-1","-8","1","0","0","raw_fallback","2","one_or_fewer_classes","0","0","0","0.12103","0.12103","-0.02402","-0.02402","0.00361","0.00361","-0.10062","-0.10062","1.00000","1.00000","1.00000","1.00000","","","","0.00000"
"1192","VDU","2","2","5","3","-1","-8","0","0","0","raw_fallback","1","raw_gate_impossible","0","0","0","0.27529","0.27529","-0.02405","-0.02405","0.00000","0.00000","-0.25126","-0.25126","1.00000","1.00000","1.00000","1.00000","","","","-0.00002"
"1193","MTZ","5","5","3","3","-2","-8","1","0","0","raw_fallback","5","no_gate_candidate","11","5","0","0.50488","0.50488","-0.45733","-0.45733","0.11626","0.11626","-0.16387","-0.16387","1.00000","1.00000","1.00000","1.00000","","","","-0.00006"
"1194","SLM","1","1","5","3","-1","-8","0","0","0","raw_fallback","1","raw_gate_impossible","0","0","0","0.00827","0.00827","-0.00149","-0.00149","0.00000","0.00000","-0.00678","-0.00678","1.00000","1.00000","1.00000","1.00000","","","","0.00000"
"1195","MOU","1","1","5","3","-1","-8","0","0","0","raw_fallback","1","raw_gate_impossible","0","0","0","0.09612","0.09612","-0.04889","-0.04889","0.00000","0.00000","-0.04724","-0.04724","1.00000","1.00000","1.00000","1.00000","","","","-0.00001"
"1196","RET","2","2","3","3","-1","-8","1","0","0","raw_fallback","5","no_gate_candidate","3","2","0","0.41395","0.41395","-0.10713","-0.10713","0.01862","0.01862","-0.32548","-0.32548","1.00000","1.00000","1.00000","1.00000","","","","-0.00004"
"1197","CAM","1","1","5","3","-1","-8","1","0","0","raw_fallback","2","one_or_fewer_classes","0","0","0","-0.04079","-0.04079","0.11661","0.11661","0.00019","0.00019","-0.07603","-0.07603","1.00000","1.00000","1.00000","1.00000","","","","-0.00002"
"1198","BRR","3","3","3","3","-1","-8","1","0","0","raw_fallback","5","no_gate_candidate","7","3","0","0.56841","0.56841","-0.08778","-0.08778","0.01195","0.01195","-0.49259","-0.49259","1.00000","1.00000","1.00000","1.00000","","","","-0.00001"
"1199","MDM","2","2","3","3","-1","-8","1","0","0","raw_fallback","4","no_valid_candidate","3","0","0","-0.14517","-0.14517","0.38292","0.38292","0.01066","0.01066","-0.24845","-0.24845","1.00000","1.00000","1.00000","1.00000","","","","-0.00004"
"1200","FRT","2","2","3","3","-1","-8","1","0","0","raw_fallback","5","no_gate_candidate","3","1","0","0.37419","0.37419","-0.12742","-0.12742","0.00963","0.00963","-0.25639","-0.25639","1.00000","1.00000","1.00000","1.00000","","","","0.00001"
"1201","MRC","4","3","3","3","-1","-8","1","0","0","raw_fallback","5","no_gate_candidate","7","1","0","0.31004","0.31004","-0.10096","-0.10096","0.00538","0.00538","-0.21451","-0.21451","1.00000","1.00000","1.00000","1.00000","","","","-0.00005"
"1202","VNT","2","2","3","3","-1","-8","1","0","0","raw_fallback","5","no_gate_candidate","3","2","0","0.60850","0.60850","-0.20248","-0.20248","0.02414","0.02414","-0.43018","-0.43018","1.00000","1.00000","1.00000","1.00000","","","","-0.00002"
"1203","RCC","1","1","5","3","-1","-8","1","0","0","raw_fallback","2","one_or_fewer_classes","0","0","0","0.07002","0.07002","-0.01662","-0.01662","0.00466","0.00466","-0.05808","-0.05808","1.00000","1.00000","1.00000","1.00000","","","","-0.00002"
"1204","CLT","1","1","5","3","-1","-8","0","0","0","raw_fallback","1","raw_gate_impossible","0","0","0","0.08925","0.08925","-0.02086","-0.02086","0.00000","0.00000","-0.06840","-0.06840","1.00000","1.00000","1.00000","1.00000","","","","-0.00001"
"1205","ANG","3","3","3","3","-1","-8","1","0","0","raw_fallback","4","no_valid_candidate","7","0","0","0.57983","0.57983","-0.10671","-0.10671","-0.06121","-0.06121","-0.41195","-0.41195","1.00000","1.00000","1.00000","1.00000","","","","-0.00004"
"1206","SCL","1","1","5","3","-1","-8","0","0","0","raw_fallback","1","raw_gate_impossible","0","0","0","0.06244","0.06244","-0.02564","-0.02564","0.00000","0.00000","-0.03681","-0.03681","1.00000","1.00000","1.00000","1.00000","","","","-0.00001"
"1207","GNV","3","3","3","3","-1","-8","1","0","0","raw_fallback","5","no_gate_candidate","7","3","0","0.51037","0.51037","-0.22638","-0.22638","-0.05926","-0.05926","-0.22478","-0.22478","1.00000","1.00000","1.00000","1.00000","","","","-0.00005"
"1208","SAV","10","10","3","3","-1","-8","1","0","0","raw_fallback","5","no_gate_candidate","7","6","0","0.64658","0.64658","0.01265","0.01265","0.17126","0.17126","-0.83063","-0.83063","1.00000","1.00000","1.00000","1.00000","","","","-0.00014"
"1209","DAM","2","1","5","3","-1","-8","0","0","0","raw_fallback","1","raw_gate_impossible","0","0","0","-0.00006","-0.00006","-0.00008","-0.00008","0.00000","0.00000","0.00014","0.00014","1.00000","1.00000","1.00000","1.00000","","","","0.00000"
"1210","ENN","6","6","5","3","-1","-8","0","0","0","raw_fallback","1","raw_gate_impossible","0","0","0","-0.04410","-0.04410","0.00541","0.00541","0.00000","0.00000","0.03869","0.03869","1.00000","1.00000","1.00000","1.00000","","","","0.00000"
"1211","DBE","4","3","5","3","-1","-8","0","0","0","raw_fallback","1","raw_gate_impossible","0","0","0","-0.05279","-0.05279","-0.00361","-0.00361","0.00000","0.00000","0.05639","0.05639","1.00000","1.00000","1.00000","1.00000","","","","-0.00001"
"1213","ETH","45","29","3","3","1","1","1","1","2","improvement_l2","0","none","11","9","2","-0.20961","-0.00020","-0.19069","0.00004","0.16935","0.00005","0.23068","0.00010","6.74233","4.14538","0.92816","0.17629","0.99964","0.20001","-0.00012","-0.00027"
"1215","MED","6","6","5","3","-1","-8","0","0","0","raw_fallback","1","raw_gate_impossible","0","0","0","-0.11077","-0.11077","-0.00077","-0.00077","0.00000","0.00000","0.11150","0.11150","1.00000","1.00000","1.00000","1.00000","","","","-0.00004"
"1218","AFA","9","9","5","3","-1","-8","0","0","0","raw_fallback","1","raw_gate_impossible","0","0","0","-0.12355","-0.12355","-0.01488","-0.01488","0.00000","0.00000","0.13838","0.13838","1.00000","1.00000","1.00000","1.00000","","","","-0.00005"
"1221","BLE","3","3","5","3","-1","-8","0","0","0","raw_fallback","1","raw_gate_impossible","0","0","0","0.03264","0.03264","-0.02620","-0.02620","0.00000","0.00000","-0.00644","-0.00644","1.00000","1.00000","1.00000","1.00000","","","","0.00000"
"1222","DHK","1","1","5","3","-1","-8","0","0","0","raw_fallback","1","raw_gate_impossible","0","0","0","0.03737","0.03737","-0.02383","-0.02383","0.00000","0.00000","-0.01356","-0.01356","1.00000","1.00000","1.00000","1.00000","","","","-0.00002"
"1224","DAW","2","2","3","3","-1","-8","1","0","0","raw_fallback","4","no_valid_candidate","3","0","0","-0.02687","-0.02687","0.01577","0.01577","0.00305","0.00305","0.00803","0.00803","1.00000","1.00000","1.00000","1.00000","","","","-0.00002"
"1225","HDY","3","3","5","3","-1","-8","0","0","0","raw_fallback","1","raw_gate_impossible","0","0","0","-0.01350","-0.01350","0.00448","0.00448","0.00000","0.00000","0.00899","0.00899","1.00000","1.00000","1.00000","1.00000","","","","-0.00003"
"1226","IFA","37","37","5","3","-1","-8","0","0","0","raw_fallback","1","raw_gate_impossible","0","0","0","-0.76166","-0.76166","0.27367","0.27367","0.00000","0.00000","0.48779","0.48779","1.00000","1.00000","1.00000","1.00000","","","","-0.00020"
"1227","HRL","1","1","5","3","-1","-8","0","0","0","raw_fallback","1","raw_gate_impossible","0","0","0","0.05576","0.05576","-0.00909","-0.00909","0.00000","0.00000","-0.04667","-0.04667","1.00000","1.00000","1.00000","1.00000","","","","0.00000"
"1230","AJU","28","28","3","3","-2","1","1","1","2","improvement_l2","0","none","11","7","1","0.03573","0.01878","-0.14014","-0.11372","0.07238","0.07090","0.03181","0.02405","0.00000","8.78522","0.99295","0.75302","0.23233","0.01316","-0.00005","-0.00022"
"1232","MDI","1","1","5","3","-1","-8","1","0","0","raw_fallback","2","one_or_fewer_classes","0","0","0","0.29721","0.29721","-0.40846","-0.40846","0.42169","0.42169","-0.31047","-0.31047","1.00000","1.00000","1.00000","1.00000","","","","-0.00003"
"1233","WAR","6","6","5","3","-1","-8","0","0","0","raw_fallback","1","raw_gate_impossible","0","0","0","-0.01293","-0.01293","-0.02280","-0.02280","0.00000","0.00000","0.03566","0.03566","1.00000","1.00000","1.00000","1.00000","","","","-0.00007"
"1234","TDE","4","4","5","3","-1","-8","0","0","0","raw_fallback","1","raw_gate_impossible","0","0","0","-0.02686","-0.02686","-0.01059","-0.01059","0.00000","0.00000","0.03740","0.03740","1.00000","1.00000","1.00000","1.00000","","","","-0.00005"
"1235","ABW","3","3","3","3","-1","-8","1","0","0","raw_fallback","5","no_gate_candidate","7","1","0","0.06457","0.06457","-0.14944","-0.14944","0.00195","0.00195","0.08290","0.08290","1.00000","1.00000","1.00000","1.00000","","","","-0.00002"
"1236","ALO","19","19","3","3","-2","-8","1","0","0","raw_fallback","5","no_gate_candidate","11","7","0","0.15376","0.15376","-0.92103","-0.92103","0.21784","0.21784","0.54917","0.54917","1.00000","1.00000","1.00000","1.00000","","","","-0.00026"
"1237","MAK","16","16","3","3","-2","-8","1","0","0","raw_fallback","5","no_gate_candidate","11","5","0","1.00080","1.00080","-1.20174","-1.20174","0.22821","0.22821","-0.02745","-0.02745","1.00000","1.00000","1.00000","1.00000","","","","-0.00018"
"1238","BQL","3","3","5","3","-1","-8","0","0","0","raw_fallback","1","raw_gate_impossible","0","0","0","0.15728","0.15728","-0.03625","-0.03625","0.00000","0.00000","-0.12106","-0.12106","1.00000","1.00000","1.00000","1.00000","","","","-0.00003"
"1239","BZN","3","3","3","3","-1","-8","1","0","0","raw_fallback","5","no_gate_candidate","3","2","0","0.69107","0.69107","-0.31562","-0.31562","0.00304","0.00304","-0.37850","-0.37850","1.00000","1.00000","1.00000","1.00000","","","","-0.00001"
"1240","JRN","3","3","5","3","-1","-8","0","0","0","raw_fallback","1","raw_gate_impossible","0","0","0","0.51371","0.51371","-0.19144","-0.19144","0.00000","0.00000","-0.32227","-0.32227","1.00000","1.00000","1.00000","1.00000","","","","0.00000"
"1241","NQS","1","1","5","3","-1","-8","0","0","0","raw_fallback","1","raw_gate_impossible","0","0","0","0.17726","0.17726","-0.06637","-0.06637","0.00000","0.00000","-0.11088","-0.11088","1.00000","1.00000","1.00000","1.00000","","","","0.00001"
"1242","QTA","2","2","5","3","-1","-8","0","0","0","raw_fallback","1","raw_gate_impossible","0","0","0","0.38470","0.38470","-0.18218","-0.18218","0.00000","0.00000","-0.20252","-0.20252","1.00000","1.00000","1.00000","1.00000","","","","0.00000"
"1243","DAJ","25","17","3","3","-2","-8","1","0","0","raw_fallback","5","no_gate_candidate","11","3","0","0.21741","0.21741","-0.16404","-0.16404","0.00670","0.00670","-0.13139","-0.13139","1.00000","1.00000","1.00000","1.00000","","","","-0.07132"
"1250","ANR","1","1","5","3","-1","-8","0","0","0","raw_fallback","1","raw_gate_impossible","0","0","0","0.28774","0.28774","-0.11708","-0.11708","0.00000","0.00000","-0.17067","-0.17067","1.00000","1.00000","1.00000","1.00000","","","","-0.00001"
"1251","ARA","85","72","3","3","-2","-8","1","0","0","raw_fallback","5","no_gate_candidate","11","8","0","5.00887","5.00887","0.31776","0.31776","4.31185","4.31185","-9.63932","-9.63932","1.00000","1.00000","1.00000","1.00000","","","","-0.00084"
"1252","CAS","244","243","3","3","-2","1","1","1","2","improvement_l2","0","none","11","7","2","7.27732","6.05597","1.87878","0.89128","10.84172","10.39775","-20.00041","-17.34691","0.08899","0.00000","1.02567","3.78943","0.21668","1.32627","-0.00041","-0.00259"
"1255","GRA","18","18","3","3","-2","-1","1","1","2","improvement_l2","0","none","11","5","1","1.30128","0.61815","-0.07061","0.01912","1.81859","1.60251","-3.04951","-2.23732","0.00000","131.57698","1.12744","0.00000","0.41184","0.44081","-0.00004","-0.00025"
"1257","MLL","9","9","3","3","-2","1","1","1","2","improvement_l2","0","none","11","4","1","0.16580","0.03703","-0.34650","-0.27495","1.39564","1.38483","-1.21505","-1.14666","0.00000","11.05436","0.00000","1.45760","0.26183","0.06986","-0.00003","-0.00011"
"1258","NAV","10","10","3","3","-1","-8","1","0","0","raw_fallback","5","no_gate_candidate","7","7","0","0.78868","0.78868","0.28361","0.28361","0.61922","0.61922","-1.69162","-1.69162","1.00000","1.00000","1.00000","1.00000","","","","-0.00011"
"1259","POR","67","67","3","3","-2","-8","1","0","0","raw_fallback","5","no_gate_candidate","11","7","0","2.30676","2.30676","0.93899","0.93899","1.29398","1.29398","-4.54049","-4.54049","1.00000","1.00000","1.00000","1.00000","","","","-0.00076"
"1261","DLH","369","129","3","3","1","1","1","1","2","improvement_l2","0","none","11","8","4","-34.80238","-0.00241","-6.37232","-0.00105","12.20801","-0.00010","28.96388","0.03889","0.58885","6.38205","0.91183","0.04093","0.99992","20.58566","-0.00232","-0.00281"
"1262","HSL","47","47","3","3","-2","1","1","1","2","improvement_l2","0","none","11","7","1","-0.31335","-0.00037","-3.06880","-1.28123","0.45393","0.00309","2.92745","1.27849","5.30291","7.54499","0.93652","0.00000","0.78450","1.05011","-0.00009","-0.00077"
"1263","SMV","7","7","3","3","-2","1","1","1","2","improvement_l2","0","none","11","3","1","0.94459","0.88172","-1.34134","-1.14145","1.97187","1.80537","-1.57534","-1.54589","0.00000","1.42973","0.98333","0.00000","0.07965","0.11465","-0.00022","-0.00022"
"1264","VIJ","36","35","3","3","1","1","1","1","2","improvement_l2","0","none","11","7","4","0.14540","-0.00041","-0.80951","0.00021","0.84464","-0.00008","-0.18119","-0.00006","0.42048","3.66102","0.87700","0.56402","0.99954","0.49507","-0.00007","-0.00066"
"1265","MAB","26","22","3","3","-2","1","1","1","2","improvement_l2","0","none","11","5","1","1.91876","1.80313","-3.89169","-3.81641","3.10762","2.40267","-1.13505","-0.38951","0.00000","2.18966","0.94213","4.00804","0.24078","0.41027","-0.00010","-0.00036"
"1266","TNK","4","4","3","3","-1","-8","1","0","0","raw_fallback","5","no_gate_candidate","7","2","0","1.08475","1.08475","-0.06749","-0.06749","-0.53985","-0.53985","-0.47755","-0.47755","1.00000","1.00000","1.00000","1.00000","","","","-0.00014"
"1267","RDY","18","18","3","3","-2","1","1","1","2","improvement_l2","0","none","11","5","1","-0.66169","-0.22876","-2.61255","0.83173","2.46518","-1.37907","0.80875","0.78536","3.13937","527.33333","0.83096","0.00000","0.45012","0.83046","-0.00021","-0.00031"
"1268","YDR","9","4","3","3","-1","-8","1","0","0","raw_fallback","5","no_gate_candidate","7","3","0","0.43051","0.43051","-0.32170","-0.32170","-0.00453","-0.00453","-0.10433","-0.10433","1.00000","1.00000","1.00000","1.00000","","","","-0.00005"
"1269","ZMR","2","2","3","3","-1","-8","1","0","0","raw_fallback","5","no_gate_candidate","3","1","0","0.97494","0.97494","-0.09526","-0.09526","-0.43049","-0.43049","-0.44931","-0.44931","1.00000","1.00000","1.00000","1.00000","","","","-0.00012"
"1270","KLT","2","2","3","3","-1","1","1","1","2","improvement_l2","0","none","3","2","2","0.24311","0.04234","0.06632","0.00590","0.03199","-0.00821","-0.34144","-0.03929","0.00000","0.00000","0.16045","90.36070","0.84246","0.14686","-0.00002","-0.00002"
"1271","PDU","2","2","5","3","-1","-8","0","0","0","raw_fallback","1","raw_gate_impossible","0","0","0","0.12999","0.12999","-0.16016","-0.16016","0.00000","0.00000","0.03014","0.03014","1.00000","1.00000","1.00000","1.00000","","","","-0.00003"
"1272","VND","4","4","3","3","-1","1","1","1","2","improvement_l2","0","none","7","5","1","-0.03489","0.00729","0.20629","0.18073","0.02981","0.00331","-0.20130","-0.19137","0.00000","0.44397","0.95465","1.05172","0.46340","0.02240","-0.00008","-0.00009"
"1273","KTN","1","1","5","3","-1","-8","1","0","0","raw_fallback","2","one_or_fewer_classes","0","0","0","0.26349","0.26349","-0.04696","-0.04696","0.01244","0.01244","-0.22898","-0.22898","1.00000","1.00000","1.00000","1.00000","","","","-0.00001"
"1274","KDU","2","2","3","3","-1","-8","1","0","0","raw_fallback","5","no_gate_candidate","3","2","0","-0.17661","-0.17661","0.06390","0.06390","0.00186","0.00186","0.11083","0.11083","1.00000","1.00000","1.00000","1.00000","","","","-0.00002"
"1275","KYA","1","1","5","3","-1","-8","1","0","0","raw_fallback","2","one_or_fewer_classes","0","0","0","0.27659","0.27659","0.00731","0.00731","0.01015","0.01015","-0.29407","-0.29407","1.00000","1.00000","1.00000","1.00000","","","","-0.00002"
"1276","VLD","2","2","3","3","-1","-8","1","0","0","raw_fallback","5","no_gate_candidate","3","3","0","0.04150","0.04150","0.09142","0.09142","0.02788","0.02788","-0.16081","-0.16081","1.00000","1.00000","1.00000","1.00000","","","","-0.00001"
"1277","ELA","1","1","5","3","-1","-8","0","0","0","raw_fallback","1","raw_gate_impossible","0","0","0","0.02330","0.02330","0.01674","0.01674","0.00000","0.00000","-0.04005","-0.04005","1.00000","1.00000","1.00000","1.00000","","","","-0.00001"
"1278","TKU","2","2","5","3","-1","-8","0","0","0","raw_fallback","1","raw_gate_impossible","0","0","0","0.28072","0.28072","0.11088","0.11088","0.00000","0.00000","-0.39163","-0.39163","1.00000","1.00000","1.00000","1.00000","","","","-0.00003"
"1279","VDK","1","1","5","3","-1","-8","0","0","0","raw_fallback","1","raw_gate_impossible","0","0","0","0.03852","0.03852","0.02136","0.02136","0.00000","0.00000","-0.05989","-0.05989","1.00000","1.00000","1.00000","1.00000","","","","-0.00001"
"1280","ALU","5","5","3","3","-2","1","1","1","2","improvement_l2","0","none","11","7","4","-0.04232","-0.00491","-0.13760","-0.01340","0.09051","0.04344","0.08938","-0.02448","36.97547","0.00000","0.87538","0.43127","0.75620","0.06821","-0.00009","-0.00003"
"1281","STR","1","1","5","3","-1","-8","0","0","0","raw_fallback","1","raw_gate_impossible","0","0","0","0.29272","0.29272","-0.10155","-0.10155","0.00000","0.00000","-0.19117","-0.19117","1.00000","1.00000","1.00000","1.00000","","","","0.00000"
"1282","KPL","10","10","3","3","-2","1","1","1","2","improvement_l2","0","none","11","6","2","-0.21452","-0.14473","0.22930","0.18190","0.05944","-0.01001","-0.07437","-0.02720","2.41049","0.00000","0.39396","0.94288","0.49947","0.05345","-0.00004","-0.00015"
"1283","MSN","20","20","3","3","-2","1","1","1","2","improvement_l2","0","none","11","10","1","-1.27974","-0.36710","-0.58065","-0.19624","0.39292","-0.01943","1.46723","0.58292","7.00614","15.68442","0.83482","0.00000","0.73209","0.63872","-0.00007","-0.00024"
"1284","RCH","15","15","3","3","-1","-8","1","0","0","raw_fallback","5","no_gate_candidate","7","6","0","-0.83950","-0.83950","0.01082","0.01082","0.24291","0.24291","0.58546","0.58546","1.00000","1.00000","1.00000","1.00000","","","","-0.00031"
"1285","ORI","21","21","3","3","-2","1","1","1","2","improvement_l2","0","none","11","10","1","-3.08085","-0.16112","1.20515","0.18935","1.54487","-0.02366","0.33035","-0.00511","5.29407","0.00000","0.82732","1.02030","0.93994","1.44552","-0.00041","-0.00048"
"1286","KNK","2","2","3","3","-1","-8","1","0","0","raw_fallback","5","no_gate_candidate","3","1","0","0.09148","0.09148","-0.05005","-0.05005","-0.00358","-0.00358","-0.03785","-0.03785","1.00000","1.00000","1.00000","1.00000","","","","0.00000"
"1287","BST","7","7","3","3","-2","1","1","1","2","improvement_l2","0","none","11","6","3","-0.19955","-0.03875","-0.03136","0.00383","0.03212","0.00049","0.19876","0.03470","6.19676","15.84000","0.55404","0.00000","0.87384","0.09602","-0.00006","-0.00003"
"1288","JPO","10","6","3","3","-2","1","1","1","2","improvement_l2","0","none","11","5","1","-0.07348","-0.05421","0.12623","0.09901","0.02499","0.01732","-0.07780","-0.06210","1.34685","0.00000","0.00000","2.11984","0.24672","0.01746","-0.00003","-0.00006"
"1289","BGL","3","3","3","3","-1","-8","1","0","0","raw_fallback","5","no_gate_candidate","3","2","0","-0.36571","-0.36571","0.09718","0.09718","0.00622","0.00622","0.26226","0.26226","1.00000","1.00000","1.00000","1.00000","","","","-0.00005"
"1290","CHD","11","11","3","3","1","1","1","1","2","improvement_l2","0","none","11","10","6","-0.10901","-0.00017","-0.06885","0.00002","0.01767","-0.00002","0.16013","0.00010","2.31053","5.42436","0.39294","0.69219","0.99932","0.08886","-0.00007","-0.00006"
"1291","BGR","3","3","3","3","-1","-8","1","0","0","raw_fallback","5","no_gate_candidate","7","5","0","-0.03626","-0.03626","-0.10478","-0.10478","-0.00883","-0.00883","0.14980","0.14980","1.00000","1.00000","1.00000","1.00000","","","","-0.00007"
"1292","WRG","3","3","3","3","-1","-8","1","0","0","raw_fallback","5","no_gate_candidate","7","3","0","0.26342","0.26342","-0.15391","-0.15391","0.00188","0.00188","-0.11145","-0.11145","1.00000","1.00000","1.00000","1.00000","","","","-0.00006"
"1293","GOA","2","2","3","3","-1","-8","1","0","0","raw_fallback","4","no_valid_candidate","3","0","0","0.13817","0.13817","-0.05656","-0.05656","0.09154","0.09154","-0.17327","-0.17327","1.00000","1.00000","1.00000","1.00000","","","","-0.00012"
"1294","HNV","1","1","5","3","-1","-8","1","0","0","raw_fallback","2","one_or_fewer_classes","0","0","0","0.38728","0.38728","-0.18854","-0.18854","0.02194","0.02194","-0.22069","-0.22069","1.00000","1.00000","1.00000","1.00000","","","","-0.00001"
"1295","DRP","1","1","5","3","-1","-8","0","0","0","raw_fallback","1","raw_gate_impossible","0","0","0","0.09086","0.09086","0.05553","0.05553","0.00000","0.00000","-0.14641","-0.14641","1.00000","1.00000","1.00000","1.00000","","","","-0.00002"
"1296","JWR","1","1","5","3","-1","-8","0","0","0","raw_fallback","1","raw_gate_impossible","0","0","0","-0.00596","-0.00596","0.01946","0.01946","0.00000","0.00000","-0.01351","-0.01351","1.00000","1.00000","1.00000","1.00000","","","","-0.00001"
"1297","DGR","2","2","3","3","-1","-8","1","0","0","raw_fallback","5","no_gate_candidate","3","3","0","0.03684","0.03684","0.00718","0.00718","0.02463","0.02463","-0.06866","-0.06866","1.00000","1.00000","1.00000","1.00000","","","","-0.00001"
"1298","MEW","6","6","3","3","-1","-8","1","0","0","raw_fallback","5","no_gate_candidate","3","3","0","-2.38623","-2.38623","0.59476","0.59476","0.05463","0.05463","1.73671","1.73671","1.00000","1.00000","1.00000","1.00000","","","","-0.00013"
"1299","IDR","1","1","5","3","-1","-8","0","0","0","raw_fallback","1","raw_gate_impossible","0","0","0","0.07396","0.07396","0.09166","0.09166","0.00000","0.00000","-0.16567","-0.16567","1.00000","1.00000","1.00000","1.00000","","","","-0.00005"
"1300","JLR","7","7","3","3","-2","1","1","1","2","improvement_l2","0","none","11","4","2","-2.54267","-1.06688","0.71511","0.36260","0.04025","-0.00561","1.78723","0.70998","8.02189","0.00000","1.12751","0.00000","0.63418","0.73505","-0.00004","-0.00008"
"1301","CMN","4","4","3","3","-1","-8","1","0","0","raw_fallback","4","no_valid_candidate","7","0","0","0.68314","0.68314","-0.08707","-0.08707","-0.09576","-0.09576","-0.50039","-0.50039","1.00000","1.00000","1.00000","1.00000","","","","-0.00008"
"1302","RJI","1","1","5","3","-1","-8","0","0","0","raw_fallback","1","raw_gate_impossible","0","0","0","-0.03782","-0.03782","0.07357","0.07357","0.00000","0.00000","-0.03577","-0.03577","1.00000","1.00000","1.00000","1.00000","","","","-0.00002"
"1303","KUT","7","5","3","3","-1","1","1","1","2","improvement_l2","0","none","7","7","4","-2.06035","-0.85276","0.80300","0.52517","0.05735","-0.02661","1.19990","0.35411","11.46767","0.74695","0.00000","0.01478","0.54331","0.59051","-0.00014","-0.00010"
"1304","SMA","25","20","3","3","-2","1","1","1","2","improvement_l2","0","none","11","4","3","-1.40593","-0.31405","0.21428","-0.05657","0.11784","0.02679","1.07361","0.34442","17.67169","2.81721","0.00000","0.00000","0.74125","0.51745","-0.00003","-0.00020"
"1305","SND","18","18","3","3","-2","1","1","1","2","improvement_l2","0","none","11","5","3","-2.57194","-0.45000","0.27985","0.02497","0.04253","-0.00001","2.24926","0.42518","10.69456","1.71051","0.95365","0.00000","0.88649","1.06087","-0.00004","-0.00030"
"1306","RNP","1","1","5","3","-1","-8","1","0","0","raw_fallback","2","one_or_fewer_classes","0","0","0","-0.02165","-0.02165","0.02246","0.02246","0.01300","0.01300","-0.01382","-0.01382","1.00000","1.00000","1.00000","1.00000","","","","-0.00001"
"1307","GHL","2","2","3","3","-1","-8","1","0","0","raw_fallback","5","no_gate_candidate","3","2","0","0.22538","0.22538","-0.39948","-0.39948","-0.00309","-0.00309","0.17714","0.17714","1.00000","1.00000","1.00000","1.00000","","","","-0.00005"
"1308","PLT","2","2","5","3","-1","-8","0","0","0","raw_fallback","1","raw_gate_impossible","0","0","0","0.10929","0.10929","-0.02958","-0.02958","0.00000","0.00000","-0.07975","-0.07975","1.00000","1.00000","1.00000","1.00000","","","","-0.00004"
"1309","JNG","6","6","3","3","-1","1","1","1","2","improvement_l2","0","none","7","6","2","-0.19536","0.05665","-0.31086","-0.19265","-0.05246","0.00208","0.55852","0.13379","0.00000","3.54967","1.22725","0.12974","0.70270","0.18299","-0.00009","-0.00016"
"1310","BHD","1","1","5","3","-1","-8","1","0","0","raw_fallback","2","one_or_fewer_classes","0","0","0","0.17400","0.17400","-0.18799","-0.18799","-0.00376","-0.00376","0.01772","0.01772","1.00000","1.00000","1.00000","1.00000","","","","-0.00003"
"1311","JLW","2","2","3","3","-1","-8","1","0","0","raw_fallback","5","no_gate_candidate","3","1","0","-0.49267","-0.49267","-0.01743","-0.01743","0.01191","0.01191","0.49815","0.49815","1.00000","1.00000","1.00000","1.00000","","","","-0.00004"
"1312","MRW","3","3","3","3","-1","-8","1","0","0","raw_fallback","5","no_gate_candidate","3","2","0","-0.07445","-0.07445","-0.00827","-0.00827","0.01776","0.01776","0.06496","0.06496","1.00000","1.00000","1.00000","1.00000","","","","0.00000"
"1313","HAD","3","3","3","3","-1","-8","1","0","0","raw_fallback","5","no_gate_candidate","7","1","0","0.55505","0.55505","-0.31968","-0.31968","-0.00333","-0.00333","-0.23212","-0.23212","1.00000","1.00000","1.00000","1.00000","","","","-0.00008"
"1314","JSL","4","4","3","3","-2","-8","1","0","0","raw_fallback","5","no_gate_candidate","11","4","0","0.03514","0.03514","-0.01260","-0.01260","0.01745","0.01745","-0.04005","-0.04005","1.00000","1.00000","1.00000","1.00000","","","","-0.00006"
"1315","PGL","1","1","5","3","-1","-8","0","0","0","raw_fallback","1","raw_gate_impossible","0","0","0","0.02751","0.02751","-0.00019","-0.00019","0.00000","0.00000","-0.02732","-0.02732","1.00000","1.00000","1.00000","1.00000","","","","0.00000"
"1316","KLI","1","1","5","3","-1","-8","0","0","0","raw_fallback","1","raw_gate_impossible","0","0","0","0.17789","0.17789","-0.04865","-0.04865","0.00000","0.00000","-0.12925","-0.12925","1.00000","1.00000","1.00000","1.00000","","","","-0.00001"
"1317","SHR","1","1","5","3","-1","-8","0","0","0","raw_fallback","1","raw_gate_impossible","0","0","0","0.18017","0.18017","-0.03501","-0.03501","0.00001","0.00001","-0.14520","-0.14520","1.00000","1.00000","1.00000","1.00000","","","","-0.00003"
"1318","DRW","2","2","3","3","-1","-8","1","0","0","raw_fallback","5","no_gate_candidate","3","2","0","0.16743","0.16743","-0.08782","-0.08782","0.00216","0.00216","-0.08180","-0.08180","1.00000","1.00000","1.00000","1.00000","","","","-0.00003"
"1319","BWL","1","1","5","3","-1","-8","1","0","0","raw_fallback","2","one_or_fewer_classes","0","0","0","0.03884","0.03884","0.01024","0.01024","0.00170","0.00170","-0.05079","-0.05079","1.00000","1.00000","1.00000","1.00000","","","","-0.00001"
"1320","JHI","3","3","3","3","-1","-8","1","0","0","raw_fallback","4","no_valid_candidate","7","0","0","0.01640","0.01640","-0.01811","-0.01811","0.00276","0.00276","-0.00110","-0.00110","1.00000","1.00000","1.00000","1.00000","","","","-0.00005"
"1321","GDA","5","5","3","3","-2","-8","1","0","0","raw_fallback","5","no_gate_candidate","11","5","0","-0.36663","-0.36663","-0.18223","-0.18223","0.08254","0.08254","0.46627","0.46627","1.00000","1.00000","1.00000","1.00000","","","","-0.00005"
"1322","PNA","1","1","5","3","-1","-8","1","0","0","raw_fallback","2","one_or_fewer_classes","0","0","0","0.02921","0.02921","0.00669","0.00669","0.00240","0.00240","-0.03830","-0.03830","1.00000","1.00000","1.00000","1.00000","","","","0.00000"
"1323","BHA","2","2","3","3","-1","-8","1","0","0","raw_fallback","5","no_gate_candidate","3","3","0","0.57672","0.57672","-0.28355","-0.28355","0.02154","0.02154","-0.31473","-0.31473","1.00000","1.00000","1.00000","1.00000","","","","-0.00002"
"1324","DOG","3","3","3","3","-1","-8","1","0","0","raw_fallback","4","no_valid_candidate","7","0","0","0.02020","0.02020","-0.01093","-0.01093","0.00761","0.00761","-0.01689","-0.01689","1.00000","1.00000","1.00000","1.00000","","","","-0.00001"
"1325","DHU","4","4","3","3","-1","-8","1","0","0","raw_fallback","5","no_gate_candidate","7","5","0","0.61831","0.61831","-0.91043","-0.91043","1.19672","1.19672","-0.90479","-0.90479","1.00000","1.00000","1.00000","1.00000","","","","-0.00019"
"1326","GWA","3","2","3","3","-1","-8","1","0","0","raw_fallback","5","no_gate_candidate","3","3","0","-0.35601","-0.35601","0.29045","0.29045","1.01530","1.01530","-0.94979","-0.94979","1.00000","1.00000","1.00000","1.00000","","","","-0.00005"
"1327","JJK","2","2","3","3","-1","-8","1","0","0","raw_fallback","5","no_gate_candidate","3","2","0","2.06428","2.06428","0.86916","0.86916","-1.52205","-1.52205","-1.41144","-1.41144","1.00000","1.00000","1.00000","1.00000","","","","-0.00005"
"1328","BND","10","10","3","3","1","1","1","1","2","improvement_l2","0","none","11","10","7","-0.67590","-0.00008","0.22326","-0.00001","0.14529","-0.00003","0.30724","0.00001","3.82430","0.35843","0.13183","1.50174","0.99992","0.33790","-0.00009","-0.00011"
"1329","BGK","10","10","3","3","-2","1","1","1","2","improvement_l2","0","none","11","4","1","-1.75811","-0.65945","0.46583","0.26953","0.09995","-0.01479","1.19225","0.40514","14.96341","0.00000","0.29681","0.00000","0.63973","0.54184","-0.00008","-0.00008"
"1330","MAU","1","1","5","3","-1","-8","1","0","0","raw_fallback","2","one_or_fewer_classes","0","0","0","0.16160","0.16160","-0.03503","-0.03503","0.03167","0.03167","-0.15823","-0.15823","1.00000","1.00000","1.00000","1.00000","","","","0.00001"
"1331","KHR","2","2","3","3","-1","1","1","1","2","improvement_l2","0","none","3","2","1","-0.09403","-0.04283","0.02194","0.00445","0.00852","0.00503","0.06349","0.03338","2.36249","0.00000","0.00000","0.00000","0.55712","0.02558","-0.00001","-0.00008"
"1332","GHR","9","9","3","3","-2","1","1","1","2","improvement_l2","0","none","11","6","2","0.19459","0.13055","-0.46464","-0.32143","0.05291","-0.00577","0.21710","0.19670","0.00000","21.77298","0.37819","0.73614","0.40562","0.06870","-0.00007","-0.00004"
"1333","RTP","18","18","3","3","1","1","1","1","2","improvement_l2","0","none","11","8","2","-0.07468","-0.00012","-0.04656","0.00008","0.07370","0.00003","0.04745","0.00004","1.13445","6.55997","0.30857","1.14040","0.99938","0.06055","-0.00011","-0.00009"
"1334","BAD","7","7","3","3","-2","-8","1","0","0","raw_fallback","5","no_gate_candidate","11","7","0","-0.26626","-0.26626","0.44372","0.44372","0.02604","0.02604","-0.20359","-0.20359","1.00000","1.00000","1.00000","1.00000","","","","-0.00009"
"1335","NRS","1","1","5","3","-1","-8","1","0","0","raw_fallback","2","one_or_fewer_classes","0","0","0","0.17363","0.17363","-0.00925","-0.00925","0.00381","0.00381","-0.16821","-0.16821","1.00000","1.00000","1.00000","1.00000","","","","-0.00002"
"1336","KJA","5","5","3","3","-1","1","1","1","2","improvement_l2","0","none","7","7","2","-0.12753","0.02999","-0.06282","-0.03751","0.02520","0.00017","0.16514","0.00743","0.00000","8.01488","0.54281","0.51176","0.77896","0.07640","-0.00006","-0.00001"
"1337","PTN","11","11","3","3","-1","1","1","1","2","improvement_l2","0","none","7","6","1","-0.78979","-0.58480","-0.02944","-0.00841","0.13686","-0.07661","0.68228","0.67000","1.86090","0.00000","0.00000","3.00428","0.35749","0.07463","-0.00005","-0.00009"
"1338","PRT","1","1","5","3","-1","-8","0","0","0","raw_fallback","1","raw_gate_impossible","0","0","0","0.05640","0.05640","0.03440","0.03440","0.00000","0.00000","-0.09080","-0.09080","1.00000","1.00000","1.00000","1.00000","","","","0.00000"
"1339","KLH","4","4","3","3","-1","-8","1","0","0","raw_fallback","5","no_gate_candidate","7","5","0","-0.09194","-0.09194","-0.11084","-0.11084","0.05315","0.05315","0.14960","0.14960","1.00000","1.00000","1.00000","1.00000","","","","-0.00003"
"1340","SRG","7","6","3","3","-2","1","1","1","2","improvement_l2","0","none","11","6","4","-1.56208","-0.00444","0.18992","-0.00403","0.10356","0.00005","1.26859","0.00889","31.31804","0.05793","0.94804","0.00000","0.99189","0.77667","-0.00009","-0.00001"
"1341","PLA","1","1","5","3","-1","-8","1","0","0","raw_fallback","2","one_or_fewer_classes","0","0","0","0.16868","0.16868","-0.04617","-0.04617","0.00033","0.00033","-0.12286","-0.12286","1.00000","1.00000","1.00000","1.00000","","","","-0.00002"
"1342","BNA","2","2","3","3","-1","-8","1","0","0","raw_fallback","5","no_gate_candidate","3","1","0","0.23322","0.23322","-0.09782","-0.09782","0.00860","0.00860","-0.14401","-0.14401","1.00000","1.00000","1.00000","1.00000","","","","-0.00001"
"1343","MJU","3","3","3","3","-1","1","1","1","2","improvement_l2","0","none","7","7","2","0.13888","0.08903","-0.01563","0.00712","0.01290","0.00527","-0.13617","-0.10142","0.83615","0.00000","0.80012","1.91443","0.43781","0.02518","-0.00005","-0.00002"
"1344","DBD","21","20","3","3","1","1","1","1","2","improvement_l2","0","none","11","8","2","-0.80900","-0.00016","-0.08556","-0.00017","0.18826","-0.00003","0.70609","0.00011","6.58229","1.37502","0.86285","0.08704","0.99954","0.44714","-0.00009","-0.00021"
"1345","JFN","4","4","3","3","-1","1","1","1","2","improvement_l2","0","none","7","7","2","0.16817","0.00661","-0.02956","-0.00763","0.01970","-0.00338","-0.15833","0.00444","0.00000","0.08187","0.51566","13.11150","0.87545","0.08842","-0.00004","-0.00002"
"1346","NAG","1","1","5","3","-1","-8","0","0","0","raw_fallback","1","raw_gate_impossible","0","0","0","0.02079","0.02079","-0.01424","-0.01424","0.00000","0.00000","-0.00657","-0.00657","1.00000","1.00000","1.00000","1.00000","","","","-0.00002"
"1347","SWT","15","13","3","3","-2","1","1","1","2","improvement_l2","0","none","11","6","1","-0.15907","-0.06633","-0.40506","-0.30637","0.00469","0.00003","0.55934","0.37265","7.04533","1.14359","0.00000","0.41358","0.53899","0.09570","-0.00015","-0.00010"
"1348","HNZ","3","3","5","3","-1","-8","0","0","0","raw_fallback","1","raw_gate_impossible","0","0","0","-0.03360","-0.03360","-0.00475","-0.00475","0.00000","0.00000","0.03833","0.03833","1.00000","1.00000","1.00000","1.00000","","","","-0.00002"
"1349","CTR","4","4","3","3","-2","-8","1","0","0","raw_fallback","4","no_valid_candidate","11","0","0","0.07538","0.07538","-0.05992","-0.05992","-0.02688","-0.02688","0.01139","0.01139","1.00000","1.00000","1.00000","1.00000","","","","-0.00003"
"1350","CRL","2","1","5","3","-1","-8","0","0","0","raw_fallback","1","raw_gate_impossible","0","0","0","0.01506","0.01506","-0.00652","-0.00652","0.00000","0.00000","-0.00855","-0.00855","1.00000","1.00000","1.00000","1.00000","","","","-0.00001"
"1351","GLI","8","5","3","3","-2","-8","1","0","0","raw_fallback","4","no_valid_candidate","11","0","0","0.15075","0.15075","-0.19710","-0.19710","0.03594","0.03594","0.01038","0.01038","1.00000","1.00000","1.00000","1.00000","","","","-0.00003"
"1352","KSH","9","9","3","3","-1","-8","1","0","0","raw_fallback","5","no_gate_candidate","7","7","0","-0.30542","-0.30542","-0.24669","-0.24669","0.43537","0.43537","0.11661","0.11661","1.00000","1.00000","1.00000","1.00000","","","","-0.00013"
"1353","RJR","2","2","3","3","-1","-8","1","0","0","raw_fallback","4","no_valid_candidate","3","0","0","0.02199","0.02199","-0.01149","-0.01149","-0.00651","-0.00651","-0.00401","-0.00401","1.00000","1.00000","1.00000","1.00000","","","","-0.00002"
"1354","PNC","1","1","5","3","-1","-8","0","0","0","raw_fallback","1","raw_gate_impossible","0","0","0","0.01264","0.01264","-0.00760","-0.00760","0.00000","0.00000","-0.00504","-0.00504","1.00000","1.00000","1.00000","1.00000","","","","0.00000"
"1355","CBH","1","1","5","3","-1","-8","0","0","0","raw_fallback","1","raw_gate_impossible","0","0","0","0.01325","0.01325","0.00252","0.00252","0.00000","0.00000","-0.01579","-0.01579","1.00000","1.00000","1.00000","1.00000","","","","-0.00002"
"1356","CAB","2","2","3","3","-1","-8","1","0","0","raw_fallback","4","no_valid_candidate","3","0","0","0.05075","0.05075","-0.01289","-0.01289","0.00612","0.00612","-0.04397","-0.04397","1.00000","1.00000","1.00000","1.00000","","","","0.00001"
"1357","LHL","2","2","3","3","-1","1","1","1","2","improvement_l2","0","none","3","1","1","0.07173","0.05595","-0.04004","-0.03430","-0.00430","0.00431","-0.02741","-0.02582","0.00000","0.00000","5.75646","0.00000","0.10669","0.00577","-0.00001","-0.00002"
"1358","KLU","2","2","5","3","-1","-8","0","0","0","raw_fallback","1","raw_gate_impossible","0","0","0","0.15767","0.15767","-0.03646","-0.03646","0.00000","0.00000","-0.12120","-0.12120","1.00000","1.00000","1.00000","1.00000","","","","0.00001"
"1359","KSW","4","4","3","3","-2","-8","1","0","0","raw_fallback","4","no_valid_candidate","11","0","0","0.10192","0.10192","-0.06362","-0.06362","-0.03300","-0.03300","-0.00533","-0.00533","1.00000","1.00000","1.00000","1.00000","","","","-0.00003"
"1360","SKT","3","3","3","3","-1","-8","1","0","0","raw_fallback","5","no_gate_candidate","7","2","0","0.02845","0.02845","0.00195","0.00195","0.00775","0.00775","-0.03818","-0.03818","1.00000","1.00000","1.00000","1.00000","","","","-0.00003"
"1361","BSP","1","1","5","3","-1","-8","0","0","0","raw_fallback","1","raw_gate_impossible","0","0","0","0.04125","0.04125","0.01993","0.01993","0.00000","0.00000","-0.06118","-0.06118","1.00000","1.00000","1.00000","1.00000","","","","0.00000"
"1362","KTL","1","1","5","3","-1","-8","1","0","0","raw_fallback","2","one_or_fewer_classes","0","0","0","0.01394","0.01394","0.00559","0.00559","0.00806","0.00806","-0.02760","-0.02760","1.00000","1.00000","1.00000","1.00000","","","","-0.00001"
"1363","KGR","2","2","3","3","-1","-8","1","0","0","raw_fallback","5","no_gate_candidate","3","1","0","0.15099","0.15099","-0.03528","-0.03528","-0.00183","-0.00183","-0.11390","-0.11390","1.00000","1.00000","1.00000","1.00000","","","","-0.00002"
"1364","NRP","2","2","3","3","-1","-8","1","0","0","raw_fallback","5","no_gate_candidate","3","1","0","-0.01200","-0.01200","0.00391","0.00391","0.00954","0.00954","-0.00145","-0.00145","1.00000","1.00000","1.00000","1.00000","","","","0.00000"
"1365","MAJ","32","32","3","3","-1","-8","1","0","0","raw_fallback","5","no_gate_candidate","7","5","0","7.22640","7.22640","2.86922","2.86922","0.85971","0.85971","-10.95583","-10.95583","1.00000","1.00000","1.00000","1.00000","","","","-0.00050"
"1366","BLI","3","3","3","3","-1","-8","1","0","0","raw_fallback","5","no_gate_candidate","7","5","0","0.64845","0.64845","0.12592","0.12592","0.03458","0.03458","-0.80900","-0.80900","1.00000","1.00000","1.00000","1.00000","","","","-0.00005"
"1367","SUN","17","17","3","3","-1","1","1","1","2","improvement_l2","0","none","7","6","1","-2.08327","-0.85870","1.08362","1.01065","0.81915","-0.13304","0.18027","-0.01917","4.96786","0.00000","0.66686","0.47355","0.59662","0.53621","-0.00011","-0.00023"
"1368","JMB","12","11","3","3","-2","-8","1","0","0","raw_fallback","5","no_gate_candidate","11","4","0","0.38848","0.38848","0.17401","0.17401","0.24712","0.24712","-0.80965","-0.80965","1.00000","1.00000","1.00000","1.00000","","","","-0.00004"
"1369","ATJ","6","6","5","3","-1","-8","0","0","0","raw_fallback","1","raw_gate_impossible","0","0","0","0.03673","0.03673","-0.00988","-0.00988","0.00000","0.00000","-0.02690","-0.02690","1.00000","1.00000","1.00000","1.00000","","","","-0.00005"
"1370","PSA","5","5","3","3","-1","-8","1","0","0","raw_fallback","5","no_gate_candidate","7","2","0","0.03133","0.03133","-0.08474","-0.08474","0.12508","0.12508","-0.07173","-0.07173","1.00000","1.00000","1.00000","1.00000","","","","-0.00006"
"1371","ARU","24","7","3","3","-2","-8","1","0","0","raw_fallback","4","no_valid_candidate","11","0","0","0.12175","0.12175","-0.07893","-0.07893","0.00499","0.00499","-0.04784","-0.04784","1.00000","1.00000","1.00000","1.00000","","","","-0.00003"
"1372","PNI","7","6","3","3","-2","-8","1","0","0","raw_fallback","4","no_valid_candidate","11","0","0","0.23340","0.23340","-0.09721","-0.09721","-0.00289","-0.00289","-0.13334","-0.13334","1.00000","1.00000","1.00000","1.00000","","","","-0.00004"
"1373","BUS","7","7","3","3","-2","-8","1","0","0","raw_fallback","4","no_valid_candidate","11","0","0","0.17476","0.17476","-0.09310","-0.09310","-0.00110","-0.00110","-0.08062","-0.08062","1.00000","1.00000","1.00000","1.00000","","","","-0.00006"
"1374","INR","6","6","3","3","-2","-8","1","0","0","raw_fallback","5","no_gate_candidate","11","3","0","0.59133","0.59133","-0.07841","-0.07841","0.07752","0.07752","-0.59045","-0.59045","1.00000","1.00000","1.00000","1.00000","","","","-0.00001"
"1375","SGT","8","8","3","3","-2","-1","1","1","2","improvement_l2","0","none","11","3","2","0.47484","0.25656","-0.17425","-0.08980","0.03837","-0.00342","-0.33895","-0.16301","0.00000","0.00000","0.63108","8.95731","0.59334","0.12837","-0.00003","0.00001"
"1376","PLB","40","29","3","3","-2","1","1","1","2","improvement_l2","0","none","11","8","2","0.24928","0.13631","-0.12053","-0.05288","0.31912","0.11187","-0.44800","-0.19504","0.00000","1.62243","2.73220","3.79728","0.55694","0.16018","-0.00004","-0.00013"
"1377","LGE","2","2","5","3","-1","-8","0","0","0","raw_fallback","1","raw_gate_impossible","0","0","0","0.07331","0.07331","-0.06698","-0.06698","0.00000","0.00000","-0.00634","-0.00634","1.00000","1.00000","1.00000","1.00000","","","","-0.00001"
"1378","TJP","16","14","3","3","-2","-8","1","0","0","raw_fallback","5","no_gate_candidate","11","1","0","-0.14225","-0.14225","0.05042","0.05042","0.06282","0.06282","0.02897","0.02897","1.00000","1.00000","1.00000","1.00000","","","","-0.00004"
"1379","NSR","13","8","3","3","-2","1","1","1","2","improvement_l2","0","none","11","2","2","-0.28404","0.01674","0.11217","0.07067","0.10051","-0.07153","0.07134","-0.01579","3.20526","0.00000","0.00000","6.68858","0.59432","0.09832","-0.00002","-0.00002"
"1380","KRP","8","7","5","3","-1","-8","0","0","0","raw_fallback","1","raw_gate_impossible","0","0","0","-0.00846","-0.00846","0.05955","0.05955","0.00000","0.00000","-0.05111","-0.05111","1.00000","1.00000","1.00000","1.00000","","","","-0.00002"
"1381","MRP","14","7","5","3","-1","-8","0","0","0","raw_fallback","1","raw_gate_impossible","0","0","0","0.04594","0.04594","0.03747","0.03747","0.00000","0.00000","-0.08344","-0.08344","1.00000","1.00000","1.00000","1.00000","","","","-0.00003"
"1382","KKG","2","2","5","3","-1","-8","0","0","0","raw_fallback","1","raw_gate_impossible","0","0","0","0.08398","0.08398","-0.01995","-0.01995","0.00000","0.00000","-0.06401","-0.06401","1.00000","1.00000","1.00000","1.00000","","","","0.00002"
"1383","SMB","5","5","5","3","-1","-8","0","0","0","raw_fallback","1","raw_gate_impossible","0","0","0","0.02749","0.02749","-0.01913","-0.01913","0.00000","0.00000","-0.00839","-0.00839","1.00000","1.00000","1.00000","1.00000","","","","-0.00003"
"1384","TDG","22","7","5","3","-1","-8","0","0","0","raw_fallback","1","raw_gate_impossible","0","0","0","-0.08004","-0.08004","-0.06408","-0.06408","0.00000","0.00000","-0.05287","-0.05287","1.00000","1.00000","1.00000","1.00000","","","","-0.19699"
"1385","BEI","7","4","3","3","-2","-8","1","0","0","raw_fallback","4","no_valid_candidate","11","0","0","-0.11931","-0.11931","-0.06472","-0.06472","0.19733","0.19733","-0.01333","-0.01333","1.00000","1.00000","1.00000","1.00000","","","","-0.00003"
"1386","MNU","8","5","3","3","-2","-8","1","0","0","raw_fallback","5","no_gate_candidate","11","2","0","0.32123","0.32123","-0.10843","-0.10843","0.00499","0.00499","-0.21779","-0.21779","1.00000","1.00000","1.00000","1.00000","","","","0.00000"
"1387","SBG","5","5","5","3","-1","-8","0","0","0","raw_fallback","1","raw_gate_impossible","0","0","0","0.13412","0.13412","-0.07922","-0.07922","0.00000","0.00000","-0.05491","-0.05491","1.00000","1.00000","1.00000","1.00000","","","","-0.00001"
"1388","SGU","3","3","3","3","-1","-8","1","0","0","raw_fallback","5","no_gate_candidate","7","1","0","0.24089","0.24089","-0.06560","-0.06560","0.00475","0.00475","-0.18004","-0.18004","1.00000","1.00000","1.00000","1.00000","","","","0.00000"
"1389","LNK","1","1","5","3","-1","-8","0","0","0","raw_fallback","1","raw_gate_impossible","0","0","0","0.12166","0.12166","-0.00164","-0.00164","0.00000","0.00000","-0.12002","-0.12002","1.00000","1.00000","1.00000","1.00000","","","","0.00000"
"1390","SBU","2","2","5","3","-1","-8","0","0","0","raw_fallback","1","raw_gate_impossible","0","0","0","0.01701","0.01701","-0.00734","-0.00734","0.00000","0.00000","-0.00967","-0.00967","1.00000","1.00000","1.00000","1.00000","","","","0.00000"
"1391","SLA","2","2","5","3","-1","-8","0","0","0","raw_fallback","1","raw_gate_impossible","0","0","0","0.01978","0.01978","-0.01066","-0.01066","0.00000","0.00000","-0.00913","-0.00913","1.00000","1.00000","1.00000","1.00000","","","","-0.00001"
"1392","BLN","3","3","5","3","-1","-8","0","0","0","raw_fallback","1","raw_gate_impossible","0","0","0","-0.02177","-0.02177","-0.05609","-0.05609","0.00000","0.00000","0.07786","0.07786","1.00000","1.00000","1.00000","1.00000","","","","0.00000"
"1393","GRT","5","5","5","3","-1","-8","0","0","0","raw_fallback","1","raw_gate_impossible","0","0","0","0.09267","0.09267","-0.06622","-0.06622","0.00000","0.00000","-0.02645","-0.02645","1.00000","1.00000","1.00000","1.00000","","","","0.00000"
"1394","PJT","5","4","5","3","-1","-8","0","0","0","raw_fallback","1","raw_gate_impossible","0","0","0","0.02502","0.02502","-0.01221","-0.01221","0.00000","0.00000","-0.01282","-0.01282","1.00000","1.00000","1.00000","1.00000","","","","-0.00001"
"1395","BGG","1","1","5","3","-1","-8","0","0","0","raw_fallback","1","raw_gate_impossible","0","0","0","0.01355","0.01355","-0.00359","-0.00359","0.00000","0.00000","-0.00995","-0.00995","1.00000","1.00000","1.00000","1.00000","","","","0.00001"
"1396","LUW","17","6","5","3","-1","-8","0","0","0","raw_fallback","1","raw_gate_impossible","0","0","0","-0.03467","-0.03467","0.01759","0.01759","0.00000","0.00000","0.01708","0.01708","1.00000","1.00000","1.00000","1.00000","","","","0.00000"
"1397","BAI","4","4","5","3","-1","-8","0","0","0","raw_fallback","1","raw_gate_impossible","0","0","0","0.02188","0.02188","-0.02174","-0.02174","0.00000","0.00000","-0.00014","-0.00014","1.00000","1.00000","1.00000","1.00000","","","","0.00000"
"1398","BTE","1","1","5","3","-1","-8","0","0","0","raw_fallback","1","raw_gate_impossible","0","0","0","0.00800","0.00800","0.00238","0.00238","0.00000","0.00000","-0.01037","-0.01037","1.00000","1.00000","1.00000","1.00000","","","","0.00001"
"1399","GOW","2","2","3","3","-1","-8","1","0","0","raw_fallback","5","no_gate_candidate","3","2","0","0.16500","0.16500","-0.16480","-0.16480","0.09256","0.09256","-0.09277","-0.09277","1.00000","1.00000","1.00000","1.00000","","","","-0.00001"
"1400","BOW","1","1","5","3","-1","-8","0","0","0","raw_fallback","1","raw_gate_impossible","0","0","0","0.01032","0.01032","0.00006","0.00006","0.00000","0.00000","-0.01038","-0.01038","1.00000","1.00000","1.00000","1.00000","","","","0.00000"
"1401","BTN","1","1","5","3","-1","-8","0","0","0","raw_fallback","1","raw_gate_impossible","0","0","0","0.02316","0.02316","0.00622","0.00622","0.00000","0.00000","-0.02939","-0.02939","1.00000","1.00000","1.00000","1.00000","","","","-0.00001"
"1402","MKG","1","1","5","3","-1","-8","0","0","0","raw_fallback","1","raw_gate_impossible","0","0","0","0.00690","0.00690","-0.00044","-0.00044","0.00000","0.00000","-0.00646","-0.00646","1.00000","1.00000","1.00000","1.00000","","","","0.00000"
"1403","KNW","4","3","5","3","-1","-8","0","0","0","raw_fallback","1","raw_gate_impossible","0","0","0","0.04122","0.04122","-0.02611","-0.02611","0.00000","0.00000","-0.01512","-0.01512","1.00000","1.00000","1.00000","1.00000","","","","-0.00001"
"1404","MRN","1","1","5","3","-1","-8","0","0","0","raw_fallback","1","raw_gate_impossible","0","0","0","0.00541","0.00541","0.00187","0.00187","0.00000","0.00000","-0.00728","-0.00728","1.00000","1.00000","1.00000","1.00000","","","","0.00000"
"1405","CIN","1","1","5","3","-1","-8","1","0","0","raw_fallback","2","one_or_fewer_classes","0","0","0","0.01150","0.01150","0.00333","0.00333","0.00011","0.00011","-0.01494","-0.01494","1.00000","1.00000","1.00000","1.00000","","","","0.00000"
"1406","KLS","1","1","5","3","-1","-8","0","0","0","raw_fallback","1","raw_gate_impossible","0","0","0","0.00713","0.00713","0.00157","0.00157","0.00000","0.00000","-0.00869","-0.00869","1.00000","1.00000","1.00000","1.00000","","","","0.00001"
"1407","WUN","1","1","5","3","-1","-8","0","0","0","raw_fallback","1","raw_gate_impossible","0","0","0","0.02979","0.02979","-0.00892","-0.00892","0.00000","0.00000","-0.02089","-0.02089","1.00000","1.00000","1.00000","1.00000","","","","-0.00002"
"1408","BNE","1","1","5","3","-1","-8","0","0","0","raw_fallback","1","raw_gate_impossible","0","0","0","0.01621","0.01621","0.00404","0.00404","0.00000","0.00000","-0.02026","-0.02026","1.00000","1.00000","1.00000","1.00000","","","","-0.00001"
"1409","SDR","1","1","5","3","-1","-8","0","0","0","raw_fallback","1","raw_gate_impossible","0","0","0","0.01682","0.01682","0.00401","0.00401","0.00000","0.00000","-0.02084","-0.02084","1.00000","1.00000","1.00000","1.00000","","","","-0.00001"
"1410","RRU","2","2","5","3","-1","-8","0","0","0","raw_fallback","1","raw_gate_impossible","0","0","0","0.04984","0.04984","-0.02463","-0.02463","0.00000","0.00000","-0.02523","-0.02523","1.00000","1.00000","1.00000","1.00000","","","","-0.00002"
"1411","SIG","2","2","3","3","-1","-8","1","0","0","raw_fallback","5","no_gate_candidate","3","1","0","0.04081","0.04081","-0.03750","-0.03750","0.01987","0.01987","-0.02319","-0.02319","1.00000","1.00000","1.00000","1.00000","","","","-0.00001"
"1412","PKR","2","2","3","3","-1","-8","1","0","0","raw_fallback","4","no_valid_candidate","3","0","0","-0.01974","-0.01974","0.01898","0.01898","0.01127","0.01127","-0.01050","-0.01050","1.00000","1.00000","1.00000","1.00000","","","","0.00001"
"1413","SLP","2","2","3","3","-1","-8","1","0","0","raw_fallback","4","no_valid_candidate","3","0","0","0.19144","0.19144","0.01848","0.01848","-0.00429","-0.00429","-0.20566","-0.20566","1.00000","1.00000","1.00000","1.00000","","","","-0.00003"
"1414","BIM","1","1","5","3","-1","-8","0","0","0","raw_fallback","1","raw_gate_impossible","0","0","0","0.01327","0.01327","-0.00460","-0.00460","0.00000","0.00000","-0.00867","-0.00867","1.00000","1.00000","1.00000","1.00000","","","","0.00000"
"1415","DOM","1","1","5","3","-1","-8","1","0","0","raw_fallback","2","one_or_fewer_classes","0","0","0","0.11301","0.11301","-0.04179","-0.04179","0.00856","0.00856","-0.07980","-0.07980","1.00000","1.00000","1.00000","1.00000","","","","-0.00002"
"1416","NGL","1","1","5","3","-1","-8","0","0","0","raw_fallback","1","raw_gate_impossible","0","0","0","0.34138","0.34138","-0.05009","-0.05009","0.00000","0.00000","-0.29130","-0.29130","1.00000","1.00000","1.00000","1.00000","","","","-0.00001"
"1417","TLW","1","1","5","3","-1","-8","1","0","0","raw_fallback","2","one_or_fewer_classes","0","0","0","0.03062","0.03062","0.00416","0.00416","0.00181","0.00181","-0.03660","-0.03660","1.00000","1.00000","1.00000","1.00000","","","","-0.00001"
"1418","LRT","2","2","5","3","-1","-8","0","0","0","raw_fallback","1","raw_gate_impossible","0","0","0","0.01439","0.01439","0.00549","0.00549","0.00000","0.00000","-0.01988","-0.01988","1.00000","1.00000","1.00000","1.00000","","","","0.00000"
"1419","WHL","4","4","3","3","-1","-8","1","0","0","raw_fallback","5","no_gate_candidate","7","1","0","-0.07212","-0.07212","0.03596","0.03596","0.01020","0.01020","0.02596","0.02596","1.00000","1.00000","1.00000","1.00000","","","","0.00000"
"1420","BAC","1","1","5","3","-1","-8","0","0","0","raw_fallback","1","raw_gate_impossible","0","0","0","0.20590","0.20590","-0.05327","-0.05327","0.00000","0.00000","-0.15263","-0.15263","1.00000","1.00000","1.00000","1.00000","","","","0.00000"
"1421","TER","1","1","5","3","-1","-8","1","0","0","raw_fallback","2","one_or_fewer_classes","0","0","0","0.89323","0.89323","-0.35905","-0.35905","-0.45812","-0.45812","-0.07607","-0.07607","1.00000","1.00000","1.00000","1.00000","","","","-0.00001"
"1422","TID","1","1","5","3","-1","-8","1","0","0","raw_fallback","2","one_or_fewer_classes","0","0","0","0.34641","0.34641","-0.13369","-0.13369","0.14742","0.14742","-0.36014","-0.36014","1.00000","1.00000","1.00000","1.00000","","","","0.00000"
"1423","LOL","1","1","5","3","-1","-8","0","0","0","raw_fallback","1","raw_gate_impossible","0","0","0","0.02141","0.02141","-0.00172","-0.00172","0.00000","0.00000","-0.01969","-0.01969","1.00000","1.00000","1.00000","1.00000","","","","0.00000"
"1424","JLO","5","4","5","3","-1","-8","0","0","0","raw_fallback","1","raw_gate_impossible","0","0","0","-0.14434","-0.14434","0.03488","0.03488","0.00000","0.00000","0.10945","0.10945","1.00000","1.00000","1.00000","1.00000","","","","-0.00001"
"1425","MOO","2","2","5","3","-1","-8","0","0","0","raw_fallback","1","raw_gate_impossible","0","0","0","0.00814","0.00814","-0.00811","-0.00811","0.00000","0.00000","-0.00002","-0.00002","1.00000","1.00000","1.00000","1.00000","","","","0.00001"
"1426","SUL","4","2","5","3","-1","-8","0","0","0","raw_fallback","1","raw_gate_impossible","0","0","0","0.09825","0.09825","-0.03421","-0.03421","0.00000","0.00000","-0.06404","-0.06404","1.00000","1.00000","1.00000","1.00000","","","","0.00000"
"1427","MYI","6","3","5","3","-1","-8","0","0","0","raw_fallback","1","raw_gate_impossible","0","0","0","0.03637","0.03637","0.00207","0.00207","0.00000","0.00000","-0.03846","-0.03846","1.00000","1.00000","1.00000","1.00000","","","","-0.00002"
"1428","CEB","3","3","5","3","-1","-8","0","0","0","raw_fallback","1","raw_gate_impossible","0","0","0","0.13639","0.13639","-0.05579","-0.05579","0.00000","0.00000","-0.08064","-0.08064","1.00000","1.00000","1.00000","1.00000","","","","-0.00004"
"1429","TDO","5","4","5","3","-1","-8","0","0","0","raw_fallback","1","raw_gate_impossible","0","0","0","0.46061","0.46061","-0.28174","-0.28174","0.00000","0.00000","-0.17888","-0.17888","1.00000","1.00000","1.00000","1.00000","","","","-0.00001"
"1430","MNA","1","1","5","3","-1","-8","1","0","0","raw_fallback","2","one_or_fewer_classes","0","0","0","0.14749","0.14749","-0.17145","-0.17145","0.21981","0.21981","-0.19588","-0.19588","1.00000","1.00000","1.00000","1.00000","","","","-0.00003"
"1431","MDY","8","8","5","3","-1","-8","0","0","0","raw_fallback","1","raw_gate_impossible","0","0","0","0.25029","0.25029","-0.13586","-0.13586","0.00000","0.00000","-0.11445","-0.11445","1.00000","1.00000","1.00000","1.00000","","","","-0.00002"
"1432","PGS","5","3","5","3","-1","-8","0","0","0","raw_fallback","1","raw_gate_impossible","0","0","0","0.30622","0.30622","-0.27751","-0.27751","0.00000","0.00000","-0.02870","-0.02870","1.00000","1.00000","1.00000","1.00000","","","","0.00001"
"1433","BTU","6","6","5","3","-1","-8","0","0","0","raw_fallback","1","raw_gate_impossible","0","0","0","0.02961","0.02961","-0.01507","-0.01507","0.00000","0.00000","-0.01457","-0.01457","1.00000","1.00000","1.00000","1.00000","","","","-0.00003"
"1434","MGD","5","3","5","3","-1","-8","0","0","0","raw_fallback","1","raw_gate_impossible","0","0","0","0.01429","0.01429","-0.00536","-0.00536","0.00000","0.00000","-0.00893","-0.00893","1.00000","1.00000","1.00000","1.00000","","","","0.00000"
"1435","KIM","5","2","5","3","-1","-8","0","0","0","raw_fallback","1","raw_gate_impossible","0","0","0","0.01055","0.01055","-0.00100","-0.00100","0.00000","0.00000","-0.00955","-0.00955","1.00000","1.00000","1.00000","1.00000","","","","0.00000"
"1436","LNO","3","3","5","3","-1","-8","0","0","0","raw_fallback","1","raw_gate_impossible","0","0","0","0.00299","0.00299","-0.00265","-0.00265","0.00000","0.00000","-0.00036","-0.00036","1.00000","1.00000","1.00000","1.00000","","","","-0.00002"
"1437","IBL","6","6","5","3","-1","-8","0","0","0","raw_fallback","1","raw_gate_impossible","0","0","0","0.29916","0.29916","-0.28709","-0.28709","0.00000","0.00000","-0.01212","-0.01212","1.00000","1.00000","1.00000","1.00000","","","","-0.00005"
"1438","PLL","1","1","5","3","-1","-8","0","0","0","raw_fallback","1","raw_gate_impossible","0","0","0","0.00102","0.00102","-0.00030","-0.00030","0.00000","0.00000","-0.00072","-0.00072","1.00000","1.00000","1.00000","1.00000","","","","0.00000"
"1439","TYY","2","2","5","3","-1","-8","0","0","0","raw_fallback","1","raw_gate_impossible","0","0","0","0.01165","0.01165","-0.00258","-0.00258","0.00000","0.00000","-0.00906","-0.00906","1.00000","1.00000","1.00000","1.00000","","","","0.00001"
"1440","KML","1","1","5","3","-1","-8","0","0","0","raw_fallback","1","raw_gate_impossible","0","0","0","0.00382","0.00382","-0.00146","-0.00146","0.00000","0.00000","-0.00237","-0.00237","1.00000","1.00000","1.00000","1.00000","","","","-0.00001"
"1441","CNT","1","1","5","3","-1","-8","0","0","0","raw_fallback","1","raw_gate_impossible","0","0","0","0.03760","0.03760","-0.00712","-0.00712","0.00000","0.00000","-0.03049","-0.03049","1.00000","1.00000","1.00000","1.00000","","","","-0.00001"
"1442","KAM","2","2","5","3","-1","-8","0","0","0","raw_fallback","1","raw_gate_impossible","0","0","0","-0.00117","-0.00117","0.00119","0.00119","0.00000","0.00000","-0.00005","-0.00005","1.00000","1.00000","1.00000","1.00000","","","","-0.00003"
"1443","BOL","2","2","5","3","-1","-8","0","0","0","raw_fallback","1","raw_gate_impossible","0","0","0","0.00857","0.00857","-0.00470","-0.00470","0.00000","0.00000","-0.00385","-0.00385","1.00000","1.00000","1.00000","1.00000","","","","0.00002"
"1444","SML","6","6","5","3","-1","-8","0","0","0","raw_fallback","1","raw_gate_impossible","0","0","0","0.01441","0.01441","-0.01294","-0.01294","0.00000","0.00000","-0.00145","-0.00145","1.00000","1.00000","1.00000","1.00000","","","","0.00002"
"1449","ABA","1","1","5","3","-1","-8","1","0","0","raw_fallback","2","one_or_fewer_classes","0","0","0","0.12505","0.12505","-0.02809","-0.02809","0.00558","0.00558","-0.10256","-0.10256","1.00000","1.00000","1.00000","1.00000","","","","-0.00002"
"1450","ANC","1","1","5","3","-1","-8","1","0","0","raw_fallback","2","one_or_fewer_classes","0","0","0","0.01242","0.01242","0.00329","0.00329","0.04411","0.04411","-0.05987","-0.05987","1.00000","1.00000","1.00000","1.00000","","","","-0.00005"
"1451","AQU","11","10","3","3","-7","-8","1","0","0","raw_fallback","5","no_gate_candidate","11","4","0","-0.92298","-0.92298","0.10578","0.10578","0.30469","0.30469","0.51234","0.51234","1.00000","1.00000","1.00000","1.00000","","","","-0.00017"
"1452","ARB","8","8","3","3","-2","1","1","1","2","improvement_l2","0","none","11","6","2","0.09655","0.03370","-0.06555","-0.04369","-0.00058","0.00000","-0.03051","0.01000","0.45855","0.00000","1.07327","1.64553","0.66006","0.02645","-0.00004","-0.00009"
"1454","ASC","1","1","5","3","-1","-8","1","0","0","raw_fallback","2","one_or_fewer_classes","0","0","0","0.02701","0.02701","0.02865","0.02865","0.38234","0.38234","-0.43803","-0.43803","1.00000","1.00000","1.00000","1.00000","","","","-0.00003"
"1455","ASD","1","1","5","3","-1","-8","1","0","0","raw_fallback","2","one_or_fewer_classes","0","0","0","0.73881","0.73881","-0.44167","-0.44167","0.23500","0.23500","-0.53216","-0.53216","1.00000","1.00000","1.00000","1.00000","","","","-0.00002"
"1456","ATI","1","1","5","3","-1","-8","1","0","0","raw_fallback","2","one_or_fewer_classes","0","0","0","0.58704","0.58704","-0.00372","-0.00372","0.10396","0.10396","-0.68730","-0.68730","1.00000","1.00000","1.00000","1.00000","","","","-0.00002"
"1457","BLG","3","3","3","3","-1","-8","1","0","0","raw_fallback","5","no_gate_candidate","3","3","0","1.42434","1.42434","-0.62919","-0.62919","0.90595","0.90595","-1.70121","-1.70121","1.00000","1.00000","1.00000","1.00000","","","","-0.00011"
"1461","CDC","1","1","5","3","-1","-8","1","0","0","raw_fallback","2","one_or_fewer_classes","0","0","0","0.29500","0.29500","-0.09958","-0.09958","0.00171","0.00171","-0.19714","-0.19714","1.00000","1.00000","1.00000","1.00000","","","","-0.00001"
"1463","CES","2","2","3","3","-1","-8","1","0","0","raw_fallback","5","no_gate_candidate","3","2","0","0.13886","0.13886","-0.13171","-0.13171","0.43904","0.43904","-0.44621","-0.44621","1.00000","1.00000","1.00000","1.00000","","","","-0.00002"
"1464","CEV","1","1","5","3","-1","-8","0","0","0","raw_fallback","1","raw_gate_impossible","0","0","0","0.17947","0.17947","-0.04886","-0.04886","0.00000","0.00000","-0.13060","-0.13060","1.00000","1.00000","1.00000","1.00000","","","","0.00001"
"1466","CHX","1","1","5","3","-1","-8","1","0","0","raw_fallback","2","one_or_fewer_classes","0","0","0","0.13830","0.13830","-0.02627","-0.02627","0.00422","0.00422","-0.11626","-0.11626","1.00000","1.00000","1.00000","1.00000","","","","-0.00001"
"1467","CMR","1","1","5","3","-1","-8","0","0","0","raw_fallback","1","raw_gate_impossible","0","0","0","0.63860","0.63860","-0.11374","-0.11374","0.00000","0.00000","-0.52486","-0.52486","1.00000","1.00000","1.00000","1.00000","","","","0.00000"
"1468","CNV","1","1","5","3","-1","-8","1","0","0","raw_fallback","2","one_or_fewer_classes","0","0","0","0.31347","0.31347","-0.12744","-0.12744","0.00047","0.00047","-0.18651","-0.18651","1.00000","1.00000","1.00000","1.00000","","","","-0.00001"
"1470","COT","1","1","5","3","-1","-8","1","0","0","raw_fallback","2","one_or_fewer_classes","0","0","0","0.20035","0.20035","-0.03945","-0.03945","0.00749","0.00749","-0.16840","-0.16840","1.00000","1.00000","1.00000","1.00000","","","","-0.00001"
"1472","CRR","2","2","5","3","-1","-8","0","0","0","raw_fallback","1","raw_gate_impossible","0","0","0","-0.16555","-0.16555","0.02300","0.02300","0.00000","0.00000","0.14253","0.14253","1.00000","1.00000","1.00000","1.00000","","","","-0.00002"
"1474","FAE","1","1","5","3","-1","-8","1","0","0","raw_fallback","2","one_or_fewer_classes","0","0","0","0.04370","0.04370","-0.00998","-0.00998","0.00229","0.00229","-0.03603","-0.03603","1.00000","1.00000","1.00000","1.00000","","","","-0.00002"
"1476","FER","8","7","3","3","-2","-8","1","0","0","raw_fallback","5","no_gate_candidate","11","4","0","1.11628","1.11628","-0.27199","-0.27199","0.43606","0.43606","-1.28049","-1.28049","1.00000","1.00000","1.00000","1.00000","","","","-0.00014"
"1477","FLO","5","5","3","3","-1","1","1","1","2","improvement_l2","0","none","7","5","1","3.63213","3.43097","-1.03106","-0.53260","5.48885","4.89472","-8.09010","-7.79283","0.00000","12.66999","0.00000","1.30066","0.17093","0.39773","-0.00005","-0.00018"
"1478","FRM","1","1","5","3","-1","-8","0","0","0","raw_fallback","1","raw_gate_impossible","0","0","0","0.13078","0.13078","-0.04189","-0.04189","0.00000","0.00000","-0.08891","-0.08891","1.00000","1.00000","1.00000","1.00000","","","","-0.00002"
"1480","GEN","19","10","3","3","-1","-8","1","0","0","raw_fallback","5","no_gate_candidate","7","5","0","1.95715","1.95715","-0.35714","-0.35714","2.79202","2.79202","-4.39228","-4.39228","1.00000","1.00000","1.00000","1.00000","","","","-0.00025"
"1481","GUB","1","1","5","3","-1","-8","0","0","0","raw_fallback","1","raw_gate_impossible","0","0","0","0.41669","0.41669","-0.08326","-0.08326","0.00000","0.00000","-0.33343","-0.33343","1.00000","1.00000","1.00000","1.00000","","","","0.00000"
"1482","IMO","1","1","5","3","-1","-8","1","0","0","raw_fallback","2","one_or_fewer_classes","0","0","0","-0.35177","-0.35177","0.12734","0.12734","0.61749","0.61749","-0.39308","-0.39308","1.00000","1.00000","1.00000","1.00000","","","","-0.00002"
"1483","LCA","2","2","3","3","-1","-8","1","0","0","raw_fallback","4","no_valid_candidate","3","0","0","0.42235","0.42235","-0.21091","-0.21091","0.01166","0.01166","-0.22311","-0.22311","1.00000","1.00000","1.00000","1.00000","","","","-0.00001"
"1485","LUC","3","2","3","3","-1","-8","1","0","0","raw_fallback","5","no_gate_candidate","3","3","0","0.85151","0.85151","-0.70334","-0.70334","1.39338","1.39338","-1.54162","-1.54162","1.00000","1.00000","1.00000","1.00000","","","","-0.00007"
"1486","MAN","8","8","3","3","-2","-8","1","0","0","raw_fallback","5","no_gate_candidate","11","4","0","0.81684","0.81684","-0.05868","-0.05868","0.35274","0.35274","-1.11104","-1.11104","1.00000","1.00000","1.00000","1.00000","","","","-0.00014"
"1487","MFA","3","3","3","3","-1","1","1","1","2","improvement_l2","0","none","7","4","2","0.86455","0.58430","-0.23024","-0.13399","0.06449","0.02503","-0.69884","-0.47531","0.00000","2.76847","0.00000","1.90974","0.41847","0.15986","-0.00005","-0.00004"
"1488","MLO","29","23","3","3","-2","-8","1","0","0","raw_fallback","5","no_gate_candidate","11","6","0","-0.25240","-0.25240","0.03645","0.03645","0.89451","0.89451","-0.67903","-0.67903","1.00000","1.00000","1.00000","1.00000","","","","-0.00047"
"1489","MND","1","1","5","3","-1","-8","0","0","0","raw_fallback","1","raw_gate_impossible","0","0","0","0.08123","0.08123","-0.01463","-0.01463","0.00000","0.00000","-0.06661","-0.06661","1.00000","1.00000","1.00000","1.00000","","","","-0.00001"
"1491","MSO","1","1","5","3","-1","-8","0","0","0","raw_fallback","1","raw_gate_impossible","0","0","0","0.23538","0.23538","-0.04561","-0.04561","0.00000","0.00000","-0.18978","-0.18978","1.00000","1.00000","1.00000","1.00000","","","","-0.00001"
"1492","MSP","3","2","5","3","-1","-8","0","0","0","raw_fallback","1","raw_gate_impossible","0","0","0","0.31033","0.31033","-0.02019","-0.02019","0.00000","0.00000","-0.29016","-0.29016","1.00000","1.00000","1.00000","1.00000","","","","-0.00002"
"1493","MTA","1","1","5","3","-1","-8","1","0","0","raw_fallback","2","one_or_fewer_classes","0","0","0","0.27275","0.27275","-0.28023","-0.28023","0.43049","0.43049","-0.42301","-0.42301","1.00000","1.00000","1.00000","1.00000","","","","0.00000"
"1494","NAP","65","62","3","3","-2","1","1","1","2","improvement_l2","0","none","11","7","1","-1.20547","0.29401","0.32217","0.01311","6.99235","4.40237","-6.10994","-4.70990","0.00000","0.69688","0.88140","1.68144","0.57873","1.30256","-0.00018","-0.00089"
"1496","PAD","3","3","3","3","-1","-8","1","0","0","raw_fallback","4","no_valid_candidate","7","0","0","0.51026","0.51026","-0.13474","-0.13474","0.12357","0.12357","-0.49918","-0.49918","1.00000","1.00000","1.00000","1.00000","","","","-0.00009"
"1497","PAP","20","20","3","3","-2","1","1","1","2","improvement_l2","0","none","11","6","3","-1.57909","0.23525","0.98013","0.34131","1.58847","-0.18307","-0.98999","-0.39352","4.01463","0.00000","0.88280","0.60984","0.74750","0.99612","-0.00006","-0.00048"
"1498","PAR","3","3","3","3","-1","-8","1","0","0","raw_fallback","5","no_gate_candidate","3","1","0","0.41634","0.41634","-0.20247","-0.20247","0.45881","0.45881","-0.67278","-0.67278","1.00000","1.00000","1.00000","1.00000","","","","-0.00010"
"1499","PAV","3","3","3","3","-1","-8","1","0","0","raw_fallback","5","no_gate_candidate","7","5","0","0.13877","0.13877","0.22474","0.22474","1.23960","1.23960","-1.60317","-1.60317","1.00000","1.00000","1.00000","1.00000","","","","-0.00006"
"1501","PEA","3","2","3","3","-1","-8","1","0","0","raw_fallback","4","no_valid_candidate","3","0","0","0.16580","0.16580","-0.15691","-0.15691","0.26104","0.26104","-0.26998","-0.26998","1.00000","1.00000","1.00000","1.00000","","","","-0.00005"
"1502","PES","1","1","5","3","-1","-8","1","0","0","raw_fallback","2","one_or_fewer_classes","0","0","0","0.07588","0.07588","0.02595","0.02595","-0.01407","-0.01407","-0.08777","-0.08777","1.00000","1.00000","1.00000","1.00000","","","","-0.00001"
"1503","PIE","3","3","3","3","-1","-8","1","0","0","raw_fallback","5","no_gate_candidate","7","5","0","0.68800","0.68800","-0.26102","-0.26102","-0.00058","-0.00058","-0.42646","-0.42646","1.00000","1.00000","1.00000","1.00000","","","","-0.00006"
"1505","PIS","4","4","3","3","-1","-8","1","0","0","raw_fallback","5","no_gate_candidate","7","6","0","0.87344","0.87344","0.16246","0.16246","0.02316","0.02316","-1.05913","-1.05913","1.00000","1.00000","1.00000","1.00000","","","","-0.00007"
"1506","PRA","1","1","5","3","-1","-8","1","0","0","raw_fallback","2","one_or_fewer_classes","0","0","0","0.18175","0.18175","0.05778","0.05778","0.23636","0.23636","-0.47592","-0.47592","1.00000","1.00000","1.00000","1.00000","","","","-0.00003"
"1507","PST","1","1","5","3","-1","-8","1","0","0","raw_fallback","2","one_or_fewer_classes","0","0","0","0.46805","0.46805","0.20949","0.20949","-0.01897","-0.01897","-0.65859","-0.65859","1.00000","1.00000","1.00000","1.00000","","","","-0.00002"
"1508","PTG","1","1","5","3","-1","-8","1","0","0","raw_fallback","2","one_or_fewer_classes","0","0","0","0.38708","0.38708","-0.14073","-0.14073","0.01838","0.01838","-0.26473","-0.26473","1.00000","1.00000","1.00000","1.00000","","","","0.00000"
"1509","RAV","1","1","5","3","-1","-8","1","0","0","raw_fallback","2","one_or_fewer_classes","0","0","0","0.12206","0.12206","0.11777","0.11777","0.29147","0.29147","-0.53133","-0.53133","1.00000","1.00000","1.00000","1.00000","","","","-0.00003"
"1511","RIM","1","1","5","3","-1","-8","1","0","0","raw_fallback","2","one_or_fewer_classes","0","0","0","-0.12536","-0.12536","-0.29376","-0.29376","0.73067","0.73067","-0.31156","-0.31156","1.00000","1.00000","1.00000","1.00000","","","","-0.00001"
"1512","SAL","2","2","5","3","-1","-8","0","0","0","raw_fallback","1","raw_gate_impossible","0","0","0","0.20505","0.20505","-0.05814","-0.05814","0.00000","0.00000","-0.14694","-0.14694","1.00000","1.00000","1.00000","1.00000","","","","-0.00003"
"1513","SIC","22","22","3","3","-2","1","1","1","2","improvement_l2","0","none","11","4","1","0.27110","0.01607","-1.62699","0.30285","5.94202","3.84021","-4.58650","-4.15887","0.00000","5.73356","0.00000","1.74943","0.55043","1.02718","-0.00004","-0.00037"
"1514","SIE","5","5","3","3","-1","-8","1","0","0","raw_fallback","5","no_gate_candidate","7","3","0","0.52061","0.52061","-0.15271","-0.15271","0.54396","0.54396","-0.91194","-0.91194","1.00000","1.00000","1.00000","1.00000","","","","-0.00008"
"1519","TTE","1","1","5","3","-1","-8","1","0","0","raw_fallback","2","one_or_fewer_classes","0","0","0","0.18896","0.18896","0.06430","0.06430","0.04808","0.04808","-0.30135","-0.30135","1.00000","1.00000","1.00000","1.00000","","","","-0.00001"
"1520","TTN","2","2","3","3","-1","1","1","1","2","improvement_l2","0","none","3","3","1","0.98299","0.91396","-0.43408","-0.40978","0.01002","-0.00178","-0.55898","-0.50239","0.00000","0.00000","0.59906","1.54631","0.26244","0.03954","-0.00003","-0.00005"
"1521","URB","3","2","3","3","-1","-8","1","0","0","raw_fallback","5","no_gate_candidate","3","1","0","0.30429","0.30429","-0.15133","-0.15133","-0.02365","-0.02365","-0.12934","-0.12934","1.00000","1.00000","1.00000","1.00000","","","","-0.00003"
"1522","VEN","14","6","3","3","-1","1","1","1","2","improvement_l2","0","none","7","5","1","1.12366","1.07018","-0.95754","-0.92381","2.47184","2.40284","-2.63802","-2.54922","0.00000","0.00000","0.96684","2.12447","0.03609","0.06124","-0.00005","-0.00006"
"1523","VER","20","12","3","3","-2","-8","1","0","0","raw_fallback","5","no_gate_candidate","11","5","0","1.71855","1.71855","-0.88323","-0.88323","2.53515","2.53515","-3.37072","-3.37072","1.00000","1.00000","1.00000","1.00000","","","","-0.00025"
"1525","VLT","1","1","5","3","-1","-8","1","0","0","raw_fallback","2","one_or_fewer_classes","0","0","0","0.13607","0.13607","0.04146","0.04146","0.13776","0.13776","-0.31533","-0.31533","1.00000","1.00000","1.00000","1.00000","","","","-0.00004"
"1530","VUN","3","3","3","3","-1","-8","1","0","0","raw_fallback","4","no_valid_candidate","7","0","0","0.04359","0.04359","-0.01909","-0.01909","-0.04316","-0.04316","0.01865","0.01865","1.00000","1.00000","1.00000","1.00000","","","","-0.00001"
"1531","NSU","2","2","5","3","-1","-8","0","0","0","raw_fallback","1","raw_gate_impossible","0","0","0","-0.10987","-0.10987","0.04042","0.04042","0.00000","0.00000","0.06944","0.06944","1.00000","1.00000","1.00000","1.00000","","","","-0.00001"
"1532","MPE","6","6","5","3","-1","-8","0","0","0","raw_fallback","1","raw_gate_impossible","0","0","0","-0.00694","-0.00694","-0.12350","-0.12350","0.00000","0.00000","0.13044","0.13044","1.00000","1.00000","1.00000","1.00000","","","","0.00000"
"1533","VNA","1","1","5","3","-1","-8","0","0","0","raw_fallback","1","raw_gate_impossible","0","0","0","0.09171","0.09171","-0.07236","-0.07236","0.00000","0.00000","-0.01934","-0.01934","1.00000","1.00000","1.00000","1.00000","","","","0.00001"
"1534","MBT","1","1","5","3","-1","-8","0","0","0","raw_fallback","1","raw_gate_impossible","0","0","0","-0.01924","-0.01924","0.01246","0.01246","0.00000","0.00000","0.00678","0.00678","1.00000","1.00000","1.00000","1.00000","","","","0.00000"
"1536","MOM","7","5","5","3","-1","-8","0","0","0","raw_fallback","1","raw_gate_impossible","0","0","0","-0.02764","-0.02764","-0.02223","-0.02223","0.00000","0.00000","0.04985","0.04985","1.00000","1.00000","1.00000","1.00000","","","","-0.00002"
"1544","HOL","8","8","3","3","-1","-8","1","0","0","raw_fallback","5","no_gate_candidate","7","5","0","0.71807","0.71807","-0.59346","-0.59346","0.98136","0.98136","-1.10615","-1.10615","1.00000","1.00000","1.00000","1.00000","","","","-0.00018"
"1545","ZEE","1","1","5","3","-1","-8","1","0","0","raw_fallback","2","one_or_fewer_classes","0","0","0","0.37259","0.37259","-0.59806","-0.59806","0.61639","0.61639","-0.39096","-0.39096","1.00000","1.00000","1.00000","1.00000","","","","-0.00004"
"1546","BRB","11","10","3","3","-2","1","1","1","2","improvement_l2","0","none","11","4","1","-0.28804","0.09786","-0.36324","-0.33271","1.44345","0.87252","-0.79242","-0.63779","0.00000","0.00000","0.78704","1.12290","0.33373","0.23655","-0.00008","-0.00025"
"1547","FLA","12","12","3","3","-2","-8","1","0","0","raw_fallback","5","no_gate_candidate","11","4","0","2.88716","2.88716","-0.37275","-0.37275","1.91882","1.91882","-4.43350","-4.43350","1.00000","1.00000","1.00000","1.00000","","","","-0.00027"
"1548","LUX","10","8","3","3","-1","1","1","1","2","improvement_l2","0","none","7","4","1","0.38656","0.37266","-0.24217","-0.19053","0.15625","0.02544","-0.30074","-0.20753","0.00000","0.00000","1.09426","2.80252","0.34905","0.07238","-0.00003","-0.00010"
"1549","LIE","3","2","3","3","-1","-8","1","0","0","raw_fallback","5","no_gate_candidate","3","3","0","0.43317","0.43317","0.17427","0.17427","0.51676","0.51676","-1.12426","-1.12426","1.00000","1.00000","1.00000","1.00000","","","","-0.00006"
"1550","CHN","1","1","5","3","-1","-8","1","0","0","raw_fallback","2","one_or_fewer_classes","0","0","0","0.02619","0.02619","-0.01670","-0.01670","0.03074","0.03074","-0.04023","-0.04023","1.00000","1.00000","1.00000","1.00000","","","","0.00000"
"1551","LIM","1","1","5","3","-1","-8","1","0","0","raw_fallback","2","one_or_fewer_classes","0","0","0","0.12366","0.12366","-0.04866","-0.04866","0.02334","0.02334","-0.09836","-0.09836","1.00000","1.00000","1.00000","1.00000","","","","-0.00002"
"1552","NAM","1","0","5","3","-1","-8","0","0","0","raw_fallback","1","raw_gate_impossible","0","0","0","0.00000","0.00000","0.00000","0.00000","0.00000","0.00000","0.00000","0.00000","1.00000","1.00000","1.00000","1.00000","","","","0.00000"
"1553","LOO","3","3","3","3","-1","-8","1","0","0","raw_fallback","5","no_gate_candidate","7","1","0","0.13971","0.13971","-0.06535","-0.06535","0.03266","0.03266","-0.10706","-0.10706","1.00000","1.00000","1.00000","1.00000","","","","-0.00004"
"1554","VBG","1","1","5","3","-1","-8","1","0","0","raw_fallback","2","one_or_fewer_classes","0","0","0","0.00887","0.00887","0.00113","0.00113","0.03018","0.03018","-0.04022","-0.04022","1.00000","1.00000","1.00000","1.00000","","","","-0.00004"
"1555","HRN","1","1","5","3","-1","-8","0","0","0","raw_fallback","1","raw_gate_impossible","0","0","0","0.24371","0.24371","-0.16534","-0.16534","0.00000","0.00000","-0.07838","-0.07838","1.00000","1.00000","1.00000","1.00000","","","","-0.00001"
"1556","CJK","1","1","5","3","-1","-8","1","0","0","raw_fallback","2","one_or_fewer_classes","0","0","0","0.06715","0.06715","-0.02505","-0.02505","0.01448","0.01448","-0.05657","-0.05657","1.00000","1.00000","1.00000","1.00000","","","","0.00001"
"1557","UTR","9","5","3","3","-2","-8","1","0","0","raw_fallback","5","no_gate_candidate","11","2","0","0.35628","0.35628","-0.22170","-0.22170","-0.00942","-0.00942","-0.12527","-0.12527","1.00000","1.00000","1.00000","1.00000","","","","-0.00011"
"1558","FRI","11","11","3","3","-2","-1","1","1","2","improvement_l2","0","none","11","4","2","2.71994","2.52385","-0.10686","0.00476","0.17117","0.00612","-2.78436","-2.53469","0.00000","0.00000","1.78672","6.51330","0.52041","0.17823","-0.00004","-0.00011"
"1559","STV","1","1","5","3","-1","-8","0","0","0","raw_fallback","1","raw_gate_impossible","0","0","0","0.28022","0.28022","-0.20287","-0.20287","0.00000","0.00000","-0.07737","-0.07737","1.00000","1.00000","1.00000","1.00000","","","","-0.00002"
"1560","HAI","6","6","3","3","-1","-8","1","0","0","raw_fallback","4","no_valid_candidate","7","0","0","0.79161","0.79161","-0.47734","-0.47734","0.24174","0.24174","-0.55609","-0.55609","1.00000","1.00000","1.00000","1.00000","","","","-0.00008"
"1561","ARS","7","7","3","3","-2","1","1","1","2","improvement_l2","0","none","11","5","4","-0.74868","0.07242","0.48448","0.38199","1.35913","0.13614","-1.09504","-0.59043","0.33333","0.00000","1.51690","3.52358","0.61889","0.62659","-0.00006","-0.00011"
"1562","STP","1","1","5","3","-1","-8","1","0","0","raw_fallback","2","one_or_fewer_classes","0","0","0","0.16601","0.16601","-0.03734","-0.03734","0.01913","0.01913","-0.14780","-0.14780","1.00000","1.00000","1.00000","1.00000","","","","0.00000"
"1563","BGN","1","1","5","3","-1","-8","1","0","0","raw_fallback","2","one_or_fewer_classes","0","0","0","0.16008","0.16008","-0.04097","-0.04097","0.00619","0.00619","-0.12530","-0.12530","1.00000","1.00000","1.00000","1.00000","","","","0.00000"
"1564","BNT","1","1","5","3","-1","-8","0","0","0","raw_fallback","1","raw_gate_impossible","0","0","0","0.47347","0.47347","-0.15994","-0.15994","0.00000","0.00000","-0.31354","-0.31354","1.00000","1.00000","1.00000","1.00000","","","","-0.00001"
"1565","BLL","1","1","5","3","-1","-8","0","0","0","raw_fallback","1","raw_gate_impossible","0","0","0","0.02913","0.02913","-0.01023","-0.01023","0.00000","0.00000","-0.01891","-0.01891","1.00000","1.00000","1.00000","1.00000","","","","-0.00001"
"1566","HBG","1","1","5","3","-1","-8","1","0","0","raw_fallback","2","one_or_fewer_classes","0","0","0","0.29171","0.29171","-0.10936","-0.10936","0.00481","0.00481","-0.18718","-0.18718","1.00000","1.00000","1.00000","1.00000","","","","-0.00002"
"1569","BTL","9","9","5","3","-1","-8","0","0","0","raw_fallback","1","raw_gate_impossible","0","0","0","0.14725","0.14725","0.03672","0.03672","0.00000","0.00000","-0.18401","-0.18401","1.00000","1.00000","1.00000","1.00000","","","","-0.00004"
"1571","DJE","2","2","5","3","-1","-8","0","0","0","raw_fallback","1","raw_gate_impossible","0","0","0","0.00246","0.00246","0.00154","0.00154","0.00000","0.00000","-0.00400","-0.00400","1.00000","1.00000","1.00000","1.00000","","","","0.00000"
"1573","GBS","12","12","5","3","-1","-8","0","0","0","raw_fallback","1","raw_gate_impossible","0","0","0","0.07032","0.07032","0.18798","0.18798","0.00000","0.00000","-0.25836","-0.25836","1.00000","1.00000","1.00000","1.00000","","","","-0.00006"
"1574","GFS","7","7","5","3","-1","-8","0","0","0","raw_fallback","1","raw_gate_impossible","0","0","0","0.43157","0.43157","-0.08804","-0.08804","0.00000","0.00000","-0.34352","-0.34352","1.00000","1.00000","1.00000","1.00000","","","","0.00001"
"1576","MOR","90","90","3","3","-2","1","1","1","2","improvement_l2","0","none","11","9","1","3.72109","0.92374","-2.36419","0.18233","1.28184","0.02744","-2.63938","-1.13291","0.00000","2.62860","0.76659","2.16057","0.80600","1.93505","-0.00013","-0.00064"
"1578","MZB","4","4","5","3","-1","-8","0","0","0","raw_fallback","1","raw_gate_impossible","0","0","0","0.14219","0.14219","-0.03663","-0.03663","0.00000","0.00000","-0.10559","-0.10559","1.00000","1.00000","1.00000","1.00000","","","","-0.00003"
"1579","OGL","2","2","5","3","-1","-8","0","0","0","raw_fallback","1","raw_gate_impossible","0","0","0","-0.07727","-0.07727","0.47440","0.47440","0.00000","0.00000","-0.39710","-0.39710","1.00000","1.00000","1.00000","1.00000","","","","0.00003"
"1582","TAT","9","5","5","3","-1","-8","0","0","0","raw_fallback","1","raw_gate_impossible","0","0","0","-0.10666","-0.10666","0.07981","0.07981","0.00000","0.00000","0.02684","0.02684","1.00000","1.00000","1.00000","1.00000","","","","-0.00001"
"1584","TFL","21","16","3","3","-2","1","1","1","2","improvement_l2","0","none","11","7","1","0.09268","0.00883","1.02743","0.82934","0.02792","0.00054","-1.14810","-0.83856","0.00000","0.91665","0.94917","2.60209","0.58711","0.15471","-0.00002","-0.00007"
"1585","TGT","3","3","5","3","-1","-8","0","0","0","raw_fallback","1","raw_gate_impossible","0","0","0","0.00388","0.00388","0.11735","0.11735","0.00000","0.00000","-0.12123","-0.12123","1.00000","1.00000","1.00000","1.00000","","","","0.00000"
"1586","TLE","46","39","3","3","1","1","1","1","2","improvement_l2","0","none","11","9","2","1.45498","-0.01264","-1.54808","0.01831","0.84996","-0.00315","-0.75713","-0.00228","0.08214","44.12621","0.75014","2.15616","0.99311","1.14340","-0.00013","-0.00027"
"1587","TUN","64","40","3","3","-2","1","1","1","2","improvement_l2","0","none","11","5","3","-1.02125","0.06710","-0.45766","-0.15829","2.39719","-0.01639","-0.91882","0.10717","0.21147","0.00000","0.72106","1.68250","0.86624","1.11150","-0.00026","-0.00054"
"1588","ZAB","11","10","3","3","-2","1","1","1","2","improvement_l2","0","none","11","8","1","0.61848","0.25616","-0.18796","-0.15247","0.04620","-0.00950","-0.47680","-0.09377","0.00000","1.06349","0.39792","8.08033","0.59285","0.20435","-0.00003","-0.00008"
"1589","TAR","19","19","3","3","-2","1","1","1","2","improvement_l2","0","none","11","4","3","0.64966","0.50104","-0.58063","-0.52419","0.09180","0.00809","-0.16092","0.01543","0.00000","3.93137","0.92177","5.21549","0.53575","0.10861","-0.00004","-0.00009"
"1590","CRK","1","1","5","3","-1","-8","0","0","0","raw_fallback","1","raw_gate_impossible","0","0","0","0.06673","0.06673","-0.03790","-0.03790","0.00000","0.00000","-0.02883","-0.02883","1.00000","1.00000","1.00000","1.00000","","","","0.00000"
"1591","CTE","1","1","5","3","-1","-8","0","0","0","raw_fallback","1","raw_gate_impossible","0","0","0","0.06186","0.06186","-0.02499","-0.02499","0.00000","0.00000","-0.03686","-0.03686","1.00000","1.00000","1.00000","1.00000","","","","0.00001"
"1592","TUZ","1","1","5","3","-1","-8","1","0","0","raw_fallback","2","one_or_fewer_classes","0","0","0","0.05386","0.05386","-0.02616","-0.02616","-0.00364","-0.00364","-0.02406","-0.02406","1.00000","1.00000","1.00000","1.00000","","","","0.00000"
"1593","TZI","1","1","5","3","-1","-8","0","0","0","raw_fallback","1","raw_gate_impossible","0","0","0","0.12247","0.12247","-0.06146","-0.06146","0.00000","0.00000","-0.06102","-0.06102","1.00000","1.00000","1.00000","1.00000","","","","-0.00001"
"1594","TAX","1","1","5","3","-1","-8","1","0","0","raw_fallback","2","one_or_fewer_classes","0","0","0","0.21282","0.21282","-0.11711","-0.11711","0.00566","0.00566","-0.10137","-0.10137","1.00000","1.00000","1.00000","1.00000","","","","0.00000"
"1595","TNC","1","1","5","3","-1","-8","1","0","0","raw_fallback","2","one_or_fewer_classes","0","0","0","0.08969","0.08969","0.01212","0.01212","0.03270","0.03270","-0.13456","-0.13456","1.00000","1.00000","1.00000","1.00000","","","","-0.00005"
"1596","TTZ","4","4","3","3","-1","-8","1","0","0","raw_fallback","5","no_gate_candidate","3","1","0","0.55545","0.55545","-0.21127","-0.21127","-0.09214","-0.09214","-0.25207","-0.25207","1.00000","1.00000","1.00000","1.00000","","","","-0.00003"
"1597","CUL","1","1","5","3","-1","-8","1","0","0","raw_fallback","2","one_or_fewer_classes","0","0","0","0.04286","0.04286","-0.01828","-0.01828","-0.00084","-0.00084","-0.02374","-0.02374","1.00000","1.00000","1.00000","1.00000","","","","0.00000"
"1598","TEP","3","3","3","3","-1","-8","1","0","0","raw_fallback","4","no_valid_candidate","7","0","0","1.10434","1.10434","-0.54106","-0.54106","-0.17822","-0.17822","-0.38509","-0.38509","1.00000","1.00000","1.00000","1.00000","","","","-0.00003"
"1599","TCP","1","1","5","3","-1","-8","1","0","0","raw_fallback","2","one_or_fewer_classes","0","0","0","0.05725","0.05725","0.00739","0.00739","0.03389","0.03389","-0.09858","-0.09858","1.00000","1.00000","1.00000","1.00000","","","","-0.00005"
"1600","OTO","2","2","3","3","-1","-8","1","0","0","raw_fallback","4","no_valid_candidate","3","0","0","0.11024","0.11024","-0.06974","-0.06974","0.00434","0.00434","-0.04484","-0.04484","1.00000","1.00000","1.00000","1.00000","","","","0.00000"
"1601","AXO","3","3","3","3","-1","-8","1","0","0","raw_fallback","4","no_valid_candidate","7","0","0","0.21706","0.21706","-0.11909","-0.11909","-0.00419","-0.00419","-0.09378","-0.09378","1.00000","1.00000","1.00000","1.00000","","","","0.00000"
"1602","MET","4","4","3","3","-2","1","1","1","2","improvement_l2","0","none","11","3","2","0.94669","0.87982","-0.61165","-0.58248","0.00530","-0.00040","-0.34033","-0.29693","0.00000","0.00000","1.04227","2.36121","0.29258","0.03608","-0.00003","0.00001"
"1603","HYC","1","1","5","3","-1","-8","0","0","0","raw_fallback","1","raw_gate_impossible","0","0","0","0.12313","0.12313","-0.04372","-0.04372","0.00000","0.00000","-0.07940","-0.07940","1.00000","1.00000","1.00000","1.00000","","","","0.00001"
"1604","TUT","1","1","5","3","-1","-8","0","0","0","raw_fallback","1","raw_gate_impossible","0","0","0","0.03611","0.03611","-0.01554","-0.01554","0.00000","0.00000","-0.02057","-0.02057","1.00000","1.00000","1.00000","1.00000","","","","0.00000"
"1605","XIL","3","3","3","3","-1","-8","1","0","0","raw_fallback","5","no_gate_candidate","7","3","0","0.32480","0.32480","-0.17166","-0.17166","-0.00015","-0.00015","-0.15298","-0.15298","1.00000","1.00000","1.00000","1.00000","","","","0.00001"
"1606","ZIN","1","1","5","3","-1","-8","1","0","0","raw_fallback","2","one_or_fewer_classes","0","0","0","0.04286","0.04286","-0.02190","-0.02190","0.00169","0.00169","-0.02268","-0.02268","1.00000","1.00000","1.00000","1.00000","","","","-0.00003"
"1607","MAT","4","4","3","3","-2","-1","1","1","2","improvement_l2","0","none","11","5","2","1.16161","1.10170","-0.55790","-0.54585","0.01249","0.00028","-0.61622","-0.55591","0.00000","0.00000","8.18468","2.39921","0.28789","0.03610","-0.00005","-0.00002"
"1608","MLN","1","1","5","3","-1","-8","0","0","0","raw_fallback","1","raw_gate_impossible","0","0","0","0.05083","0.05083","-0.02746","-0.02746","0.00000","0.00000","-0.02337","-0.02337","1.00000","1.00000","1.00000","1.00000","","","","0.00000"
"1609","TLA","1","1","5","3","-1","-8","0","0","0","raw_fallback","1","raw_gate_impossible","0","0","0","0.05589","0.05589","-0.03280","-0.03280","0.00000","0.00000","-0.02310","-0.02310","1.00000","1.00000","1.00000","1.00000","","","","-0.00001"
"1610","YPZ","1","1","5","3","-1","-8","0","0","0","raw_fallback","1","raw_gate_impossible","0","0","0","0.16139","0.16139","-0.10368","-0.10368","0.00000","0.00000","-0.05771","-0.05771","1.00000","1.00000","1.00000","1.00000","","","","0.00000"
"1611","CLP","1","1","5","3","-1","-8","1","0","0","raw_fallback","2","one_or_fewer_classes","0","0","0","0.06581","0.06581","-0.03740","-0.03740","0.00660","0.00660","-0.03501","-0.03501","1.00000","1.00000","1.00000","1.00000","","","","0.00000"
"1612","OAP","1","1","5","3","-1","-8","0","0","0","raw_fallback","1","raw_gate_impossible","0","0","0","0.04006","0.04006","-0.02290","-0.02290","0.00000","0.00000","-0.01717","-0.01717","1.00000","1.00000","1.00000","1.00000","","","","-0.00001"
"1613","TLX","4","4","3","3","-2","-8","1","0","0","raw_fallback","5","no_gate_candidate","11","1","0","0.19206","0.19206","-0.12682","-0.12682","-0.00054","-0.00054","-0.06469","-0.06469","1.00000","1.00000","1.00000","1.00000","","","","0.00001"
"1614","ZAP","5","5","3","3","-1","-8","1","0","0","raw_fallback","5","no_gate_candidate","7","2","0","0.92878","0.92878","-0.36886","-0.36886","-0.33552","-0.33552","-0.22444","-0.22444","1.00000","1.00000","1.00000","1.00000","","","","-0.00004"
"1615","TPL","1","1","5","3","-1","-8","1","0","0","raw_fallback","2","one_or_fewer_classes","0","0","0","0.16404","0.16404","-0.07354","-0.07354","0.00146","0.00146","-0.09196","-0.09196","1.00000","1.00000","1.00000","1.00000","","","","0.00000"
"1616","IXL","1","1","5","3","-1","-8","0","0","0","raw_fallback","1","raw_gate_impossible","0","0","0","0.09019","0.09019","-0.04592","-0.04592","0.00000","0.00000","-0.04426","-0.04426","1.00000","1.00000","1.00000","1.00000","","","","0.00001"
"1617","YDZ","1","1","5","3","-1","-8","0","0","0","raw_fallback","1","raw_gate_impossible","0","0","0","0.43357","0.43357","-0.18965","-0.18965","0.00000","0.00000","-0.24391","-0.24391","1.00000","1.00000","1.00000","1.00000","","","","0.00001"
"1618","YAU","1","0","5","3","-1","-8","0","0","0","raw_fallback","1","raw_gate_impossible","0","0","0","0.00000","0.00000","0.00000","0.00000","0.00000","0.00000","0.00000","0.00000","1.00000","1.00000","1.00000","1.00000","","","","0.00000"
"1619","THT","4","4","3","3","-2","1","1","1","2","improvement_l2","0","none","11","3","1","1.31945","1.20371","-0.79066","-0.77327","0.00463","-0.00032","-0.53343","-0.43010","0.00000","0.00000","0.84094","4.33848","0.30855","0.06017","-0.00004","-0.00001"
"1620","MIX","8","8","3","3","-2","-1","1","1","2","improvement_l2","0","none","11","7","4","0.62430","0.55555","-0.57287","-0.55814","-0.00240","-0.00002","-0.04906","0.00271","0.00000","4.43444","2.77310","1.52165","0.51722","0.03306","-0.00004","-0.00003"
"1621","QIG","1","1","5","3","-1","-8","0","0","0","raw_fallback","1","raw_gate_impossible","0","0","0","0.09484","0.09484","-0.05771","-0.05771","0.00000","0.00000","-0.03713","-0.03713","1.00000","1.00000","1.00000","1.00000","","","","0.00000"
"1622","TZL","3","3","5","3","-1","-8","0","0","0","raw_fallback","1","raw_gate_impossible","0","0","0","0.46449","0.46449","-0.33532","-0.33532","0.00000","0.00000","-0.12919","-0.12919","1.00000","1.00000","1.00000","1.00000","","","","-0.00002"
"1623","JUX","1","1","5","3","-1","-8","0","0","0","raw_fallback","1","raw_gate_impossible","0","0","0","0.22599","0.22599","-0.13335","-0.13335","0.00000","0.00000","-0.09264","-0.09264","1.00000","1.00000","1.00000","1.00000","","","","0.00000"
"1624","TCQ","3","3","5","3","-1","-8","0","0","0","raw_fallback","1","raw_gate_impossible","0","0","0","0.36066","0.36066","-0.25726","-0.25726","0.00000","0.00000","-0.10341","-0.10341","1.00000","1.00000","1.00000","1.00000","","","","-0.00001"
"1625","YCH","2","2","5","3","-1","-8","0","0","0","raw_fallback","1","raw_gate_impossible","0","0","0","0.15934","0.15934","-0.13655","-0.13655","0.00000","0.00000","-0.02281","-0.02281","1.00000","1.00000","1.00000","1.00000","","","","-0.00002"
"1626","COI","2","2","5","3","-1","-8","0","0","0","raw_fallback","1","raw_gate_impossible","0","0","0","0.07894","0.07894","-0.08052","-0.08052","0.00000","0.00000","0.00158","0.00158","1.00000","1.00000","1.00000","1.00000","","","","0.00000"
"1627","CCN","1","1","5","3","-1","-8","0","0","0","raw_fallback","1","raw_gate_impossible","0","0","0","0.03519","0.03519","-0.01940","-0.01940","0.00000","0.00000","-0.01578","-0.01578","1.00000","1.00000","1.00000","1.00000","","","","0.00001"
"1628","NND","1","1","5","3","-1","-8","1","0","0","raw_fallback","2","one_or_fewer_classes","0","0","0","0.60696","0.60696","-0.30585","-0.30585","-0.18844","-0.18844","-0.11268","-0.11268","1.00000","1.00000","1.00000","1.00000","","","","-0.00001"
"1629","MHT","1","1","5","3","-1","-8","0","0","0","raw_fallback","1","raw_gate_impossible","0","0","0","0.04173","0.04173","-0.02334","-0.02334","0.00000","0.00000","-0.01840","-0.01840","1.00000","1.00000","1.00000","1.00000","","","","-0.00001"
"1630","TEO","5","3","3","3","-1","1","1","1","2","improvement_l2","0","none","7","2","1","0.58652","0.47576","-0.36799","-0.31300","-0.01597","0.00727","-0.20255","-0.16986","0.00000","9.84439","0.00000","0.00000","0.26098","0.05175","-0.00002","0.00001"
"1631","CLM","7","6","3","3","-2","-8","1","0","0","raw_fallback","5","no_gate_candidate","11","3","0","0.11299","0.11299","-0.15829","-0.15829","-0.00061","-0.00061","0.04586","0.04586","1.00000","1.00000","1.00000","1.00000","","","","-0.00005"
"1632","TOT","1","1","5","3","-1","-8","1","0","0","raw_fallback","2","one_or_fewer_classes","0","0","0","0.03808","0.03808","-0.01515","-0.01515","-0.00153","-0.00153","-0.02140","-0.02140","1.00000","1.00000","1.00000","1.00000","","","","0.00000"
"1633","MZT","1","1","5","3","-1","-8","0","0","0","raw_fallback","1","raw_gate_impossible","0","0","0","0.16222","0.16222","-0.06121","-0.06121","0.00000","0.00000","-0.10102","-0.10102","1.00000","1.00000","1.00000","1.00000","","","","-0.00001"
"1634","PPT","2","2","5","3","-1","-8","0","0","0","raw_fallback","1","raw_gate_impossible","0","0","0","0.15073","0.15073","-0.14528","-0.14528","0.00000","0.00000","-0.00544","-0.00544","1.00000","1.00000","1.00000","1.00000","","","","0.00001"
"1635","QHZ","3","3","3","3","-1","-8","1","0","0","raw_fallback","4","no_valid_candidate","7","0","0","0.05193","0.05193","-0.04257","-0.04257","0.00111","0.00111","-0.01046","-0.01046","1.00000","1.00000","1.00000","1.00000","","","","0.00001"
"1636","HST","1","1","5","3","-1","-8","1","0","0","raw_fallback","2","one_or_fewer_classes","0","0","0","0.10603","0.10603","-0.04938","-0.04938","0.00435","0.00435","-0.06098","-0.06098","1.00000","1.00000","1.00000","1.00000","","","","0.00002"
"1637","MCC","1","1","5","3","-1","-8","0","0","0","raw_fallback","1","raw_gate_impossible","0","0","0","0.04223","0.04223","-0.02192","-0.02192","0.00000","0.00000","-0.02031","-0.02031","1.00000","1.00000","1.00000","1.00000","","","","0.00000"
"1638","TTC","1","1","5","3","-1","-8","1","0","0","raw_fallback","2","one_or_fewer_classes","0","0","0","0.20111","0.20111","-0.10413","-0.10413","-0.00244","-0.00244","-0.09456","-0.09456","1.00000","1.00000","1.00000","1.00000","","","","-0.00002"
"1639","TXP","1","1","5","3","-1","-8","0","0","0","raw_fallback","1","raw_gate_impossible","0","0","0","0.17641","0.17641","-0.06137","-0.06137","0.00000","0.00000","-0.11504","-0.11504","1.00000","1.00000","1.00000","1.00000","","","","0.00000"
"1640","OZL","1","1","5","3","-1","-8","1","0","0","raw_fallback","2","one_or_fewer_classes","0","0","0","0.14967","0.14967","-0.07746","-0.07746","0.00334","0.00334","-0.07555","-0.07555","1.00000","1.00000","1.00000","1.00000","","","","0.00000"
"1641","OXT","1","1","5","3","-1","-8","0","0","0","raw_fallback","1","raw_gate_impossible","0","0","0","0.34207","0.34207","-0.13180","-0.13180","0.00000","0.00000","-0.21030","-0.21030","1.00000","1.00000","1.00000","1.00000","","","","-0.00003"
"1642","TZH","1","1","5","3","-1","-8","1","0","0","raw_fallback","2","one_or_fewer_classes","0","0","0","0.10449","0.10449","-0.03251","-0.03251","0.00002","0.00002","-0.07202","-0.07202","1.00000","1.00000","1.00000","1.00000","","","","-0.00002"
"1643","TZP","1","1","5","3","-1","-8","0","0","0","raw_fallback","1","raw_gate_impossible","0","0","0","0.04360","0.04360","-0.01813","-0.01813","0.00000","0.00000","-0.02548","-0.02548","1.00000","1.00000","1.00000","1.00000","","","","-0.00001"
"1644","XAL","3","3","3","3","-1","1","1","1","2","improvement_l2","0","none","7","3","1","0.13940","0.12503","-0.11953","-0.10501","0.00885","-0.00266","-0.02872","-0.01738","0.00000","0.00000","0.61691","1.28655","0.32970","0.01160","-0.00002","0.00000"
"1645","TAA","1","1","5","3","-1","-8","1","0","0","raw_fallback","2","one_or_fewer_classes","0","0","0","0.02796","0.02796","-0.01229","-0.01229","-0.00447","-0.00447","-0.01120","-0.01120","1.00000","1.00000","1.00000","1.00000","","","","0.00000"
"1646","TZZ","1","1","5","3","-1","-8","0","0","0","raw_fallback","1","raw_gate_impossible","0","0","0","0.01774","0.01774","-0.00964","-0.00964","0.00000","0.00000","-0.00811","-0.00811","1.00000","1.00000","1.00000","1.00000","","","","-0.00001"
"1647","SNT","1","1","5","3","-1","-8","0","0","0","raw_fallback","1","raw_gate_impossible","0","0","0","0.05105","0.05105","-0.02869","-0.02869","0.00000","0.00000","-0.02236","-0.02236","1.00000","1.00000","1.00000","1.00000","","","","0.00000"
"1649","TNL","3","3","5","3","-1","-8","0","0","0","raw_fallback","1","raw_gate_impossible","0","0","0","0.04708","0.04708","-0.03066","-0.03066","0.00000","0.00000","-0.01644","-0.01644","1.00000","1.00000","1.00000","1.00000","","","","-0.00002"
"1650","MXT","1","1","5","3","-1","-8","0","0","0","raw_fallback","1","raw_gate_impossible","0","0","0","0.01719","0.01719","-0.00904","-0.00904","0.00000","0.00000","-0.00815","-0.00815","1.00000","1.00000","1.00000","1.00000","","","","0.00000"
"1651","YAH","1","1","5","3","-1","-8","0","0","0","raw_fallback","1","raw_gate_impossible","0","0","0","0.02350","0.02350","-0.01613","-0.01613","0.00000","0.00000","-0.00737","-0.00737","1.00000","1.00000","1.00000","1.00000","","","","0.00000"
"1652","TPN","1","1","5","3","-1","-8","0","0","0","raw_fallback","1","raw_gate_impossible","0","0","0","0.13262","0.13262","-0.06931","-0.06931","0.00000","0.00000","-0.06331","-0.06331","1.00000","1.00000","1.00000","1.00000","","","","0.00000"
"1653","MIT","2","2","3","3","-1","-8","1","0","0","raw_fallback","4","no_valid_candidate","3","0","0","0.03183","0.03183","-0.02200","-0.02200","-0.00324","-0.00324","-0.00657","-0.00657","1.00000","1.00000","1.00000","1.00000","","","","0.00002"
"1654","XLT","1","1","5","3","-1","-8","0","0","0","raw_fallback","1","raw_gate_impossible","0","0","0","0.02104","0.02104","-0.00927","-0.00927","0.00000","0.00000","-0.01177","-0.01177","1.00000","1.00000","1.00000","1.00000","","","","0.00000"
"1655","CON","1","1","5","3","-1","-8","1","0","0","raw_fallback","2","one_or_fewer_classes","0","0","0","0.05823","0.05823","-0.02511","-0.02511","-0.00292","-0.00292","-0.03020","-0.03020","1.00000","1.00000","1.00000","1.00000","","","","0.00000"
"1656","ACA","1","1","5","3","-1","-8","1","0","0","raw_fallback","2","one_or_fewer_classes","0","0","0","0.04708","0.04708","-0.02520","-0.02520","0.00400","0.00400","-0.02589","-0.02589","1.00000","1.00000","1.00000","1.00000","","","","-0.00001"
"1658","TEL","1","1","5","3","-1","-8","0","0","0","raw_fallback","1","raw_gate_impossible","0","0","0","0.01401","0.01401","-0.00771","-0.00771","0.00000","0.00000","-0.00630","-0.00630","1.00000","1.00000","1.00000","1.00000","","","","0.00000"
"1659","XOC","2","2","5","3","-1","-8","0","0","0","raw_fallback","1","raw_gate_impossible","0","0","0","0.03727","0.03727","-0.03500","-0.03500","0.00000","0.00000","-0.00228","-0.00228","1.00000","1.00000","1.00000","1.00000","","","","-0.00001"
"1666","ATO","1","1","5","3","-1","-8","0","0","0","raw_fallback","1","raw_gate_impossible","0","0","0","0.05583","0.05583","-0.02369","-0.02369","0.00000","0.00000","-0.03214","-0.03214","1.00000","1.00000","1.00000","1.00000","","","","0.00000"
"1667","TZC","1","1","5","3","-1","-8","1","0","0","raw_fallback","2","one_or_fewer_classes","0","0","0","0.28293","0.28293","-0.14370","-0.14370","0.00452","0.00452","-0.14376","-0.14376","1.00000","1.00000","1.00000","1.00000","","","","-0.00001"
"1668","CLC","1","1","5","3","-1","-8","1","0","0","raw_fallback","2","one_or_fewer_classes","0","0","0","0.23875","0.23875","-0.11559","-0.11559","0.00589","0.00589","-0.12906","-0.12906","1.00000","1.00000","1.00000","1.00000","","","","-0.00001"
"1669","HUX","1","1","5","3","-1","-8","0","0","0","raw_fallback","1","raw_gate_impossible","0","0","0","0.06893","0.06893","-0.03640","-0.03640","0.00000","0.00000","-0.03255","-0.03255","1.00000","1.00000","1.00000","1.00000","","","","-0.00002"
"1670","CUU","1","1","5","3","-1","-8","0","0","0","raw_fallback","1","raw_gate_impossible","0","0","0","0.06372","0.06372","-0.03382","-0.03382","0.00000","0.00000","-0.02990","-0.02990","1.00000","1.00000","1.00000","1.00000","","","","0.00000"
"1671","TCH","1","1","5","3","-1","-8","0","0","0","raw_fallback","1","raw_gate_impossible","0","0","0","0.23734","0.23734","-0.13518","-0.13518","0.00000","0.00000","-0.10217","-0.10217","1.00000","1.00000","1.00000","1.00000","","","","-0.00001"
"1672","OZT","1","1","5","3","-1","-8","0","0","0","raw_fallback","1","raw_gate_impossible","0","0","0","0.05585","0.05585","-0.02919","-0.02919","0.00000","0.00000","-0.02666","-0.02666","1.00000","1.00000","1.00000","1.00000","","","","0.00000"
"1673","TMS","1","1","5","3","-1","-8","0","0","0","raw_fallback","1","raw_gate_impossible","0","0","0","0.10317","0.10317","-0.04706","-0.04706","0.00000","0.00000","-0.05611","-0.05611","1.00000","1.00000","1.00000","1.00000","","","","0.00000"
"1674","TCC","1","1","5","3","-1","-8","0","0","0","raw_fallback","1","raw_gate_impossible","0","0","0","0.02800","0.02800","-0.01803","-0.01803","0.00000","0.00000","-0.00997","-0.00997","1.00000","1.00000","1.00000","1.00000","","","","0.00000"
"1675","CTL","1","1","5","3","-1","-8","0","0","0","raw_fallback","1","raw_gate_impossible","0","0","0","0.11615","0.11615","-0.05123","-0.05123","0.00000","0.00000","-0.06494","-0.06494","1.00000","1.00000","1.00000","1.00000","","","","-0.00002"
"1676","TLL","1","1","5","3","-1","-8","0","0","0","raw_fallback","1","raw_gate_impossible","0","0","0","0.18196","0.18196","-0.12445","-0.12445","0.00000","0.00000","-0.05750","-0.05750","1.00000","1.00000","1.00000","1.00000","","","","0.00001"
"1677","ZOM","1","1","5","3","-1","-8","0","0","0","raw_fallback","1","raw_gate_impossible","0","0","0","0.05829","0.05829","-0.02926","-0.02926","0.00000","0.00000","-0.02903","-0.02903","1.00000","1.00000","1.00000","1.00000","","","","0.00000"
"1678","TLZ","1","1","5","3","-1","-8","0","0","0","raw_fallback","1","raw_gate_impossible","0","0","0","0.04949","0.04949","-0.02234","-0.02234","0.00000","0.00000","-0.02715","-0.02715","1.00000","1.00000","1.00000","1.00000","","","","0.00000"
"1679","UAU","1","1","5","3","-1","-8","0","0","0","raw_fallback","1","raw_gate_impossible","0","0","0","0.28339","0.28339","-0.12508","-0.12508","0.00000","0.00000","-0.15831","-0.15831","1.00000","1.00000","1.00000","1.00000","","","","0.00000"
"1680","YOH","3","3","3","3","-1","-8","1","0","0","raw_fallback","5","no_gate_candidate","7","3","0","0.34963","0.34963","-0.26794","-0.26794","-0.00215","-0.00215","-0.07954","-0.07954","1.00000","1.00000","1.00000","1.00000","","","","0.00000"
"1681","TPT","1","1","5","3","-1","-8","1","0","0","raw_fallback","2","one_or_fewer_classes","0","0","0","0.19352","0.19352","-0.14184","-0.14184","0.00570","0.00570","-0.05738","-0.05738","1.00000","1.00000","1.00000","1.00000","","","","0.00000"
"1682","CIH","1","1","5","3","-1","-8","0","0","0","raw_fallback","1","raw_gate_impossible","0","0","0","0.04658","0.04658","-0.03157","-0.03157","0.00000","0.00000","-0.01501","-0.01501","1.00000","1.00000","1.00000","1.00000","","","","0.00000"
"1683","ZCT","1","1","5","3","-1","-8","0","0","0","raw_fallback","1","raw_gate_impossible","0","0","0","0.12290","0.12290","-0.07634","-0.07634","0.00000","0.00000","-0.04657","-0.04657","1.00000","1.00000","1.00000","1.00000","","","","-0.00001"
"1684","AJC","1","1","5","3","-1","-8","0","0","0","raw_fallback","1","raw_gate_impossible","0","0","0","0.03541","0.03541","-0.01914","-0.01914","0.00000","0.00000","-0.01626","-0.01626","1.00000","1.00000","1.00000","1.00000","","","","0.00001"
"1685","TLP","1","1","5","3","-1","-8","0","0","0","raw_fallback","1","raw_gate_impossible","0","0","0","0.22425","0.22425","-0.14110","-0.14110","0.00000","0.00000","-0.08316","-0.08316","1.00000","1.00000","1.00000","1.00000","","","","-0.00001"
"1686","AYO","1","1","5","3","-1","-8","0","0","0","raw_fallback","1","raw_gate_impossible","0","0","0","0.22117","0.22117","-0.13634","-0.13634","0.00000","0.00000","-0.08484","-0.08484","1.00000","1.00000","1.00000","1.00000","","","","-0.00001"
"1687","OMT","1","1","5","3","-1","-8","1","0","0","raw_fallback","2","one_or_fewer_classes","0","0","0","0.06020","0.06020","-0.03870","-0.03870","-0.00253","-0.00253","-0.01897","-0.01897","1.00000","1.00000","1.00000","1.00000","","","","0.00000"
"1688","CTC","2","2","3","3","-1","-8","1","0","0","raw_fallback","5","no_gate_candidate","3","1","0","0.05024","0.05024","-0.05004","-0.05004","0.00215","0.00215","-0.00235","-0.00235","1.00000","1.00000","1.00000","1.00000","","","","0.00000"
"1689","CTZ","3","3","3","3","-1","-8","1","0","0","raw_fallback","5","no_gate_candidate","7","1","0","0.10177","0.10177","-0.08237","-0.08237","-0.00102","-0.00102","-0.01837","-0.01837","1.00000","1.00000","1.00000","1.00000","","","","0.00001"
"1690","TPY","2","2","3","3","-1","-8","1","0","0","raw_fallback","5","no_gate_candidate","3","2","0","0.47368","0.47368","-0.24055","-0.24055","0.00085","0.00085","-0.23400","-0.23400","1.00000","1.00000","1.00000","1.00000","","","","-0.00002"
"1691","CTX","2","2","5","3","-1","-8","0","0","0","raw_fallback","1","raw_gate_impossible","0","0","0","0.02608","0.02608","-0.01790","-0.01790","0.00000","0.00000","-0.00820","-0.00820","1.00000","1.00000","1.00000","1.00000","","","","-0.00002"
"1692","CLL","1","1","5","3","-1","-8","0","0","0","raw_fallback","1","raw_gate_impossible","0","0","0","0.12451","0.12451","-0.06475","-0.06475","0.00000","0.00000","-0.05976","-0.05976","1.00000","1.00000","1.00000","1.00000","","","","0.00000"
"1693","HJZ","1","1","5","3","-1","-8","1","0","0","raw_fallback","2","one_or_fewer_classes","0","0","0","0.13761","0.13761","-0.06179","-0.06179","-0.00333","-0.00333","-0.07251","-0.07251","1.00000","1.00000","1.00000","1.00000","","","","-0.00002"
"1694","XCH","1","1","5","3","-1","-8","0","0","0","raw_fallback","1","raw_gate_impossible","0","0","0","0.19867","0.19867","-0.09331","-0.09331","0.00000","0.00000","-0.10537","-0.10537","1.00000","1.00000","1.00000","1.00000","","","","-0.00001"
"1695","IXT","1","1","5","3","-1","-8","0","0","0","raw_fallback","1","raw_gate_impossible","0","0","0","0.15929","0.15929","-0.05083","-0.05083","0.00000","0.00000","-0.10847","-0.10847","1.00000","1.00000","1.00000","1.00000","","","","-0.00001"
"1696","TEE","1","1","5","3","-1","-8","1","0","0","raw_fallback","2","one_or_fewer_classes","0","0","0","0.08184","0.08184","-0.02872","-0.02872","-0.00036","-0.00036","-0.05276","-0.05276","1.00000","1.00000","1.00000","1.00000","","","","0.00000"
"1697","ZAT","1","1","5","3","-1","-8","0","0","0","raw_fallback","1","raw_gate_impossible","0","0","0","0.13496","0.13496","-0.07538","-0.07538","0.00000","0.00000","-0.05959","-0.05959","1.00000","1.00000","1.00000","1.00000","","","","-0.00001"
"1698","TLQ","2","2","5","3","-1","-8","0","0","0","raw_fallback","1","raw_gate_impossible","0","0","0","0.04931","0.04931","-0.02933","-0.02933","0.00000","0.00000","-0.01997","-0.01997","1.00000","1.00000","1.00000","1.00000","","","","0.00001"
"1699","TCY","1","1","5","3","-1","-8","0","0","0","raw_fallback","1","raw_gate_impossible","0","0","0","0.17489","0.17489","-0.05653","-0.05653","0.00000","0.00000","-0.11836","-0.11836","1.00000","1.00000","1.00000","1.00000","","","","0.00000"
"1700","AHU","1","1","5","3","-1","-8","0","0","0","raw_fallback","1","raw_gate_impossible","0","0","0","0.01650","0.01650","-0.01087","-0.01087","0.00000","0.00000","-0.00564","-0.00564","1.00000","1.00000","1.00000","1.00000","","","","-0.00001"
"1701","GCH","1","1","5","3","-1","-8","1","0","0","raw_fallback","2","one_or_fewer_classes","0","0","0","0.02143","0.02143","-0.01179","-0.01179","0.00347","0.00347","-0.01312","-0.01312","1.00000","1.00000","1.00000","1.00000","","","","-0.00001"
"1702","ETZ","1","1","5","3","-1","-8","0","0","0","raw_fallback","1","raw_gate_impossible","0","0","0","0.01733","0.01733","-0.01009","-0.01009","0.00000","0.00000","-0.00723","-0.00723","1.00000","1.00000","1.00000","1.00000","","","","0.00001"
"1703","XCT","2","2","5","3","-1","-8","0","0","0","raw_fallback","1","raw_gate_impossible","0","0","0","0.07850","0.07850","-0.06751","-0.06751","0.00000","0.00000","-0.01100","-0.01100","1.00000","1.00000","1.00000","1.00000","","","","-0.00001"
"1704","AME","1","1","5","3","-1","-8","1","0","0","raw_fallback","2","one_or_fewer_classes","0","0","0","0.01418","0.01418","-0.00768","-0.00768","-0.00333","-0.00333","-0.00318","-0.00318","1.00000","1.00000","1.00000","1.00000","","","","-0.00001"
"1705","TNX","1","1","5","3","-1","-8","0","0","0","raw_fallback","1","raw_gate_impossible","0","0","0","0.04767","0.04767","-0.02211","-0.02211","0.00000","0.00000","-0.02556","-0.02556","1.00000","1.00000","1.00000","1.00000","","","","0.00000"
"1706","AML","1","1","5","3","-1","-8","0","0","0","raw_fallback","1","raw_gate_impossible","0","0","0","0.05766","0.05766","-0.03227","-0.03227","0.00000","0.00000","-0.02539","-0.02539","1.00000","1.00000","1.00000","1.00000","","","","0.00000"
"1707","CZL","1","1","5","3","-1","-8","1","0","0","raw_fallback","2","one_or_fewer_classes","0","0","0","0.04056","0.04056","-0.02752","-0.02752","-0.00246","-0.00246","-0.01059","-0.01059","1.00000","1.00000","1.00000","1.00000","","","","-0.00001"
"1708","TMT","2","2","5","3","-1","-8","0","0","0","raw_fallback","1","raw_gate_impossible","0","0","0","0.11183","0.11183","-0.07336","-0.07336","0.00000","0.00000","-0.03846","-0.03846","1.00000","1.00000","1.00000","1.00000","","","","0.00001"
"1709","MHC","1","1","5","3","-1","-8","0","0","0","raw_fallback","1","raw_gate_impossible","0","0","0","0.03059","0.03059","-0.01273","-0.01273","0.00000","0.00000","-0.01786","-0.01786","1.00000","1.00000","1.00000","1.00000","","","","0.00000"
"1710","XIH","1","1","5","3","-1","-8","0","0","0","raw_fallback","1","raw_gate_impossible","0","0","0","0.03824","0.03824","-0.01582","-0.01582","0.00000","0.00000","-0.02242","-0.02242","1.00000","1.00000","1.00000","1.00000","","","","0.00000"
"1711","ATL","1","1","5","3","-1","-8","0","0","0","raw_fallback","1","raw_gate_impossible","0","0","0","0.03460","0.03460","-0.02149","-0.02149","0.00000","0.00000","-0.01312","-0.01312","1.00000","1.00000","1.00000","1.00000","","","","-0.00001"
"1712","CCL","2","2","5","3","-1","-8","0","0","0","raw_fallback","1","raw_gate_impossible","0","0","0","0.01464","0.01464","-0.01006","-0.01006","0.00000","0.00000","-0.00457","-0.00457","1.00000","1.00000","1.00000","1.00000","","","","0.00001"
"1713","HTZ","1","1","5","3","-1","-8","0","0","0","raw_fallback","1","raw_gate_impossible","0","0","0","0.03451","0.03451","-0.01774","-0.01774","0.00000","0.00000","-0.01677","-0.01677","1.00000","1.00000","1.00000","1.00000","","","","0.00000"
"1714","AZL","1","1","5","3","-1","-8","0","0","0","raw_fallback","1","raw_gate_impossible","0","0","0","0.08839","0.08839","-0.04669","-0.04669","0.00000","0.00000","-0.04170","-0.04170","1.00000","1.00000","1.00000","1.00000","","","","0.00000"
"1715","TZM","2","2","3","3","-1","-8","1","0","0","raw_fallback","4","no_valid_candidate","3","0","0","0.07812","0.07812","-0.04157","-0.04157","-0.00328","-0.00328","-0.03326","-0.03326","1.00000","1.00000","1.00000","1.00000","","","","0.00001"
"1716","TLY","1","1","5","3","-1","-8","1","0","0","raw_fallback","2","one_or_fewer_classes","0","0","0","0.06830","0.06830","-0.03220","-0.03220","-0.00191","-0.00191","-0.03419","-0.03419","1.00000","1.00000","1.00000","1.00000","","","","0.00000"
"1717","CAU","1","1","5","3","-1","-8","0","0","0","raw_fallback","1","raw_gate_impossible","0","0","0","0.03361","0.03361","-0.01586","-0.01586","0.00000","0.00000","-0.01774","-0.01774","1.00000","1.00000","1.00000","1.00000","","","","0.00001"
"1718","AMP","1","1","5","3","-1","-8","0","0","0","raw_fallback","1","raw_gate_impossible","0","0","0","0.08377","0.08377","-0.05018","-0.05018","0.00000","0.00000","-0.03359","-0.03359","1.00000","1.00000","1.00000","1.00000","","","","0.00000"
"1719","SAY","1","1","5","3","-1","-8","0","0","0","raw_fallback","1","raw_gate_impossible","0","0","0","0.06750","0.06750","-0.03320","-0.03320","0.00000","0.00000","-0.03432","-0.03432","1.00000","1.00000","1.00000","1.00000","","","","-0.00002"
"1720","PTP","2","2","5","3","-1","-8","0","0","0","raw_fallback","1","raw_gate_impossible","0","0","0","0.20088","0.20088","-0.11280","-0.11280","0.00000","0.00000","-0.08807","-0.08807","1.00000","1.00000","1.00000","1.00000","","","","0.00001"
"1721","XAP","3","3","5","3","-1","-8","0","0","0","raw_fallback","1","raw_gate_impossible","0","0","0","0.05713","0.05713","-0.06393","-0.06393","0.00000","0.00000","0.00679","0.00679","1.00000","1.00000","1.00000","1.00000","","","","-0.00001"
"1722","CUO","2","2","5","3","-1","-8","0","0","0","raw_fallback","1","raw_gate_impossible","0","0","0","0.13725","0.13725","-0.08194","-0.08194","0.00000","0.00000","-0.05531","-0.05531","1.00000","1.00000","1.00000","1.00000","","","","0.00000"
"1723","XIC","2","2","5","3","-1","-8","0","0","0","raw_fallback","1","raw_gate_impossible","0","0","0","0.08101","0.08101","-0.07560","-0.07560","0.00000","0.00000","-0.00541","-0.00541","1.00000","1.00000","1.00000","1.00000","","","","0.00000"
"1724","TOH","4","4","3","3","-2","-8","1","0","0","raw_fallback","5","no_gate_candidate","11","5","0","0.86124","0.86124","-0.77158","-0.77158","-0.00777","-0.00777","-0.08189","-0.08189","1.00000","1.00000","1.00000","1.00000","","","","0.00000"
"1725","TTA","3","3","3","3","-1","-8","1","0","0","raw_fallback","5","no_gate_candidate","7","2","0","0.37695","0.37695","-0.30171","-0.30171","-0.00761","-0.00761","-0.06765","-0.06765","1.00000","1.00000","1.00000","1.00000","","","","-0.00002"
"1726","PTL","2","2","3","3","-1","-8","1","0","0","raw_fallback","5","no_gate_candidate","3","1","0","0.08682","0.08682","-0.10240","-0.10240","0.00511","0.00511","0.01047","0.01047","1.00000","1.00000","1.00000","1.00000","","","","0.00000"
"1727","CSM","1","1","5","3","-1","-8","1","0","0","raw_fallback","2","one_or_fewer_classes","0","0","0","0.05157","0.05157","-0.03030","-0.03030","-0.00166","-0.00166","-0.01960","-0.01960","1.00000","1.00000","1.00000","1.00000","","","","0.00001"
"1728","OTA","1","1","5","3","-1","-8","0","0","0","raw_fallback","1","raw_gate_impossible","0","0","0","0.03926","0.03926","-0.02249","-0.02249","0.00000","0.00000","-0.01677","-0.01677","1.00000","1.00000","1.00000","1.00000","","","","0.00000"
"1729","TLT","1","1","5","3","-1","-8","0","0","0","raw_fallback","1","raw_gate_impossible","0","0","0","0.02602","0.02602","-0.01424","-0.01424","0.00000","0.00000","-0.01179","-0.01179","1.00000","1.00000","1.00000","1.00000","","","","-0.00001"
"1730","TOZ","2","2","3","3","-1","-8","1","0","0","raw_fallback","4","no_valid_candidate","3","0","0","0.04260","0.04260","-0.02802","-0.02802","0.00129","0.00129","-0.01587","-0.01587","1.00000","1.00000","1.00000","1.00000","","","","0.00000"
"1731","IZC","1","1","5","3","-1","-8","0","0","0","raw_fallback","1","raw_gate_impossible","0","0","0","0.06118","0.06118","-0.04077","-0.04077","0.00000","0.00000","-0.02042","-0.02042","1.00000","1.00000","1.00000","1.00000","","","","-0.00001"
"1732","TSE","1","1","5","3","-1","-8","0","0","0","raw_fallback","1","raw_gate_impossible","0","0","0","0.04890","0.04890","-0.03341","-0.03341","0.00000","0.00000","-0.01548","-0.01548","1.00000","1.00000","1.00000","1.00000","","","","0.00001"
"1733","CCP","1","1","5","3","-1","-8","0","0","0","raw_fallback","1","raw_gate_impossible","0","0","0","0.14900","0.14900","-0.10135","-0.10135","0.00000","0.00000","-0.04765","-0.04765","1.00000","1.00000","1.00000","1.00000","","","","0.00000"
"1734","OZU","1","1","5","3","-1","-8","0","0","0","raw_fallback","1","raw_gate_impossible","0","0","0","0.22390","0.22390","-0.13366","-0.13366","0.00000","0.00000","-0.09024","-0.09024","1.00000","1.00000","1.00000","1.00000","","","","0.00000"
"1735","ATP","1","1","5","3","-1","-8","1","0","0","raw_fallback","2","one_or_fewer_classes","0","0","0","0.07308","0.07308","-0.04292","-0.04292","-0.00304","-0.00304","-0.02712","-0.02712","1.00000","1.00000","1.00000","1.00000","","","","0.00000"
"1736","CPN","1","1","5","3","-1","-8","0","0","0","raw_fallback","1","raw_gate_impossible","0","0","0","0.04848","0.04848","-0.02989","-0.02989","0.00000","0.00000","-0.01859","-0.01859","1.00000","1.00000","1.00000","1.00000","","","","0.00000"
"1737","XCP","1","1","5","3","-1","-8","0","0","0","raw_fallback","1","raw_gate_impossible","0","0","0","0.04696","0.04696","-0.02879","-0.02879","0.00000","0.00000","-0.01818","-0.01818","1.00000","1.00000","1.00000","1.00000","","","","-0.00001"
"1738","ATT","1","1","5","3","-1","-8","0","0","0","raw_fallback","1","raw_gate_impossible","0","0","0","0.08217","0.08217","-0.04478","-0.04478","0.00000","0.00000","-0.03739","-0.03739","1.00000","1.00000","1.00000","1.00000","","","","0.00000"
"1739","IXA","1","1","5","3","-1","-8","1","0","0","raw_fallback","2","one_or_fewer_classes","0","0","0","0.14340","0.14340","-0.09460","-0.09460","0.01245","0.01245","-0.06124","-0.06124","1.00000","1.00000","1.00000","1.00000","","","","0.00001"
"1740","CUZ","1","1","5","3","-1","-8","1","0","0","raw_fallback","2","one_or_fewer_classes","0","0","0","0.06017","0.06017","-0.03262","-0.03262","0.00118","0.00118","-0.02873","-0.02873","1.00000","1.00000","1.00000","1.00000","","","","0.00000"
"1741","TLO","1","1","5","3","-1","-8","1","0","0","raw_fallback","2","one_or_fewer_classes","0","0","0","0.05102","0.05102","-0.02605","-0.02605","-0.00114","-0.00114","-0.02383","-0.02383","1.00000","1.00000","1.00000","1.00000","","","","0.00000"
"1742","AMT","1","1","5","3","-1","-8","0","0","0","raw_fallback","1","raw_gate_impossible","0","0","0","0.13460","0.13460","-0.06213","-0.06213","0.00000","0.00000","-0.07247","-0.07247","1.00000","1.00000","1.00000","1.00000","","","","0.00000"
"1743","QLL","1","1","5","3","-1","-8","1","0","0","raw_fallback","2","one_or_fewer_classes","0","0","0","0.24624","0.24624","-0.11840","-0.11840","0.00747","0.00747","-0.13531","-0.13531","1.00000","1.00000","1.00000","1.00000","","","","0.00000"
"1744","IZO","1","1","5","3","-1","-8","1","0","0","raw_fallback","2","one_or_fewer_classes","0","0","0","0.79990","0.79990","-0.38863","-0.38863","0.00364","0.00364","-0.41490","-0.41490","1.00000","1.00000","1.00000","1.00000","","","","0.00001"
"1745","AXC","1","1","5","3","-1","-8","1","0","0","raw_fallback","2","one_or_fewer_classes","0","0","0","0.08937","0.08937","-0.03598","-0.03598","-0.00238","-0.00238","-0.05101","-0.05101","1.00000","1.00000","1.00000","1.00000","","","","0.00000"
"1746","TPX","1","1","5","3","-1","-8","1","0","0","raw_fallback","2","one_or_fewer_classes","0","0","0","0.26799","0.26799","-0.14169","-0.14169","0.00257","0.00257","-0.12887","-0.12887","1.00000","1.00000","1.00000","1.00000","","","","0.00000"
"1747","ZCZ","1","1","5","3","-1","-8","0","0","0","raw_fallback","1","raw_gate_impossible","0","0","0","0.04233","0.04233","-0.02271","-0.02271","0.00000","0.00000","-0.01962","-0.01962","1.00000","1.00000","1.00000","1.00000","","","","0.00000"
"1748","ITZ","7","6","3","3","-2","-8","1","0","0","raw_fallback","5","no_gate_candidate","11","4","0","0.60084","0.60084","-0.26198","-0.26198","-0.22615","-0.22615","-0.11279","-0.11279","1.00000","1.00000","1.00000","1.00000","","","","-0.00008"
"1749","COC","12","12","3","3","-2","1","1","1","2","improvement_l2","0","none","11","4","2","3.23963","2.80020","-2.59517","-2.55634","-0.08122","-0.00012","-0.56336","-0.24361","0.00000","0.00000","1.25835","6.64926","0.42911","0.21975","-0.00005","-0.00012"
"1750","XIU","3","3","3","3","-1","-8","1","0","0","raw_fallback","5","no_gate_candidate","7","2","0","0.17962","0.17962","0.16385","0.16385","-0.12402","-0.12402","-0.21954","-0.21954","1.00000","1.00000","1.00000","1.00000","","","","-0.00009"
"1751","CNL","1","1","5","3","-1","-8","1","0","0","raw_fallback","2","one_or_fewer_classes","0","0","0","0.19483","0.19483","-0.07719","-0.07719","-0.00038","-0.00038","-0.11728","-0.11728","1.00000","1.00000","1.00000","1.00000","","","","-0.00002"
"1752","CKP","5","5","3","3","-1","-8","1","0","0","raw_fallback","5","no_gate_candidate","3","2","0","0.70400","0.70400","-0.76480","-0.76480","0.36262","0.36262","-0.30186","-0.30186","1.00000","1.00000","1.00000","1.00000","","","","-0.00004"
"1753","HEL","6","6","3","3","-2","1","1","1","2","improvement_l2","0","none","11","7","5","1.49331","1.17906","-1.30005","-1.21507","-0.00373","0.00001","-0.18958","0.03610","0.08890","6.70470","0.00000","1.71667","0.52075","0.13913","-0.00005","-0.00005"
"1754","UAY","3","3","3","3","-1","-8","1","0","0","raw_fallback","5","no_gate_candidate","7","2","0","0.12024","0.12024","-0.11282","-0.11282","0.03877","0.03877","-0.04618","-0.04618","1.00000","1.00000","1.00000","1.00000","","","","0.00001"
"1756","CTM","2","2","3","3","-1","-8","1","0","0","raw_fallback","5","no_gate_candidate","3","1","0","0.05738","0.05738","-0.03531","-0.03531","0.01648","0.01648","-0.03855","-0.03855","1.00000","1.00000","1.00000","1.00000","","","","0.00000"
"1757","KOW","4","4","3","3","-1","-8","1","0","0","raw_fallback","5","no_gate_candidate","7","3","0","0.22425","0.22425","-0.15259","-0.15259","0.00118","0.00118","-0.07284","-0.07284","1.00000","1.00000","1.00000","1.00000","","","","0.00000"
"1758","YOK","3","3","3","3","-1","-8","1","0","0","raw_fallback","5","no_gate_candidate","7","5","0","1.84876","1.84876","-0.69282","-0.69282","0.00969","0.00969","-1.16567","-1.16567","1.00000","1.00000","1.00000","1.00000","","","","-0.00004"
"1759","XOL","6","5","3","3","-2","-8","1","0","0","raw_fallback","5","no_gate_candidate","11","4","0","0.37989","0.37989","-0.31085","-0.31085","0.00252","0.00252","-0.07155","-0.07155","1.00000","1.00000","1.00000","1.00000","","","","0.00001"
"1761","KIC","4","3","3","3","-1","-8","1","0","0","raw_fallback","4","no_valid_candidate","3","0","0","0.32555","0.32555","-0.24625","-0.24625","0.07138","0.07138","-0.15070","-0.15070","1.00000","1.00000","1.00000","1.00000","","","","-0.00002"
"1762","CHT","4","4","5","3","-1","-8","0","0","0","raw_fallback","1","raw_gate_impossible","0","0","0","0.29563","0.29563","-0.36290","-0.36290","0.00000","0.00000","0.06725","0.06725","1.00000","1.00000","1.00000","1.00000","","","","-0.00002"
"1763","LAC","2","2","3","3","-1","-8","1","0","0","raw_fallback","5","no_gate_candidate","3","3","0","1.17844","1.17844","-0.46335","-0.46335","-0.00063","-0.00063","-0.71448","-0.71448","1.00000","1.00000","1.00000","1.00000","","","","-0.00002"
"1764","KAQ","2","2","5","3","-1","-8","0","0","0","raw_fallback","1","raw_gate_impossible","0","0","0","0.37760","0.37760","-0.30417","-0.30417","0.00000","0.00000","-0.07342","-0.07342","1.00000","1.00000","1.00000","1.00000","","","","0.00001"
"1765","MMM","3","2","3","3","-1","-8","1","0","0","raw_fallback","4","no_valid_candidate","3","0","0","0.31526","0.31526","-0.17319","-0.17319","0.01155","0.01155","-0.15364","-0.15364","1.00000","1.00000","1.00000","1.00000","","","","-0.00002"
"1767","TZE","2","2","3","3","-1","-8","1","0","0","raw_fallback","5","no_gate_candidate","3","2","0","0.63394","0.63394","-0.24939","-0.24939","0.00122","0.00122","-0.38578","-0.38578","1.00000","1.00000","1.00000","1.00000","","","","-0.00001"
"1768","TZU","1","1","5","3","-1","-8","0","0","0","raw_fallback","1","raw_gate_impossible","0","0","0","0.09295","0.09295","-0.06539","-0.06539","0.00000","0.00000","-0.02756","-0.02756","1.00000","1.00000","1.00000","1.00000","","","","0.00000"
"1769","QAN","1","1","5","3","-1","-8","0","0","0","raw_fallback","1","raw_gate_impossible","0","0","0","0.06676","0.06676","-0.02252","-0.02252","0.00000","0.00000","-0.04425","-0.04425","1.00000","1.00000","1.00000","1.00000","","","","-0.00001"
"1771","DIT","1","1","5","3","-1","-8","0","0","0","raw_fallback","1","raw_gate_impossible","0","0","0","0.13878","0.13878","-0.03107","-0.03107","0.00000","0.00000","-0.10772","-0.10772","1.00000","1.00000","1.00000","1.00000","","","","-0.00001"
"1773","LUB","1","1","5","3","-1","-8","1","0","0","raw_fallback","2","one_or_fewer_classes","0","0","0","-0.33021","-0.33021","-0.41301","-0.41301","0.88247","0.88247","-0.13927","-0.13927","1.00000","1.00000","1.00000","1.00000","","","","-0.00002"
"1774","LBB","1","1","5","3","-1","-8","0","0","0","raw_fallback","1","raw_gate_impossible","0","0","0","0.20895","0.20895","-0.09084","-0.09084","0.00000","0.00000","-0.11811","-0.11811","1.00000","1.00000","1.00000","1.00000","","","","0.00000"
"1775","BRA","27","10","3","3","-2","1","1","1","2","improvement_l2","0","none","11","3","2","0.11495","0.06488","-0.32097","-0.29353","0.37775","0.32018","-0.17184","-0.09108","0.00000","29.13228","0.90655","0.00000","0.28566","0.05390","-0.00003","-0.00011"
"1776","ALL","1","1","5","3","-1","-8","1","0","0","raw_fallback","2","one_or_fewer_classes","0","0","0","0.22623","0.22623","-0.05855","-0.05855","0.02835","0.02835","-0.19603","-0.19603","1.00000","1.00000","1.00000","1.00000","","","","0.00000"
"1777","MAG","8","8","3","3","-2","-8","1","0","0","raw_fallback","5","no_gate_candidate","11","1","0","1.03652","1.03652","-0.50174","-0.50174","0.14469","0.14469","-0.67962","-0.67962","1.00000","1.00000","1.00000","1.00000","","","","-0.00015"
"1778","THU","6","6","3","3","-2","-8","1","0","0","raw_fallback","5","no_gate_candidate","11","5","0","0.24330","0.24330","0.00547","0.00547","0.07341","0.07341","-0.32223","-0.32223","1.00000","1.00000","1.00000","1.00000","","","","-0.00005"
"1779","BRE","7","7","3","3","-2","-8","1","0","0","raw_fallback","5","no_gate_candidate","11","6","0","0.14775","0.14775","0.14294","0.14294","0.00955","0.00955","-0.30029","-0.30029","1.00000","1.00000","1.00000","1.00000","","","","-0.00005"
"1780","BRM","1","1","5","3","-1","-8","1","0","0","raw_fallback","2","one_or_fewer_classes","0","0","0","-0.15196","-0.15196","0.02537","0.02537","0.23203","0.23203","-0.10545","-0.10545","1.00000","1.00000","1.00000","1.00000","","","","-0.00001"
"1781","MDN","1","1","5","3","-1","-8","1","0","0","raw_fallback","2","one_or_fewer_classes","0","0","0","0.38218","0.38218","-0.11043","-0.11043","0.01702","0.01702","-0.28877","-0.28877","1.00000","1.00000","1.00000","1.00000","","","","0.00000"
"1783","NSH","1","1","5","3","-1","-8","0","0","0","raw_fallback","1","raw_gate_impossible","0","0","0","0.21661","0.21661","-0.07204","-0.07204","0.00000","0.00000","-0.14458","-0.14458","1.00000","1.00000","1.00000","1.00000","","","","-0.00001"
"1784","NSS","2","2","3","3","-1","-8","1","0","0","raw_fallback","4","no_valid_candidate","3","0","0","0.14764","0.14764","-0.17142","-0.17142","0.01881","0.01881","0.00497","0.00497","1.00000","1.00000","1.00000","1.00000","","","","0.00000"
"1786","BRG","4","4","3","3","-1","-8","1","0","0","raw_fallback","5","no_gate_candidate","7","3","0","0.60300","0.60300","-0.43180","-0.43180","0.28539","0.28539","-0.45668","-0.45668","1.00000","1.00000","1.00000","1.00000","","","","-0.00009"
"1787","KTZ","2","2","3","3","-1","-8","1","0","0","raw_fallback","5","no_gate_candidate","3","3","0","0.42677","0.42677","-0.15767","-0.15767","0.02825","0.02825","-0.29736","-0.29736","1.00000","1.00000","1.00000","1.00000","","","","-0.00001"
"1788","MAI","7","6","3","3","-2","-8","1","0","0","raw_fallback","5","no_gate_candidate","11","3","0","-0.00348","-0.00348","0.43272","0.43272","-0.13371","-0.13371","-0.29567","-0.29567","1.00000","1.00000","1.00000","1.00000","","","","-0.00014"
"1789","SAA","1","1","5","3","-1","-8","1","0","0","raw_fallback","2","one_or_fewer_classes","0","0","0","0.16478","0.16478","-0.06715","-0.06715","-0.00645","-0.00645","-0.09119","-0.09119","1.00000","1.00000","1.00000","1.00000","","","","-0.00001"
"1790","STE","6","6","3","3","-1","-8","1","0","0","raw_fallback","4","no_valid_candidate","7","0","0","0.26681","0.26681","-0.13059","-0.13059","0.12617","0.12617","-0.26247","-0.26247","1.00000","1.00000","1.00000","1.00000","","","","-0.00008"
"1791","HPL","3","3","3","3","-1","-8","1","0","0","raw_fallback","5","no_gate_candidate","7","3","0","0.66381","0.66381","-0.41352","-0.41352","0.25483","0.25483","-0.50514","-0.50514","1.00000","1.00000","1.00000","1.00000","","","","-0.00002"
"1792","HTR","4","4","3","3","-1","1","1","1","2","improvement_l2","0","none","7","5","2","-0.29027","-0.03580","-0.09208","-0.08678","0.21685","0.16489","0.16547","-0.04237","3.54811","0.00000","0.00000","0.47642","0.47936","0.10869","-0.00011","-0.00003"
"1793","SLV","6","6","3","3","-2","-8","1","0","0","raw_fallback","4","no_valid_candidate","11","0","0","0.54635","0.54635","-0.22338","-0.22338","-0.03234","-0.03234","-0.29068","-0.29068","1.00000","1.00000","1.00000","1.00000","","","","-0.00005"
"1794","HNB","6","6","3","3","-2","1","1","1","2","improvement_l2","0","none","11","3","1","0.58866","0.51357","-0.12762","-0.08543","0.05950","-0.00894","-0.52061","-0.41901","0.00000","0.00000","0.36039","8.99726","0.37563","0.06733","-0.00004","-0.00007"
"1795","SPY","1","1","5","3","-1","-8","1","0","0","raw_fallback","2","one_or_fewer_classes","0","0","0","0.14084","0.14084","-0.03918","-0.03918","0.00757","0.00757","-0.10924","-0.10924","1.00000","1.00000","1.00000","1.00000","","","","-0.00001"
"1796","PLN","2","2","3","3","-1","1","1","1","2","improvement_l2","0","none","3","2","1","0.88409","0.63054","-0.21790","-0.14310","0.04322","-0.01898","-0.70944","-0.46820","0.00000","0.00000","0.00000","14.85648","0.38270","0.14844","-0.00002","-0.00003"
"1797","MEI","14","6","3","3","-2","-8","1","0","0","raw_fallback","5","no_gate_candidate","11","2","0","0.09580","0.09580","-0.41191","-0.41191","0.96053","0.96053","-0.64449","-0.64449","1.00000","1.00000","1.00000","1.00000","","","","-0.00007"
"1799","GLA","1","1","5","3","-1","-8","1","0","0","raw_fallback","2","one_or_fewer_classes","0","0","0","0.07978","0.07978","-0.02500","-0.02500","0.01528","0.01528","-0.07007","-0.07007","1.00000","1.00000","1.00000","1.00000","","","","-0.00001"
"1800","SOR","6","6","3","3","-2","-8","1","0","0","raw_fallback","4","no_valid_candidate","11","0","0","0.18556","0.18556","-0.05351","-0.05351","0.00955","0.00955","-0.14166","-0.14166","1.00000","1.00000","1.00000","1.00000","","","","-0.00006"
"1801","SPB","1","1","5","3","-1","-8","0","0","0","raw_fallback","1","raw_gate_impossible","0","0","0","0.04055","0.04055","-0.00918","-0.00918","0.00000","0.00000","-0.03137","-0.03137","1.00000","1.00000","1.00000","1.00000","","","","0.00000"
"1802","SWB","6","6","3","3","-2","1","1","1","2","improvement_l2","0","none","11","2","2","0.39095","0.35350","-0.07622","-0.03855","0.07454","0.00141","-0.38932","-0.31623","0.00000","10.08250","0.47619","0.00000","0.43968","0.05532","-0.00003","-0.00005"
"1803","RUP","1","1","5","3","-1","-8","1","0","0","raw_fallback","2","one_or_fewer_classes","0","0","0","0.05389","0.05389","-0.01599","-0.01599","0.00427","0.00427","-0.04217","-0.04217","1.00000","1.00000","1.00000","1.00000","","","","0.00000"
"1804","HVB","2","2","5","3","-1","-8","0","0","0","raw_fallback","1","raw_gate_impossible","0","0","0","-0.03746","-0.03746","-0.00335","-0.00335","0.00000","0.00000","0.04079","0.04079","1.00000","1.00000","1.00000","1.00000","","","","-0.00002"
"1805","SWR","2","2","5","3","-1","-8","0","0","0","raw_fallback","1","raw_gate_impossible","0","0","0","0.20965","0.20965","-0.08492","-0.08492","0.00000","0.00000","-0.12477","-0.12477","1.00000","1.00000","1.00000","1.00000","","","","-0.00004"
"1806","WRN","2","2","3","3","-1","-8","1","0","0","raw_fallback","4","no_valid_candidate","3","0","0","0.40954","0.40954","-0.14003","-0.14003","0.00199","0.00199","-0.27152","-0.27152","1.00000","1.00000","1.00000","1.00000","","","","-0.00002"
"1807","MKL","9","9","3","3","-2","1","1","1","2","improvement_l2","0","none","11","6","2","-0.14061","0.01071","-0.13934","-0.07712","0.39768","0.04296","-0.11791","0.02359","0.00000","2.37659","0.66553","2.38734","0.76568","0.16031","-0.00008","-0.00018"
"1808","RZB","1","1","5","3","-1","-8","0","0","0","raw_fallback","1","raw_gate_impossible","0","0","0","0.08869","0.08869","-0.03970","-0.03970","0.00000","0.00000","-0.04899","-0.04899","1.00000","1.00000","1.00000","1.00000","","","","0.00000"
"1810","GSW","3","3","5","3","-1","-8","0","0","0","raw_fallback","1","raw_gate_impossible","0","0","0","0.44780","0.44780","-0.16634","-0.16634","0.00000","0.00000","-0.28149","-0.28149","1.00000","1.00000","1.00000","1.00000","","","","-0.00003"
"1811","WOL","15","13","3","3","-2","1","1","1","2","improvement_l2","0","none","11","6","3","-0.86312","0.22787","-0.24724","0.00750","2.26582","0.47995","-1.15567","-0.71513","0.00000","7.77777","0.73954","1.98693","0.71884","0.77537","-0.00009","-0.00021"
"1812","KMM","3","3","3","3","-1","-8","1","0","0","raw_fallback","5","no_gate_candidate","7","6","0","0.17724","0.17724","-0.07813","-0.07813","0.03472","0.03472","-0.13384","-0.13384","1.00000","1.00000","1.00000","1.00000","","","","-0.00001"
"1813","NWG","1","1","5","3","-1","-8","0","0","0","raw_fallback","1","raw_gate_impossible","0","0","0","0.02077","0.02077","-0.00553","-0.00553","0.00000","0.00000","-0.01525","-0.01525","1.00000","1.00000","1.00000","1.00000","","","","-0.00001"
"1814","LAU","1","1","5","3","-1","-8","1","0","0","raw_fallback","2","one_or_fewer_classes","0","0","0","0.39961","0.39961","-0.05088","-0.05088","0.02893","0.02893","-0.37765","-0.37765","1.00000","1.00000","1.00000","1.00000","","","","0.00001"
"1815","HAM","1","1","5","3","-1","-8","1","0","0","raw_fallback","2","one_or_fewer_classes","0","0","0","0.32105","0.32105","-0.35569","-0.35569","0.52271","0.52271","-0.48812","-0.48812","1.00000","1.00000","1.00000","1.00000","","","","-0.00005"
"1816","HBS","2","2","3","3","-1","-8","1","0","0","raw_fallback","5","no_gate_candidate","3","1","0","0.22021","0.22021","-0.27226","-0.27226","0.29166","0.29166","-0.23964","-0.23964","1.00000","1.00000","1.00000","1.00000","","","","-0.00003"
"1817","BBG","1","1","5","3","-1","-8","1","0","0","raw_fallback","2","one_or_fewer_classes","0","0","0","0.14075","0.14075","-0.05562","-0.05562","-0.00570","-0.00570","-0.07946","-0.07946","1.00000","1.00000","1.00000","1.00000","","","","-0.00003"
"1818","ANH","1","1","5","3","-1","-8","1","0","0","raw_fallback","2","one_or_fewer_classes","0","0","0","0.22697","0.22697","-0.11123","-0.11123","-0.04109","-0.04109","-0.07466","-0.07466","1.00000","1.00000","1.00000","1.00000","","","","-0.00001"
"1819","BNB","2","2","3","3","-1","-8","1","0","0","raw_fallback","4","no_valid_candidate","3","0","0","0.14304","0.14304","-0.06145","-0.06145","0.00800","0.00800","-0.08962","-0.08962","1.00000","1.00000","1.00000","1.00000","","","","-0.00003"
"1820","MFE","1","1","5","3","-1","-8","1","0","0","raw_fallback","2","one_or_fewer_classes","0","0","0","0.65634","0.65634","-0.19832","-0.19832","0.04408","0.04408","-0.50211","-0.50211","1.00000","1.00000","1.00000","1.00000","","","","-0.00001"
"1821","MRB","1","1","5","3","-1","-8","0","0","0","raw_fallback","1","raw_gate_impossible","0","0","0","0.08206","0.08206","-0.02374","-0.02374","0.00000","0.00000","-0.05834","-0.05834","1.00000","1.00000","1.00000","1.00000","","","","-0.00002"
"1822","NMB","1","1","5","3","-1","-8","1","0","0","raw_fallback","2","one_or_fewer_classes","0","0","0","0.02607","0.02607","-0.00908","-0.00908","0.00262","0.00262","-0.01961","-0.01961","1.00000","1.00000","1.00000","1.00000","","","","0.00000"
"1823","QUB","2","2","3","3","-1","-8","1","0","0","raw_fallback","5","no_gate_candidate","3","3","0","0.48184","0.48184","-0.02486","-0.02486","0.02093","0.02093","-0.47793","-0.47793","1.00000","1.00000","1.00000","1.00000","","","","-0.00002"
"1824","WMA","1","1","5","3","-1","-8","1","0","0","raw_fallback","2","one_or_fewer_classes","0","0","0","0.26536","0.26536","-0.10026","-0.10026","-0.00187","-0.00187","-0.16324","-0.16324","1.00000","1.00000","1.00000","1.00000","","","","-0.00001"
"1825","SWZ","2","2","3","3","-1","1","1","1","2","improvement_l2","0","none","3","3","1","0.89566","0.79945","-0.21476","-0.18575","0.01956","-0.00507","-0.70046","-0.60862","0.00000","0.00000","0.49605","1.78031","0.27845","0.05788","-0.00003","0.00000"
"1826","FLD","2","2","3","3","-1","-8","1","0","0","raw_fallback","4","no_valid_candidate","3","0","0","0.14388","0.14388","-0.04343","-0.04343","-0.00496","-0.00496","-0.09552","-0.09552","1.00000","1.00000","1.00000","1.00000","","","","-0.00003"
"1827","SHS","1","1","5","3","-1","-8","0","0","0","raw_fallback","1","raw_gate_impossible","0","0","0","0.02507","0.02507","-0.00571","-0.00571","0.00000","0.00000","-0.01936","-0.01936","1.00000","1.00000","1.00000","1.00000","","","","0.00000"
"1828","NHS","1","1","5","3","-1","-8","1","0","0","raw_fallback","2","one_or_fewer_classes","0","0","0","0.06663","0.06663","-0.01533","-0.01533","0.00217","0.00217","-0.05348","-0.05348","1.00000","1.00000","1.00000","1.00000","","","","-0.00001"
"1829","MLH","1","1","5","3","-1","-8","1","0","0","raw_fallback","2","one_or_fewer_classes","0","0","0","0.31439","0.31439","-0.05949","-0.05949","0.00502","0.00502","-0.25994","-0.25994","1.00000","1.00000","1.00000","1.00000","","","","-0.00002"
"1830","ERF","1","1","5","3","-1","-8","1","0","0","raw_fallback","2","one_or_fewer_classes","0","0","0","0.26389","0.26389","0.06027","0.06027","0.13899","0.13899","-0.46320","-0.46320","1.00000","1.00000","1.00000","1.00000","","","","-0.00005"
"1831","HSF","1","1","5","3","-1","-8","0","0","0","raw_fallback","1","raw_gate_impossible","0","0","0","0.13018","0.13018","-0.03579","-0.03579","0.00000","0.00000","-0.09439","-0.09439","1.00000","1.00000","1.00000","1.00000","","","","0.00000"
"1832","HES","8","8","3","3","-2","1","1","1","2","improvement_l2","0","none","11","5","2","0.59390","0.40583","-0.20100","0.03308","0.08919","-0.00256","-0.48217","-0.43598","0.00000","2.00182","0.02841","22.61145","0.55481","0.12221","-0.00006","-0.00008"
"1833","PDB","3","3","3","3","-1","-8","1","0","0","raw_fallback","4","no_valid_candidate","3","0","0","0.07866","0.07866","-0.10399","-0.10399","0.16237","0.16237","-0.13708","-0.13708","1.00000","1.00000","1.00000","1.00000","","","","-0.00004"
"1834","ZIG","1","1","5","3","-1","-8","1","0","0","raw_fallback","2","one_or_fewer_classes","0","0","0","0.03858","0.03858","-0.01487","-0.01487","0.00500","0.00500","-0.02871","-0.02871","1.00000","1.00000","1.00000","1.00000","","","","0.00000"
"1835","HNA","1","1","5","3","-1","-8","1","0","0","raw_fallback","2","one_or_fewer_classes","0","0","0","0.11797","0.11797","-0.04419","-0.04419","0.01755","0.01755","-0.09132","-0.09132","1.00000","1.00000","1.00000","1.00000","","","","0.00001"
"1836","BUD","1","1","5","3","-1","-8","0","0","0","raw_fallback","1","raw_gate_impossible","0","0","0","0.11562","0.11562","-0.04768","-0.04768","0.00000","0.00000","-0.06795","-0.06795","1.00000","1.00000","1.00000","1.00000","","","","-0.00001"
"1837","WTZ","1","0","5","3","-1","-8","0","0","0","raw_fallback","1","raw_gate_impossible","0","0","0","0.00000","0.00000","0.00000","0.00000","0.00000","0.00000","0.00000","0.00000","1.00000","1.00000","1.00000","1.00000","","","","0.00000"
"1838","TRI","5","5","3","3","-2","-8","1","0","0","raw_fallback","4","no_valid_candidate","11","0","0","0.68508","0.68508","-0.22651","-0.22651","-0.05490","-0.05490","-0.40375","-0.40375","1.00000","1.00000","1.00000","1.00000","","","","-0.00008"
"1839","DIE","1","1","5","3","-1","-8","1","0","0","raw_fallback","2","one_or_fewer_classes","0","0","0","0.55489","0.55489","-0.20038","-0.20038","0.01629","0.01629","-0.37081","-0.37081","1.00000","1.00000","1.00000","1.00000","","","","-0.00001"
"1840","FRN","1","1","5","3","-1","-8","1","0","0","raw_fallback","2","one_or_fewer_classes","0","0","0","0.04427","0.04427","-0.15339","-0.15339","0.10617","0.10617","0.00291","0.00291","1.00000","1.00000","1.00000","1.00000","","","","-0.00004"
"1841","ERB","1","1","5","3","-1","-8","0","0","0","raw_fallback","1","raw_gate_impossible","0","0","0","0.04048","0.04048","-0.00940","-0.00940","0.00000","0.00000","-0.03110","-0.03110","1.00000","1.00000","1.00000","1.00000","","","","-0.00002"
"1842","WRM","1","1","5","3","-1","-8","1","0","0","raw_fallback","2","one_or_fewer_classes","0","0","0","0.01376","0.01376","0.00161","0.00161","0.03459","0.03459","-0.04999","-0.04999","1.00000","1.00000","1.00000","1.00000","","","","-0.00003"
"1843","SYE","1","1","5","3","-1","-8","1","0","0","raw_fallback","2","one_or_fewer_classes","0","0","0","-0.17062","-0.17062","0.14121","0.14121","0.21077","0.21077","-0.18141","-0.18141","1.00000","1.00000","1.00000","1.00000","","","","-0.00005"
"1844","ZWE","3","3","3","3","-1","-8","1","0","0","raw_fallback","5","no_gate_candidate","7","3","0","0.32167","0.32167","-0.16043","-0.16043","0.07151","0.07151","-0.23278","-0.23278","1.00000","1.00000","1.00000","1.00000","","","","-0.00003"
"1845","LNN","1","1","5","3","-1","-8","0","0","0","raw_fallback","1","raw_gate_impossible","0","0","0","0.23528","0.23528","-0.07489","-0.07489","0.00000","0.00000","-0.16040","-0.16040","1.00000","1.00000","1.00000","1.00000","","","","-0.00001"
"1846","SPO","3","3","3","3","-1","-8","1","0","0","raw_fallback","4","no_valid_candidate","7","0","0","0.36088","0.36088","-0.16273","-0.16273","0.01040","0.01040","-0.20859","-0.20859","1.00000","1.00000","1.00000","1.00000","","","","-0.00004"
"1847","SYN","2","2","5","3","-1","-8","0","0","0","raw_fallback","1","raw_gate_impossible","0","0","0","0.18032","0.18032","-0.10569","-0.10569","0.00000","0.00000","-0.07464","-0.07464","1.00000","1.00000","1.00000","1.00000","","","","-0.00001"
"1848","KOL","8","8","3","3","-2","-8","1","0","0","raw_fallback","5","no_gate_candidate","11","7","0","1.05394","1.05394","0.04875","0.04875","-0.35150","-0.35150","-0.75130","-0.75130","1.00000","1.00000","1.00000","1.00000","","","","-0.00011"
"1849","DUN","2","2","3","3","-1","-8","1","0","0","raw_fallback","5","no_gate_candidate","3","1","0","0.17719","0.17719","-0.07184","-0.07184","0.00808","0.00808","-0.11346","-0.11346","1.00000","1.00000","1.00000","1.00000","","","","-0.00003"
"1850","APR","1","1","5","3","-1","-8","1","0","0","raw_fallback","2","one_or_fewer_classes","0","0","0","0.04790","0.04790","-0.03470","-0.03470","0.00787","0.00787","-0.02108","-0.02108","1.00000","1.00000","1.00000","1.00000","","","","-0.00001"
"1851","AAC","1","1","5","3","-1","-8","1","0","0","raw_fallback","2","one_or_fewer_classes","0","0","0","0.16400","0.16400","-0.24134","-0.24134","0.53827","0.53827","-0.46094","-0.46094","1.00000","1.00000","1.00000","1.00000","","","","-0.00001"
"1852","JUL","3","3","3","3","-1","-8","1","0","0","raw_fallback","5","no_gate_candidate","7","2","0","1.10816","1.10816","-0.43648","-0.43648","0.01004","0.01004","-0.68176","-0.68176","1.00000","1.00000","1.00000","1.00000","","","","-0.00004"
"1853","GEL","8","8","3","3","-2","1","1","1","2","improvement_l2","0","none","11","5","2","-0.04288","0.00405","0.15004","0.04235","0.11575","0.00573","-0.22296","-0.05213","0.00000","0.70647","0.43136","3.13305","0.83496","0.10684","-0.00003","-0.00005"
"1854","ZUT","2","2","3","3","-1","-8","1","0","0","raw_fallback","4","no_valid_candidate","3","0","0","0.16719","0.16719","-0.05070","-0.05070","0.05859","0.05859","-0.17514","-0.17514","1.00000","1.00000","1.00000","1.00000","","","","-0.00006"
"1855","GMK","3","3","3","3","-1","1","1","1","2","improvement_l2","0","none","7","5","1","0.41978","0.33493","-0.25691","-0.24107","-0.00623","-0.00079","-0.15666","-0.09268","0.00000","0.00000","1.34798","40.91550","0.38607","0.04247","-0.00002","-0.00002"
"1856","WTG","1","1","5","3","-1","-8","0","0","0","raw_fallback","1","raw_gate_impossible","0","0","0","0.04720","0.04720","-0.01344","-0.01344","0.00000","0.00000","-0.03377","-0.03377","1.00000","1.00000","1.00000","1.00000","","","","-0.00001"
"1857","DTM","1","1","5","3","-1","-8","1","0","0","raw_fallback","2","one_or_fewer_classes","0","0","0","0.01167","0.01167","0.00137","0.00137","0.03988","0.03988","-0.05294","-0.05294","1.00000","1.00000","1.00000","1.00000","","","","-0.00002"
"1858","ESS","1","1","5","3","-1","-8","1","0","0","raw_fallback","2","one_or_fewer_classes","0","0","0","0.13052","0.13052","-0.07813","-0.07813","0.01961","0.01961","-0.07200","-0.07200","1.00000","1.00000","1.00000","1.00000","","","","0.00000"
"1859","MRS","1","1","5","3","-1","-8","0","0","0","raw_fallback","1","raw_gate_impossible","0","0","0","0.03284","0.03284","-0.01103","-0.01103","0.00000","0.00000","-0.02182","-0.02182","1.00000","1.00000","1.00000","1.00000","","","","-0.00001"
"1860","KLE","2","2","5","3","-1","-8","0","0","0","raw_fallback","1","raw_gate_impossible","0","0","0","0.50330","0.50330","-0.12173","-0.12173","0.00000","0.00000","-0.38160","-0.38160","1.00000","1.00000","1.00000","1.00000","","","","-0.00003"
"1861","ANB","2","2","3","3","-1","-8","1","0","0","raw_fallback","5","no_gate_candidate","3","2","0","0.50044","0.50044","-0.17369","-0.17369","0.03122","0.03122","-0.35799","-0.35799","1.00000","1.00000","1.00000","1.00000","","","","-0.00002"
"1862","LPP","2","2","3","3","-1","1","1","1","2","improvement_l2","0","none","3","2","1","0.06408","0.05628","-0.03736","-0.03472","0.05322","0.05282","-0.07995","-0.07440","0.00000","0.00000","0.00000","1.01705","0.06733","0.00409","-0.00004","-0.00001"
"1863","HOX","1","1","5","3","-1","-8","1","0","0","raw_fallback","2","one_or_fewer_classes","0","0","0","0.11046","0.11046","-0.08461","-0.08461","0.02189","0.02189","-0.04774","-0.04774","1.00000","1.00000","1.00000","1.00000","","","","0.00000"
"1864","RVB","1","1","5","3","-1","-8","1","0","0","raw_fallback","2","one_or_fewer_classes","0","0","0","0.24643","0.24643","-0.09647","-0.09647","0.00186","0.00186","-0.15182","-0.15182","1.00000","1.00000","1.00000","1.00000","","","","0.00000"
"1865","OSN","2","2","3","3","-1","-8","1","0","0","raw_fallback","4","no_valid_candidate","3","0","0","0.34193","0.34193","-0.16527","-0.16527","-0.00316","-0.00316","-0.17353","-0.17353","1.00000","1.00000","1.00000","1.00000","","","","-0.00003"
"1866","TCK","4","4","3","3","-1","-8","1","0","0","raw_fallback","5","no_gate_candidate","7","1","0","0.11781","0.11781","-0.06176","-0.06176","0.06246","0.06246","-0.11858","-0.11858","1.00000","1.00000","1.00000","1.00000","","","","-0.00007"
"1867","MUN","9","9","3","3","-1","1","1","1","2","improvement_l2","0","none","7","5","1","0.58722","0.55059","-0.66390","-0.64340","0.64857","0.38503","-0.57200","-0.29218","0.00000","0.00000","0.64762","4.20614","0.24717","0.15011","-0.00005","-0.00011"
"1868","LUN","11","11","3","3","-2","1","1","1","2","improvement_l2","0","none","11","3","1","-0.10917","0.02111","-0.29242","-0.21688","1.00414","0.59747","-0.60271","-0.40161","0.00000","0.00000","0.80940","3.35197","0.45089","0.19283","-0.00004","-0.00016"
"1869","BRU","10","10","3","3","-1","-8","1","0","0","raw_fallback","5","no_gate_candidate","7","5","0","0.88157","0.88157","-0.69159","-0.69159","0.46953","0.46953","-0.65963","-0.65963","1.00000","1.00000","1.00000","1.00000","","","","-0.00012"
"1870","GBH","3","3","3","3","-1","1","1","1","2","improvement_l2","0","none","7","5","3","0.73912","0.53515","-0.22060","-0.14592","0.04983","-0.00296","-0.56836","-0.38614","0.00000","0.00000","1.11848","17.38561","0.46891","0.12694","-0.00003","-0.00001"
"1871","HDH","3","3","3","3","-1","-8","1","0","0","raw_fallback","5","no_gate_candidate","7","1","0","0.07796","0.07796","0.00536","0.00536","0.02087","0.02087","-0.10423","-0.10423","1.00000","1.00000","1.00000","1.00000","","","","-0.00004"
"1872","GOS","1","1","5","3","-1","-8","1","0","0","raw_fallback","2","one_or_fewer_classes","0","0","0","-0.09923","-0.09923","-0.30285","-0.30285","0.70630","0.70630","-0.30423","-0.30423","1.00000","1.00000","1.00000","1.00000","","","","-0.00001"
"1873","SCB","1","1","5","3","-1","-8","1","0","0","raw_fallback","2","one_or_fewer_classes","0","0","0","0.22104","0.22104","-0.06892","-0.06892","0.02628","0.02628","-0.17840","-0.17840","1.00000","1.00000","1.00000","1.00000","","","","0.00000"
"1874","HOY","1","1","5","3","-1","-8","0","0","0","raw_fallback","1","raw_gate_impossible","0","0","0","0.11720","0.11720","-0.04703","-0.04703","0.00000","0.00000","-0.07019","-0.07019","1.00000","1.00000","1.00000","1.00000","","","","-0.00002"
"1875","NIE","1","1","5","3","-1","-8","1","0","0","raw_fallback","2","one_or_fewer_classes","0","0","0","0.07347","0.07347","-0.02079","-0.02079","0.00520","0.00520","-0.05790","-0.05790","1.00000","1.00000","1.00000","1.00000","","","","-0.00002"
"1876","DPH","1","1","5","3","-1","-8","1","0","0","raw_fallback","2","one_or_fewer_classes","0","0","0","0.10699","0.10699","-0.04274","-0.04274","-0.00104","-0.00104","-0.06322","-0.06322","1.00000","1.00000","1.00000","1.00000","","","","-0.00001"
"1877","VRD","2","2","3","3","-1","-8","1","0","0","raw_fallback","5","no_gate_candidate","3","1","0","0.45124","0.45124","-0.19337","-0.19337","0.02118","0.02118","-0.27907","-0.27907","1.00000","1.00000","1.00000","1.00000","","","","-0.00002"
"1878","RTB","1","1","5","3","-1","-8","0","0","0","raw_fallback","1","raw_gate_impossible","0","0","0","0.02620","0.02620","-0.00848","-0.00848","0.00000","0.00000","-0.01772","-0.01772","1.00000","1.00000","1.00000","1.00000","","","","0.00000"
"1879","OLD","3","3","5","3","-1","-8","0","0","0","raw_fallback","1","raw_gate_impossible","0","0","0","0.30817","0.30817","-0.09798","-0.09798","0.00000","0.00000","-0.21023","-0.21023","1.00000","1.00000","1.00000","1.00000","","","","-0.00004"
"1880","BMS","1","1","5","3","-1","-8","1","0","0","raw_fallback","2","one_or_fewer_classes","0","0","0","0.06762","0.06762","-0.02708","-0.02708","0.01759","0.01759","-0.05814","-0.05814","1.00000","1.00000","1.00000","1.00000","","","","-0.00001"
"1881","BLB","1","1","5","3","-1","-8","0","0","0","raw_fallback","1","raw_gate_impossible","0","0","0","0.09666","0.09666","-0.02016","-0.02016","0.00000","0.00000","-0.07651","-0.07651","1.00000","1.00000","1.00000","1.00000","","","","-0.00001"
"1883","HSP","1","1","5","3","-1","-8","0","0","0","raw_fallback","1","raw_gate_impossible","0","0","0","0.13902","0.13902","-0.03409","-0.03409","0.00000","0.00000","-0.10494","-0.10494","1.00000","1.00000","1.00000","1.00000","","","","-0.00001"
"1884","BSK","1","1","5","3","-1","-8","1","0","0","raw_fallback","2","one_or_fewer_classes","0","0","0","0.04303","0.04303","-0.02032","-0.02032","-0.00931","-0.00931","-0.01342","-0.01342","1.00000","1.00000","1.00000","1.00000","","","","-0.00002"
"1885","WGO","1","1","5","3","-1","-8","1","0","0","raw_fallback","2","one_or_fewer_classes","0","0","0","0.02139","0.02139","-0.01862","-0.01862","0.03405","0.03405","-0.03684","-0.03684","1.00000","1.00000","1.00000","1.00000","","","","-0.00002"
"1886","BHL","1","1","5","3","-1","-8","1","0","0","raw_fallback","2","one_or_fewer_classes","0","0","0","0.02614","0.02614","-0.00703","-0.00703","0.00406","0.00406","-0.02317","-0.02317","1.00000","1.00000","1.00000","1.00000","","","","0.00000"
"1887","GLN","1","1","5","3","-1","-8","0","0","0","raw_fallback","1","raw_gate_impossible","0","0","0","0.14640","0.14640","-0.03300","-0.03300","0.00000","0.00000","-0.11341","-0.11341","1.00000","1.00000","1.00000","1.00000","","","","-0.00001"
"1888","WDE","1","1","5","3","-1","-8","1","0","0","raw_fallback","2","one_or_fewer_classes","0","0","0","0.01416","0.01416","-0.24426","-0.24426","0.00463","0.00463","0.22544","0.22544","1.00000","1.00000","1.00000","1.00000","","","","-0.00003"
"1889","RBG","1","1","5","3","-1","-8","1","0","0","raw_fallback","2","one_or_fewer_classes","0","0","0","0.02731","0.02731","-0.00935","-0.00935","0.00340","0.00340","-0.02137","-0.02137","1.00000","1.00000","1.00000","1.00000","","","","-0.00001"
"1890","NSW","1","1","5","3","-1","-8","0","0","0","raw_fallback","1","raw_gate_impossible","0","0","0","0.20592","0.20592","-0.08611","-0.08611","0.00000","0.00000","-0.11982","-0.11982","1.00000","1.00000","1.00000","1.00000","","","","-0.00001"
"1891","NSI","1","1","5","3","-1","-8","1","0","0","raw_fallback","2","one_or_fewer_classes","0","0","0","0.10796","0.10796","-0.03842","-0.03842","0.01007","0.01007","-0.07961","-0.07961","1.00000","1.00000","1.00000","1.00000","","","","0.00000"
"1892","RDL","1","1","5","3","-1","-8","0","0","0","raw_fallback","1","raw_gate_impossible","0","0","0","0.08116","0.08116","-0.01716","-0.01716","0.00000","0.00000","-0.06401","-0.06401","1.00000","1.00000","1.00000","1.00000","","","","-0.00001"
"1893","NID","1","1","5","3","-1","-8","0","0","0","raw_fallback","1","raw_gate_impossible","0","0","0","0.02430","0.02430","-0.00791","-0.00791","0.00000","0.00000","-0.01641","-0.01641","1.00000","1.00000","1.00000","1.00000","","","","-0.00002"
"1894","EVS","1","1","5","3","-1","-8","1","0","0","raw_fallback","2","one_or_fewer_classes","0","0","0","0.02471","0.02471","-0.00804","-0.00804","0.00185","0.00185","-0.01854","-0.01854","1.00000","1.00000","1.00000","1.00000","","","","-0.00002"
"1895","JEV","1","1","5","3","-1","-8","0","0","0","raw_fallback","1","raw_gate_impossible","0","0","0","0.01535","0.01535","-0.00409","-0.00409","0.00000","0.00000","-0.01128","-0.01128","1.00000","1.00000","1.00000","1.00000","","","","-0.00002"
"1896","WIE","1","1","5","3","-1","-8","0","0","0","raw_fallback","1","raw_gate_impossible","0","0","0","0.49925","0.49925","-0.18167","-0.18167","0.00000","0.00000","-0.31759","-0.31759","1.00000","1.00000","1.00000","1.00000","","","","-0.00001"
"1898","MZF","27","27","3","3","-2","1","1","1","2","improvement_l2","0","none","11","9","3","0.68146","0.29643","-0.15231","0.01272","0.18405","0.01334","-0.71352","-0.32081","0.00000","77.33333","0.89068","1.93841","0.74134","0.27234","-0.00008","-0.00032"
"1899","KRM","30","30","5","3","-1","-8","0","0","0","raw_fallback","1","raw_gate_impossible","0","0","0","0.13599","0.13599","-0.08256","-0.08256","0.00000","0.00000","-0.05363","-0.05363","1.00000","1.00000","1.00000","1.00000","","","","-0.00020"
"1900","INJ","51","49","3","3","-2","1","1","1","2","improvement_l2","0","none","11","8","2","-1.59835","0.09255","0.29334","0.16680","1.79708","0.00565","-0.49247","-0.26437","4.53430","0.00000","0.36393","1.03123","0.70844","0.91300","-0.00016","-0.00040"
"1901","KHU","6","6","3","3","-2","-8","1","0","0","raw_fallback","5","no_gate_candidate","11","2","0","-0.01224","-0.01224","0.07810","0.07810","0.22753","0.22753","-0.29338","-0.29338","1.00000","1.00000","1.00000","1.00000","","","","0.00001"
"1902","KRT","33","33","3","3","1","1","1","1","2","improvement_l2","0","none","11","8","2","0.48076","-0.00057","-0.15297","0.00039","0.03510","-0.00003","-0.36305","0.00035","0.08649","12.16421","1.06758","1.31669","0.99892","0.25770","-0.00007","-0.00016"
"1903","SRB","3","3","5","3","-1","-8","0","0","0","raw_fallback","1","raw_gate_impossible","0","0","0","0.20383","0.20383","-0.04556","-0.04556","0.00000","0.00000","-0.15830","-0.15830","1.00000","1.00000","1.00000","1.00000","","","","-0.00003"
"1904","GRG","48","19","3","3","-2","1","1","1","2","improvement_l2","0","none","11","3","1","0.27435","0.20025","-0.15146","-0.10589","0.30915","0.11113","-0.43208","-0.20521","0.00000","0.00000","0.97188","4.78282","0.43399","0.13611","-0.00003","-0.00004"
"1905","MIH","23","23","3","3","-2","1","1","1","2","improvement_l2","0","none","11","5","2","0.46578","0.40407","-0.50930","-0.42763","0.28187","0.07641","-0.23855","-0.05266","0.00000","7.63807","0.88997","0.00000","0.45010","0.13363","-0.00003","-0.00020"
"1906","KHN","13","13","5","3","-1","-8","0","0","0","raw_fallback","1","raw_gate_impossible","0","0","0","0.50113","0.50113","-0.30808","-0.30808","0.00000","0.00000","-0.19306","-0.19306","1.00000","1.00000","1.00000","1.00000","","","","-0.00001"
"1907","SHB","7","7","3","3","-2","1","1","1","2","improvement_l2","0","none","11","2","1","0.45694","0.27105","-0.13236","-0.00875","-0.01698","0.00017","-0.30762","-0.26239","0.00000","4.45381","2.32325","0.00000","0.61967","0.09288","-0.00003","-0.00002"
"1908","JUR","4","4","5","3","-1","-8","0","0","0","raw_fallback","1","raw_gate_impossible","0","0","0","0.16663","0.16663","-0.02371","-0.02371","0.00000","0.00000","-0.14296","-0.14296","1.00000","1.00000","1.00000","1.00000","","","","-0.00004"
"1909","UGH","3","3","5","3","-1","-8","0","0","0","raw_fallback","1","raw_gate_impossible","0","0","0","0.51197","0.51197","-0.08572","-0.08572","0.00000","0.00000","-0.42624","-0.42624","1.00000","1.00000","1.00000","1.00000","","","","0.00001"
"1910","HZP","22","19","3","3","-2","-8","1","0","0","raw_fallback","5","no_gate_candidate","11","7","0","0.34822","0.34822","0.05920","0.05920","0.32916","0.32916","-0.73674","-0.73674","1.00000","1.00000","1.00000","1.00000","","","","-0.00016"
"1911","ORM","36","14","3","3","-1","1","1","1","2","improvement_l2","0","none","7","5","1","0.57919","0.52090","-0.50637","-0.36672","0.53064","0.23409","-0.60356","-0.38827","0.00000","0.00000","0.95919","1.89021","0.32298","0.17744","-0.00008","-0.00010"
"1912","FAL","2","2","3","3","-1","-8","1","0","0","raw_fallback","5","no_gate_candidate","3","2","0","0.20132","0.20132","0.06799","0.06799","-0.09517","-0.09517","-0.17413","-0.17413","1.00000","1.00000","1.00000","1.00000","","","","0.00001"
"1913","JSK","2","2","3","3","-1","-8","1","0","0","raw_fallback","4","no_valid_candidate","3","0","0","0.08779","0.08779","-0.01684","-0.01684","0.03300","0.03300","-0.10394","-0.10394","1.00000","1.00000","1.00000","1.00000","","","","0.00001"
"1914","MZN","6","6","3","3","-2","-8","1","0","0","raw_fallback","4","no_valid_candidate","11","0","0","0.11373","0.11373","-0.00134","-0.00134","0.01396","0.01396","-0.12642","-0.12642","1.00000","1.00000","1.00000","1.00000","","","","-0.00007"
"1915","BDS","7","4","3","3","-1","-8","1","0","0","raw_fallback","5","no_gate_candidate","7","4","0","0.29956","0.29956","-0.21065","-0.21065","0.35643","0.35643","-0.44541","-0.44541","1.00000","1.00000","1.00000","1.00000","","","","-0.00007"
"1916","MKR","16","16","3","3","-2","-8","1","0","0","raw_fallback","5","no_gate_candidate","11","7","0","0.19317","0.19317","0.03104","0.03104","0.02311","0.02311","-0.24746","-0.24746","1.00000","1.00000","1.00000","1.00000","","","","-0.00014"
"1917","BMP","10","10","5","3","-1","-8","0","0","0","raw_fallback","1","raw_gate_impossible","0","0","0","0.25177","0.25177","-0.03036","-0.03036","0.00000","0.00000","-0.22142","-0.22142","1.00000","1.00000","1.00000","1.00000","","","","-0.00001"
"1918","BLA","9","9","5","3","-1","-8","0","0","0","raw_fallback","1","raw_gate_impossible","0","0","0","0.10015","0.10015","-0.04682","-0.04682","0.00000","0.00000","-0.05338","-0.05338","1.00000","1.00000","1.00000","1.00000","","","","-0.00005"
"1919","KLW","4","4","5","3","-1","-8","0","0","0","raw_fallback","1","raw_gate_impossible","0","0","0","0.07038","0.07038","-0.00789","-0.00789","0.00000","0.00000","-0.06250","-0.06250","1.00000","1.00000","1.00000","1.00000","","","","-0.00001"
"1920","KHZ","6","4","5","3","-1","-8","0","0","0","raw_fallback","1","raw_gate_impossible","0","0","0","0.04654","0.04654","-0.03170","-0.03170","0.00000","0.00000","-0.01487","-0.01487","1.00000","1.00000","1.00000","1.00000","","","","-0.00003"
"1921","KLA","2","2","5","3","-1","-8","0","0","0","raw_fallback","1","raw_gate_impossible","0","0","0","0.02784","0.02784","-0.01598","-0.01598","0.00000","0.00000","-0.01186","-0.01186","1.00000","1.00000","1.00000","1.00000","","","","0.00000"
"1922","LCK","11","9","3","3","-2","-8","1","0","0","raw_fallback","5","no_gate_candidate","11","5","0","-0.04907","-0.04907","0.07078","0.07078","0.14250","0.14250","-0.16430","-0.16430","1.00000","1.00000","1.00000","1.00000","","","","-0.00009"
"1923","LST","7","7","5","3","-1","-8","0","0","0","raw_fallback","1","raw_gate_impossible","0","0","0","0.24285","0.24285","0.06029","0.06029","0.00000","0.00000","-0.30317","-0.30317","1.00000","1.00000","1.00000","1.00000","","","","-0.00003"
"1925","HDN","11","11","3","3","-1","-8","1","0","0","raw_fallback","5","no_gate_candidate","7","5","0","0.39220","0.39220","-0.16666","-0.16666","0.47836","0.47836","-0.70400","-0.70400","1.00000","1.00000","1.00000","1.00000","","","","-0.00010"
"1926","QOM","4","4","3","3","-1","-8","1","0","0","raw_fallback","5","no_gate_candidate","3","1","0","0.18834","0.18834","-0.10698","-0.10698","0.35839","0.35839","-0.43980","-0.43980","1.00000","1.00000","1.00000","1.00000","","","","-0.00005"
"1927","KSA","3","3","5","3","-1","-8","0","0","0","raw_fallback","1","raw_gate_impossible","0","0","0","0.08394","0.08394","0.02304","0.02304","0.00000","0.00000","-0.10700","-0.10700","1.00000","1.00000","1.00000","1.00000","","","","-0.00002"
"1928","ASR","2","2","3","3","-1","-8","1","0","0","raw_fallback","5","no_gate_candidate","3","1","0","0.17692","0.17692","-0.05760","-0.05760","-0.04353","-0.04353","-0.07583","-0.07583","1.00000","1.00000","1.00000","1.00000","","","","-0.00004"
"1929","JKR","15","13","3","3","-2","-8","1","0","0","raw_fallback","5","no_gate_candidate","11","5","0","1.22305","1.22305","-0.12570","-0.12570","-0.45030","-0.45030","-0.64712","-0.64712","1.00000","1.00000","1.00000","1.00000","","","","-0.00007"
"1930","SFR","6","6","5","3","-1","-8","0","0","0","raw_fallback","1","raw_gate_impossible","0","0","0","0.08110","0.08110","0.16298","0.16298","0.00000","0.00000","-0.24415","-0.24415","1.00000","1.00000","1.00000","1.00000","","","","-0.00007"
"1931","SBZ","3","3","5","3","-1","-8","0","0","0","raw_fallback","1","raw_gate_impossible","0","0","0","0.14500","0.14500","0.01251","0.01251","0.00000","0.00000","-0.15753","-0.15753","1.00000","1.00000","1.00000","1.00000","","","","-0.00002"
"1932","KHT","23","23","5","3","-1","-8","0","0","0","raw_fallback","1","raw_gate_impossible","0","0","0","0.15625","0.15625","-0.00734","-0.00734","0.00000","0.00000","-0.14895","-0.14895","1.00000","1.00000","1.00000","1.00000","","","","-0.00004"
"1933","MRV","1","1","5","3","-1","-8","1","0","0","raw_fallback","2","one_or_fewer_classes","0","0","0","0.23967","0.23967","-0.08500","-0.08500","-0.07789","-0.07789","-0.07677","-0.07677","1.00000","1.00000","1.00000","1.00000","","","","0.00001"
"1934","KHF","3","3","5","3","-1","-8","0","0","0","raw_fallback","1","raw_gate_impossible","0","0","0","0.11201","0.11201","0.01229","0.01229","0.00000","0.00000","-0.12432","-0.12432","1.00000","1.00000","1.00000","1.00000","","","","-0.00002"
"1935","HLG","31","29","3","3","-2","1","1","1","2","improvement_l2","0","none","11","4","3","1.68781","1.64436","-0.24539","-0.14125","0.25233","0.00153","-1.69498","-1.50389","0.00000","19.57811","0.67858","0.62776","0.38917","0.14736","-0.00005","-0.00023"
"1936","NGD","15","14","3","3","-2","1","1","1","2","improvement_l2","0","none","11","3","1","0.45331","0.35239","-0.61737","-0.59060","0.85334","0.52894","-0.68937","-0.29070","0.00000","0.00000","0.41831","2.85889","0.30607","0.21266","-0.00007","-0.00009"
"1937","QUN","26","13","3","3","-2","1","1","1","2","improvement_l2","0","none","11","3","1","1.63298","1.45289","-0.65497","-0.42594","0.64273","0.20876","-1.62086","-1.23581","0.00000","3.39051","0.00000","0.21320","0.34318","0.30704","-0.00010","-0.00012"
"1938","BSD","4","4","3","3","-1","1","1","1","2","improvement_l2","0","none","7","3","1","0.60579","0.55696","-0.12235","-0.11018","0.06239","0.01069","-0.54584","-0.45722","0.00000","0.00000","0.89386","13.02242","0.29266","0.05032","-0.00002","-0.00001"
"1939","ART","3","3","3","3","-1","-8","1","0","0","raw_fallback","5","no_gate_candidate","7","1","0","0.05220","0.05220","0.03850","0.03850","0.01540","0.01540","-0.10611","-0.10611","1.00000","1.00000","1.00000","1.00000","","","","-0.00001"
"1940","APD","6","5","5","3","-1","-8","0","0","0","raw_fallback","1","raw_gate_impossible","0","0","0","0.03658","0.03658","0.04266","0.04266","0.00000","0.00000","-0.07929","-0.07929","1.00000","1.00000","1.00000","1.00000","","","","-0.00005"
"1941","SLD","17","17","3","3","-2","1","1","1","2","improvement_l2","0","none","11","5","4","0.63888","0.55727","-0.02803","0.00591","0.58904","0.53747","-1.19996","-1.10070","0.11883","8.28927","0.83861","0.00000","0.27179","0.06364","-0.00007","-0.00007"
"1942","BRL","13","13","3","3","-2","-8","1","0","0","raw_fallback","5","no_gate_candidate","11","3","0","-0.01104","-0.01104","0.24707","0.24707","0.28136","0.28136","-0.51748","-0.51748","1.00000","1.00000","1.00000","1.00000","","","","-0.00009"
"1943","YSU","21","19","3","3","-2","-8","1","0","0","raw_fallback","5","no_gate_candidate","11","5","0","0.60491","0.60491","-0.61511","-0.61511","3.61599","3.61599","-3.60601","-3.60601","1.00000","1.00000","1.00000","1.00000","","","","-0.00022"
"1944","KTT","4","4","5","3","-1","-8","0","0","0","raw_fallback","1","raw_gate_impossible","0","0","0","0.28385","0.28385","-0.00935","-0.00935","0.00000","0.00000","-0.27453","-0.27453","1.00000","1.00000","1.00000","1.00000","","","","-0.00003"
"1945","JLY","9","9","3","3","-2","-8","1","0","0","raw_fallback","5","no_gate_candidate","11","5","0","0.46350","0.46350","0.24646","0.24646","0.08600","0.08600","-0.79608","-0.79608","1.00000","1.00000","1.00000","1.00000","","","","-0.00012"
"1946","LHJ","1","1","5","3","-1","-8","0","0","0","raw_fallback","1","raw_gate_impossible","0","0","0","0.04517","0.04517","0.00668","0.00668","0.00000","0.00000","-0.05186","-0.05186","1.00000","1.00000","1.00000","1.00000","","","","-0.00001"
"1947","RNK","1","1","5","3","-1","-8","1","0","0","raw_fallback","2","one_or_fewer_classes","0","0","0","0.28764","0.28764","0.06617","0.06617","0.01072","0.01072","-0.36454","-0.36454","1.00000","1.00000","1.00000","1.00000","","","","-0.00001"
"1948","FMN","1","1","5","3","-1","-8","0","0","0","raw_fallback","1","raw_gate_impossible","0","0","0","0.06205","0.06205","0.00886","0.00886","0.00000","0.00000","-0.07092","-0.07092","1.00000","1.00000","1.00000","1.00000","","","","-0.00001"
"1949","RSH","1","1","5","3","-1","-8","1","0","0","raw_fallback","2","one_or_fewer_classes","0","0","0","-0.30289","-0.30289","-0.25294","-0.25294","0.91194","0.91194","-0.35613","-0.35613","1.00000","1.00000","1.00000","1.00000","","","","-0.00002"
"1950","TLM","1","1","5","3","-1","-8","0","0","0","raw_fallback","1","raw_gate_impossible","0","0","0","0.08353","0.08353","0.01169","0.01169","0.00000","0.00000","-0.09523","-0.09523","1.00000","1.00000","1.00000","1.00000","","","","-0.00001"
"1952","POL","75","75","3","3","-2","1","1","1","2","improvement_l2","0","none","11","9","3","-2.78026","-0.81748","-1.28304","-0.05073","1.82213","-0.04855","2.24062","0.91728","8.01419","23.14084","0.71721","0.00000","0.80753","1.57287","-0.00008","-0.00055"
"1953","SDZ","8","8","3","3","-2","-8","1","0","0","raw_fallback","5","no_gate_candidate","11","4","0","-0.20046","-0.20046","-0.10881","-0.10881","0.07526","0.07526","0.23394","0.23394","1.00000","1.00000","1.00000","1.00000","","","","-0.00007"
"1954","LCZ","4","4","3","3","-1","-8","1","0","0","raw_fallback","5","no_gate_candidate","7","1","0","0.05726","0.05726","-0.15379","-0.15379","0.01123","0.01123","0.08526","0.08526","1.00000","1.00000","1.00000","1.00000","","","","-0.00004"
"1955","PLK","6","6","3","3","-2","-8","1","0","0","raw_fallback","4","no_valid_candidate","11","0","0","0.45466","0.45466","-0.13947","-0.13947","-0.12735","-0.12735","-0.18792","-0.18792","1.00000","1.00000","1.00000","1.00000","","","","-0.00008"
"1956","RAW","14","12","3","3","-1","1","1","1","2","improvement_l2","0","none","7","7","1","-0.19766","0.04422","-0.15663","-0.15299","0.09320","-0.06637","0.26109","0.17520","3.40671","0.00000","0.00000","1.08956","0.35407","0.06745","-0.00003","0.00000"
"1957","CZK","8","8","3","3","-2","-8","1","0","0","raw_fallback","5","no_gate_candidate","11","2","0","0.13227","0.13227","-0.13800","-0.13800","0.02969","0.02969","-0.02405","-0.02405","1.00000","1.00000","1.00000","1.00000","","","","-0.00009"
"1958","INO","2","2","3","3","-1","-8","1","0","0","raw_fallback","5","no_gate_candidate","3","1","0","0.15770","0.15770","-0.10266","-0.10266","0.02819","0.02819","-0.08327","-0.08327","1.00000","1.00000","1.00000","1.00000","","","","-0.00004"
"1959","VOL","37","37","3","3","-2","1","1","1","2","improvement_l2","0","none","11","7","5","-2.35722","-0.67889","0.39840","-0.06604","0.40752","-0.05750","1.55098","0.80274","15.60604","0.54409","0.12887","0.00000","0.72174","0.77720","-0.00015","-0.00032"
"1960","HAL","41","41","3","3","-2","1","1","1","2","improvement_l2","0","none","11","9","1","-1.17887","-0.46112","-0.32167","-0.05736","0.42852","-0.02352","1.07167","0.54259","7.08993","9.38584","0.59961","0.00000","0.71709","0.47895","-0.00007","-0.00035"
"1961","KIE","79","79","3","3","-1","1","1","1","2","improvement_l2","0","none","7","3","1","-5.69593","-2.59802","1.83408","0.92666","1.13798","0.64348","2.72324","1.03002","21.63719","0.00000","0.00000","0.00000","0.52397","1.54860","-0.00003","-0.00063"
"1962","POK","11","11","3","3","-1","-8","1","0","0","raw_fallback","4","no_valid_candidate","7","0","0","0.34438","0.34438","0.07320","0.07320","0.11630","0.11630","-0.53403","-0.53403","1.00000","1.00000","1.00000","1.00000","","","","-0.00015"
"1963","TUV","6","6","5","3","-1","-8","0","0","0","raw_fallback","1","raw_gate_impossible","0","0","0","-0.09362","-0.09362","0.08100","0.08100","0.00000","0.00000","0.01256","0.01256","1.00000","1.00000","1.00000","1.00000","","","","-0.00006"
"1964","PNK","6","6","3","3","-2","-8","1","0","0","raw_fallback","4","no_valid_candidate","11","0","0","-0.16941","-0.16941","0.22585","0.22585","0.00709","0.00709","-0.06357","-0.06357","1.00000","1.00000","1.00000","1.00000","","","","-0.00004"
"1965","SSK","7","7","5","3","-1","-8","0","0","0","raw_fallback","1","raw_gate_impossible","0","0","0","-0.20404","-0.20404","0.08178","0.08178","0.00000","0.00000","0.12222","0.12222","1.00000","1.00000","1.00000","1.00000","","","","-0.00004"
"1966","VBK","15","15","3","3","-2","-8","1","0","0","raw_fallback","5","no_gate_candidate","11","3","0","0.71446","0.71446","-0.01583","-0.01583","0.15700","0.15700","-0.85571","-0.85571","1.00000","1.00000","1.00000","1.00000","","","","-0.00008"
"1967","MSV","12","12","3","3","-2","1","1","1","2","improvement_l2","0","none","11","1","1","-0.21377","0.03002","0.08370","0.00690","0.06669","-0.03838","0.06328","0.00145","5.12498","0.00000","0.00000","0.39562","0.79470","0.08767","-0.00002","-0.00010"
"1969","NRK","11","11","3","3","-2","-8","1","0","0","raw_fallback","4","no_valid_candidate","11","0","0","-0.24509","-0.24509","0.06626","0.06626","0.04477","0.04477","0.13398","0.13398","1.00000","1.00000","1.00000","1.00000","","","","-0.00008"
"1970","DRU","3","3","3","3","-1","-8","1","0","0","raw_fallback","5","no_gate_candidate","7","1","0","0.05613","0.05613","-0.00846","-0.00846","0.00443","0.00443","-0.05212","-0.05212","1.00000","1.00000","1.00000","1.00000","","","","-0.00002"
"1972","ZAG","4","4","3","3","-1","-8","1","0","0","raw_fallback","5","no_gate_candidate","7","1","0","0.05342","0.05342","-0.11685","-0.11685","0.04853","0.04853","0.01487","0.01487","1.00000","1.00000","1.00000","1.00000","","","","-0.00003"
"1973","JAW","3","3","3","3","-1","1","1","1","2","improvement_l2","0","none","7","5","3","0.51280","0.39561","-0.20374","-0.13977","0.03963","-0.00074","-0.34872","-0.25505","0.00000","0.00000","1.46572","4.35887","0.44802","0.07842","-0.00003","-0.00003"
"1974","LGC","3","3","3","3","-1","1","1","1","2","improvement_l2","0","none","7","6","1","-0.11996","-0.04392","-0.19844","-0.19793","0.28337","0.26852","0.03501","-0.02666","1.97380","0.00000","0.92378","0.00000","0.23174","0.02493","-0.00004","-0.00002"
"1975","OEL","4","4","3","3","-1","-8","1","0","0","raw_fallback","4","no_valid_candidate","7","0","0","0.24431","0.24431","-0.15611","-0.15611","-0.00735","-0.00735","-0.08088","-0.08088","1.00000","1.00000","1.00000","1.00000","","","","-0.00003"
"1976","OPL","3","3","3","3","-1","-8","1","0","0","raw_fallback","4","no_valid_candidate","3","0","0","0.04353","0.04353","0.00279","0.00279","0.10430","0.10430","-0.15067","-0.15067","1.00000","1.00000","1.00000","1.00000","","","","-0.00005"
"1977","PDK","1","1","5","3","-1","-8","1","0","0","raw_fallback","2","one_or_fewer_classes","0","0","0","0.07845","0.07845","-0.02998","-0.02998","0.03689","0.03689","-0.08535","-0.08535","1.00000","1.00000","1.00000","1.00000","","","","0.00001"
"1978","OSW","2","2","3","3","-1","1","1","1","2","improvement_l2","0","none","3","1","1","0.36413","0.22931","-0.13847","-0.10580","0.01512","-0.00693","-0.24078","-0.11657","0.00000","0.00000","0.00000","3.21376","0.41590","0.07496","-0.00001","0.00000"
"1979","TES","2","2","3","3","-1","-8","1","0","0","raw_fallback","4","no_valid_candidate","3","0","0","0.13574","0.13574","-0.07591","-0.07591","0.02285","0.02285","-0.08272","-0.08272","1.00000","1.00000","1.00000","1.00000","","","","-0.00004"
"1980","BYM","3","3","5","3","-1","-8","0","0","0","raw_fallback","1","raw_gate_impossible","0","0","0","0.54832","0.54832","-0.17075","-0.17075","0.00000","0.00000","-0.37760","-0.37760","1.00000","1.00000","1.00000","1.00000","","","","-0.00003"
"1981","RCB","2","2","3","3","-1","-8","1","0","0","raw_fallback","5","no_gate_candidate","3","2","0","0.15687","0.15687","-0.09829","-0.09829","0.05009","0.05009","-0.10869","-0.10869","1.00000","1.00000","1.00000","1.00000","","","","-0.00002"
"1982","SWD","3","3","3","3","-1","-8","1","0","0","raw_fallback","4","no_valid_candidate","3","0","0","0.38880","0.38880","-0.15130","-0.15130","0.03246","0.03246","-0.26999","-0.26999","1.00000","1.00000","1.00000","1.00000","","","","-0.00003"
"1983","SCI","2","2","3","3","-1","-8","1","0","0","raw_fallback","4","no_valid_candidate","3","0","0","0.24395","0.24395","-0.13161","-0.13161","0.11255","0.11255","-0.22488","-0.22488","1.00000","1.00000","1.00000","1.00000","","","","0.00001"
"1984","ZIE","1","1","5","3","-1","-8","1","0","0","raw_fallback","2","one_or_fewer_classes","0","0","0","0.46705","0.46705","-0.15132","-0.15132","0.04459","0.04459","-0.36033","-0.36033","1.00000","1.00000","1.00000","1.00000","","","","-0.00001"
"1985","BRZ","3","3","3","3","-1","1","1","1","2","improvement_l2","0","none","7","1","1","0.12782","0.10005","-0.03311","-0.01989","0.02374","-0.01873","-0.11847","-0.06126","0.00000","0.00000","0.00000","20.53240","0.32726","0.02580","-0.00001","-0.00002"
"1986","NMS","1","1","5","3","-1","-8","1","0","0","raw_fallback","2","one_or_fewer_classes","0","0","0","0.01953","0.01953","-0.01438","-0.01438","0.03289","0.03289","-0.03805","-0.03805","1.00000","1.00000","1.00000","1.00000","","","","-0.00001"
"1987","STZ","1","1","5","3","-1","-8","0","0","0","raw_fallback","1","raw_gate_impossible","0","0","0","0.05613","0.05613","-0.00294","-0.00294","0.00000","0.00000","-0.05320","-0.05320","1.00000","1.00000","1.00000","1.00000","","","","-0.00001"
"1988","NMD","1","1","5","3","-1","-8","1","0","0","raw_fallback","2","one_or_fewer_classes","0","0","0","0.01792","0.01792","-0.01464","-0.01464","0.03570","0.03570","-0.03898","-0.03898","1.00000","1.00000","1.00000","1.00000","","","","0.00000"
"1989","SIZ","1","1","5","3","-1","-8","0","0","0","raw_fallback","1","raw_gate_impossible","0","0","0","0.08722","0.08722","-0.03065","-0.03065","0.00000","0.00000","-0.05657","-0.05657","1.00000","1.00000","1.00000","1.00000","","","","0.00000"
"1990","WRC","2","2","3","3","-1","-8","1","0","0","raw_fallback","4","no_valid_candidate","3","0","0","0.16238","0.16238","-0.09998","-0.09998","0.05502","0.05502","-0.11747","-0.11747","1.00000","1.00000","1.00000","1.00000","","","","-0.00005"
"1991","GLO","5","5","3","3","-1","-8","1","0","0","raw_fallback","5","no_gate_candidate","3","1","0","0.45835","0.45835","-0.11558","-0.11558","0.04223","0.04223","-0.38504","-0.38504","1.00000","1.00000","1.00000","1.00000","","","","-0.00004"
"1992","NYS","3","3","3","3","-1","-8","1","0","0","raw_fallback","5","no_gate_candidate","3","2","0","-0.06645","-0.06645","-0.14354","-0.14354","0.07593","0.07593","0.13403","0.13403","1.00000","1.00000","1.00000","1.00000","","","","-0.00003"
"1993","OPV","4","4","3","3","-2","-8","1","0","0","raw_fallback","5","no_gate_candidate","11","5","0","0.19615","0.19615","-0.21291","-0.21291","0.15551","0.15551","-0.13878","-0.13878","1.00000","1.00000","1.00000","1.00000","","","","-0.00003"
"2008","HAW","4","4","5","3","-1","-8","0","0","0","raw_fallback","1","raw_gate_impossible","0","0","0","-0.35295","-0.35295","0.00941","0.00941","0.00000","0.00000","0.34356","0.34356","1.00000","1.00000","1.00000","1.00000","","","","0.00002"
"2009","MUI","1","1","5","3","-1","-8","0","0","0","raw_fallback","1","raw_gate_impossible","0","0","0","-0.20346","-0.20346","0.04360","0.04360","0.00000","0.00000","0.15985","0.15985","1.00000","1.00000","1.00000","1.00000","","","","-0.00001"
"2010","LHN","1","1","5","3","-1","-8","0","0","0","raw_fallback","1","raw_gate_impossible","0","0","0","-0.07749","-0.07749","0.02201","0.02201","0.00000","0.00000","0.05548","0.05548","1.00000","1.00000","1.00000","1.00000","","","","0.00000"
"2011","MLK","1","1","5","3","-1","-8","0","0","0","raw_fallback","1","raw_gate_impossible","0","0","0","-0.09007","-0.09007","0.02175","0.02175","0.00000","0.00000","0.06832","0.06832","1.00000","1.00000","1.00000","1.00000","","","","0.00000"
"2012","OAH","1","1","5","3","-1","-8","0","0","0","raw_fallback","1","raw_gate_impossible","0","0","0","-0.10698","-0.10698","0.02131","0.02131","0.00000","0.00000","0.08566","0.08566","1.00000","1.00000","1.00000","1.00000","","","","-0.00001"
"2013","KAU","1","1","5","3","-1","-8","0","0","0","raw_fallback","1","raw_gate_impossible","0","0","0","-0.09152","-0.09152","0.01859","0.01859","0.00000","0.00000","0.07293","0.07293","1.00000","1.00000","1.00000","1.00000","","","","0.00000"
"2014","TOG","3","3","5","3","-1","-8","0","0","0","raw_fallback","1","raw_gate_impossible","0","0","0","-0.20210","-0.20210","0.02680","0.02680","0.00000","0.00000","0.17532","0.17532","1.00000","1.00000","1.00000","1.00000","","","","0.00002"
"2015","YAP","2","0","5","3","-1","-8","0","0","0","raw_fallback","1","raw_gate_impossible","0","0","0","0.00000","0.00000","0.00000","0.00000","0.00000","0.00000","0.00000","0.00000","1.00000","1.00000","1.00000","1.00000","","","","0.00000"
"2016","SAM","3","0","5","3","-1","-8","0","0","0","raw_fallback","1","raw_gate_impossible","0","0","0","0.00000","0.00000","0.00000","0.00000","0.00000","0.00000","0.00000","0.00000","1.00000","1.00000","1.00000","1.00000","","","","0.00000"
"2020","NOV","171","110","3","3","-1","-8","1","0","0","raw_fallback","5","no_gate_candidate","7","7","0","-5.49001","-5.49001","-0.90538","-0.90538","1.09245","1.09245","5.30236","5.30236","1.00000","1.00000","1.00000","1.00000","","","","-0.00058"
"2021","PSK","12","12","3","3","-1","-8","1","0","0","raw_fallback","5","no_gate_candidate","7","4","0","-0.34945","-0.34945","-0.03390","-0.03390","0.13375","0.13375","0.24950","0.24950","1.00000","1.00000","1.00000","1.00000","","","","-0.00010"
"2022","ORE","5","5","5","3","-1","-8","0","0","0","raw_fallback","1","raw_gate_impossible","0","0","0","-0.05765","-0.05765","-0.01800","-0.01800","0.00000","0.00000","0.07563","0.07563","1.00000","1.00000","1.00000","1.00000","","","","-0.00002"
"2023","SMO","29","29","3","3","-2","1","1","1","2","improvement_l2","0","none","11","2","1","1.13917","1.03533","-0.29472","-0.22068","0.25057","0.09606","-1.09526","-0.91032","0.00000","7.29166","0.00000","2.15996","0.28197","0.12932","-0.00004","-0.00024"
"2024","FMB","1","1","5","3","-1","-8","0","0","0","raw_fallback","1","raw_gate_impossible","0","0","0","-0.02115","-0.02115","-0.00239","-0.00239","0.00000","0.00000","0.02353","0.02353","1.00000","1.00000","1.00000","1.00000","","","","-0.00001"
"2025","MOS","26","25","3","3","-2","-8","1","0","0","raw_fallback","5","no_gate_candidate","11","7","0","-0.41017","-0.41017","-0.79022","-0.79022","0.36334","0.36334","0.83682","0.83682","1.00000","1.00000","1.00000","1.00000","","","","-0.00023"
"2028","VLR","8","8","3","3","-1","1","1","1","2","improvement_l2","0","none","7","4","1","0.01001","0.00071","-0.08251","-0.05780","-0.17588","0.16693","0.24834","-0.10973","5.25048","0.00000","2.20661","0.00000","0.46050","0.04538","-0.00003","-0.00004"
"2029","UGL","3","3","5","3","-1","-8","0","0","0","raw_fallback","1","raw_gate_impossible","0","0","0","-0.02788","-0.02788","-0.03351","-0.03351","0.00000","0.00000","0.06140","0.06140","1.00000","1.00000","1.00000","1.00000","","","","0.00001"
"2030","YRV","1","1","5","3","-1","-8","1","0","0","raw_fallback","2","one_or_fewer_classes","0","0","0","0.07697","0.07697","-0.07313","-0.07313","0.00430","0.00430","-0.00815","-0.00815","1.00000","1.00000","1.00000","1.00000","","","","-0.00001"
"2031","TPS","4","4","3","3","-1","-8","1","0","0","raw_fallback","5","no_gate_candidate","7","1","0","-0.03769","-0.03769","-0.04361","-0.04361","-0.01328","-0.01328","0.09455","0.09455","1.00000","1.00000","1.00000","1.00000","","","","-0.00003"
"2032","BLO","23","23","3","3","-2","1","1","1","2","improvement_l2","0","none","11","5","2","-0.68733","-0.29482","-0.16225","-0.15779","0.00840","-0.00024","0.84110","0.45312","5.57719","2.29064","0.78163","0.00000","0.50764","0.19824","-0.00003","-0.00008"
"2033","YAR","7","7","3","3","-1","-8","1","0","0","raw_fallback","5","no_gate_candidate","3","2","0","-0.34331","-0.34331","-0.12463","-0.12463","0.17792","0.17792","0.28996","0.28996","1.00000","1.00000","1.00000","1.00000","","","","-0.00006"
"2034","RSO","19","3","3","3","-1","-8","1","0","0","raw_fallback","5","no_gate_candidate","3","3","0","-0.20933","-0.20933","-0.07145","-0.07145","0.17190","0.17190","0.10887","0.10887","1.00000","1.00000","1.00000","1.00000","","","","-0.00001"
"2035","TVE","3","3","3","3","-1","-8","1","0","0","raw_fallback","5","no_gate_candidate","3","1","0","0.10644","0.10644","-0.03057","-0.03057","0.08970","0.08970","-0.16565","-0.16565","1.00000","1.00000","1.00000","1.00000","","","","-0.00008"
"2036","KAS","4","4","3","3","-1","-8","1","0","0","raw_fallback","5","no_gate_candidate","7","2","0","-0.08724","-0.08724","-0.06711","-0.06711","0.03480","0.03480","0.11950","0.11950","1.00000","1.00000","1.00000","1.00000","","","","-0.00005"
"2037","KLN","2","2","3","3","-1","-8","1","0","0","raw_fallback","4","no_valid_candidate","3","0","0","-0.01597","-0.01597","-0.04783","-0.04783","0.00402","0.00402","0.05976","0.05976","1.00000","1.00000","1.00000","1.00000","","","","-0.00002"
"2038","ZUB","5","5","3","3","-1","-8","1","0","0","raw_fallback","4","no_valid_candidate","7","0","0","-0.17035","-0.17035","-0.05277","-0.05277","0.02652","0.02652","0.19656","0.19656","1.00000","1.00000","1.00000","1.00000","","","","-0.00004"
"2039","DMI","2","2","3","3","-1","-8","1","0","0","raw_fallback","4","no_valid_candidate","3","0","0","0.03346","0.03346","-0.04610","-0.04610","-0.00476","-0.00476","0.01738","0.01738","1.00000","1.00000","1.00000","1.00000","","","","-0.00002"
"2040","GLM","12","6","3","3","-1","-8","1","0","0","raw_fallback","5","no_gate_candidate","3","2","0","-0.21401","-0.21401","-0.16875","-0.16875","0.02874","0.02874","0.35402","0.35402","1.00000","1.00000","1.00000","1.00000","","","","0.00000"
"2041","RZH","4","4","3","3","-2","-8","1","0","0","raw_fallback","4","no_valid_candidate","11","0","0","-0.23853","-0.23853","-0.00765","-0.00765","0.04059","0.04059","0.20557","0.20557","1.00000","1.00000","1.00000","1.00000","","","","-0.00002"
"2042","VYA","10","10","3","3","-2","-8","1","0","0","raw_fallback","5","no_gate_candidate","11","4","0","-0.36457","-0.36457","-0.15128","-0.15128","0.06653","0.06653","0.44927","0.44927","1.00000","1.00000","1.00000","1.00000","","","","-0.00005"
"2043","TRB","1","1","5","3","-1","-8","1","0","0","raw_fallback","2","one_or_fewer_classes","0","0","0","-0.03960","-0.03960","0.02415","0.02415","0.00669","0.00669","0.00875","0.00875","1.00000","1.00000","1.00000","1.00000","","","","-0.00001"
"2044","BRY","9","9","3","3","-2","-8","1","0","0","raw_fallback","5","no_gate_candidate","11","1","0","-0.34612","-0.34612","0.07272","0.07272","0.08758","0.08758","0.18576","0.18576","1.00000","1.00000","1.00000","1.00000","","","","-0.00006"
"2045","CHR","14","14","3","3","1","-8","1","0","0","raw_fallback","5","no_gate_candidate","11","2","0","-0.16423","-0.16423","0.01732","0.01732","0.18682","0.18682","-0.04007","-0.04007","1.00000","1.00000","1.00000","1.00000","","","","-0.00016"
"2046","STS","4","4","3","3","-1","-8","1","0","0","raw_fallback","5","no_gate_candidate","7","1","0","-0.19871","-0.19871","0.07721","0.07721","0.03843","0.03843","0.08307","0.08307","1.00000","1.00000","1.00000","1.00000","","","","0.00000"
"2047","NVS","5","5","3","3","-1","-8","1","0","0","raw_fallback","5","no_gate_candidate","7","4","0","-0.09312","-0.09312","0.10345","0.10345","0.00010","0.00010","-0.01049","-0.01049","1.00000","1.00000","1.00000","1.00000","","","","-0.00006"
"2048","RYL","1","1","5","3","-1","-8","0","0","0","raw_fallback","1","raw_gate_impossible","0","0","0","-0.03497","-0.03497","0.02680","0.02680","0.00000","0.00000","0.00817","0.00817","1.00000","1.00000","1.00000","1.00000","","","","0.00000"
"2049","NSL","12","12","3","3","-2","-8","1","0","0","raw_fallback","5","no_gate_candidate","11","3","0","-0.63317","-0.63317","-0.15319","-0.15319","0.02208","0.02208","0.76418","0.76418","1.00000","1.00000","1.00000","1.00000","","","","-0.00010"
"2050","KCH","15","15","3","3","-2","-8","1","0","0","raw_fallback","5","no_gate_candidate","11","2","0","-0.69279","-0.69279","-0.24234","-0.24234","0.02350","0.02350","0.91159","0.91159","1.00000","1.00000","1.00000","1.00000","","","","-0.00004"
"2051","KZK","1","1","5","3","-1","-8","1","0","0","raw_fallback","2","one_or_fewer_classes","0","0","0","-0.04538","-0.04538","-0.00627","-0.00627","0.00331","0.00331","0.04833","0.04833","1.00000","1.00000","1.00000","1.00000","","","","-0.00001"
"2052","TRS","4","4","3","3","-1","-8","1","0","0","raw_fallback","4","no_valid_candidate","7","0","0","-0.03842","-0.03842","-0.12781","-0.12781","0.02130","0.02130","0.14492","0.14492","1.00000","1.00000","1.00000","1.00000","","","","-0.00001"
"2053","RYA","11","11","3","3","-2","-8","1","0","0","raw_fallback","5","no_gate_candidate","11","3","0","-0.67278","-0.67278","-0.09110","-0.09110","0.03266","0.03266","0.73113","0.73113","1.00000","1.00000","1.00000","1.00000","","","","-0.00009"
"2054","PRK","8","8","3","3","-1","-8","1","0","0","raw_fallback","5","no_gate_candidate","7","4","0","-0.50224","-0.50224","-0.10602","-0.10602","-0.00683","-0.00683","0.61502","0.61502","1.00000","1.00000","1.00000","1.00000","","","","-0.00007"
"2055","SKY","3","3","3","3","-1","1","1","1","2","improvement_l2","0","none","7","1","1","-0.19049","-0.05892","-0.08376","-0.07041","0.03983","-0.02194","0.23442","0.15140","0.00000","15.31637","0.00000","0.00000","0.41320","0.06145","-0.00001","0.00000"
"2056","NZH","6","5","3","3","-1","-8","1","0","0","raw_fallback","5","no_gate_candidate","3","1","0","0.20169","0.20169","-0.22641","-0.22641","-0.09616","-0.09616","0.12086","0.12086","1.00000","1.00000","1.00000","1.00000","","","","-0.00002"
"2057","GRS","6","6","3","3","-2","-8","1","0","0","raw_fallback","4","no_valid_candidate","11","0","0","-0.15741","-0.15741","-0.05441","-0.05441","0.03598","0.03598","0.17581","0.17581","1.00000","1.00000","1.00000","1.00000","","","","-0.00003"
"2058","SZL","7","7","3","3","-2","-8","1","0","0","raw_fallback","5","no_gate_candidate","11","1","0","-0.29179","-0.29179","-0.00573","-0.00573","-0.00661","-0.00661","0.30410","0.30410","1.00000","1.00000","1.00000","1.00000","","","","-0.00003"
"2059","MRM","7","7","3","3","-1","1","1","1","2","improvement_l2","0","none","7","4","1","-0.12802","-0.03872","-0.13734","-0.05708","-0.00950","-0.00002","0.27482","0.09608","3.72851","11.43369","0.00000","0.00000","0.73010","0.08942","-0.00002","-0.00004"
"2060","KOS","9","8","3","3","-2","-8","1","0","0","raw_fallback","4","no_valid_candidate","11","0","0","-0.15344","-0.15344","-0.16453","-0.16453","0.03470","0.03470","0.28327","0.28327","1.00000","1.00000","1.00000","1.00000","","","","0.00000"
"2061","MOG","3","3","3","3","-1","-8","1","0","0","raw_fallback","5","no_gate_candidate","3","1","0","-0.02696","-0.02696","-0.04300","-0.04300","-0.01115","-0.01115","0.08112","0.08112","1.00000","1.00000","1.00000","1.00000","","","","0.00001"
"2062","PRM","64","22","5","3","-1","-8","0","0","0","raw_fallback","1","raw_gate_impossible","0","0","0","-0.38568","-0.38568","-0.10683","-0.10683","0.00000","0.00000","0.25535","0.25535","1.00000","1.00000","1.00000","1.00000","","","","-0.23716"
"2063","VYT","20","16","5","3","-1","-8","0","0","0","raw_fallback","1","raw_gate_impossible","0","0","0","-0.22965","-0.22965","-0.25774","-0.25774","0.00000","0.00000","0.48738","0.48738","1.00000","1.00000","1.00000","1.00000","","","","-0.00001"
"2089","KHM","82","61","3","3","-2","1","1","1","2","improvement_l2","0","none","11","3","2","12.44576","10.53223","-1.18015","-0.48272","0.83768","-0.00826","-12.10393","-10.04028","0.00000","10.86686","0.85410","0.00000","0.47620","1.37588","-0.00005","-0.00064"
"2090","CHA","21","16","3","3","-2","-8","1","0","0","raw_fallback","5","no_gate_candidate","11","5","0","2.35299","2.35299","-0.50413","-0.50413","-0.05703","-0.05703","-1.79205","-1.79205","1.00000","1.00000","1.00000","1.00000","","","","-0.00022"
"2091","DAI","53","40","3","3","-2","1","1","1","2","improvement_l2","0","none","11","3","2","11.48021","9.72642","-1.81300","-1.61830","0.67046","-0.04198","-10.33818","-8.06605","0.00000","0.00000","0.82372","2.77811","0.35431","1.21221","-0.00010","-0.00051"
"2092","SUK","20","20","3","3","-2","-8","1","0","0","raw_fallback","5","no_gate_candidate","11","4","0","3.04856","3.04856","0.30880","0.30880","0.25875","0.25875","-3.61639","-3.61639","1.00000","1.00000","1.00000","1.00000","","","","-0.00028"
"2093","LNA","21","19","3","3","-2","1","1","1","2","improvement_l2","0","none","11","4","2","1.06359","0.66754","-0.30900","-0.17623","0.13488","0.00225","-0.88967","-0.49335","0.00000","0.00000","1.60995","3.71519","0.55765","0.26443","-0.00005","-0.00020"
"2094","LAV","9","8","3","3","-2","1","1","1","2","improvement_l2","0","none","11","3","1","0.80244","0.77394","-0.06852","-0.03656","0.06886","-0.00732","-0.80288","-0.73003","0.00000","6.28455","0.55105","0.00000","0.37142","0.04868","-0.00004","-0.00010"
"2095","ADH","1","1","5","3","-1","-8","1","0","0","raw_fallback","2","one_or_fewer_classes","0","0","0","0.49879","0.49879","-0.09457","-0.09457","0.05460","0.05460","-0.45886","-0.45886","1.00000","1.00000","1.00000","1.00000","","","","-0.00004"
"2096","PEG","28","28","3","3","-2","1","1","1","2","improvement_l2","0","none","11","6","2","3.47284","3.00713","-0.07775","-0.00023","0.41140","0.03587","-3.80678","-3.04214","0.00000","1.14342","0.00000","8.18027","0.56068","0.42080","-0.00006","-0.00029"
"2097","SNG","6","6","3","3","-1","-8","1","0","0","raw_fallback","5","no_gate_candidate","3","1","0","-0.16580","-0.16580","-0.13853","-0.13853","0.51025","0.51025","-0.20598","-0.20598","1.00000","1.00000","1.00000","1.00000","","","","-0.00006"
"2098","LIG","15","14","3","3","-2","-1","1","1","2","improvement_l2","0","none","11","1","1","0.44397","0.35524","-0.07391","-0.06507","0.02680","-0.00182","-0.39691","-0.28820","0.00000","11.55155","0.57038","0.00000","0.38121","0.05780","-0.00003","-0.00005"
"2099","LGK","9","9","3","3","-2","-8","1","0","0","raw_fallback","4","no_valid_candidate","11","0","0","0.19520","0.19520","-0.00256","-0.00256","0.01068","0.01068","-0.20332","-0.20332","1.00000","1.00000","1.00000","1.00000","","","","0.00000"
"2100","KED","3","3","3","3","-1","-8","1","0","0","raw_fallback","4","no_valid_candidate","7","0","0","0.03747","0.03747","0.00096","0.00096","0.02130","0.02130","-0.05974","-0.05974","1.00000","1.00000","1.00000","1.00000","","","","-0.00001"
"2101","PAH","11","10","3","3","1","1","1","1","2","improvement_l2","0","none","11","9","2","-0.03431","-0.00036","-0.16327","0.00025","0.10805","0.00011","0.08947","0.00005","1.53286","5.99123","0.61774","0.23563","0.99650","0.09860","-0.00010","-0.00006"
"2102","SPN","5","5","3","3","-2","-8","1","0","0","raw_fallback","5","no_gate_candidate","11","2","0","1.21296","1.21296","-0.05787","-0.05787","0.04412","0.04412","-1.19925","-1.19925","1.00000","1.00000","1.00000","1.00000","","","","-0.00004"
"2103","ARK","17","17","3","3","-2","-8","1","0","0","raw_fallback","5","no_gate_candidate","11","3","0","3.32833","3.32833","-0.84359","-0.84359","1.43547","1.43547","-3.92046","-3.92046","1.00000","1.00000","1.00000","1.00000","","","","-0.00025"
"2104","PIN","26","26","3","3","-2","1","1","1","2","improvement_l2","0","none","11","5","3","5.07785","4.98639","-0.17478","-0.05231","0.18058","-0.00725","-5.08391","-4.92646","0.00000","7.28307","0.83585","0.36586","0.42696","0.13609","-0.00012","-0.00026"
"2105","SAG","8","8","3","3","-2","1","1","1","2","improvement_l2","0","none","11","4","4","1.47810","1.25887","-0.11677","-0.01958","0.04629","-0.00024","-1.40768","-1.23892","0.00000","8.77101","1.23677","0.00000","0.52369","0.13281","-0.00001","-0.00006"
"2106","TNG","2","2","5","3","-1","-8","0","0","0","raw_fallback","1","raw_gate_impossible","0","0","0","0.11048","0.11048","-0.01337","-0.01337","0.00000","0.00000","-0.09713","-0.09713","1.00000","1.00000","1.00000","1.00000","","","","-0.00002"
"2107","BPR","3","3","3","3","-1","-8","1","0","0","raw_fallback","5","no_gate_candidate","3","3","0","0.41798","0.41798","-0.17829","-0.17829","0.42075","0.42075","-0.66053","-0.66053","1.00000","1.00000","1.00000","1.00000","","","","-0.00009"
"2108","PHY","2","2","5","3","-1","-8","0","0","0","raw_fallback","1","raw_gate_impossible","0","0","0","0.11278","0.11278","-0.00289","-0.00289","0.00000","0.00000","-0.10991","-0.10991","1.00000","1.00000","1.00000","1.00000","","","","-0.00002"
"2109","PUA","2","2","5","3","-1","-8","0","0","0","raw_fallback","1","raw_gate_impossible","0","0","0","0.11492","0.11492","0.00257","0.00257","0.00000","0.00000","-0.11750","-0.11750","1.00000","1.00000","1.00000","1.00000","","","","-0.00001"
"2110","MUA","15","11","3","3","-2","1","1","1","2","improvement_l2","0","none","11","3","1","0.72187","0.62808","-0.22845","-0.22416","0.05851","0.00156","-0.55196","-0.40530","0.00000","0.00000","0.55422","9.50568","0.34683","0.07540","-0.00002","-0.00003"
"2111","VTN","32","25","3","3","-2","1","1","1","2","improvement_l2","0","none","11","7","4","0.91341","0.70732","-0.24074","0.00105","0.10323","0.00452","-0.77595","-0.71258","0.00000","7.59188","0.72044","2.70544","0.56491","0.15198","-0.00003","-0.00005"
"2112","CBK","9","5","3","3","-1","-8","1","0","0","raw_fallback","5","no_gate_candidate","7","1","0","0.13153","0.13153","0.10668","0.10668","0.00615","0.00615","-0.24438","-0.24438","1.00000","1.00000","1.00000","1.00000","","","","-0.00002"
"2113","MYA","3","3","5","3","-1","-8","0","0","0","raw_fallback","1","raw_gate_impossible","0","0","0","0.05666","0.05666","-0.00488","-0.00488","0.00000","0.00000","-0.05179","-0.05179","1.00000","1.00000","1.00000","1.00000","","","","-0.00001"
"2114","MKA","5","5","5","3","-1","-8","0","0","0","raw_fallback","1","raw_gate_impossible","0","0","0","0.29108","0.29108","-0.05713","-0.05713","0.00000","0.00000","-0.23393","-0.23393","1.00000","1.00000","1.00000","1.00000","","","","0.00002"
"2115","HKM","3","3","5","3","-1","-8","0","0","0","raw_fallback","1","raw_gate_impossible","0","0","0","0.05618","0.05618","-0.02590","-0.02590","0.00000","0.00000","-0.03025","-0.03025","1.00000","1.00000","1.00000","1.00000","","","","0.00003"
"2116","MKN","3","3","5","3","-1","-8","0","0","0","raw_fallback","1","raw_gate_impossible","0","0","0","0.29513","0.29513","0.00310","0.00310","0.00000","0.00000","-0.29825","-0.29825","1.00000","1.00000","1.00000","1.00000","","","","-0.00002"
"2117","HHP","2","2","5","3","-1","-8","0","0","0","raw_fallback","1","raw_gate_impossible","0","0","0","0.37337","0.37337","-0.12143","-0.12143","0.00000","0.00000","-0.25193","-0.25193","1.00000","1.00000","1.00000","1.00000","","","","0.00001"
"2118","HSE","10","6","3","3","-2","-8","1","0","0","raw_fallback","4","no_valid_candidate","11","0","0","0.40464","0.40464","-0.31706","-0.31706","0.08452","0.08452","-0.17215","-0.17215","1.00000","1.00000","1.00000","1.00000","","","","-0.00005"
"2119","HSI","4","4","5","3","-1","-8","0","0","0","raw_fallback","1","raw_gate_impossible","0","0","0","0.32933","0.32933","-0.26177","-0.26177","0.00000","0.00000","-0.06758","-0.06758","1.00000","1.00000","1.00000","1.00000","","","","-0.00002"
"2120","MNI","5","5","5","3","-1","-8","0","0","0","raw_fallback","1","raw_gate_impossible","0","0","0","0.25925","0.25925","0.01063","0.01063","0.00000","0.00000","-0.26987","-0.26987","1.00000","1.00000","1.00000","1.00000","","","","0.00001"
"2121","MGT","3","3","5","3","-1","-8","0","0","0","raw_fallback","1","raw_gate_impossible","0","0","0","0.11267","0.11267","0.02350","0.02350","0.00000","0.00000","-0.13617","-0.13617","1.00000","1.00000","1.00000","1.00000","","","","0.00000"
"2122","KAL","1","1","5","3","-1","-8","0","0","0","raw_fallback","1","raw_gate_impossible","0","0","0","0.02346","0.02346","-0.02107","-0.02107","0.00000","0.00000","-0.00240","-0.00240","1.00000","1.00000","1.00000","1.00000","","","","-0.00001"
"2123","WNT","2","2","5","3","-1","-8","0","0","0","raw_fallback","1","raw_gate_impossible","0","0","0","0.34059","0.34059","-0.20657","-0.20657","0.00000","0.00000","-0.13404","-0.13404","1.00000","1.00000","1.00000","1.00000","","","","-0.00002"
"2124","BHM","2","2","5","3","-1","-8","0","0","0","raw_fallback","1","raw_gate_impossible","0","0","0","0.03237","0.03237","-0.00707","-0.00707","0.00000","0.00000","-0.02531","-0.02531","1.00000","1.00000","1.00000","1.00000","","","","-0.00001"
"2125","KTG","2","2","3","3","-1","-8","1","0","0","raw_fallback","4","no_valid_candidate","3","0","0","0.05109","0.05109","-0.01577","-0.01577","0.00100","0.00100","-0.03632","-0.03632","1.00000","1.00000","1.00000","1.00000","","","","0.00000"
"2126","MLM","4","3","5","3","-1","-8","0","0","0","raw_fallback","1","raw_gate_impossible","0","0","0","-0.00091","-0.00091","0.07768","0.07768","0.00000","0.00000","-0.07676","-0.07676","1.00000","1.00000","1.00000","1.00000","","","","0.00001"
"2134","MLB","2","2","3","3","-1","-8","1","0","0","raw_fallback","4","no_valid_candidate","3","0","0","0.15494","0.15494","-0.01618","-0.01618","0.00067","0.00067","-0.13945","-0.13945","1.00000","1.00000","1.00000","1.00000","","","","-0.00002"
"2135","BES","1","1","5","3","-1","-8","0","0","0","raw_fallback","1","raw_gate_impossible","0","0","0","0.03515","0.03515","-0.00958","-0.00958","0.00000","0.00000","-0.02557","-0.02557","1.00000","1.00000","1.00000","1.00000","","","","0.00000"
"2136","MNJ","3","2","5","3","-1","-8","0","0","0","raw_fallback","1","raw_gate_impossible","0","0","0","0.11615","0.11615","-0.03043","-0.03043","0.00000","0.00000","-0.08575","-0.08575","1.00000","1.00000","1.00000","1.00000","","","","-0.00003"
"2137","PTC","3","3","5","3","-1","-8","0","0","0","raw_fallback","1","raw_gate_impossible","0","0","0","0.28431","0.28431","-0.02200","-0.02200","0.00000","0.00000","-0.26232","-0.26232","1.00000","1.00000","1.00000","1.00000","","","","-0.00001"
"2138","TSM","7","6","3","3","-1","-8","1","0","0","raw_fallback","5","no_gate_candidate","7","3","0","0.26641","0.26641","0.02869","0.02869","0.08136","0.08136","-0.37653","-0.37653","1.00000","1.00000","1.00000","1.00000","","","","-0.00007"
"2146","HAB","68","40","3","3","-2","1","1","1","2","improvement_l2","0","none","11","6","5","-0.98053","0.16536","-1.31936","-1.09346","2.70117","0.88092","-0.40183","0.04714","0.00000","4.01641","0.77048","0.13522","0.63981","0.80398","-0.00015","-0.00055"
"2147","BOH","45","45","3","3","-2","-1","1","1","2","improvement_l2","0","none","11","7","2","-9.67939","-2.54995","-1.92603","-0.40568","5.40689","-1.13267","6.19798","4.09123","238.06640","5.33446","0.34093","0.00000","0.66403","3.75777","-0.00013","-0.00055"
"2148","MVA","16","16","3","3","-2","-8","1","0","0","raw_fallback","5","no_gate_candidate","11","3","0","1.35341","1.35341","-0.86908","-0.86908","0.53698","0.53698","-1.02149","-1.02149","1.00000","1.00000","1.00000","1.00000","","","","-0.00018"
"2149","PSS","2","2","3","3","-1","-8","1","0","0","raw_fallback","4","no_valid_candidate","3","0","0","0.30271","0.30271","-0.11301","-0.11301","-0.00184","-0.00184","-0.18787","-0.18787","1.00000","1.00000","1.00000","1.00000","","","","-0.00001"
"2150","AUG","3","3","3","3","-1","1","1","1","2","improvement_l2","0","none","7","1","1","0.04485","0.00701","-0.02032","0.00074","0.01847","-0.01687","-0.04302","0.00966","0.00000","0.00000","0.00000","27.70061","0.67138","0.02323","-0.00001","-0.00002"
"2151","AGC","1","1","5","3","-1","-8","1","0","0","raw_fallback","2","one_or_fewer_classes","0","0","0","0.74263","0.74263","0.22891","0.22891","-0.52978","-0.52978","-0.44179","-0.44179","1.00000","1.00000","1.00000","1.00000","","","","-0.00003"
"2152","UBV","17","17","3","3","-2","1","1","1","2","improvement_l2","0","none","11","3","2","0.50976","0.36352","-0.33493","-0.09601","0.98180","0.52182","-1.15679","-0.78923","0.00000","4.26325","0.79576","0.00000","0.44659","0.30317","-0.00004","-0.00016"
"2153","LBV","17","17","3","3","-2","-8","1","0","0","raw_fallback","5","no_gate_candidate","11","5","0","0.81635","0.81635","0.00261","0.00261","0.16296","0.16296","-0.98205","-0.98205","1.00000","1.00000","1.00000","1.00000","","","","-0.00013"
"2154","SLZ","14","11","3","3","-1","-8","1","0","0","raw_fallback","5","no_gate_candidate","3","3","0","-0.78735","-0.78735","-0.01371","-0.01371","0.63370","0.63370","0.16731","0.16731","1.00000","1.00000","1.00000","1.00000","","","","-0.00005"
"2155","BAM","7","5","3","3","-1","1","1","1","2","improvement_l2","0","none","7","5","1","0.00033","0.00000","-0.36082","-0.32971","0.50673","0.40429","-0.14628","-0.07459","0.00000","0.00000","0.97491","2.29831","0.43701","0.05138","-0.00004","-0.00004"
"2158","TIR","10","10","3","3","-2","1","1","1","2","improvement_l2","0","none","11","7","3","0.86933","0.37242","-0.65991","0.15774","0.40732","0.00237","-0.61684","-0.53253","0.00000","3.36318","0.72975","0.73024","0.61584","0.37208","-0.00004","-0.00010"
"2159","WER","2","2","3","3","-1","-8","1","0","0","raw_fallback","5","no_gate_candidate","3","2","0","-0.04466","-0.04466","-0.00370","-0.00370","0.00252","0.00252","0.04583","0.04583","1.00000","1.00000","1.00000","1.00000","","","","-0.00001"
"2160","MBZ","2","2","5","3","-1","-8","0","0","0","raw_fallback","1","raw_gate_impossible","0","0","0","0.35264","0.35264","-0.09799","-0.09799","0.00000","0.00000","-0.25469","-0.25469","1.00000","1.00000","1.00000","1.00000","","","","-0.00004"
"2161","MFK","1","1","5","3","-1","-8","0","0","0","raw_fallback","1","raw_gate_impossible","0","0","0","0.08136","0.08136","-0.01878","-0.01878","0.00000","0.00000","-0.06259","-0.06259","1.00000","1.00000","1.00000","1.00000","","","","-0.00001"
"2162","BCH","3","3","3","3","-1","-8","1","0","0","raw_fallback","5","no_gate_candidate","7","1","0","0.08079","0.08079","0.00501","0.00501","0.02122","0.02122","-0.10705","-0.10705","1.00000","1.00000","1.00000","1.00000","","","","-0.00003"
"2163","STG","1","1","5","3","-1","-8","1","0","0","raw_fallback","2","one_or_fewer_classes","0","0","0","0.09888","0.09888","-0.02261","-0.02261","0.00940","0.00940","-0.08569","-0.08569","1.00000","1.00000","1.00000","1.00000","","","","-0.00002"
"2164","ZUR","1","1","5","3","-1","-8","1","0","0","raw_fallback","2","one_or_fewer_classes","0","0","0","0.03654","0.03654","-0.02807","-0.02807","0.04720","0.04720","-0.05569","-0.05569","1.00000","1.00000","1.00000","1.00000","","","","-0.00002"
"2165","SYZ","1","1","5","3","-1","-8","1","0","0","raw_fallback","2","one_or_fewer_classes","0","0","0","0.12999","0.12999","-0.04017","-0.04017","0.00008","0.00008","-0.08991","-0.08991","1.00000","1.00000","1.00000","1.00000","","","","-0.00001"
"2167","URI","1","1","5","3","-1","-8","1","0","0","raw_fallback","2","one_or_fewer_classes","0","0","0","0.22215","0.22215","-0.06394","-0.06394","0.06915","0.06915","-0.22737","-0.22737","1.00000","1.00000","1.00000","1.00000","","","","-0.00001"
"2168","OBW","1","1","5","3","-1","-8","1","0","0","raw_fallback","2","one_or_fewer_classes","0","0","0","0.06992","0.06992","-0.01578","-0.01578","0.02114","0.02114","-0.07529","-0.07529","1.00000","1.00000","1.00000","1.00000","","","","-0.00001"
"2169","LCU","1","1","5","3","-1","-8","1","0","0","raw_fallback","2","one_or_fewer_classes","0","0","0","0.10163","0.10163","-0.02127","-0.02127","0.00735","0.00735","-0.08771","-0.08771","1.00000","1.00000","1.00000","1.00000","","","","0.00000"
"2170","SIT","3","3","3","3","-1","-8","1","0","0","raw_fallback","5","no_gate_candidate","7","1","0","0.37703","0.37703","-0.06190","-0.06190","0.01429","0.01429","-0.32941","-0.32941","1.00000","1.00000","1.00000","1.00000","","","","0.00001"
"2172","BRN","2","2","3","3","-1","-8","1","0","0","raw_fallback","5","no_gate_candidate","3","1","0","0.11461","0.11461","-0.02966","-0.02966","0.02949","0.02949","-0.11446","-0.11446","1.00000","1.00000","1.00000","1.00000","","","","-0.00002"
"2173","SLT","1","1","5","3","-1","-8","1","0","0","raw_fallback","2","one_or_fewer_classes","0","0","0","0.14300","0.14300","-0.02754","-0.02754","0.01014","0.01014","-0.12561","-0.12561","1.00000","1.00000","1.00000","1.00000","","","","-0.00001"
"2174","NEU","1","1","5","3","-1","-8","1","0","0","raw_fallback","2","one_or_fewer_classes","0","0","0","0.03088","0.03088","-0.00563","-0.00563","0.00366","0.00366","-0.02892","-0.02892","1.00000","1.00000","1.00000","1.00000","","","","-0.00001"
"2175","BAS","3","3","3","3","-1","-8","1","0","0","raw_fallback","4","no_valid_candidate","7","0","0","0.56618","0.56618","-0.07278","-0.07278","0.03387","0.03387","-0.52731","-0.52731","1.00000","1.00000","1.00000","1.00000","","","","-0.00004"
"2176","LSA","1","1","5","3","-1","-8","1","0","0","raw_fallback","2","one_or_fewer_classes","0","0","0","0.02481","0.02481","-0.00458","-0.00458","0.00318","0.00318","-0.02341","-0.02341","1.00000","1.00000","1.00000","1.00000","","","","0.00000"
"2177","KYB","2","2","3","3","-1","-8","1","0","0","raw_fallback","4","no_valid_candidate","3","0","0","0.17545","0.17545","-0.03574","-0.03574","-0.00274","-0.00274","-0.13699","-0.13699","1.00000","1.00000","1.00000","1.00000","","","","-0.00002"
"2178","TRN","1","1","5","3","-1","-8","1","0","0","raw_fallback","2","one_or_fewer_classes","0","0","0","0.09731","0.09731","-0.01831","-0.01831","0.01159","0.01159","-0.09060","-0.09060","1.00000","1.00000","1.00000","1.00000","","","","-0.00001"
"2179","BRC","1","1","5","3","-1","-8","0","0","0","raw_fallback","1","raw_gate_impossible","0","0","0","0.08467","0.08467","-0.02333","-0.02333","0.00000","0.00000","-0.06137","-0.06137","1.00000","1.00000","1.00000","1.00000","","","","-0.00003"
"2180","GRF","1","1","5","3","-1","-8","1","0","0","raw_fallback","2","one_or_fewer_classes","0","0","0","0.04860","0.04860","-0.01145","-0.01145","0.00941","0.00941","-0.04657","-0.04657","1.00000","1.00000","1.00000","1.00000","","","","-0.00001"
"2181","PAL","11","10","3","3","-2","1","1","1","2","improvement_l2","0","none","11","3","1","0.56084","0.52810","-0.36200","-0.28478","0.27083","0.13777","-0.46976","-0.38089","0.00000","11.58452","0.00000","0.71201","0.23796","0.08293","-0.00004","-0.00009"
"2182","REG","1","1","5","3","-1","-8","1","0","0","raw_fallback","2","one_or_fewer_classes","0","0","0","-0.05080","-0.05080","-0.02622","-0.02622","0.11941","0.11941","-0.04241","-0.04241","1.00000","1.00000","1.00000","1.00000","","","","-0.00002"
"2183","ANS","6","6","3","3","-2","1","1","1","2","improvement_l2","0","none","11","5","3","0.03190","0.00307","-0.02246","0.00417","0.21854","0.11342","-0.22800","-0.12031","0.00000","37.17737","0.71566","8.36695","0.67014","0.06500","-0.00006","-0.00002"
"2184","FRE","5","4","3","3","-1","-8","1","0","0","raw_fallback","4","no_valid_candidate","7","0","0","-0.03190","-0.03190","-0.02193","-0.02193","0.06709","0.06709","-0.01327","-0.01327","1.00000","1.00000","1.00000","1.00000","","","","-0.00001"
"2185","EIC","2","2","3","3","-1","-8","1","0","0","raw_fallback","5","no_gate_candidate","3","1","0","0.16122","0.16122","-0.06426","-0.06426","0.00437","0.00437","-0.10137","-0.10137","1.00000","1.00000","1.00000","1.00000","","","","-0.00004"
"2186","WEI","1","1","5","3","-1","-8","1","0","0","raw_fallback","2","one_or_fewer_classes","0","0","0","0.07738","0.07738","-0.03300","-0.03300","0.00547","0.00547","-0.04985","-0.04985","1.00000","1.00000","1.00000","1.00000","","","","0.00000"
"2187","NUR","1","1","5","3","-1","-8","1","0","0","raw_fallback","2","one_or_fewer_classes","0","0","0","0.56159","0.56159","-0.41381","-0.41381","0.46355","0.46355","-0.61135","-0.61135","1.00000","1.00000","1.00000","1.00000","","","","-0.00002"
"2188","WBG","7","7","3","3","-1","-8","1","0","0","raw_fallback","5","no_gate_candidate","7","2","0","0.63749","0.63749","-0.30648","-0.30648","0.08287","0.08287","-0.41398","-0.41398","1.00000","1.00000","1.00000","1.00000","","","","-0.00010"
"2189","RIE","1","1","5","3","-1","-8","1","0","0","raw_fallback","2","one_or_fewer_classes","0","0","0","0.09142","0.09142","-0.02492","-0.02492","0.00687","0.00687","-0.07338","-0.07338","1.00000","1.00000","1.00000","1.00000","","","","-0.00001"
"2190","MSB","1","1","5","3","-1","-8","1","0","0","raw_fallback","2","one_or_fewer_classes","0","0","0","0.04128","0.04128","-0.00998","-0.00998","0.00117","0.00117","-0.03247","-0.03247","1.00000","1.00000","1.00000","1.00000","","","","0.00000"
"2191","UFF","4","4","5","3","-1","-8","0","0","0","raw_fallback","1","raw_gate_impossible","0","0","0","0.67106","0.67106","-0.24908","-0.24908","0.00000","0.00000","-0.42201","-0.42201","1.00000","1.00000","1.00000","1.00000","","","","-0.00003"
"2192","ROT","1","1","5","3","-1","-8","1","0","0","raw_fallback","2","one_or_fewer_classes","0","0","0","0.40898","0.40898","-0.21758","-0.21758","0.00773","0.00773","-0.19913","-0.19913","1.00000","1.00000","1.00000","1.00000","","","","0.00000"
"2193","DNB","1","1","5","3","-1","-8","0","0","0","raw_fallback","1","raw_gate_impossible","0","0","0","0.04781","0.04781","-0.00940","-0.00940","0.00000","0.00000","-0.03842","-0.03842","1.00000","1.00000","1.00000","1.00000","","","","-0.00001"
"2194","MEM","1","1","5","3","-1","-8","1","0","0","raw_fallback","2","one_or_fewer_classes","0","0","0","0.00784","0.00784","-0.02605","-0.02605","0.04091","0.04091","-0.02272","-0.02272","1.00000","1.00000","1.00000","1.00000","","","","-0.00002"
"2195","KMP","1","1","5","3","-1","-8","1","0","0","raw_fallback","2","one_or_fewer_classes","0","0","0","0.43420","0.43420","-0.13230","-0.13230","-0.13974","-0.13974","-0.16218","-0.16218","1.00000","1.00000","1.00000","1.00000","","","","-0.00002"
"2196","ULM","1","1","5","3","-1","-8","1","0","0","raw_fallback","2","one_or_fewer_classes","0","0","0","0.46612","0.46612","-0.22332","-0.22332","0.14154","0.14154","-0.38437","-0.38437","1.00000","1.00000","1.00000","1.00000","","","","-0.00003"
"2197","KNZ","1","1","5","3","-1","-8","1","0","0","raw_fallback","2","one_or_fewer_classes","0","0","0","-0.08052","-0.08052","-0.03013","-0.03013","0.14619","0.14619","-0.03558","-0.03558","1.00000","1.00000","1.00000","1.00000","","","","-0.00004"
"2198","WUR","10","10","3","3","-2","-8","1","0","0","raw_fallback","5","no_gate_candidate","11","3","0","0.82965","0.82965","-0.28813","-0.28813","0.39572","0.39572","-0.93730","-0.93730","1.00000","1.00000","1.00000","1.00000","","","","-0.00006"
"2199","OET","2","2","3","3","-1","-8","1","0","0","raw_fallback","5","no_gate_candidate","3","2","0","0.41300","0.41300","-0.22111","-0.22111","-0.01478","-0.01478","-0.17717","-0.17717","1.00000","1.00000","1.00000","1.00000","","","","-0.00006"
"2200","SWH","1","1","5","3","-1","-8","1","0","0","raw_fallback","2","one_or_fewer_classes","0","0","0","0.31663","0.31663","-0.07831","-0.07831","0.02699","0.02699","-0.26532","-0.26532","1.00000","1.00000","1.00000","1.00000","","","","-0.00001"
"2201","HBR","1","1","5","3","-1","-8","1","0","0","raw_fallback","2","one_or_fewer_classes","0","0","0","0.09426","0.09426","-0.02130","-0.02130","0.00238","0.00238","-0.07534","-0.07534","1.00000","1.00000","1.00000","1.00000","","","","0.00000"
"2202","BDE","2","2","3","3","-1","-8","1","0","0","raw_fallback","4","no_valid_candidate","3","0","0","0.46068","0.46068","-0.16492","-0.16492","-0.00289","-0.00289","-0.29290","-0.29290","1.00000","1.00000","1.00000","1.00000","","","","-0.00003"
"2203","WDB","1","1","5","3","-1","-8","1","0","0","raw_fallback","2","one_or_fewer_classes","0","0","0","0.08961","0.08961","-0.02547","-0.02547","0.00647","0.00647","-0.07062","-0.07062","1.00000","1.00000","1.00000","1.00000","","","","-0.00001"
"2204","RVA","1","1","5","3","-1","-8","1","0","0","raw_fallback","2","one_or_fewer_classes","0","0","0","0.29694","0.29694","-0.46220","-0.46220","0.34961","0.34961","-0.18437","-0.18437","1.00000","1.00000","1.00000","1.00000","","","","-0.00002"
"2205","BIB","1","1","5","3","-1","-8","1","0","0","raw_fallback","2","one_or_fewer_classes","0","0","0","0.26482","0.26482","-0.08434","-0.08434","-0.00044","-0.00044","-0.18005","-0.18005","1.00000","1.00000","1.00000","1.00000","","","","-0.00001"
"2206","UBL","1","1","5","3","-1","-8","1","0","0","raw_fallback","2","one_or_fewer_classes","0","0","0","0.07301","0.07301","-0.01660","-0.01660","0.00281","0.00281","-0.05922","-0.05922","1.00000","1.00000","1.00000","1.00000","","","","0.00000"
"2207","HHB","2","2","3","3","-1","-8","1","0","0","raw_fallback","4","no_valid_candidate","3","0","0","0.22992","0.22992","-0.08472","-0.08472","0.02602","0.02602","-0.17123","-0.17123","1.00000","1.00000","1.00000","1.00000","","","","-0.00001"
"2208","FBG","1","1","5","3","-1","-8","1","0","0","raw_fallback","2","one_or_fewer_classes","0","0","0","0.37058","0.37058","-0.40375","-0.40375","0.22089","0.22089","-0.18774","-0.18774","1.00000","1.00000","1.00000","1.00000","","","","-0.00002"
"2209","OFB","1","1","5","3","-1","-8","0","0","0","raw_fallback","1","raw_gate_impossible","0","0","0","0.21584","0.21584","-0.03885","-0.03885","0.00000","0.00000","-0.17699","-0.17699","1.00000","1.00000","1.00000","1.00000","","","","0.00000"
"2210","WLD","1","1","5","3","-1","-8","0","0","0","raw_fallback","1","raw_gate_impossible","0","0","0","0.07217","0.07217","-0.03669","-0.03669","0.00000","0.00000","-0.03548","-0.03548","1.00000","1.00000","1.00000","1.00000","","","","0.00000"
"2212","ORT","2","1","5","3","-1","-8","1","0","0","raw_fallback","2","one_or_fewer_classes","0","0","0","0.38096","0.38096","-0.15282","-0.15282","-0.00169","-0.00169","-0.22646","-0.22646","1.00000","1.00000","1.00000","1.00000","","","","-0.00001"
"2213","BXN","2","1","5","3","-1","-8","0","0","0","raw_fallback","1","raw_gate_impossible","0","0","0","0.08081","0.08081","-0.03251","-0.03251","0.00000","0.00000","-0.04831","-0.04831","1.00000","1.00000","1.00000","1.00000","","","","-0.00001"
"2214","VUD","4","4","3","3","-1","-8","1","0","0","raw_fallback","5","no_gate_candidate","7","1","0","0.46907","0.46907","-0.16299","-0.16299","0.01348","0.01348","-0.31962","-0.31962","1.00000","1.00000","1.00000","1.00000","","","","-0.00006"
"2216","AOS","3","3","3","3","-1","-8","1","0","0","raw_fallback","4","no_valid_candidate","7","0","0","0.63887","0.63887","-0.40272","-0.40272","0.00394","0.00394","-0.24014","-0.24014","1.00000","1.00000","1.00000","1.00000","","","","-0.00005"
"2217","FLK","2","2","3","3","-1","-8","1","0","0","raw_fallback","5","no_gate_candidate","3","2","0","0.58352","0.58352","-0.22124","-0.22124","0.04010","0.04010","-0.40238","-0.40238","1.00000","1.00000","1.00000","1.00000","","","","0.00000"
"2218","MDS","1","1","5","3","-1","-8","1","0","0","raw_fallback","2","one_or_fewer_classes","0","0","0","0.09303","0.09303","-0.09495","-0.09495","-0.00593","-0.00593","0.00783","0.00783","1.00000","1.00000","1.00000","1.00000","","","","-0.00002"
"2219","LDA","1","1","5","3","-1","-8","1","0","0","raw_fallback","2","one_or_fewer_classes","0","0","0","0.17082","0.17082","-0.11897","-0.11897","0.06333","0.06333","-0.11522","-0.11522","1.00000","1.00000","1.00000","1.00000","","","","-0.00004"
"2220","VEL","2","2","3","3","-1","-8","1","0","0","raw_fallback","5","no_gate_candidate","3","1","0","0.43897","0.43897","-0.20182","-0.20182","0.07835","0.07835","-0.31550","-0.31550","1.00000","1.00000","1.00000","1.00000","","","","0.00000"
"2221","GRY","2","2","3","3","-1","-8","1","0","0","raw_fallback","4","no_valid_candidate","3","0","0","0.12155","0.12155","-0.00560","-0.00560","0.02022","0.02022","-0.13619","-0.13619","1.00000","1.00000","1.00000","1.00000","","","","-0.00002"
"2222","TGG","2","1","5","3","-1","-8","0","0","0","raw_fallback","1","raw_gate_impossible","0","0","0","0.05347","0.05347","-0.00874","-0.00874","0.00000","0.00000","-0.04473","-0.04473","1.00000","1.00000","1.00000","1.00000","","","","0.00000"
"2223","PSZ","1","1","5","3","-1","-8","0","0","0","raw_fallback","1","raw_gate_impossible","0","0","0","0.09527","0.09527","-0.03870","-0.03870","0.00000","0.00000","-0.05658","-0.05658","1.00000","1.00000","1.00000","1.00000","","","","-0.00001"
"2225","SFC","1","1","5","3","-1","-8","1","0","0","raw_fallback","2","one_or_fewer_classes","0","0","0","0.05569","0.05569","-0.03404","-0.03404","0.05210","0.05210","-0.07377","-0.07377","1.00000","1.00000","1.00000","1.00000","","","","-0.00002"
"2226","CFC","1","1","5","3","-1","-8","1","0","0","raw_fallback","2","one_or_fewer_classes","0","0","0","0.57465","0.57465","-0.19831","-0.19831","0.05093","0.05093","-0.42728","-0.42728","1.00000","1.00000","1.00000","1.00000","","","","-0.00001"
"2227","MUR","1","1","5","3","-1","-8","0","0","0","raw_fallback","1","raw_gate_impossible","0","0","0","0.38206","0.38206","-0.12420","-0.12420","0.00000","0.00000","-0.25786","-0.25786","1.00000","1.00000","1.00000","1.00000","","","","0.00000"
"2228","HAG","1","1","5","3","-1","-8","0","0","0","raw_fallback","1","raw_gate_impossible","0","0","0","0.04100","0.04100","-0.00629","-0.00629","0.00000","0.00000","-0.03473","-0.03473","1.00000","1.00000","1.00000","1.00000","","","","-0.00002"
"2229","MUL","1","1","5","3","-1","-8","1","0","0","raw_fallback","2","one_or_fewer_classes","0","0","0","0.04551","0.04551","0.00495","0.00495","0.06501","0.06501","-0.11550","-0.11550","1.00000","1.00000","1.00000","1.00000","","","","-0.00003"
"2230","LIC","1","1","5","3","-1","-8","0","0","0","raw_fallback","1","raw_gate_impossible","0","0","0","0.07205","0.07205","-0.01290","-0.01290","0.00000","0.00000","-0.05917","-0.05917","1.00000","1.00000","1.00000","1.00000","","","","-0.00002"
"2231","BLM","1","1","5","3","-1","-8","0","0","0","raw_fallback","1","raw_gate_impossible","0","0","0","0.14054","0.14054","-0.02444","-0.02444","0.00000","0.00000","-0.11611","-0.11611","1.00000","1.00000","1.00000","1.00000","","","","-0.00001"
"2232","DIS","1","1","5","3","-1","-8","0","0","0","raw_fallback","1","raw_gate_impossible","0","0","0","0.11299","0.11299","-0.06070","-0.06070","0.00000","0.00000","-0.05228","-0.05228","1.00000","1.00000","1.00000","1.00000","","","","0.00001"
"2233","FUR","1","1","5","3","-1","-8","1","0","0","raw_fallback","2","one_or_fewer_classes","0","0","0","0.03373","0.03373","-0.01368","-0.01368","0.01785","0.01785","-0.03791","-0.03791","1.00000","1.00000","1.00000","1.00000","","","","-0.00001"
"2234","GRK","1","1","5","3","-1","-8","1","0","0","raw_fallback","2","one_or_fewer_classes","0","0","0","0.01525","0.01525","-0.00521","-0.00521","0.00822","0.00822","-0.01826","-0.01826","1.00000","1.00000","1.00000","1.00000","","","","0.00000"
"2235","HAC","1","1","5","3","-1","-8","1","0","0","raw_fallback","2","one_or_fewer_classes","0","0","0","0.07035","0.07035","-0.01809","-0.01809","0.01392","0.01392","-0.06619","-0.06619","1.00000","1.00000","1.00000","1.00000","","","","-0.00001"
"2236","SAW","1","1","5","3","-1","-8","1","0","0","raw_fallback","2","one_or_fewer_classes","0","0","0","0.04181","0.04181","-0.01400","-0.01400","0.00838","0.00838","-0.03619","-0.03619","1.00000","1.00000","1.00000","1.00000","","","","0.00000"
"2237","SAB","1","1","5","3","-1","-8","1","0","0","raw_fallback","2","one_or_fewer_classes","0","0","0","0.07274","0.07274","-0.01733","-0.01733","0.00712","0.00712","-0.06253","-0.06253","1.00000","1.00000","1.00000","1.00000","","","","0.00000"
"2238","THD","1","1","5","3","-1","-8","0","0","0","raw_fallback","1","raw_gate_impossible","0","0","0","0.09550","0.09550","-0.02049","-0.02049","0.00000","0.00000","-0.07501","-0.07501","1.00000","1.00000","1.00000","1.00000","","","","0.00000"
"2239","ELL","1","1","5","3","-1","-8","1","0","0","raw_fallback","2","one_or_fewer_classes","0","0","0","0.08092","0.08092","-0.02903","-0.02903","0.02135","0.02135","-0.07324","-0.07324","1.00000","1.00000","1.00000","1.00000","","","","0.00000"
"2240","HEH","1","1","5","3","-1","-8","1","0","0","raw_fallback","2","one_or_fewer_classes","0","0","0","0.04739","0.04739","-0.01465","-0.01465","0.01684","0.01684","-0.04960","-0.04960","1.00000","1.00000","1.00000","1.00000","","","","-0.00002"
"2241","HLF","1","1","5","3","-1","-8","0","0","0","raw_fallback","1","raw_gate_impossible","0","0","0","0.02562","0.02562","-0.00707","-0.00707","0.00000","0.00000","-0.01856","-0.01856","1.00000","1.00000","1.00000","1.00000","","","","-0.00001"
"2242","HOH","1","1","5","3","-1","-8","1","0","0","raw_fallback","2","one_or_fewer_classes","0","0","0","0.03734","0.03734","-0.01146","-0.01146","0.01292","0.01292","-0.03880","-0.03880","1.00000","1.00000","1.00000","1.00000","","","","0.00000"
"2243","KIR","2","2","3","3","-1","-8","1","0","0","raw_fallback","4","no_valid_candidate","3","0","0","0.11421","0.11421","-0.05360","-0.05360","0.05905","0.05905","-0.11967","-0.11967","1.00000","1.00000","1.00000","1.00000","","","","-0.00001"
"2244","NEL","1","1","5","3","-1","-8","1","0","0","raw_fallback","2","one_or_fewer_classes","0","0","0","0.04131","0.04131","-0.01526","-0.01526","0.02133","0.02133","-0.04739","-0.04739","1.00000","1.00000","1.00000","1.00000","","","","-0.00001"
"2245","TUB","1","1","5","3","-1","-8","1","0","0","raw_fallback","2","one_or_fewer_classes","0","0","0","0.11202","0.11202","-0.04543","-0.04543","-0.00256","-0.00256","-0.06404","-0.06404","1.00000","1.00000","1.00000","1.00000","","","","-0.00001"
"2246","LEU","1","1","5","3","-1","-8","1","0","0","raw_fallback","2","one_or_fewer_classes","0","0","0","0.10858","0.10858","-0.01950","-0.01950","0.01984","0.01984","-0.10894","-0.10894","1.00000","1.00000","1.00000","1.00000","","","","-0.00002"
"2247","TNT","4","4","3","3","-1","-8","1","0","0","raw_fallback","5","no_gate_candidate","7","7","0","-0.10118","-0.10118","-0.06062","-0.06062","0.10413","0.10413","0.05765","0.05765","1.00000","1.00000","1.00000","1.00000","","","","-0.00002"
"2248","GLH","740","199","3","3","1","1","1","1","2","improvement_l2","0","none","11","11","2","-5.78834","-0.00280","-3.02314","-0.00134","1.19471","0.00004","7.61596","0.00398","9.24084","6.81094","0.69781","0.19068","0.99964","4.40353","-0.00016","-0.00081"
"2252","FEO","1","1","5","3","-1","-8","1","0","0","raw_fallback","2","one_or_fewer_classes","0","0","0","0.00556","0.00556","-0.02223","-0.02223","0.02448","0.02448","-0.00782","-0.00782","1.00000","1.00000","1.00000","1.00000","","","","-0.00001"
"2255","GAZ","3","3","3","3","-1","-8","1","0","0","raw_fallback","5","no_gate_candidate","3","2","0","-0.23215","-0.23215","-0.01016","-0.01016","0.37200","0.37200","-0.12975","-0.12975","1.00000","1.00000","1.00000","1.00000","","","","-0.00006"
"2256","JOL","22","12","3","3","-2","-8","1","0","0","raw_fallback","4","no_valid_candidate","11","0","0","0.13223","0.13223","-0.07949","-0.07949","0.14868","0.14868","-0.20145","-0.20145","1.00000","1.00000","1.00000","1.00000","","","","-0.00003"
"2258","MPR","2","2","5","3","-1","-8","0","0","0","raw_fallback","1","raw_gate_impossible","0","0","0","0.14933","0.14933","-0.03983","-0.03983","0.00000","0.00000","-0.10949","-0.10949","1.00000","1.00000","1.00000","1.00000","","","","0.00001"
"2259","DGB","5","3","3","3","-1","1","1","1","2","improvement_l2","0","none","7","5","1","0.85703","0.82129","-0.24174","-0.23108","0.00284","0.00000","-0.61815","-0.59019","0.00000","0.00000","0.66023","2.40756","0.28272","0.01929","-0.00004","-0.00002"
"2260","KNG","1","1","5","3","-1","-8","1","0","0","raw_fallback","2","one_or_fewer_classes","0","0","0","0.33128","0.33128","-0.13705","-0.13705","0.00722","0.00722","-0.20145","-0.20145","1.00000","1.00000","1.00000","1.00000","","","","0.00000"
"2261","BON","10","3","3","3","-1","-8","1","0","0","raw_fallback","5","no_gate_candidate","7","1","0","0.33468","0.33468","-0.05702","-0.05702","-0.05668","-0.05668","-0.22099","-0.22099","1.00000","1.00000","1.00000","1.00000","","","","-0.00001"
"2264","ZZZ","9","9","3","3","-2","-8","1","0","0","raw_fallback","5","no_gate_candidate","11","2","0","0.15255","0.15255","-0.43806","-0.43806","0.47379","0.47379","-0.18836","-0.18836","1.00000","1.00000","1.00000","1.00000","","","","-0.00008"
"2265","NUP","8","5","3","3","-2","-8","1","0","0","raw_fallback","4","no_valid_candidate","11","0","0","0.63440","0.63440","-0.22453","-0.22453","0.08511","0.08511","-0.49501","-0.49501","1.00000","1.00000","1.00000","1.00000","","","","-0.00003"
"2266","BEN","10","10","3","3","-2","-8","1","0","0","raw_fallback","5","no_gate_candidate","11","2","0","0.44719","0.44719","-0.47437","-0.47437","0.31635","0.31635","-0.28931","-0.28931","1.00000","1.00000","1.00000","1.00000","","","","-0.00014"
"2267","OYO","11","9","3","3","-2","1","1","1","2","improvement_l2","0","none","11","3","1","0.55247","0.53354","-0.39228","-0.34968","0.04073","0.00071","-0.20099","-0.18447","0.00000","5.22246","0.94917","0.00000","0.30183","0.02950","-0.00004","-0.00007"
"2268","IFE","1","0","5","3","-1","-8","0","0","0","raw_fallback","1","raw_gate_impossible","0","0","0","0.00000","0.00000","0.00000","0.00000","0.00000","0.00000","0.00000","0.00000","1.00000","1.00000","1.00000","1.00000","","","","0.00000"
"2269","OWO","1","1","5","3","-1","-8","0","0","0","raw_fallback","1","raw_gate_impossible","0","0","0","0.02085","0.02085","-0.00728","-0.00728","0.00000","0.00000","-0.01357","-0.01357","1.00000","1.00000","1.00000","1.00000","","","","0.00000"
"2270","IJB","4","4","5","3","-1","-8","0","0","0","raw_fallback","1","raw_gate_impossible","0","0","0","0.06052","0.06052","-0.02700","-0.02700","0.00000","0.00000","-0.03352","-0.03352","1.00000","1.00000","1.00000","1.00000","","","","0.00000"
"2271","ISO","1","1","5","3","-1","-8","0","0","0","raw_fallback","1","raw_gate_impossible","0","0","0","0.16796","0.16796","-0.13898","-0.13898","0.00000","0.00000","-0.02899","-0.02899","1.00000","1.00000","1.00000","1.00000","","","","-0.00001"
"2272","IYA","1","1","5","3","-1","-8","0","0","0","raw_fallback","1","raw_gate_impossible","0","0","0","0.01974","0.01974","-0.01238","-0.01238","0.00000","0.00000","-0.00735","-0.00735","1.00000","1.00000","1.00000","1.00000","","","","0.00001"
"2273","OKE","1","1","5","3","-1","-8","0","0","0","raw_fallback","1","raw_gate_impossible","0","0","0","0.10776","0.10776","-0.08580","-0.08580","0.00000","0.00000","-0.02198","-0.02198","1.00000","1.00000","1.00000","1.00000","","","","-0.00002"
"2274","IJE","1","1","5","3","-1","-8","0","0","0","raw_fallback","1","raw_gate_impossible","0","0","0","0.02515","0.02515","-0.01685","-0.01685","0.00000","0.00000","-0.00829","-0.00829","1.00000","1.00000","1.00000","1.00000","","","","0.00001"
"2275","ADO","1","1","5","3","-1","-8","0","0","0","raw_fallback","1","raw_gate_impossible","0","0","0","0.02329","0.02329","-0.01597","-0.01597","0.00000","0.00000","-0.00731","-0.00731","1.00000","1.00000","1.00000","1.00000","","","","0.00001"
"2276","IJS","1","1","5","3","-1","-8","0","0","0","raw_fallback","1","raw_gate_impossible","0","0","0","0.19012","0.19012","-0.16131","-0.16131","0.00000","0.00000","-0.02880","-0.02880","1.00000","1.00000","1.00000","1.00000","","","","0.00001"
"2277","AKR","1","1","5","3","-1","-8","0","0","0","raw_fallback","1","raw_gate_impossible","0","0","0","0.07849","0.07849","-0.06164","-0.06164","0.00000","0.00000","-0.01686","-0.01686","1.00000","1.00000","1.00000","1.00000","","","","-0.00001"
"2278","OND","1","1","5","3","-1","-8","0","0","0","raw_fallback","1","raw_gate_impossible","0","0","0","0.04740","0.04740","-0.03546","-0.03546","0.00000","0.00000","-0.01195","-0.01195","1.00000","1.00000","1.00000","1.00000","","","","-0.00001"
"2279","AWO","1","1","5","3","-1","-8","0","0","0","raw_fallback","1","raw_gate_impossible","0","0","0","0.02636","0.02636","-0.01475","-0.01475","0.00000","0.00000","-0.01159","-0.01159","1.00000","1.00000","1.00000","1.00000","","","","0.00002"
"2280","KET","1","1","5","3","-1","-8","0","0","0","raw_fallback","1","raw_gate_impossible","0","0","0","0.00941","0.00941","-0.00656","-0.00656","0.00000","0.00000","-0.00285","-0.00285","1.00000","1.00000","1.00000","1.00000","","","","0.00000"
"2281","NRI","9","8","3","3","-2","1","1","1","2","improvement_l2","0","none","11","3","2","1.54827","1.53683","-0.25696","-0.21911","0.02682","-0.00034","-1.31814","-1.31737","0.00000","3.98575","0.81760","0.00000","0.28562","0.01913","-0.00005","-0.00001"
"2282","BMR","29","29","3","3","-1","-8","1","0","0","raw_fallback","5","no_gate_candidate","7","6","0","-0.27864","-0.27864","-0.37676","-0.37676","0.39120","0.39120","0.26414","0.26414","1.00000","1.00000","1.00000","1.00000","","","","-0.00006"
"2283","KBR","1","1","5","3","-1","-8","0","0","0","raw_fallback","1","raw_gate_impossible","0","0","0","-0.00436","-0.00436","0.00161","0.00161","0.00000","0.00000","0.00275","0.00275","1.00000","1.00000","1.00000","1.00000","","","","0.00000"
"2284","ZGH","1","1","5","3","-1","-8","0","0","0","raw_fallback","1","raw_gate_impossible","0","0","0","-0.00349","-0.00349","0.00045","0.00045","0.00000","0.00000","0.00303","0.00303","1.00000","1.00000","1.00000","1.00000","","","","-0.00001"
"2285","BBK","11","8","3","3","-2","-8","1","0","0","raw_fallback","5","no_gate_candidate","11","5","0","0.08934","0.08934","-0.19934","-0.19934","-0.00824","-0.00824","0.11820","0.11820","1.00000","1.00000","1.00000","1.00000","","","","-0.00004"
"2286","DFN","15","9","3","3","-2","-8","1","0","0","raw_fallback","5","no_gate_candidate","11","5","0","-0.01634","-0.01634","-0.14185","-0.14185","0.06213","0.06213","0.09606","0.09606","1.00000","1.00000","1.00000","1.00000","","","","0.00000"
"2287","GHA","16","13","3","3","-2","1","1","1","2","improvement_l2","0","none","11","6","2","-0.38503","0.04105","-0.26781","-0.25355","0.65507","0.21254","-0.00228","0.00007","0.99944","3.51348","0.00000","0.83717","0.65552","0.20076","-0.00005","-0.00005"
"2288","KAB","16","16","5","3","-1","-8","0","0","0","raw_fallback","1","raw_gate_impossible","0","0","0","-0.31408","-0.31408","-0.00099","-0.00099","0.00000","0.00000","0.31500","0.31500","1.00000","1.00000","1.00000","1.00000","","","","-0.00007"
"2289","MAL","21","21","3","3","-2","-8","1","0","0","raw_fallback","5","no_gate_candidate","11","3","0","3.63775","3.63775","-2.48071","-2.48071","2.39267","2.39267","-3.54992","-3.54992","1.00000","1.00000","1.00000","1.00000","","","","-0.00021"
"2290","SGH","2","2","3","3","-1","-8","1","0","0","raw_fallback","5","no_gate_candidate","3","1","0","-0.02872","-0.02872","0.00604","0.00604","0.00604","0.00604","0.01665","0.01665","1.00000","1.00000","1.00000","1.00000","","","","0.00001"
"2291","TKR","16","16","3","3","-2","1","1","1","2","improvement_l2","0","none","11","7","6","-0.31975","-0.07056","0.02040","-0.00343","0.08761","-0.01540","0.21171","0.08941","6.47378","0.00000","0.34157","0.20290","0.75269","0.11516","-0.00003","-0.00003"
"2292","TMK","1","0","5","3","-1","-8","0","0","0","raw_fallback","1","raw_gate_impossible","0","0","0","0.00000","0.00000","0.00000","0.00000","0.00000","0.00000","0.00000","0.00000","1.00000","1.00000","1.00000","1.00000","","","","0.00000"
"2295","SON","12","12","3","3","-1","-8","1","0","0","raw_fallback","5","no_gate_candidate","3","2","0","-0.11026","-0.11026","-0.03133","-0.03133","0.06341","0.06341","0.07812","0.07812","1.00000","1.00000","1.00000","1.00000","","","","-0.00006"
"2296","TFK","5","5","5","3","-1","-8","0","0","0","raw_fallback","1","raw_gate_impossible","0","0","0","0.02653","0.02653","-0.03796","-0.03796","0.00000","0.00000","0.01140","0.01140","1.00000","1.00000","1.00000","1.00000","","","","-0.00003"
"2297","BOR","9","6","5","3","-1","-8","0","0","0","raw_fallback","1","raw_gate_impossible","0","0","0","0.14260","0.14260","0.09014","0.09014","0.00000","0.00000","-0.23279","-0.23279","1.00000","1.00000","1.00000","1.00000","","","","-0.00005"
"2298","OUA","16","13","3","3","-2","1","1","1","2","improvement_l2","0","none","11","3","1","0.69526","0.67292","-0.23990","-0.16763","0.07748","-0.00044","-0.53290","-0.50399","0.00000","24.50699","0.23786","0.00000","0.34426","0.04999","-0.00004","-0.00006"
"2299","GWI","6","6","3","3","-2","-8","1","0","0","raw_fallback","5","no_gate_candidate","11","4","0","0.76724","0.76724","-0.12917","-0.12917","0.08480","0.08480","-0.72290","-0.72290","1.00000","1.00000","1.00000","1.00000","","","","-0.00003"
"2301","YAT","5","3","3","3","-1","-8","1","0","0","raw_fallback","4","no_valid_candidate","3","0","0","0.08339","0.08339","-0.02281","-0.02281","0.03266","0.03266","-0.09327","-0.09327","1.00000","1.00000","1.00000","1.00000","","","","-0.00003"
"2302","TEN","5","5","3","3","-2","-8","1","0","0","raw_fallback","4","no_valid_candidate","11","0","0","0.27834","0.27834","-0.12020","-0.12020","0.03077","0.03077","-0.18894","-0.18894","1.00000","1.00000","1.00000","1.00000","","","","-0.00003"
"2303","BSM","6","6","3","3","-2","-8","1","0","0","raw_fallback","5","no_gate_candidate","11","1","0","0.68169","0.68169","-0.26743","-0.26743","0.13934","0.13934","-0.55362","-0.55362","1.00000","1.00000","1.00000","1.00000","","","","-0.00002"
"2304","GUR","4","2","3","3","-1","-8","1","0","0","raw_fallback","5","no_gate_candidate","3","1","0","0.05333","0.05333","0.00502","0.00502","0.00235","0.00235","-0.06070","-0.06070","1.00000","1.00000","1.00000","1.00000","","","","0.00000"
"2305","KAN","4","3","3","3","-1","-8","1","0","0","raw_fallback","4","no_valid_candidate","3","0","0","0.00152","0.00152","-0.25235","-0.25235","0.36655","0.36655","-0.11576","-0.11576","1.00000","1.00000","1.00000","1.00000","","","","-0.00004"
"2306","KTS","4","4","3","3","-1","-8","1","0","0","raw_fallback","4","no_valid_candidate","3","0","0","0.28869","0.28869","-0.18140","-0.18140","-0.03078","-0.03078","-0.07661","-0.07661","1.00000","1.00000","1.00000","1.00000","","","","-0.00010"
"2307","ZAM","17","17","3","3","-1","-8","1","0","0","raw_fallback","5","no_gate_candidate","3","2","0","0.68136","0.68136","-0.80293","-0.80293","0.06154","0.06154","0.05991","0.05991","1.00000","1.00000","1.00000","1.00000","","","","-0.00012"
"2309","RAN","5","5","3","3","-1","-8","1","0","0","raw_fallback","5","no_gate_candidate","7","3","0","0.09627","0.09627","-0.25511","-0.25511","0.33181","0.33181","-0.17297","-0.17297","1.00000","1.00000","1.00000","1.00000","","","","0.00000"
"2310","GOB","6","6","3","3","-1","-8","1","0","0","raw_fallback","5","no_gate_candidate","7","2","0","0.42366","0.42366","-0.41268","-0.41268","0.11870","0.11870","-0.12972","-0.12972","1.00000","1.00000","1.00000","1.00000","","","","-0.00004"
"2311","DAA","1","1","5","3","-1","-8","0","0","0","raw_fallback","1","raw_gate_impossible","0","0","0","0.01230","0.01230","-0.01095","-0.01095","0.00000","0.00000","-0.00135","-0.00135","1.00000","1.00000","1.00000","1.00000","","","","0.00000"
"2312","KBO","32","22","3","3","-2","-8","1","0","0","raw_fallback","5","no_gate_candidate","11","7","0","0.12240","0.12240","-0.72893","-0.72893","0.10234","0.10234","0.50411","0.50411","1.00000","1.00000","1.00000","1.00000","","","","-0.00008"
"2340","SMC","3","","","","","","","","0","raw_fallback","0","none","","","","","","","","","","","","","","","","","","",""
